Date,theme V0 original,theme V1 big3,theme V2 big3 beta-adj,rank V0 original,rank V1 big3,rank V2 big3 beta-adj,regime V0 original,regime V1 big3,regime V2 big3 beta-adj,beta HD KSOE(Hold),beta Samsung HI,beta Hanwha Ocean
2015-01-02,,,,,,,,,,,,
2015-01-05,,,,,,,,,,,,
2015-01-06,,,,,,,,,,,,
2015-01-07,,,,,,,,,,,,
2015-01-08,,,,,,,,,,,,
2015-01-09,,,,,,,,,,,,
2015-01-12,,,,,,,,,,,,
2015-01-13,,,,,,,,,,,,
2015-01-14,,,,,,,,,,,,
2015-01-15,,,,,,,,,,,,
2015-01-16,,,,,,,,,,,,
2015-01-19,,,,,,,,,,,,
2015-01-20,,,,,,,,,,,,
2015-01-21,,,,,,,,,,,,
2015-01-22,,,,,,,,,,,,
2015-01-23,,,,,,,,,,,,
2015-01-26,,,,,,,,,,,,
2015-01-27,,,,,,,,,,,,
2015-01-28,,,,,,,,,,,,
2015-01-29,,,,,,,,,,,,
2015-01-30,,,,,,,,,,,,
2015-02-02,,,,,,,,,,,,
2015-02-03,,,,,,,,,,,,
2015-02-04,,,,,,,,,,,,
2015-02-05,,,,,,,,,,,,
2015-02-06,,,,,,,,,,,,
2015-02-09,,,,,,,,,,,,
2015-02-10,,,,,,,,,,,,
2015-02-11,,,,,,,,,,,,
2015-02-12,,,,,,,,,,,,
2015-02-13,,,,,,,,,,,,
2015-02-16,,,,,,,,,,,,
2015-02-17,,,,,,,,,,,,
2015-02-23,,,,,,,,,,,,
2015-02-24,,,,,,,,,,,,
2015-02-25,,,,,,,,,,,,
2015-02-26,,,,,,,,,,,,
2015-02-27,,,,,,,,,,,,
2015-03-02,,,,,,,,,,,,
2015-03-03,,,,,,,,,,,,
2015-03-04,,,,,,,,,,,,
2015-03-05,,,,,,,,,,,,
2015-03-06,,,,,,,,,,,,
2015-03-09,,,,,,,,,,,,
2015-03-10,,,,,,,,,,,,
2015-03-11,,,,,,,,,,,,
2015-03-12,,,,,,,,,,,,
2015-03-13,,,,,,,,,,,,
2015-03-16,,,,,,,,,,,,
2015-03-17,,,,,,,,,,,,
2015-03-18,,,,,,,,,,,,
2015-03-19,,,,,,,,,,,,
2015-03-20,,,,,,,,,,,,
2015-03-23,,,,,,,,,,,,
2015-03-24,,,,,,,,,,,,
2015-03-25,,,,,,,,,,,,
2015-03-26,,,,,,,,,,,,
2015-03-27,,,,,,,,,,,,
2015-03-30,,,,,,,,,,,,
2015-03-31,0.5825747678974834,0.7106118464091898,,,,,,,,,,
2015-04-01,0.570946730255214,0.6941462031167637,,,,,,,,,,
2015-04-02,0.5770510827870903,0.6867891491270433,,,,,,,,,,
2015-04-03,0.5781657364296368,0.6775100062620844,,,,,,,,,,
2015-04-06,0.5770776526275178,0.6694490637115784,,,,,,,,,,
2015-04-07,0.5840088755615431,0.6701940173242545,,,,,,,,,,
2015-04-08,0.5719439295715713,0.6681503696022107,,,,,,,,,,
2015-04-09,0.5600033456108997,0.6573576101411123,,,,,,,,,,
2015-04-10,0.5545484148468197,0.6558853284393465,,,,,,,,,,
2015-04-13,0.5691788098581386,0.671263253735618,,,,,,,,,,
2015-04-14,0.5775769231542935,0.6687595044754215,,,,,,,,,,
2015-04-15,0.5704272094329129,0.6697334875373985,,,,,,,,,,
2015-04-16,0.545066836573089,0.6310788616249535,,,,,,,,,,
2015-04-17,0.5619397241094167,0.6433552238473772,,,,,,,,,,
2015-04-20,0.5518833772871069,0.6392957723237452,,,,,,,,,,
2015-04-21,0.5486925299761122,0.6265293661791788,,,,,,,,,,
2015-04-22,0.5432858262799614,0.617682206377375,,,,,,,,,,
2015-04-23,0.5527146533627446,0.6270903771584844,,,,,,,,,,
2015-04-24,0.5488035855069914,0.6271668815293487,,,,,,,,,,
2015-04-27,0.5370616066734731,0.6333218413532713,,,,,,,,,,
2015-04-28,0.5470806576835293,0.6415238792621843,,,,,,,,,,
2015-04-29,0.6073079707066368,0.6846749035765475,,,,,,,,,,
2015-04-30,0.6011840756202261,0.6789504098965132,,,,,,,,,,
2015-05-04,0.5977867709181045,0.6792570708650832,,,,,,,,,,
2015-05-06,0.5880734062464686,0.6819924018486242,,,,,,,,,,
2015-05-07,0.5786347433846742,0.6862296194056755,,,,,,,,,,
2015-05-08,0.5787855474199368,0.6847777532639211,,,,,,,,,,
2015-05-11,0.5847917371320276,0.6712375291533222,,,,,,,,,,
2015-05-12,0.5903512256496694,0.672377770483858,,,,,,,,,,
2015-05-13,0.5949871154444395,0.6800136645224506,,,,,,,,,,
2015-05-14,0.5944750853242924,0.6796243027173956,,,,,,,,,,
2015-05-15,0.6016824241972819,0.7031698163249075,,,,,,,,,,
2015-05-18,0.6084268879424163,0.7092750709121938,,,,,,,,,,
2015-05-19,0.6046415995412774,0.6869705312920426,,,,,,,,,,
2015-05-20,0.6140984060294534,0.6873397118487712,,,,,,,,,,
2015-05-21,0.6115643953994259,0.6967192776259354,,,,,,,,,,
2015-05-22,0.621632190606171,0.7149971234101548,,,,,,,,,,
2015-05-26,0.6021405826710934,0.6826657609033546,,,,,,,,,,
2015-05-27,0.61268428873858,0.6851617268342668,,,,,,,,,,
2015-05-28,0.57684031586702,0.6730789146321116,,,,,,,,,,
2015-05-29,0.5787392442237017,0.6742269065864304,,,,,,,,,,
2015-06-01,0.5790828940391141,0.6791686697731268,,,,,,,,,,
2015-06-02,0.5801229549259425,0.6779135131054175,,,,,,,,,,
2015-06-03,0.570703861203084,0.6739917863964676,,,,,,,,,,
2015-06-04,0.5792711874638448,0.671106512850001,,,,,,,,,,
2015-06-05,0.5817065606148254,0.6698236107102096,,,,,,,,,,
2015-06-08,0.5745999092150322,0.6699877015882197,,,,,,,,,,
2015-06-09,0.561706566940054,0.6662159927172501,,,,,,,,,,
2015-06-10,0.5628018774948109,0.6627654895444971,,,,,,,,,,
2015-06-11,0.5411942130314947,0.6384052291628122,,,,,,,,,,
2015-06-12,0.5439882644100655,0.6505259734472747,,,,,,,,,,
2015-06-15,0.5399278132618969,0.645492944650187,,,,,,,,,,
2015-06-16,0.5329665244098364,0.641437256262491,,,,,,,,,,
2015-06-17,0.5346435772842196,0.6429243123000442,,,,,,,,,,
2015-06-18,0.5374818072602151,0.6454878379328043,,,,,,,,,,
2015-06-19,0.5362926339455355,0.6400340206188608,,,,,,,,,,
2015-06-22,0.5315433137874661,0.6345221317856193,,,,,,,,,,
2015-06-23,0.5351124139891512,0.6371161301669116,,,,,,,,,,
2015-06-24,0.536139246897852,0.6337077360394306,,,,,,,,,,
2015-06-25,0.5464290518175826,0.6256894239152793,,,,,,,,,,
2015-06-26,0.5466436948017283,0.6249041195540812,,,,,,,,,,
2015-06-29,0.5633536345883289,0.6561317606751641,,,,,,,,,,
2015-06-30,0.5612256497506548,0.6586869391180148,,,,,,,,,,
2015-07-01,0.5574568076717217,0.6553744823044595,,,,,,,,,,
2015-07-02,0.5533861738354536,0.659599018571663,,,,,,,,,,
2015-07-03,0.5278703429335637,0.6414087156352165,,,,,,,,,,
2015-07-06,0.5382738021808239,0.6536107955154935,,,,,,,,,,
2015-07-07,0.5682901928494873,0.6733612841640583,,,,,,,,,,
2015-07-08,0.5690541592239554,0.6757681123326225,,,,,,,,,,
2015-07-09,0.544524371520258,0.6501268059028932,,,,,,,,,,
2015-07-10,0.5445606667881756,0.6399407257335631,,,,,,,,,,
2015-07-13,0.5385073342868021,0.6378545202521547,,,,,,,,,,
2015-07-14,0.5366313796773939,0.639899622737863,,,,,,,,,,
2015-07-15,0.4966190191921804,0.5725825767865428,,,,,,,,,,
2015-07-16,0.48853858004022704,0.5688064674477696,,,,,,,,,,
2015-07-17,0.47283460517895787,0.5468901324973987,,,,,,,,,,
2015-07-20,0.48511996982459316,0.5588483830686407,,,,,,,,,,
2015-07-21,0.48591689771217367,0.5864191761867095,,,,,,,,,,
2015-07-22,0.4868177974956871,0.585582693805886,,,,,,,,,,
2015-07-23,0.49132808319588356,0.5817786501177554,,,,,,,,,,
2015-07-24,0.4894735416850875,0.5830295649986993,,,,,,,,,,
2015-07-27,0.4550352104770672,0.5681572839869435,,,,,,,,,,
2015-07-28,0.4536274878618789,0.5708766108271103,,,,,,,,,,
2015-07-29,0.4591909423807354,0.5689647565499294,,,,,,,,,,
2015-07-30,0.4638341831691766,0.5636387120177241,,,,,,,,,,
2015-07-31,0.4719728631958952,0.5602448048730978,,,,,,,,,,
2015-08-03,0.4681778111326634,0.5546792554487855,,,,,,,,,,
2015-08-04,0.46293589116968037,0.5575366709043621,,,,,,,,,,
2015-08-05,0.4683954278171171,0.5508862162120581,,,,,,,,,,
2015-08-06,0.4666744267674477,0.5491585338065894,,,,,,,,,,
2015-08-07,0.47229670239439625,0.5530483852329805,,,,,,,,,,
2015-08-10,0.4847751314120455,0.5592012480124554,,,,,,,,,,
2015-08-11,0.4691479803508872,0.5561999428289907,,,,,,,,,,
2015-08-12,0.47690624298426393,0.5828866121419297,,,,,,,,,,
2015-08-13,0.4777166039466312,0.5823293778017159,,,,,,,,,,
2015-08-17,0.4788985805117296,0.5820993679274021,,,,,,,,,,
2015-08-18,0.45424942855743694,0.5664021592301042,,,,,,,,,,
2015-08-19,0.454321183302604,0.5751597814512911,,,,,,,,,,
2015-08-20,0.4497158988831769,0.5695729571505173,,,,,,,,,,
2015-08-21,0.4482575458198566,0.5693475246883812,,,,,,,,,,
2015-08-24,0.44646371395544016,0.5652293581551265,,,,,,,,,,
2015-08-25,0.4583767754776453,0.5770853080508047,,,,,,,,,,
2015-08-26,0.46097830755427543,0.5751292452882119,,,,,,,,,,
2015-08-27,0.44933382930855065,0.5708590746395746,,,,,,,,,,
2015-08-28,0.45482361784772496,0.5773053184268503,,,,,,,,,,
2015-08-31,0.45434828329110916,0.5852679335123138,,,,,,,,,,
2015-09-01,0.46248093539719554,0.5805495696643427,,,,,,,,,,
2015-09-02,0.4645794784600517,0.5805552562903109,,,,,,,,,,
2015-09-03,0.4629460375822491,0.5825547060957635,,,,,,,,,,
2015-09-04,0.4675572675133603,0.5869422785197335,,,,,,,,,,
2015-09-07,0.46823037649825544,0.5871041403855445,,,,,,,,,,
2015-09-08,0.4661885316798848,0.5870793529259968,,,,,,,,,,
2015-09-09,0.4639955460317739,0.5870268514952578,,,,,,,,,,
2015-09-10,0.48214732048841685,0.6001722217373616,,,,,,,,,,
2015-09-11,0.47160243027587184,0.5971639171199393,,,,,,,,,,
2015-09-14,0.47004003249512727,0.5933061589376979,,,,,,,,,,
2015-09-15,0.47000551703276533,0.5937199601297071,,,,,,,,,,
2015-09-16,0.464619052449937,0.5870391960110868,,,,,,,,,,
2015-09-17,0.4656816303953362,0.5881925901833999,,,,,,,,,,
2015-09-18,0.46460169515111277,0.5925414045809895,,,,,,,,,,
2015-09-21,0.4652558131133127,0.5881378686032446,,,,,,,,,,
2015-09-22,0.4574435423497694,0.587716966100232,,,,,,,,,,
2015-09-23,0.46267982472965885,0.5886998911879161,,,,,,,,,,
2015-09-24,0.44638734289276827,0.5699351187402487,,,,,,,,,,
2015-09-25,0.45188112816714693,0.5696217632822859,,,,,,,,,,
2015-09-30,0.4660475719793902,0.5782512527661458,,,,,,,,,,
2015-10-01,0.4666719291336572,0.574891973996367,,,,,,,,,,
2015-10-02,0.44911591314899035,0.5686504875507384,,,,,,,,,,
2015-10-05,0.44339379207645074,0.5693550711611393,,,,,,,,,,
2015-10-06,0.43475791669145497,0.5685127987367148,,,,,,,,,,
2015-10-07,0.4207935673344776,0.5760430255369312,,,,,,,,,,
2015-10-08,0.4344292860869167,0.5788413259571971,,,,,,,,,,
2015-10-12,0.4415466910012213,0.5873305983697564,,,,,,,,,,
2015-10-13,0.39981238403582636,0.6031362967863588,,,,,,,,,,
2015-10-14,0.39879100696929676,0.6243132035653426,,,,,,,,,,
2015-10-15,0.39040005633946234,0.6277985975307062,,,,,,,,,,
2015-10-16,0.3518320320241621,0.6084205720871491,,,,,,,,,,
2015-10-19,0.37774037187451115,0.6029598586361331,,,,,,,,,,
2015-10-20,0.3786443124027162,0.589007836971374,,,,,,,,,,
2015-10-21,0.3658865782577634,0.5854487110827028,,,,,,,,,,
2015-10-22,0.36344517384819214,0.5719828307370398,,,,,,,,,,
2015-10-23,0.37605650396930407,0.573763064866953,,,,,,,,,,
2015-10-26,0.383052811154704,0.55715775821958,,,,,,,,1.7290362574729101,2.1630469023627574,1.5513766548330798
2015-10-27,0.3842185797364923,0.5667289769524679,,,,,,,,1.7213221490852066,2.157530706901708,1.5593764413566087
2015-10-28,0.3866952126675974,0.5740344395870945,,,,,,,,1.7114296356933785,2.1525590568054613,1.554446140708067
2015-10-29,0.38486338585926877,0.5804539746042833,,,,,,,,1.7155240364917577,2.1544261954917827,1.5558746091170532
2015-10-30,0.38079379042343403,0.5824965065161626,,,,,,,,1.715651546460871,2.154534057552247,1.5604106960647706
2015-11-02,0.3866933502448345,0.5697897514010095,,,,,,,,1.7194416863357873,2.1523573220166097,1.5552243880304828
2015-11-03,0.40896995530420654,0.587035391916838,,,,,,,,1.7163697257053188,2.152318490560067,1.5436119405153763
2015-11-04,0.40690313104429193,0.5722342981615695,,,,,,,,1.734183050126851,2.1591219916002307,1.577422033610005
2015-11-05,0.4097717932846672,0.5768258176808745,,,,,,,,1.7378484734014505,2.159265543482505,1.5736376742657505
2015-11-06,0.38092611210775157,0.5653489873546741,,,,,,,,1.7401596325718167,2.163940451485153,1.575871893683196
2015-11-09,0.4133133606973789,0.5685774880533212,,,,,,,,1.7446433704935334,2.165312898168627,1.5771832366537566
2015-11-10,0.39518330829078613,0.5723258232309826,,,,,,,,1.7467692456816286,2.181758441498626,1.5817877096112443
2015-11-11,0.3944095875422375,0.5732422707567242,,,,,,,,1.7172091364056383,2.10940071275514,1.5396288886283438
2015-11-12,0.3912237420276394,0.5696096314191216,,,,,,,,1.7172426923963668,2.1091257047590606,1.5394599732926855
2015-11-13,0.3945930634981469,0.5728995282339598,,,,,,,,1.7186176164199327,2.107471798107752,1.5346578640197925
2015-11-16,0.39049114803950524,0.549827416822616,,,,,,,,1.7201827269241112,2.1140207582352355,1.544101104850226
2015-11-17,0.39138486094730035,0.5551285911841485,,,,,,,,1.7114405715389476,2.0842156790162716,1.584132153260698
2015-11-18,0.39467910742190754,0.5596482141264039,,,,,,,,1.7123172507323294,2.075207306883883,1.5853239610081213
2015-11-19,0.39933478258729455,0.5709657649107547,,,,,,,,1.713314451993581,2.0763895083683295,1.585894416173302
2015-11-20,0.38541531836341786,0.551556983059246,,,,,,,,1.7239489303860507,2.06854748745105,1.5980041571479395
2015-11-23,0.3862293588276651,0.5585487352914109,,,,,,,,1.7238542642601669,2.068483989025249,1.5981611755023257
2015-11-24,0.3910415177159147,0.5539631493620533,,,,,,,,1.7215336319152585,2.0565035231680198,1.5942610133762014
2015-11-25,0.38691417772342424,0.5447843233143489,,,,,,,,1.7069875832713035,2.0500353421055584,1.590535726395355
2015-11-26,0.3953232818851851,0.5620129536411472,,,,,,,,1.7069523594099338,2.0475997415924656,1.582708164488763
2015-11-27,0.3947424006384593,0.5612894958567991,,,,,,,,1.7137831519196745,2.058671990516719,1.6144818971557375
2015-11-30,0.39751148001154585,0.5577466184234798,,,,,,,,1.7134396746225637,2.0596519864620997,1.6128290157176712
2015-12-01,0.39304864380778487,0.5502207710551379,,,,,,,,1.7080781401913334,2.0408645976025075,1.6631242474941952
2015-12-02,0.3891071638107202,0.5461061598132574,,,,,,,,1.6878024579964668,2.0220257666132846,1.6304767117148742
2015-12-03,0.38766925725356494,0.5455600785433018,,,,,,,,1.6839409911883896,2.0198934891089984,1.627179650620979
2015-12-04,0.38807279684390356,0.5439173301282794,,,,,,,,1.6785468822298033,2.010649967930409,1.6305829041428972
2015-12-07,0.3854288443064844,0.5349743980392084,,,,,,,,1.672814490868368,1.9987949500478783,1.6373902349265412
2015-12-08,0.34595282706625974,0.504904706820218,,,,,,,,1.667908024255056,2.01007842955168,1.6402253546586902
2015-12-09,0.34847077663563963,0.5071225290709517,,,,,,,,1.6629751263102492,2.0104864892948378,1.6426050541223576
2015-12-10,0.3312440781342985,0.5067512108277069,,,,,,,,1.6628940361193227,2.010844616922572,1.6430319670899727
2015-12-11,0.325304941199904,0.5059372437231829,,,,,,,,1.6632649211635573,2.011833067279707,1.6510097282517646
2015-12-14,0.3166906292898393,0.5004058505943426,,,,,,,,1.6630940271743884,2.0162582613319286,1.6570817588802924
2015-12-15,0.3157821085949061,0.5017937910609017,,,,,,,,1.6587141300325712,2.0130426427600443,1.673137793723634
2015-12-16,0.3300921399546157,0.5041167085151516,,,,,,,,1.6557129757491829,2.013393514112498,1.6732042870279547
2015-12-17,0.33387568270464646,0.5009240798019887,,,,,,,,1.675285874521845,2.0657497363693453,1.6694997806591685
2015-12-18,0.33699228128728337,0.4995070838234101,,,,,,,,1.672301498746087,2.0552973215459223,1.668333785652173
2015-12-21,0.33006720619268287,0.49485186699649475,,,,,,,,1.6732705898361588,2.055250715546918,1.6669257993667665
2015-12-22,0.3260723903929823,0.4926467989413523,,,,,,,,1.670276118225037,2.0554427785371345,1.665851116003718
2015-12-23,0.3239151530727125,0.4924793758361668,,,,,,,,1.6707445224819761,2.0605059045468734,1.6579706107085852
2015-12-24,0.324392394921976,0.4915051303286792,,,,,,,,1.674727141007939,2.059590594276928,1.6598336360036248
2015-12-28,0.32378289872178473,0.49255366734210865,,,,,,,,1.6703032593529876,2.0576550042087947,1.651967034974413
2015-12-29,0.3175949957351685,0.4788059531298991,,,,,,,,1.670904261864383,2.0321204971748448,1.6437029847221054
2015-12-30,0.3200339641846134,0.4765009417775398,,,,,,,,1.6702434577278928,2.032408385944478,1.6437641536784326
2016-01-04,0.32729516731327246,0.48338606569159376,0.3941499136190037,,,,,,,1.6735217184899198,2.0311655698203843,1.6445544776871712
2016-01-05,0.3328092143491626,0.48313158485744445,0.39669744215060637,,,,,,,1.6589743272378137,1.9692749268027685,1.6102425746768814
2016-01-06,0.3032435756250794,0.4765212117753838,0.3961004661435912,,,,,,,1.6519196781381271,1.955189134781387,1.609399752461202
2016-01-07,0.2561496843612947,0.43745862501581717,0.39553897424731677,,,,,,,1.648552921710455,1.9500898247625273,1.6097365117459999
2016-01-08,0.25456688690431856,0.4179659146204764,0.37259751979492783,,,,,,,1.6396888258581326,1.953369039243465,1.6043315785003376
2016-01-11,0.2671445913687227,0.3917887899525905,0.36727901061947194,,,,,,,1.6201922607234438,1.9389943399077179,1.593489272564085
2016-01-12,0.2601008544854145,0.38745298107520726,0.37533610505987697,,,,,,,1.6134755831196466,1.9449465753610724,1.6122456578016602
2016-01-13,0.27530098714868007,0.3918157444118339,0.37162522385538854,,,,,,,1.6488067746165698,1.960409630199974,1.63559984605473
2016-01-14,0.2624162731317901,0.3844890929440347,0.37171245586398666,,,,,,,1.6618765188391091,1.9577376501443517,1.619215492268835
2016-01-15,0.26111850498034084,0.3993540767765908,0.37433881788557194,,,,,,,1.6591085002843955,1.957292356546565,1.6140941127255537
2016-01-18,0.2662528751995851,0.40878257562575043,0.3803406590070432,,,,,,,1.6404198671618002,1.9396894458011464,1.6111973147775085
2016-01-19,0.26900862529758734,0.42451777876089697,0.4016583069963955,,,,,,,1.6389643891670467,1.941369494932005,1.612662970007547
2016-01-20,0.2673342488745439,0.4349845564016432,0.4001622446960209,,,,,,,1.6282017518496834,1.930723166815263,1.6014342584865267
2016-01-21,0.2677242601487218,0.4541760786868932,0.4200144421249288,,,,,,,1.6410296519573557,1.9305922121460466,1.589804751570886
2016-01-22,0.26339512263835546,0.42805488628229676,0.38552439272796796,,,,,,,1.6038017884487457,1.9097706530958758,1.5505640785817305
2016-01-25,0.23536636128536093,0.3552799874658889,0.3230740550136193,,,,,,,1.617232958752144,1.956799095343759,1.5457752217759673
2016-01-26,0.235132562814843,0.3533199581692515,0.31817588910090233,,,,,,,1.6291666256655768,1.9579243335267447,1.504615448377704
2016-01-27,0.23342637787973478,0.3631680849331347,0.3271060145267209,,,,,,,1.6290650924216532,1.9493258983653616,1.5230313163870928
2016-01-28,0.2490864148980434,0.3789182524083789,0.33383736463535035,,,,,,,1.65265695348571,1.9501231413257571,1.5210793735989645
2016-01-29,0.20544491927692896,0.3313080434895321,0.29395603200373044,,,,,,,1.658315630921256,1.9588419421975214,1.526456580989505
2016-02-01,0.20559478468830542,0.3487568865965814,0.31640668553692125,,,,,,,1.6537129592079551,1.9499033245843411,1.5080218174667444
2016-02-02,0.192322173885666,0.31595991136729545,0.2887434414623727,,,,,,,1.6301315999575607,1.9376089941937107,1.4956773464231614
2016-02-03,0.20110775749721924,0.3290668727247837,0.29768723876830316,,,,,,,1.6382237102885127,1.935983442558953,1.4591122126973886
2016-02-04,0.21009944548769835,0.3526922180120358,0.31081847098162685,,,,,,,1.6415186791972014,1.9415737146941694,1.4753688652592654
2016-02-05,0.20342634945239327,0.3494094976942674,0.28464657864426707,,,,,,,1.6616199031145829,1.9519178222154492,1.4926171847109106
2016-02-11,0.20371456927590967,0.3502831252581588,0.29815658744132406,,,,,,,1.663243497614396,1.9534282552415896,1.493459403822918
2016-02-12,0.20665764765365222,0.37071065127006336,0.33551332721725036,,,,,,,1.6463550524583965,1.9049099672081413,1.4613561421016357
2016-02-15,0.23008393531589635,0.4009303503331541,0.35801114789559624,,,,,,,1.6071264735258206,1.8773933204030133,1.4438944596787742
2016-02-16,0.22614617635397896,0.3896814103994912,0.35191688135627275,,,,,,,1.6438341954918252,1.9135135913661498,1.4592526391505827
2016-02-17,0.2334097432860415,0.38122674673882134,0.343578165888534,,,,,,,1.631342717596746,1.9071949204535343,1.4939378438638748
2016-02-18,0.21899640583666724,0.3679733647446066,0.3268890953758309,,,,,,,1.6247804839020221,1.9036789795277769,1.48186000260057
2016-02-19,0.2184360356514223,0.3642853922652795,0.3284549151155504,,,,,,,1.6201652486272453,1.9063497948601107,1.4884561598044979
2016-02-22,0.21936409969591694,0.36136325378473977,0.325845821141413,,,,,,,1.6224875613136862,1.9039745111506374,1.492793686024822
2016-02-23,0.21958219810884902,0.3613852675014549,0.3233074989242601,,,,,,,1.6501379802565939,1.9017169281073925,1.4970526686979686
2016-02-24,0.21455101936961662,0.35405726496865686,0.3096779851327636,,,,,,,1.6503197117179835,1.9014065395689483,1.4970064403798289
2016-02-25,0.21462215660077288,0.36173920220099576,0.31900508249724274,,,,,,,1.6477301024126054,1.9013152708492411,1.4962329979623679
2016-02-26,0.20746482669166322,0.3469491187489417,0.31333767777203053,,,,,,,1.6479378436798817,1.9015428847609943,1.4950337343829865
2016-02-29,0.2153900938183387,0.37042222877634523,0.33872132523556653,,,,,,,1.6622488255440167,1.904106779270374,1.496307308374694
2016-03-02,0.21249841885709064,0.3689015115945215,0.34399067672913114,,,,,,,1.6593453492064052,1.8913838635745284,1.4894186602895112
2016-03-03,0.2631770432708906,0.4329473293716049,0.39323394304164866,,,,,,,1.653119488812192,1.888297057208991,1.504717759294338
2016-03-04,0.3297409069732368,0.4906732686284543,0.4597141764978206,,,,,,,1.6615663542090073,1.9009431414319005,1.531729348788603
2016-03-07,0.34001584728708373,0.5160215344335563,0.4888683392855184,,,,,,,1.6455209321574145,1.8892899080447643,1.507466606544415
2016-03-08,0.33380276597830544,0.5109873889039069,0.48299106539213116,,,,,,,1.6477428396668385,1.892722286085975,1.5198831646899473
2016-03-09,0.32002474243900364,0.4985576925735005,0.47009785584490177,,,,,,,1.6467605286093032,1.8934141437474494,1.5404350380208929
2016-03-10,0.3132892109363218,0.49608742032599323,0.4658174454974331,,,,,,,1.644125065092799,1.888781175310053,1.5509328059119563
2016-03-11,0.3114937527856151,0.4979663659957949,0.4690046267543578,,,,,,,1.6452833011843022,1.8802403551025668,1.5634255048063366
2016-03-14,0.32448779286878826,0.5010346569512883,0.47272758032350765,,,,,,,1.644568666167992,1.8747989022061253,1.550784055365685
2016-03-15,0.3243892572709482,0.49813882085150657,0.47021068072502165,,,,,,,1.6497525159783475,1.8752441309362464,1.550491371959313
2016-03-16,0.3337869694095468,0.5107717708501617,0.4913544504904084,,,,,,,1.6448344272894067,1.874764402695806,1.5504371529604426
2016-03-17,0.33154562563003326,0.5079973779397967,0.4886042406725535,,,,,,,1.6301508531710216,1.8674919654272024,1.5427944526463004
2016-03-18,0.33372741492821584,0.5141258019467224,0.4958918511203237,,,,,,,1.6264274508150174,1.877036134315765,1.539114990081518
2016-03-21,0.334895399398228,0.5221652150588075,0.5036824059770186,,,,,,,1.630739680542216,1.8792163627298022,1.5426838952126818
2016-03-22,0.33028398113589724,0.5162418501207605,0.4970518596282975,,,,,,,1.614531512669786,1.9026059306398688,1.552384987188405
2016-03-23,0.3426121412295848,0.5225632095919295,0.503369453978177,,,,,,,1.617049822288853,1.9153479004556389,1.5566119219991585
2016-03-24,0.34165426035422924,0.525593561784335,0.5051142313812272,,,,,,,1.6048812743735532,1.915658030400798,1.548023992569257
2016-03-25,0.3429062618006506,0.5354758293056522,0.5159631566107731,,,,,,,1.6099069721828352,1.925042866404973,1.5471632126741106
2016-03-28,0.34232672251992197,0.532181873677909,0.511321832462034,,,,,,,1.610733732784484,1.926827373360373,1.5488691930591303
2016-03-29,0.34530905890445857,0.5354322147561684,0.515243778338543,,,,,,,1.6124300455957747,1.9296475536227762,1.552152766570218
2016-03-30,0.34819534200991975,0.5396211135633479,0.5207124273567639,,,,,,,1.6167968593112876,1.9358531147350837,1.5548990982715285
2016-03-31,0.3511060927417628,0.5429042609984277,0.5243914070552421,,,,,,,1.6297720624248295,1.9465263067212892,1.5619455276081609
2016-04-01,0.353925553409145,0.5450267945635384,0.5244133675754133,0.312,0.32,,Mid,Mid,,1.6298397148614558,1.9483077799849806,1.5636624993123198
2016-04-04,0.36479183887961303,0.5502191880520072,0.5307909544947,0.3187250996015936,0.3426294820717131,,Mid,Mid,,1.6333767225471323,1.9433286747697147,1.563187856933179
2016-04-05,0.37902910503220744,0.5532757590002072,0.5344947812477474,0.3373015873015873,0.3611111111111111,,Mid,Mid,,1.631443271302831,1.9434746127502158,1.5570706750125118
2016-04-06,0.427962293626342,0.5571707991050483,0.5414282351712042,0.4782608695652174,0.383399209486166,,Mid,Mid,,1.624444834487497,1.9543831537098117,1.5519512667992892
2016-04-07,0.43057853587019984,0.5655214879842326,0.5524412097130078,0.48031496062992124,0.4330708661417323,,Mid,Mid,,1.619542936879453,1.9497478472738135,1.5449621841288381
2016-04-08,0.43149211300375984,0.5621173487900926,0.5526320112165313,0.4823529411764706,0.4196078431372549,,Mid,Mid,,1.6097583601297494,1.950231716129586,1.545047072714215
2016-04-11,0.4361243587355808,0.5576010356186054,0.548621738583757,0.4921875,0.38671875,,Mid,Mid,,1.608090190127333,1.9490564021710395,1.5425674563079563
2016-04-12,0.43597741883686525,0.5598281851928738,0.549109917223852,0.490272373540856,0.4085603112840467,,Mid,Mid,,1.6069800699706596,1.9469547805815703,1.5408329935675507
2016-04-14,0.4433760691896222,0.5663364440288086,0.5502668007917789,0.5,0.4418604651162791,,Mid,Mid,,1.6028912824396992,1.951046519459216,1.543719693321953
2016-04-15,0.4437516578714631,0.5690812494627856,0.5522887848513999,0.5057915057915058,0.4749034749034749,,Mid,Mid,,1.6139177117787733,1.962113582150547,1.584641609497905
2016-04-18,0.4415224182007848,0.5677300619161926,0.5496935271570149,0.49230769230769234,0.45,,Mid,Mid,,1.6287203251807545,1.983559183034036,1.5828060822522954
2016-04-19,0.4348237938401984,0.5536559166153857,0.5321287274885108,0.4827586206896552,0.3524904214559387,,Mid,Mid,,1.619982808756839,1.9804264964033909,1.5683062756159765
2016-04-20,0.43447551769574727,0.5570435749178763,0.5374774710948114,0.4770992366412214,0.3702290076335878,,Mid,Mid,,1.6219588429736749,1.989202289864563,1.5707425446225955
2016-04-21,0.43617415055832337,0.5546106261565424,0.5343176553571962,0.49429657794676807,0.3574144486692015,,Mid,Mid,,1.6242180715193888,1.9921291963084704,1.5737210327653073
2016-04-22,0.4463388777074723,0.5626890501142849,0.5414139104903702,0.5151515151515151,0.42803030303030304,,Mid,Mid,,1.6383211061854304,1.9989964031961924,1.5710713946760004
2016-04-25,0.5005537263767245,0.6259074552317353,0.6031124906191968,0.7245283018867924,0.7320754716981132,,Mid,Mid,,1.6430622081845383,1.9989818276560936,1.572884423734763
2016-04-26,0.5036704592691854,0.6270070286515527,0.6075144889769984,0.7255639097744361,0.7368421052631579,,Mid,Mid,,1.6443772640604155,2.000735997682829,1.5729788045686275
2016-04-27,0.519191084853036,0.6333742337881804,0.6145115939861711,0.7265917602996255,0.7565543071161048,,Mid,Mid,,1.6490485329414335,2.0017022545087735,1.5748549707012391
2016-04-28,0.5129641231294291,0.6341169530536278,0.6140981284872437,0.7238805970149254,0.7611940298507462,,Mid,Mid,,1.6466922412213598,1.9997640762015294,1.5706880939970693
2016-04-29,0.5176157130418746,0.6333472246095037,0.616492502869728,0.724907063197026,0.7509293680297398,,Mid,Mid,,1.676272889306079,2.0164033275782463,1.5741883732323942
2016-05-02,0.5193075965544431,0.6345729659821955,0.615346068104161,0.7296296296296296,0.7666666666666667,,Mid,Mid,,1.6662266043613154,2.016978652308496,1.5630919264031458
2016-05-03,0.5301726406789792,0.6490616564392133,0.6284044620859075,0.7343173431734318,0.8191881918819188,,Mid,High,,1.6793525718147313,2.033415020685571,1.563613877272945
2016-05-04,0.533645287034262,0.6496785954504042,0.6293865770802026,0.7426470588235294,0.8198529411764706,,Mid,High,,1.6905089500104413,2.035431110162404,1.569483261178829
2016-05-09,0.5278511981587141,0.6554980779183818,0.6362271077667293,0.7252747252747253,0.8351648351648352,,Mid,High,,1.6963787962263164,2.032225813599286,1.5739117956952642
2016-05-10,0.5464947337574033,0.6539096210696066,0.6339408406134778,0.8065693430656934,0.8284671532846716,,High,High,,1.6927736880897764,2.0388982059846392,1.580290021866566
2016-05-11,0.543221476927718,0.6528324237922575,0.6311436505716929,0.7818181818181819,0.8218181818181818,,Mid,High,,1.690310787657849,2.031448580881715,1.5846461316585627
2016-05-12,0.5403243637629612,0.6536781716358067,0.6279569645065588,0.7753623188405797,0.8260869565217391,,Mid,High,,1.7065877881567297,2.0565032327842148,1.5934520813174728
2016-05-13,0.5358943226937565,0.6498972838962042,0.6241273792977197,0.7436823104693141,0.8086642599277978,,Mid,High,,1.6996331582805768,2.058942067219663,1.591301798121887
2016-05-16,0.5357454217720553,0.6600171144280655,0.6370029252771805,0.7410071942446043,0.8561151079136691,,Mid,High,,1.6989984301324135,2.059477662910934,1.5956522840170915
2016-05-17,0.5382183485593378,0.6734149118897372,0.6513049720497107,0.7634408602150538,0.910394265232975,,Mid,High,,1.7058974404786496,2.0620778875583774,1.591693610222942
2016-05-18,0.54057708009017,0.673761635081815,0.6514972162325829,0.7785714285714286,0.9107142857142857,,Mid,High,,1.705389086261133,2.06175605256986,1.5911444283437284
2016-05-19,0.543044248737171,0.6690699546361868,0.6461375979636652,0.7829181494661922,0.8647686832740213,,Mid,High,,1.7001104410529237,2.0605690472552864,1.583841609301252
2016-05-20,0.5444379901640563,0.6704217862661132,0.6476248054788305,0.7943262411347518,0.8829787234042553,,Mid,High,,1.7004580236959168,2.0630473685717936,1.5902100149061333
2016-05-23,0.5433040447003311,0.6695380995913814,0.647054547973879,0.7879858657243817,0.8657243816254417,,Mid,High,,1.6983849711211563,2.0629917774273627,1.592305478962922
2016-05-24,0.543641365877867,0.67527759649172,0.6516490131988683,0.7887323943661971,0.9190140845070423,,Mid,High,,1.703714306264017,2.062835795700783,1.5975079633203653
2016-05-25,0.5113407857757959,0.6687893580646653,0.646362247196545,0.6807017543859649,0.8526315789473684,,Mid,High,,1.688280741722842,2.07298650030086,1.6057696842249616
2016-05-26,0.49024750247622334,0.67781462249835,0.6574105129971985,0.6643356643356644,0.9265734265734266,,Mid,High,,1.683313976809197,2.0804871062591013,1.614890659531323
2016-05-27,0.4888623967272796,0.6715666736362387,0.6528820711434463,0.6585365853658537,0.8885017421602788,,Mid,High,,1.678287080603554,2.0793636447209463,1.6079518539050195
2016-05-30,0.4894940384177779,0.6689590614544549,0.6522421950577167,0.6631944444444444,0.8472222222222222,,Mid,High,,1.6537322784035635,2.0504246258084176,1.5669918972384713
2016-05-31,0.49137392042737266,0.6680254882279358,0.6486269151855635,0.671280276816609,0.8339100346020761,,Mid,High,,1.652939727620801,2.050344387962148,1.566319624715963
2016-06-01,0.43742140881906294,0.6441711578005465,0.6212065369007908,0.4517241379310345,0.7586206896551724,,Mid,Mid,,1.6725109322772815,2.094352852223402,1.6330298858863983
2016-06-02,0.4329785193643932,0.6409492614661088,0.6156999240154467,0.4261168384879725,0.738831615120275,,Mid,Mid,,1.6757735140559993,2.097107714854595,1.6354858696708388
2016-06-03,0.4589252883463553,0.6547374940102875,0.6318742701650389,0.5273972602739726,0.797945205479452,,Mid,Mid,,1.6777389447937288,2.0971302888756904,1.636137485139739
2016-06-07,0.4643591800180294,0.6815680084444949,0.6575379555354979,0.5563139931740614,0.9488054607508533,,Mid,High,,1.6812313918369681,2.1035841995896183,1.6429831034536908
2016-06-08,0.46872039667734566,0.6826236266767883,0.6614966288910523,0.6020408163265306,0.9523809523809523,,Mid,High,,1.6832470965211401,2.1131594487187755,1.6523872806530384
2016-06-09,0.4607691981626516,0.6826034604860052,0.6612800800626996,0.5288135593220339,0.9491525423728814,,Mid,High,,1.6918091404256737,2.1112057951731997,1.6675892390750269
2016-06-10,0.4600844787589477,0.6853838098001211,0.6656301350145867,0.527027027027027,0.9662162162162162,,Mid,High,,1.6933418216158265,2.1147365136994134,1.675191829734063
2016-06-13,0.46947020509560206,0.688215263579734,0.6645566743146034,0.6094276094276094,0.9797979797979798,,Mid,High,,1.6860280403773944,2.1115799937366986,1.6682418016378517
2016-06-14,0.4587128098158742,0.6840980003822691,0.6577695360462265,0.5167785234899329,0.9496644295302014,,Mid,High,,1.712362294274818,2.1116305423447472,1.6715211296412968
2016-06-15,0.4681880357375876,0.6952303677432555,0.6695408462012652,0.5953177257525084,0.9832775919732442,,Mid,High,,1.7112000398320273,2.1089402249819504,1.6723578912437351
2016-06-16,0.46150438129969346,0.6743371942812209,0.6453172971202726,0.5333333333333333,0.8933333333333333,,Mid,High,,1.7186197421274174,2.1132398479595325,1.6721929525631443
2016-06-17,0.45821268427894674,0.6711485624634091,0.6416408075422898,0.5083056478405316,0.8571428571428571,,Mid,High,,1.7144465374567335,2.104737335514938,1.6967305966425232
2016-06-20,0.45816736061652996,0.6676577813386136,0.6394041240913927,0.5066225165562914,0.8079470198675497,,Mid,High,,1.7103612077255883,2.1025191437542565,1.6945816325033218
2016-06-21,0.44441694789942626,0.6630406329283803,0.6336765497827004,0.45544554455445546,0.801980198019802,,Mid,High,,1.720407846068694,2.0985769922619912,1.6690262146637236
2016-06-22,0.4536167568682445,0.6738134291599697,0.6436115558548562,0.48355263157894735,0.8848684210526315,,Mid,High,,1.7130145458922705,2.088982723165355,1.6632922529183987
2016-06-23,0.4482920055577629,0.6682142373215322,0.6378025478846152,0.46885245901639344,0.8131147540983606,,Mid,High,,1.7179447542023827,2.0940326095001884,1.6688018198642407
2016-06-24,0.45470799071513923,0.6712901238094884,0.6397095150138904,0.5,0.8627450980392157,,Mid,High,,1.7198322169805709,2.0958183168060467,1.6721434692911683
2016-06-27,0.4557335444745691,0.6688751015418516,0.6380101290302429,0.50814332247557,0.8175895765472313,,Mid,High,,1.7226777272092286,2.0861157859581327,1.6509902649399346
2016-06-28,0.45569855881334603,0.6710068205322576,0.6381953221694929,0.5064935064935064,0.8474025974025974,,Mid,High,,1.717882384739486,2.085050755662334,1.6495309392609845
2016-06-29,0.4507562912998336,0.6629145705831764,0.6284997253006003,0.47572815533980584,0.7864077669902912,,Mid,Mid,,1.7145943029870319,2.084529877313738,1.632726895341809
2016-06-30,0.45117505520718065,0.6644844273675855,0.6302128695676683,0.4774193548387097,0.7903225806451613,,Mid,Mid,,1.7102879306391028,2.067016103249901,1.6429711239414106
2016-07-01,0.45065541930869574,0.6632713955396646,0.6296041332858427,0.47266881028938906,0.7877813504823151,,Mid,Mid,,1.707410275177862,2.0624946626511953,1.641321198175381
2016-07-04,0.4525262683384928,0.6626380723072095,0.6277123334527782,0.483974358974359,0.7756410256410257,,Mid,Mid,,1.697787549373108,2.0525692622665743,1.6383942291454954
2016-07-05,0.44771874796657785,0.6586161263883253,0.6215881580879246,0.4536741214057508,0.7635782747603834,,Mid,Mid,,1.671880142942876,2.0504247473527712,1.6121237356038525
2016-07-06,0.44707376222073675,0.6593909149864287,0.6239860104551078,0.45222929936305734,0.767515923566879,,Mid,Mid,,1.6755910627383557,2.0467064920606797,1.6071327627049028
2016-07-07,0.4569538616043643,0.6627650348226083,0.627030292229484,0.5206349206349207,0.7777777777777778,,Mid,Mid,,1.6534187626953551,1.9577352075174568,1.5575171309463163
2016-07-08,0.4520236279648606,0.6588572676236398,0.6212912299611042,0.48417721518987344,0.7626582278481012,,Mid,Mid,,1.6483989568572452,1.9470678495445166,1.5645518542820671
2016-07-11,0.44187298129649305,0.6578908922784493,0.621408251436188,0.42586750788643535,0.7539432176656151,,Mid,Mid,,1.6513025737536835,1.9414730072458093,1.5641971553305574
2016-07-12,0.42734549556056717,0.6472583876961521,0.6174498726646084,0.3805031446540881,0.7044025157232704,,Mid,Mid,,1.6315944675597045,1.942673136628864,1.5684975454458128
2016-07-13,0.4166734749840902,0.6527521025425734,0.6215682196891347,0.3761755485893417,0.7210031347962382,,Mid,Mid,,1.640205982777508,1.9586412620939568,1.588960233461789
2016-07-14,0.4155605379974754,0.652120668208119,0.6209284417371913,0.375,0.71875,,Mid,Mid,,1.651033003694812,1.978912003479816,1.5918231669546723
2016-07-15,0.4159405068482062,0.6600369748170736,0.627674552222988,0.37694704049844235,0.7757009345794392,,Mid,Mid,,1.6432655262021043,1.984799944899097,1.5930196882202752
2016-07-18,0.4160544983839531,0.6524157825341387,0.620255510953428,0.37888198757763975,0.717391304347826,,Mid,Mid,,1.64527334352656,1.9905664119129687,1.594221577158247
2016-07-19,0.41580195396045955,0.6562322565562927,0.6254079939891136,0.3746130030959752,0.7492260061919505,,Mid,Mid,,1.6710524988654891,2.0297126741777416,1.6042051014370295
2016-07-20,0.41792604254060306,0.6574768131630203,0.6264780323225629,0.38580246913580246,0.7530864197530864,,Mid,Mid,,1.6694112897690965,2.028043427684559,1.6012005034318668
2016-07-21,0.3804417645500904,0.6369295482614125,0.6018735542874767,0.26461538461538464,0.64,,Mid,Mid,,1.687508473784982,2.0504804026451438,1.709362418931657
2016-07-22,0.3766622645559979,0.6376268937965562,0.6032550550554424,0.254601226993865,0.6441717791411042,,Mid,Mid,,1.6896506975868295,2.053870235298005,1.7384422293888284
2016-07-25,0.3734751030239685,0.6290953876717952,0.5921322054589737,0.25076452599388377,0.6116207951070336,,Mid,Mid,,1.6746849945994706,2.023932766407022,1.7347225658606766
2016-07-26,0.373290663713656,0.6259584723236319,0.5902537957015629,0.25,0.5945121951219512,,Mid,Mid,,1.6724842400321016,2.0210473382668552,1.7295721956955246
2016-07-27,0.3763706747644626,0.626127556315271,0.5855227186011356,0.25835866261398177,0.5957446808510638,,Mid,Mid,,1.6589303609924462,2.004692398676895,1.6931300123827164
2016-07-28,0.37538387052678196,0.6072234772431148,0.5686344894259102,0.2545454545454545,0.5727272727272728,,Mid,Mid,,1.652443015219261,2.0119223500962353,1.6885015315578842
2016-07-29,0.3751882372117829,0.6036262593179641,0.5647462786493999,0.2537764350453172,0.5709969788519638,,Mid,Mid,,1.6426556519809439,2.010800180492351,1.6888944578402934
2016-08-01,0.34700919671690694,0.5847199191469278,0.5488732520594731,0.22289156626506024,0.5,,Mid,Mid,,1.6307995387220726,2.0060542071689884,1.6742237405899383
2016-08-02,0.27177195319913755,,,0.1111111111111111,,,Low,,,1.6347887142425745,1.9945049561079886,1.672704597302706
2016-08-03,0.2549155532721881,,,0.07784431137724551,,,Low,,,1.6338502970920838,1.9932546918533007,1.6725642100422782
2016-08-04,0.25711958805786206,,,0.08358208955223881,,,Low,,,1.6219722177579,1.994590475727394,1.6722779384039188
2016-08-05,0.27094465396080664,,,0.11607142857142858,,,Low,,,1.623233446922895,1.9813666842114628,1.6514553152678069
2016-08-08,0.2679642997159011,,,0.11275964391691394,,,Low,,,1.6504326759097265,1.9833282967267114,1.660347236701749
2016-08-09,0.27023143526944665,,,0.11834319526627218,,,Low,,,1.6367307653498746,1.9715465745611342,1.67709716438813
2016-08-10,0.2468067201467082,,,0.07079646017699115,,,Low,,,1.654337078860224,1.980628153927103,1.6878817440170657
2016-08-11,0.2499429090332684,,,0.07647058823529412,,,Low,,,1.652667912812908,1.9804853474186994,1.6876159808526587
2016-08-12,0.24240122841641132,,,0.07038123167155426,,,Low,,,1.6530477015088865,1.9730093746873778,1.682298078829262
2016-08-16,0.2182298173304502,,,0.04093567251461988,,,Low,,,1.6543831756150085,1.973569456325358,1.6820029267084327
2016-08-17,0.21541313629522588,,,0.04081632653061224,,,Low,,,1.6497993364266792,1.9625833317418717,1.6734062599025108
2016-08-18,0.20157685695331815,,,0.00872093023255814,,,Low,,,1.650379367625179,1.9713791019433418,1.689343078313024
2016-08-19,0.23378886320271028,,,0.07246376811594203,,,Low,,,1.6469339082494905,1.9796044730851199,1.700361293818464
2016-08-22,0.28727229050714437,,,0.14739884393063585,,,Low,,,1.6453753281164178,1.9793594997107817,1.7034689047287443
2016-08-23,0.28737628619800015,,,0.14985590778097982,,,Low,,,1.6503888716841806,1.9843470471966362,1.7069017016179937
2016-08-24,0.28707231326551985,,,0.14655172413793102,,,Low,,,1.6507981165422583,1.9911481790848855,1.7036873146866889
2016-08-25,0.2349819137031511,,,0.07449856733524356,,,Low,,,1.6432550203338188,1.9729815685130088,1.6761516193994874
2016-08-26,0.2693733790394228,,,0.13714285714285715,,,Low,,,1.6420408904771366,1.9579435200322748,1.6888994135984474
2016-08-29,0.26579076957551057,,,0.11965811965811966,,,Low,,,1.6442219634044033,1.961511793780973,1.6868790818470016
2016-08-30,0.1857924865101304,,,0.002840909090909091,,,Low,,,1.629919965780094,1.9734924071298023,1.750293549182527
2016-08-31,0.21998902461104372,,,0.06232294617563739,,,Low,,,1.6008604826853723,1.9602095032443543,1.7281161602950803
2016-09-01,0.2225138200287533,,,0.06497175141242938,,,Low,,,1.631053563956486,1.9506635817284197,1.7797308301960437
2016-09-02,0.24039291352614858,,,0.09014084507042254,,,Low,,,1.6432228411596475,1.9650883787164146,1.7891005194832585
2016-09-05,0.2396371606097842,,,0.0898876404494382,,,Low,,,1.6248653959061286,1.9568861060724276,1.7749928536910504
2016-09-06,0.21336332744976275,,,0.036414565826330535,,,Low,,,1.64030106622186,1.9538006804064803,1.7681854199934721
2016-09-07,0.1968758045271026,,,0.008379888268156424,,,Low,,,1.6654452622952678,1.9639643194715302,1.7747097536161842
2016-09-08,0.17294586310703716,,,0.002785515320334262,,,Low,,,1.663868925542685,1.9614511728149124,1.7744755300137336
2016-09-09,0.1785726286356896,,,0.005555555555555556,,,Low,,,1.6628177689894736,1.9615108756768662,1.7743415439264238
2016-09-12,0.17166265280199203,,,0.002770083102493075,,,Low,,,1.6613242539616766,1.9576724035284097,1.8100083990300786
2016-09-13,0.1766375813183886,,,0.008287292817679558,,,Low,,,1.6950327979558983,1.9119906516496374,1.809648521146371
2016-09-19,0.17342885844966668,,,0.008264462809917356,,,Low,,,1.6910315226395238,1.9127166458123426,1.8107609090087247
2016-09-20,0.15987942972939342,,,0.0027472527472527475,,,Low,,,1.7120867436251241,1.9505514796227985,1.834477219215275
2016-09-21,0.16019495882331194,,,0.005479452054794521,,,Low,,,1.6881286633491428,1.884179294571718,1.7844416007141153
2016-09-22,0.12648264308503018,,,0.00273224043715847,,,Low,,,1.7023934112388266,1.891750150178433,1.784711504016182
2016-09-23,0.11065861504153486,,,0.0027247956403269754,,,Low,,,1.704593015438307,1.87417785381018,1.7909842074514555
2016-09-26,0.0975920000515078,,,0.002717391304347826,,,Low,,,1.70806477927169,1.8724908166809842,1.7931442808905063
2016-09-27,0.1095875455873649,,,0.005420054200542005,,,Low,,,1.6667201969995424,1.7738231609882205,1.8020432469374954
2016-09-28,0.11116417580773197,,,0.010810810810810811,,,Low,,,1.6704856570987814,1.7750808484101102,1.8023330445720487
2016-09-29,0.10987323174277891,,,0.008086253369272238,,,Low,,,1.6813206029903107,1.781417481791714,1.8174082647404264
2016-09-30,0.10427403583765062,,,0.005376344086021506,,,Low,,,1.6583764394528342,1.7968067567829418,
2016-10-04,0.10409569931804791,,,0.005361930294906166,,,Low,,,1.6552956580524605,1.7725683735605813,
2016-10-05,0.10403818664655173,,,0.0053475935828877,,,Low,,,1.6449460670002012,1.7603594965385583,
2016-10-06,0.09576909744139188,,,0.0026666666666666666,,,Low,,,1.6472483500415733,1.761035147464342,
2016-10-07,0.12046130656212432,,,0.026595744680851064,,,Low,,,1.663833949784111,1.7543375003875918,
2016-10-10,0.12008332988330128,,,0.026525198938992044,,,Low,,,1.6709423716959775,1.7508985920104705,
2016-10-11,0.16265962382110638,,,0.03968253968253968,,,Low,,,1.6804265292628462,1.7427286695215045,
2016-10-12,0.16625794096527668,,,0.04221635883905013,,,Low,,,1.6452597781822467,1.6857437698456552,
2016-10-13,0.16418652139075174,,,0.042105263157894736,,,Low,,,1.6456929856697535,1.6883411030961633,
2016-10-14,0.14031491332312665,,,0.03412073490813648,,,Low,,,1.6530027178006583,1.6701110029841577,
2016-10-17,0.1389579033931353,,,0.034031413612565446,,,Low,,,1.6354238112367228,1.6573743517551924,
2016-10-18,0.12826741130775007,,,0.033942558746736295,,,Low,,,1.625419906856704,1.6293876829726226,
2016-10-19,0.13266117022989368,,,0.036458333333333336,,,Low,,,1.6293965702324338,1.6118510272738749,
2016-10-20,0.1307340363234409,,,0.03636363636363636,,,Low,,,1.6308124860672812,1.6130528250728682,
2016-10-21,0.13004121602113503,,,0.03626943005181347,,,Low,,,1.6204507844968754,1.5930463400677413,
2016-10-24,0.12913259265709842,,,0.03617571059431524,,,Low,,,1.5964750223846498,1.551952238148235,
2016-10-25,0.138549491124339,,,0.04639175257731959,,,Low,,,1.59916103548832,1.5490352809017662,
2016-10-26,0.15245523740544256,,,0.05398457583547558,,,Low,,,1.596904258228443,1.5561433738024928,
2016-10-27,0.12138861841673827,,,0.03076923076923077,,,Low,,,1.6359319253114804,1.5629615828030727,
2016-10-28,0.11803528232816156,,,0.02557544757033248,,,Low,,,1.6370729993260036,1.5626918134193601,
2016-10-31,0.14890617199489506,,,0.058673469387755105,,,Low,,,1.6438736803215546,1.5264195767905546,
2016-11-01,0.14989412165415902,,,0.061068702290076333,,,Low,,,1.6672245438048992,1.5281221265248286,
2016-11-02,0.16282065397064943,,,0.07360406091370558,,,Low,,,1.6761429657866154,1.5337986030096467,
2016-11-03,0.15449711802442326,,,0.06582278481012659,,,Low,,,1.6654725480880561,1.523220467899919,
2016-11-04,0.1450395537452873,,,0.05808080808080808,,,Low,,,1.6607054933402612,1.5173309129902541,
2016-11-07,0.16635451009453225,,,0.08564231738035265,,,Low,,,1.6604746888399267,1.5170138852795731,
2016-11-08,0.1670377150151332,,,0.08793969849246232,,,Low,,,1.674164513305474,1.5242383839152474,
2016-11-09,0.20117341384207044,,,0.11278195488721804,,,Low,,,1.6783223522192283,1.523477437383817,
2016-11-10,0.2127862495348379,,,0.1375,,,Low,,,1.6816511727113839,1.5284630438086158,
2016-11-11,0.2079223392603203,,,0.13216957605985039,,,Low,,,1.703735243849282,1.529851607665303,
2016-11-14,0.2726774915441279,,,0.2562189054726368,,,Mid,,,1.698328260552992,1.5258612863809822,
2016-11-15,0.266879801524808,,,0.23325062034739455,,,Mid,,,1.6871202153878226,1.5081786846085337,
2016-11-16,0.22991663736424453,,,0.17326732673267325,,,Low,,,1.6845993433956394,1.4965846082708687,
2016-11-17,0.22742708798444342,,,0.1728395061728395,,,Low,,,1.718819393453448,1.5434722313125215,
2016-11-18,0.21147493353140878,,,0.1354679802955665,,,Low,,,1.7195601916566818,1.5440194399668048,
2016-11-21,0.2115681803984685,,,0.1375921375921376,,,Low,,,1.7188188371984687,1.5464173389361597,
2016-11-22,0.2155121994733469,,,0.1568627450980392,,,Low,,,1.715982826017299,1.5344475077604534,
2016-11-23,0.21377724515724705,,,0.1466992665036675,,,Low,,,1.7054859918089567,1.5343797038714815,
2016-11-24,0.20782886863404038,,,0.12926829268292683,,,Low,,,1.7066411090356557,1.537607315491554,
2016-11-25,0.20536848982694478,,,0.1192214111922141,,,Low,,,1.7114026377215052,1.551212704539733,
2016-11-28,0.21447038093991402,,,0.1529126213592233,,,Low,,,1.7018193823628063,1.5541463964777769,
2016-11-29,0.1960413522044023,,,0.10411622276029056,,,Low,,,1.7002098028861825,1.5566126741404833,
2016-11-30,0.20379055264538606,,,0.12077294685990338,,,Low,,,1.703259947821,1.5665940740516768,
2016-12-01,0.23311461121398955,,,0.19759036144578312,,,Low,,,1.7157827911768506,1.569432567527732,
2016-12-02,0.2227910568523774,,,0.1875,,,Low,,,1.715698477001413,1.5712802244571842,
2016-12-05,0.2265011274833227,,,0.19184652278177458,,,Low,,,1.7021242162736738,1.5409201133502028,
2016-12-06,0.235622758982218,,,0.21770334928229665,,,Mid,,,1.7035772365194273,1.5391425331120683,
2016-12-07,0.2446246124167114,,,0.22673031026252982,,,Mid,,,1.6996949129139869,1.531155099527823,
2016-12-08,0.2378168172567775,,,0.21904761904761905,,,Mid,,,1.7212329806413094,1.5421179514443604,
2016-12-09,0.24432056112512837,,,0.22802850356294538,,,Mid,,,1.7112628717311285,1.518404082436457,
2016-12-12,0.281758263872714,,,0.2938388625592417,,,Mid,,,1.7163354265504276,1.5248114782083475,
2016-12-13,0.28800727698944245,,,0.30260047281323876,,,Mid,,,1.721781078969609,1.5370299224614918,
2016-12-14,0.2854907734437773,,,0.294811320754717,,,Mid,,,1.7246971426496083,1.5194537642192674,
2016-12-15,0.2856406288286786,,,0.2964705882352941,,,Mid,,,1.7279323640328408,1.5157315446463338,
2016-12-16,0.29357871470911995,,,0.3075117370892019,,,Mid,,,1.7281643743697506,1.515244550579372,
2016-12-19,0.2957074519047203,,,0.3091334894613583,,,Mid,,,1.724269038561918,1.5123572446104405,
2016-12-20,0.2960605644039996,,,0.3107476635514019,,,Mid,,,1.7239449532877176,1.5046074433802308,
2016-12-21,0.303522748190346,,,0.3146853146853147,,,Mid,,,1.7271592124379507,1.502173724837938,
2016-12-22,0.29887444582552264,,,0.3116279069767442,,,Mid,,,1.7292293915770036,1.4989211077566784,
2016-12-23,0.2897212215975366,,,0.3039443155452436,,,Mid,,,1.715394470556457,1.4366827148197923,
2016-12-26,0.28933004687864106,,,0.30324074074074076,,,Mid,,,1.719359367148957,1.447628391096945,
2016-12-27,0.2925258728903995,,,0.3071593533487298,,,Mid,,,1.7170100190210562,1.4465314140210093,
2016-12-28,0.29598226738544686,,,0.31336405529953915,,,Mid,,,1.7189876402463082,1.4466150034364853,
2016-12-29,0.2981006663307632,,,0.31724137931034485,,,Mid,,,1.701769580631855,1.4310180394785836,
2017-01-02,0.28034401039261164,,,0.28440366972477066,,,Mid,,,1.6970483124690827,1.4311893140047656,
2017-01-03,0.2775636446872211,,,0.2837528604118993,,,Mid,,,1.7006837912251018,1.4314045697941342,
2017-01-04,0.2225093910876297,,,0.17579908675799086,,,Low,,,1.6779857442377206,1.4433877290435175,
2017-01-05,0.2564644034528329,,,0.23917995444191345,,,Mid,,,1.6765916576327213,1.4427843745553093,
2017-01-06,0.2538234584239041,,,0.2318181818181818,,,Mid,,,1.6708243980139212,1.435796421406058,
2017-01-09,0.2649064672196733,,,0.2562358276643991,,,Mid,,,1.682647706215601,1.4852732569818585,
2017-01-10,0.25802360945240727,,,0.24434389140271492,,,Mid,,,1.6918721731675224,1.4997970281569997,
2017-01-11,0.2778385903541993,,,0.29345372460496616,,,Mid,,,1.6954163579047439,1.5008113121938316,
2017-01-12,0.2664647821857112,,,0.2635135135135135,,,Mid,,,1.686941048958875,1.4755728300850095,
2017-01-13,0.26684914327449555,,,0.2651685393258427,,,Mid,,,1.685788486523498,1.4771761227333502,
2017-01-16,0.27693477084418,,,0.2937219730941704,,,Mid,,,1.6913187580484497,1.463738355818635,
2017-01-17,0.2793310211494726,,,0.29977628635346754,,,Mid,,,1.6849373543408597,1.4606538430025722,
2017-01-18,0.281110232920432,,,0.30357142857142855,,,Mid,,,1.676753418579633,1.4407016124742669,
2017-01-19,0.2680940086086877,,,0.27616926503340755,,,Mid,,,1.6789710706826144,1.4356718905536405,
2017-01-20,0.277404601297604,,,0.29555555555555557,,,Mid,,,1.7003846964713787,1.4475472481802376,
2017-01-23,0.2795842062395955,,,0.30376940133037694,,,Mid,,,1.7022795312682542,1.447900860353033,
2017-01-24,0.26417247115069026,,,0.252212389380531,,,Mid,,,1.7155638107034394,1.4599824578992746,
2017-01-25,0.2961485123643796,,,0.34216335540838855,,,Mid,,,1.7040177707774753,1.4197977224763287,
2017-01-26,0.29695971185606257,,,0.3436123348017621,,,Mid,,,1.7056858957382706,1.420671060599489,
2017-01-31,0.30373121961463356,,,0.35384615384615387,,,Mid,,,1.7064880072548119,1.3428289788839916,
2017-02-01,0.31064321462352334,,,0.35526315789473684,,,Mid,,,1.7051921099925884,1.3489330697529884,
2017-02-02,0.2834164315635497,,,0.31072210065645517,,,Mid,,,1.7239209546704906,1.3597854014974309,
2017-02-03,0.2831088794144801,,,0.31004366812227074,,,Mid,,,1.709696071627436,1.3725333868328506,
2017-02-06,0.25811039331454033,,,0.2374727668845316,,,Mid,,,1.7029720408015558,1.361424214843864,
2017-02-07,0.239956614375512,,,0.20652173913043478,,,Mid,,,1.705229140545722,1.361889300668372,
2017-02-08,0.2455632252191582,,,0.21691973969631237,,,Mid,,,1.7095146139916415,1.3731556416683777,
2017-02-09,0.20194493285538107,,,0.1038961038961039,,,Low,,,1.692966233639269,1.361104287459242,
2017-02-10,0.20286547512766354,,,0.10583153347732181,,,Low,,,1.6860257926534319,1.3444564502458227,
2017-02-13,0.2500095411275138,,,0.22844827586206898,,,Mid,,,1.651245300913959,1.3264416106314059,
2017-02-14,0.2560557996363662,,,0.23655913978494625,,,Mid,,,1.650575180302797,1.3252686109463003,
2017-02-15,0.25839394195422577,,,0.24892703862660945,,,Mid,,,1.6869117245992888,1.3516753819717477,
2017-02-16,0.25908035788460854,,,0.2505353319057816,,,Mid,,,1.7547237356499084,1.38403214003948,
2017-02-17,0.26865672225811005,,,0.28846153846153844,,,Mid,,,1.6967055520500185,1.317031713479715,
2017-02-20,0.26432263563170905,,,0.26439232409381663,,,Mid,,,1.7358919542656326,1.3300391254470034,
2017-02-21,0.26817190490564213,,,0.28936170212765955,,,Mid,,,1.7430986739765228,1.3220627525889823,
2017-02-22,0.3035878691081435,,,0.37154989384288745,,,Mid,,,1.7678021501170822,1.323965463364864,
2017-02-23,0.3102669041082705,,,0.375,,,Mid,,,1.7703846109405803,1.3298889396237275,
2017-02-24,0.30065436519632077,,,0.3657505285412262,,,Mid,,,1.7696893305268702,1.3294017487919452,
2017-02-27,0.28042812910237824,,,0.3206751054852321,,,Mid,,,1.7674190411462734,1.3220322193515692,
2017-02-28,0.27024727468300763,,,0.2968421052631579,,,Mid,,,1.7656499456742614,1.324665823657553,
2017-03-02,0.28024145490399105,,,0.31932773109243695,,,Mid,,,1.7807380186868116,1.3349949881862648,
2017-03-03,0.2877677881553931,,,0.3438155136268344,,,Mid,,,1.7780929881228207,1.339618098613505,
2017-03-06,0.28810616153898,,,0.3472803347280335,,,Mid,,,1.738214841999897,1.322248463067489,
2017-03-07,0.348867338314054,,,0.46555323590814196,,,Mid,,,1.7449231856780996,1.3151403153323626,
2017-03-08,0.3564184869573,,,0.47291666666666665,,,Mid,,,1.739174267416634,1.3102702785485554,
2017-03-09,0.3317775443974175,,,0.4282744282744283,,,Mid,,,1.7457831636476329,1.318377689375193,
2017-03-10,0.29633137184881314,,,0.3630705394190871,,,Mid,,,1.746357051644247,1.322050213662153,
2017-03-13,0.2981001818551092,,,0.36645962732919257,,,Mid,,,1.749559609383143,1.3204952443911457,
2017-03-14,0.2897277108659792,,,0.34917355371900827,,,Mid,,,1.7463655334029453,1.3202328333421858,
2017-03-15,0.2906163600810624,,,0.35051546391752575,,,Mid,,,1.7304173731626467,1.2921709596530029,
2017-03-16,0.3083156967143243,,,0.38477366255144035,,,Mid,,,1.7318691080299213,1.292797792296723,
2017-03-17,0.31673615480223766,,,0.39835728952772076,,,Mid,,,1.768703862638653,1.3126708580905921,
2017-03-20,0.31080394540918044,,,0.38934426229508196,,,Mid,,,1.7608801509820524,1.308535229880594,
2017-03-21,0.3314557020527626,,,0.4335378323108384,,,Mid,,,1.7683249451042602,1.31799190612473,
2017-03-22,0.3328862653273619,,,0.44081632653061226,,,Mid,,,1.7390760270526573,1.2756008894190058,
2017-03-23,0.35011684972170437,,,0.47657841140529533,,,Mid,,,1.737739104940854,1.2799613592278611,
2017-03-24,0.35514627208771254,,,0.483739837398374,,,Mid,,,1.7343204022161276,1.2832336377112052,
2017-03-27,0.35520868122803617,,,0.4847870182555781,,,Mid,,,1.7327186668178414,1.2645455907204086,
2017-03-28,0.3531039183521683,,,0.4797570850202429,,,Mid,,,1.7377896388635472,1.2612801974978345,
2017-03-29,0.35856129565688977,,,0.4888888888888889,,,Mid,,,1.7213639786860584,1.2423298797387325,
2017-03-30,0.38179880789196025,,,0.5221774193548387,,,Mid,,,1.7157214652252477,1.2343212199028228,
2017-03-31,0.4071527945398097,,,0.5814889336016097,,,Mid,,,1.7179792916327434,1.2408323015484497,
2017-04-03,0.4367394349930776,,,0.6265060240963856,,,Mid,,,1.7142434173181007,1.224935712696706,
2017-04-04,0.44535120411598245,,,0.6432865731462926,,,Mid,,,1.7180018115120048,1.222924580348604,
2017-04-05,0.44497627311439913,,,0.642,,,Mid,,,1.7177654198006824,1.2215748552643204,
2017-04-06,0.45461505466626706,,,0.6866267465069861,,,Mid,,,1.7166073909826591,1.2316824225276428,
2017-04-07,0.4689034047506144,,,0.7649402390438247,,,Mid,,,1.7253948173220455,1.2366949555587372,
2017-04-10,0.47153869611960225,,,0.7733598409542743,,,Mid,,,1.7316244276757398,1.233196238946177,
2017-04-11,0.4834708003615269,,,0.7896825396825397,,,Mid,,,1.7403423932259157,1.2440817165631064,
2017-04-12,0.4829453375515668,,,0.7881188118811882,,,Mid,,,1.7373186640048166,1.2393562012065658,
2017-04-13,0.5023271154159028,,,0.8162055335968379,,,High,,,1.7416988411753092,1.239123489957486,
2017-04-14,0.49687031888040467,,,0.8126232741617357,,,High,,,1.7428518219904017,1.213897899326344,
2017-04-17,0.49841239779503654,,,0.812992125984252,,,High,,,1.720739582066121,1.201304729925301,
2017-04-18,0.4922548614396718,,,0.8074656188605108,,,High,,,1.706517271778264,1.1640220956073173,
2017-04-19,0.4825097302116655,,,0.7803921568627451,,,Mid,,,1.7037744778808175,1.163581519710339,
2017-04-20,0.48259559179397454,,,0.7808219178082192,,,Mid,,,1.7008102502088318,1.1583294364024292,
2017-04-21,0.5039714951642642,,,0.8203125,,,High,,,1.699689863390301,1.1670537524747246,
2017-04-24,0.4867948201243177,,,0.7894736842105263,,,Mid,,,1.6954146334409281,1.1564593416852644,
2017-04-25,0.486078435381061,,,0.7879377431906615,,,Mid,,,1.6796853731074197,1.153687823681413,
2017-04-26,0.49245899263188636,,,0.8077669902912621,,,High,,,1.6781541531566688,1.1596577501345082,
2017-04-27,0.49272152821410486,,,0.8081395348837209,,,High,,,1.673285469556779,1.1678231686799943,
2017-04-28,0.5062364572585074,,,0.8220502901353965,,,High,,,1.667534241733365,1.166269052745859,
2017-05-02,0.5087984241112092,,,0.8223938223938224,,,High,,,1.6734293091141172,1.1733558566376865,
2017-05-04,0.5126226529173946,,,0.8246628131021194,,,High,,,1.6618231188503219,1.1641735156994641,
2017-05-08,0.5167379211525565,,,0.8269230769230769,,,High,,,1.676963679618414,1.161627278719361,
2017-05-10,0.5135926902391099,,,0.8253358925143954,,,High,,,1.650672019747924,1.0885490803335647,
2017-05-11,0.5140155594567374,,,0.8256704980842912,,,High,,,1.485168814342965,1.0526011393961316,
2017-05-12,0.5292565984649452,,,0.8374760994263862,,,High,,,1.407544594682287,1.0399843085374791,
2017-05-15,0.531900663921121,,,0.8416030534351145,,,High,,,1.4093677166736136,1.0275553436950418,
2017-05-16,0.5023322728025049,,,0.8057142857142857,,,High,,,1.4115097047863459,1.0318834153979861,
2017-05-17,0.5022215605952339,,,0.8022813688212928,,,High,,,1.4064866811271477,1.03470263519084,
2017-05-18,0.4563650487554039,,,0.6641366223908919,,,Mid,,,1.4083426566397297,1.037631743091639,
2017-05-19,0.45201927190779395,,,0.6382575757575758,,,Mid,,,1.41638587570184,1.0345737971206734,
2017-05-22,0.4558700517541747,,,0.6635160680529301,,,Mid,,,1.4163528164441381,1.0347769916099274,
2017-05-23,0.45169123699698427,,,0.6339622641509434,,,Mid,,,1.4096880307977455,1.029254022014306,
2017-05-24,0.44128818054576785,,,0.591337099811676,,,Mid,,,1.4207694429932387,1.0367576668876912,
2017-05-25,0.4922705884723068,,,0.7913533834586466,,,Mid,,,1.4247924047923406,1.0266574084077018,
2017-05-26,0.49731166734659515,,,0.799249530956848,,,Mid,,,1.4423750048796184,1.0765798470239643,
2017-05-29,0.5032464632600774,,,0.8089887640449438,,,High,,,1.440088146062445,1.074853625614976,
2017-05-30,0.5016199874148454,,,0.8018691588785046,,,High,,,1.4387924100388194,1.0444971263079286,
2017-05-31,0.5064956611002778,,,0.8152985074626866,,,High,,,1.4724288390599838,1.0355676326706407,
2017-06-01,0.499734789780863,,,0.7970204841713222,,,Mid,,,1.4835940604928342,1.048706902762132,
2017-06-02,0.5157295352936578,,,0.8271375464684015,,,High,,,1.4816588061278386,1.0597822790120355,
2017-06-05,0.4744008551522921,,,0.7402597402597403,,,Mid,,,1.431478868030961,1.012234087770952,
2017-06-07,0.4782638827398566,,,0.7444444444444445,,,Mid,,,1.4084130366788141,0.96515945933353,
2017-06-08,0.4984249822091806,,,0.7948243992606284,,,Mid,,,1.41166089311166,0.9651667012219006,
2017-06-09,0.4874416232347807,,,0.7656826568265682,,,Mid,,,1.4142228265081405,0.9654638944291007,
2017-06-12,0.49189469350159554,,,0.7790055248618785,,,Mid,,,1.407427236200252,0.9572688242110539,
2017-06-13,0.4992062339783189,,,0.7959558823529411,,,Mid,,,1.368114021146138,0.9135194390468302,
2017-06-14,0.5296373316432605,,,0.8422018348623853,,,High,,,1.3848513481615115,0.9612703033467583,
2017-06-15,0.5247986285307024,,,0.8351648351648352,,,High,,,1.3818366649264986,0.9515141615406428,
2017-06-16,0.5239901069856922,,,0.8336380255941499,,,High,,,1.3837458431777339,0.9482759510382611,
2017-06-19,0.5316531222053077,,,0.8467153284671532,,,High,,,1.3197110507586998,0.9066895841537324,
2017-06-20,0.5272607123285012,,,0.8342440801457195,,,High,,,1.3137810628678772,0.9066096265258018,
2017-06-21,0.5241028073990021,,,0.8309090909090909,,,High,,,1.3096168818648386,0.9009588374084165,
2017-06-22,0.5398128953886528,,,0.8747731397459165,,,High,,,1.3175275471746837,0.9199622794493036,
2017-06-23,0.529060266091716,,,0.8369565217391305,,,High,,,1.3116007262740959,0.9033798020132014,
2017-06-26,0.5333482985271124,,,0.8499095840867993,,,High,,,1.2924164612769273,0.9054566929835824,
2017-06-27,0.5403057927271125,,,0.8772563176895307,,,High,,,1.2878079524670722,0.8986043816042671,
2017-06-28,0.5396701053514402,,,0.872072072072072,,,High,,,1.270918508393325,0.8875230663918954,
2017-06-29,0.5474998619486068,,,0.908273381294964,,,High,,,1.271188579448092,0.8943444597835589,
2017-06-30,0.5287626073499764,,,0.829443447037702,,,High,,,1.2161698633376434,0.7926307807018576,
2017-07-03,0.5219938245053445,,,0.8172043010752689,,,High,,,1.2156018131675996,0.7926703664903237,
2017-07-04,0.5301824386073429,,,0.8372093023255814,,,High,,,1.2068493051861897,0.77800211798299,
2017-07-05,0.5346366787941702,,,0.8482142857142857,,,High,,,1.2186590192022924,0.8122421026806195,
2017-07-06,0.5353115925061834,,,0.8520499108734403,,,High,,,1.2186280948411778,0.8152957518513118,
2017-07-07,0.5360435508803273,,,0.8558718861209964,,,High,,,1.240394902346534,0.8299724660217834,
2017-07-10,0.5305455907161923,,,0.8330373001776199,,,High,,,1.2288271393405623,0.8257568047419022,
2017-07-11,0.5607460336595907,,,0.9237588652482269,,,High,,,1.222947929750511,0.821545814537194,
2017-07-12,0.5604002389526415,,,0.9221238938053097,,,High,,,1.1767434256685407,0.7985075994149584,
2017-07-13,0.5516389998789547,,,0.9098939929328622,,,High,,,1.199133717119247,0.8107256584373875,
2017-07-14,0.5541258737755853,,,0.9153439153439153,,,High,,,1.1924598402231998,0.8257801748865518,
2017-07-17,0.5533917805968703,,,0.9137323943661971,,,High,,,1.214465683209862,0.8023958246240214,
2017-07-18,0.5524798243576062,,,0.9086115992970123,,,High,,,1.2128370780326343,0.8034609953586896,
2017-07-19,0.5561928457290124,,,0.9175438596491228,,,High,,,1.201625295905754,0.7693339073919206,
2017-07-20,0.5594562636465643,,,0.9194395796847635,,,High,,,1.204614235662294,0.7705219447587504,
2017-07-21,0.5690093939217304,,,0.9353146853146853,,,High,,,1.204878864732657,0.7651658855405317,
2017-07-24,0.5774104084734896,,,0.9528795811518325,,,High,,,1.2088396309721636,0.7649484297536585,
2017-07-25,0.578305754305501,,,0.9564459930313589,,,High,,,1.207507595059576,0.7672136555480689,
2017-07-26,0.5773573726746487,,,0.9495652173913044,,,High,,,1.1982104821467965,0.7697805701510423,
2017-07-27,0.5747244654571761,,,0.9427083333333334,,,High,,,1.190157268165873,0.7636796531579445,
2017-07-28,0.5783583569694746,,,0.9566724436741768,,,High,,,1.1896633221877788,0.7589142632873156,
2017-07-31,0.5845527626979694,,,0.972318339100346,,,High,,,1.1598565446779177,0.8324694574124429,
2017-08-01,0.5890080976356117,,,0.9758203799654577,,,High,,,1.1564498707020325,0.8445003865880928,
2017-08-02,0.5893753639865557,,,0.9758620689655172,,,High,,,1.1975045664975263,0.8719727051245245,
2017-08-03,0.5909011231447877,,,0.9776247848537005,,,High,,,1.2225951477957244,0.8736790650007735,
2017-08-04,0.5945521264825971,,,0.979381443298969,,,High,,,1.175756306854475,0.849475754169256,
2017-08-07,0.5894278302670393,,,0.9725557461406518,,,High,,,1.1644530970825857,0.8791846066357617,
2017-08-08,0.588824928802864,,,0.9674657534246576,,,High,,,1.1638434204838546,0.8770591687690442,
2017-08-09,0.6067808577546471,,,0.9897435897435898,,,High,,,1.1866167408013675,0.8615811868447859,
2017-08-10,0.6113392274487113,,,0.9931740614334471,,,High,,,1.1883026849673273,0.8459683705395447,
2017-08-11,0.6457930201367325,,,1.0,,,High,,,1.132223869609134,0.8398314485643302,
2017-08-14,0.6487147296310943,,,1.0,,,High,,,1.174390997732664,0.8322090458624296,
2017-08-16,0.6602082124293774,,,1.0,,,High,,,1.1509661518790917,0.8236482627108465,
2017-08-17,0.6505441245888731,,,0.9983050847457627,,,High,,,1.121939211761791,0.8040087897002078,
2017-08-18,0.6344834620378191,,,0.9932318104906938,,,High,,,1.112407884574146,0.8035431156080967,
2017-08-21,0.598788295193621,,,0.9712837837837838,,,High,,,1.1180362369155,0.8072377953156912,
2017-08-22,0.595966165359418,,,0.9679595278246206,,,High,,,1.1261361741909544,0.8200680430802613,
2017-08-23,0.5828220531187849,,,0.9444444444444444,,,High,,,1.1319265654498782,0.8201586952562565,
2017-08-24,0.5905941056866443,,,0.9596638655462185,,,High,,,1.1430625673792052,0.8130585953177022,
2017-08-25,0.6132072875808676,,,0.988255033557047,,,High,,,1.1381851065938595,0.8066913590066523,
2017-08-28,0.6190345509363073,,,0.9899497487437185,,,High,,,1.1237583835323268,0.8071339339936227,
2017-08-29,0.6160433011223865,,,0.9882943143812709,,,High,,,1.1256354857777728,0.7863288262208121,
2017-08-30,0.6142930645174617,,,0.986644407345576,,,High,,,1.1252714857007828,0.7843025631045751,
2017-08-31,0.6179712641702779,,,0.9883333333333333,,,High,,,1.1199413615833589,0.7758002603669317,
2017-09-01,0.6217963532366717,,,0.9916805324459235,,,High,,,1.1040458602182919,0.7738117592682434,
2017-09-04,0.633886729056886,,,0.9916943521594684,,,High,,,1.1216718662006377,0.7689115520222416,
2017-09-05,0.6329086949629236,,,0.9900497512437811,,,High,,,1.1227477420853813,0.7566771626171329,
2017-09-06,0.6404951905593294,,,0.9933774834437086,,,High,,,1.1398591556328186,0.7672390425086043,
2017-09-07,0.609310574470135,,,0.968595041322314,,,High,,,1.1529941550628542,0.7765293505080862,
2017-09-08,0.5969268112228221,,,0.9521452145214522,,,High,,,1.148434662159433,0.7684850955491755,
2017-09-11,0.6057302337925634,,,0.9621087314662273,,,High,,,1.1100410672743855,0.7605812757090686,
2017-09-12,0.5842558040440607,,,0.9259868421052632,,,High,,,1.0903212146657493,0.7420998968168037,
2017-09-13,0.5786508235521282,,,0.909688013136289,,,High,,,1.095498821035324,0.7457909286652173,
2017-09-14,0.5637104227807098,,,0.8754098360655738,,,High,,,1.0958482962131364,0.7467665551385172,
2017-09-15,0.5361694076285556,,,0.7921440261865794,,,Mid,,,1.126575660430376,0.7890384792833391,
2017-09-18,0.5452024050340505,,,0.8316993464052288,,,High,,,1.037947695669681,0.8287376973241503,
2017-09-19,0.5585137874167739,,,0.8597063621533442,,,High,,,0.9868277707546453,0.8205486141750474,
2017-09-20,0.5541518082698724,,,0.8534201954397395,,,High,,,0.9555981643878295,0.7923686615879464,
2017-09-21,0.5512135123701147,,,0.8406504065040651,,,High,,,0.975580029258976,0.8007586166427001,
2017-09-22,0.5323604752478958,,,0.7678571428571429,,,Mid,,,0.9831006883764564,0.7940509871474812,
2017-09-25,0.5434916678718603,,,0.8168557536466775,,,High,,,0.9743540750776254,0.8352198347708374,
2017-09-26,0.5911235306650671,,,0.9433656957928802,,,High,,,0.9804094595258408,0.8502123522191168,
2017-09-27,0.586301623615162,,,0.9289176090468497,,,High,,,0.9529689460530323,0.8192770125642883,
2017-09-28,0.5889205603443987,,,0.932258064516129,,,High,,,0.944704756057061,0.8141540158007883,
2017-09-29,0.5925543134834698,,,0.9436392914653784,,,High,,,0.9313344492128022,0.8059694126191606,
2017-10-10,0.5939652076546685,,,0.9437299035369775,,,High,,,0.9252973374397644,0.8032867136343822,
2017-10-11,0.5903624229652199,,,0.9357945425361156,,,High,,,0.9100902252913343,0.7803898965641597,
2017-10-12,0.5576124623219118,,,0.8509615384615384,,,High,,,0.9055331654556891,0.8192951650708664,
2017-10-13,0.5523043525795872,,,0.8352,,,High,,,0.908482282222582,0.8221633725545806,
2017-10-16,0.5445234874650399,,,0.8115015974440895,,,High,,,0.8817510528611381,0.829474213807945,
2017-10-17,0.5391845859961233,,,0.7862838915470495,,,Mid,,,0.9053082271642304,0.8521732234595385,
2017-10-18,0.5403012524997192,,,0.7914012738853503,,,Mid,,,0.8997336513233084,0.8488256779506794,
2017-10-19,0.552278039743309,,,0.834658187599364,,,High,,,0.9351075200962721,0.912102786791402,
2017-10-20,0.5589824620185078,,,0.8539682539682539,,,High,,,0.9133890444147393,0.9007790322382355,
2017-10-23,0.566612584308882,,,0.8700475435816165,,,High,,,0.9046110435493954,0.8891421729672114,
2017-10-24,0.5570409413123377,,,0.8465189873417721,,,High,,,0.916788237587846,0.8989128377290815,
2017-10-25,0.5575170357499025,,,0.8483412322274881,,,High,,,0.9154254823353565,0.899502812810129,
2017-10-26,0.5595514911971297,,,0.8548895899053628,,,High,,,0.8978715223633859,0.917509368376363,
2017-10-27,0.5701855226855709,,,0.8771653543307086,,,High,,,0.8958279088719758,0.9133621737636811,
2017-10-30,0.574562081976817,,,0.8836477987421384,,,High,,,0.9135188422681884,0.9424358065165602,
2017-10-31,0.5446147572467005,,,0.8053375196232339,,,High,,,0.9151947443505852,0.970826442093373,
2017-11-01,0.5421939453252768,,,0.786833855799373,,,Mid,,,0.9396119821980715,0.9673336136210641,
2017-11-02,0.531354918941733,,,0.7355242566510172,,,Mid,,,0.9150448809680887,0.9012325203533573,
2017-11-03,0.529909210760191,,,0.7296875,,,Mid,,,0.8512558506518465,0.8811336501054495,
2017-11-06,0.5264769308400127,,,0.717628705148206,,,Mid,,,0.8553354350978998,0.8945352769602284,
2017-11-07,0.5504097285440176,,,0.8208722741433022,,,High,,,0.8506704246869549,0.8927925389468008,
2017-11-08,0.5566776778912628,,,0.8413685847589425,,,High,,,0.8416405763787924,0.8773428185562715,
2017-11-09,0.553008040970744,,,0.8307453416149069,,,High,,,0.8336875272124358,0.8730124114921349,
2017-11-10,0.5523425824091137,,,0.8263565891472868,,,High,,,0.8507668077376025,0.8742572807149024,
2017-11-13,0.5602989374124658,,,0.8560371517027864,,,High,,,0.864018407489715,0.8999882972829223,
2017-11-14,0.5584143717596789,,,0.8469860896445132,,,High,,,0.8990804374277336,0.9120961499646624,
2017-11-15,0.5600269876624892,,,0.8549382716049383,,,High,,,0.8590151166412883,0.8943522108179792,
2017-11-16,0.548428932265805,,,0.8089368258859785,,,High,,,0.8659006186053229,0.9112172279351476,
2017-11-17,0.5560879370959676,,,0.8353846153846154,,,High,,,0.7739006509820593,0.8552703243620997,
2017-11-20,0.5694244963234291,,,0.8771121351766513,,,High,,,0.6402565404448362,0.8142391490755855,
2017-11-21,0.5695339189634556,,,0.8773006134969326,,,High,,,0.6526570832621635,0.8055581762800768,
2017-11-22,0.5703102323573032,,,0.8790199081163859,,,High,,,0.6702952754755176,0.8412618940167929,
2017-11-23,0.5782334966564295,,,0.900611620795107,,,High,,,0.6725851778227886,0.8417327671830251,
2017-11-24,0.5662085720492162,,,0.8641221374045801,,,High,,,0.6371444998644974,0.8405887700275169,
2017-11-27,0.5329667234611764,,,0.7286585365853658,,,Mid,,,0.6365571306983678,0.8350639724324296,
2017-11-28,0.5210462363250209,,,0.6940639269406392,,,Mid,,,0.6282557389615504,0.9093043432756065,
2017-11-29,0.5210992453076092,,,0.6945288753799392,,,Mid,,,0.6288978046788424,0.9161618859026083,
2017-11-30,0.5273493678024702,,,0.7040971168437026,,,Mid,,,0.6458512192931208,0.9391859039702952,
2017-12-01,0.5175199009778154,,,0.6863636363636364,,,Mid,,,0.6160913972279723,0.9163004081467273,
2017-12-04,0.5154664003427083,,,0.6822995461422088,,,Mid,,,0.5948844021153268,0.8733128081441697,
2017-12-05,0.5302978787080382,,,0.7190332326283988,,,Mid,,,0.5982026580296963,0.8659008677559193,
2017-12-06,0.4703101887911351,,,0.5942684766214178,,,Mid,,,0.6127790354249346,0.8698297747729864,
2017-12-07,0.46846443780198904,,,0.5843373493975904,,,Mid,,,0.7214785303466418,1.369589629245134,
2017-12-08,0.4980544616193752,,,0.6511278195488722,,,Mid,,,0.7594742634774891,1.3959893112955273,
2017-12-11,0.501827092883676,,,0.6606606606606606,,,Mid,,,0.7631726756098461,1.4021512400943144,
2017-12-12,0.49998175486804164,,,0.656671664167916,,,Mid,,,0.7887093695501892,1.4365246857010416,
2017-12-13,0.5107791062958106,,,0.6751497005988024,,,Mid,,,0.7792973600958631,1.4348986592101307,
2017-12-14,0.5129402646058291,,,0.6786248131539612,,,Mid,,,0.7907563292852401,1.4451922421940786,
2017-12-15,0.5352456755996035,,,0.7417910447761195,,,Mid,,,0.7968019315868998,1.470311288491681,
2017-12-18,0.5413052870718204,,,0.7749627421758569,,,Mid,,,0.7742631679649622,1.5113560981097638,
2017-12-19,0.5403294455152854,,,0.7708333333333334,,,Mid,,,0.7708127519507645,1.5131536402140418,
2017-12-20,0.5317671983987239,,,0.725111441307578,,,Mid,,,0.7713426990539428,1.5112356922961556,
2017-12-21,0.5352115577515325,,,0.7388724035608308,,,Mid,,,0.7541801521849801,1.5080117680378349,
2017-12-22,0.5351477157063838,,,0.7377777777777778,,,Mid,,,0.7654991490052072,1.4495266908635829,
2017-12-26,0.5348102831822032,,,0.735207100591716,,,Mid,,,0.761056044996591,1.4472512019364139,
2017-12-27,0.5034039100716973,,,0.6587887740029542,,,Mid,,,0.7503352679549061,1.4471510281766793,
2017-12-28,0.45957225399137935,,,0.5353982300884956,,,Mid,,,0.6170918782732504,1.4437649662588854,
2018-01-02,0.4747803002862329,,,0.593519882179676,,,Mid,,,0.6671950316274481,1.4865059228382413,
2018-01-03,0.4780017503969858,,,0.5970588235294118,,,Mid,,,0.7105518158630943,1.5128555413573965,
2018-01-04,0.48568299211632276,,,0.6108663729809104,,,Mid,,,0.7317470399412466,1.51230165393314,
2018-01-05,0.4791844928055788,,,0.5997067448680352,,,Mid,,,0.6485956453820098,1.44473827753188,
2018-01-08,0.35419234462547616,0.31418466334210643,,0.34992679355783307,0.003003003003003003,,Mid,Low,,0.6176535159743142,1.4585341343625622,
2018-01-09,0.3567282247700992,0.31383735134465734,,0.35526315789473684,0.0029940119760479044,,Mid,Low,,0.6226523511099755,1.4500317086605272,
2018-01-10,0.37751538037650834,0.3313230308613318,,0.3722627737226277,0.01791044776119403,,Mid,Low,,0.6524032623793184,1.4719045322920963,
2018-01-11,0.3762144759450714,0.33276667524581544,,0.3688046647230321,0.020833333333333332,,Mid,Low,,0.6270048389310353,1.4202403317630912,
2018-01-12,0.3842765824964522,0.3242156966521674,,0.38719068413391555,0.011869436201780416,,Mid,Low,,0.6092940752488676,1.412048045942345,
2018-01-15,0.3834601428440918,0.32794086664083205,,0.3851744186046512,0.014792899408284023,,Mid,Low,,0.6327982986475109,1.420207877324036,
2018-01-16,0.38271515156793373,0.3267096255511031,,0.38316400580551524,0.014749262536873156,,Mid,Low,,0.6425617048903294,1.4231425664005068,
2018-01-17,0.3860715535391943,0.3302757947747294,,0.39420289855072466,0.023529411764705882,,Mid,Low,,0.6487391383694572,1.4209480704057234,
2018-01-18,0.38500963798136306,0.32935748710438345,,0.3907380607814761,0.02346041055718475,,Mid,Low,,0.6539598239678708,1.433231794938956,
2018-01-19,0.38612391475058366,0.32928757781508794,,0.3959537572254335,0.023391812865497075,,Mid,Low,,0.6529037187590463,1.4362631983917786,
2018-01-22,0.38425132812205637,0.3314340627486633,,0.38672438672438675,0.037900874635568516,,Mid,Low,,0.6519761182688673,1.4470833643132168,
2018-01-23,0.3850281252344508,0.33038003662453086,,0.3919308357348703,0.03197674418604651,,Mid,Low,,0.604386417225624,1.447179938864644,
2018-01-24,0.3804320521730822,0.32788108240407393,,0.37410071942446044,0.017391304347826087,,Mid,Low,,0.647654356906125,1.5063200799801482,
2018-01-25,0.40065734916712453,0.34476287243541964,,0.4324712643678161,0.049132947976878616,,Mid,Low,,0.6471747440095358,1.5065714390930347,
2018-01-26,0.4167874232209281,0.35536864662268064,,0.44763271162123386,0.07492795389048991,,Mid,Low,,0.6438162083550104,1.57156184787163,
2018-01-29,0.41409379153951925,0.3514272251526009,,0.43982808022922637,0.06321839080459771,,Mid,Low,,0.6421145646486445,1.5625774563521848,
2018-01-30,0.4117618338754044,0.3510942480059404,,0.43776824034334766,0.06303724928366762,,Mid,Low,,0.6425051526819252,1.5636106126480893,
2018-01-31,0.41702734188607,0.35980890867625703,,0.45,0.08285714285714285,,Mid,Low,,0.6259240428116495,1.5597404380169182,
2018-02-01,0.41727451168757707,0.3570124215722547,,0.4507845934379458,0.08262108262108261,,Mid,Low,,0.620671863910382,1.5645782657169598,
2018-02-02,0.4056465936997829,0.3455971705486658,,0.4301994301994302,0.05113636363636364,,Mid,Low,,0.6204313220834488,1.565256297269892,
2018-02-05,0.4203093971357035,0.36036155080370547,,0.45376955903271693,0.0906515580736544,,Mid,Low,,0.6151407445603274,1.4888576748203102,
2018-02-06,0.4169041634784258,0.3590228175441992,,0.44886363636363635,0.08757062146892655,,Mid,Low,,0.6875334849847958,1.5045154361227757,
2018-02-07,0.40826714098411676,0.3518989219781384,,0.4326241134751773,0.07042253521126761,,Mid,Low,,0.670864321468732,1.5415647780430999,
2018-02-08,0.4023404940376425,0.3504294706018804,,0.42776203966005666,0.06460674157303371,,Mid,Low,,0.6891278944350795,1.5351397039227865,
2018-02-09,0.3921930558874535,0.34801981962425604,,0.4101838755304102,0.056022408963585436,,Mid,Low,,0.67439982717246,1.5328688869223224,
2018-02-12,0.40159443057997063,0.3509345789323098,,0.4279661016949153,0.06983240223463687,,Mid,Low,,0.6938427819716199,1.4499834431123209,
2018-02-13,0.40300767569356893,0.3552057495769078,,0.4301833568406206,0.08913649025069638,,Mid,Low,,0.6839500917041239,1.410578884041402,
2018-02-14,0.4021129110104293,0.3633002758327115,,0.428169014084507,0.11944444444444445,,Mid,Low,,0.6650765073691041,1.40687972240951,
2018-02-19,0.4097251629589876,0.36956296326262966,,0.4388185654008439,0.13019390581717452,,Mid,Low,,0.6975793699269505,1.439184581946969,
2018-02-20,0.4087976346203463,0.3686352930824672,,0.43679775280898875,0.1270718232044199,,Mid,Low,,0.728045098785484,1.4661776243096012,
2018-02-21,0.4027653376330809,0.36033477415040643,,0.42917251051893407,0.1046831955922865,,Mid,Low,,0.7643162648563507,1.4702777103727651,
2018-02-22,0.40455944519347214,0.36166483693173906,,0.43137254901960786,0.11538461538461539,,Mid,Low,,0.7571601078059328,1.4593812229859215,
2018-02-23,0.40706766337464906,0.35758677198893524,,0.43496503496503497,0.09863013698630137,,Mid,Low,,0.7695249833827223,1.461380301248976,
2018-02-26,0.40866796861114957,0.35883656324023744,,0.43854748603351956,0.10109289617486339,,Mid,Low,,0.8109964541986762,1.4354642122051644,
2018-02-27,0.4114990404049794,0.36531627932470473,,0.44490934449093444,0.1335149863760218,,Mid,Low,,0.8100892588076377,1.431387105697033,
2018-02-28,0.4119293965665705,0.36561807099308674,,0.44707520891364905,0.1358695652173913,,Mid,Low,,0.8104462740776713,1.4315950877056314,
2018-03-02,0.40957540736117143,0.362375167183221,,0.44089012517385257,0.12466124661246612,,Mid,Low,,0.7785490442636733,1.4171174934509345,
2018-03-05,0.4119179353043041,0.3619395785315507,,0.44722222222222224,0.12432432432432433,,Mid,Low,,0.7669124959612571,1.439109188835483,
2018-03-06,0.4220719134861641,0.3772533545731687,,0.46879334257975036,0.15902964959568733,,Mid,Low,,0.7942372290040535,1.4091672922857155,
2018-03-07,0.42156031092217566,0.3776597082494648,,0.46814404432132967,0.16129032258064516,,Mid,Low,,0.9556499212615861,1.4224551834188863,
2018-03-08,0.4481680041969967,0.41360876371764116,,0.5103734439834025,0.1903485254691689,,Mid,Low,,0.9601546623850626,1.414115221401672,
2018-03-09,0.45498725064327883,0.4143952506038657,,0.5400552486187845,0.1925133689839572,,Mid,Low,,1.0103818073964792,1.4981664403157582,
2018-03-12,0.41077341688988334,0.3808084189246646,,0.4413793103448276,0.16533333333333333,,Mid,Low,,0.9904632599032711,1.4687805821451088,
2018-03-13,0.4120010488118539,0.38315889569651596,,0.4476584022038568,0.1702127659574468,,Mid,Low,,0.9894558088883458,1.511457377473926,
2018-03-14,0.42555376794636013,0.39521597869424935,,0.47042640990371387,0.1856763925729443,,Mid,Low,,0.9806187891961234,1.5083788070162552,
2018-03-15,0.4288332393736536,0.3953993270313667,,0.4739010989010989,0.18783068783068782,,Mid,Low,,1.0136596207537603,1.5372437770139267,
2018-03-16,0.4248012245581891,0.3950630585081902,,0.4691358024691358,0.18469656992084432,,Mid,Low,,1.0178832758158647,1.5355227877984199,
2018-03-19,0.4379445901318384,0.3998880838450895,,0.4917808219178082,0.19473684210526315,,Mid,Low,,1.0051433514184918,1.5157240935669847,
2018-03-20,0.4368160720605121,0.40287740596209504,,0.4897400820793434,0.1994750656167979,,Mid,Low,,1.004525139218434,1.528154663630583,
2018-03-21,0.42790159528756916,0.3991993064491049,,0.4713114754098361,0.19109947643979058,,Mid,Low,,1.012419948955864,1.526201911964019,
2018-03-22,0.4349094970577389,0.4107056637242939,,0.4843110504774898,0.206266318537859,,Mid,Mid,,1.0111339460570707,1.5233667697776003,
2018-03-23,0.43288400854334014,0.40751291754101615,,0.4768392370572207,0.203125,,Mid,Mid,,1.0027426116348817,1.5278186912872989,
2018-03-26,0.4318465592116996,0.40496293596989325,,0.47619047619047616,0.2025974025974026,,Mid,Mid,,0.954414741528215,1.5176514587554717,
2018-03-27,0.42591602732265404,0.4021724625574686,,0.4673913043478261,0.19948186528497408,,Mid,Low,,0.9489090514287069,1.4982588321959507,
2018-03-28,0.4029461056316453,0.43700414481692046,,0.41655359565807326,0.23255813953488372,,Mid,Mid,,0.9038642572182405,1.4909249837297525,
2018-03-29,0.4280409699764471,0.4500795344486974,,0.47289972899729,0.23711340206185566,,Mid,Mid,,0.9167567699567822,1.4836565847388317,
2018-03-30,0.3949797887080424,0.43158277838692705,,0.40054127198917455,0.2262210796915167,,Mid,Mid,,0.8938452667074044,1.4715038306396533,
2018-04-02,0.390414078589864,0.42711756820825436,,0.3864864864864865,0.2230769230769231,,Mid,Mid,,0.9035919601927579,1.4898185533837096,
2018-04-03,0.3951688350864431,0.45237119149671984,,0.40215924426450744,0.24296675191815856,,Mid,Mid,,0.9045715824813874,1.487855190475056,
2018-04-04,0.39615433897291646,0.45217466813737395,,0.4056603773584906,0.2423469387755102,,Mid,Mid,,0.9016125004547347,1.4841907567843378,
2018-04-05,0.42558833485785663,0.4692479286583869,,0.4697173620457604,0.24936386768447838,,Mid,Mid,,0.9309466088245412,1.4711063505577655,
2018-04-06,0.4246367042425734,0.46688773271021905,,0.46639784946236557,0.24873096446700507,,Mid,Mid,,0.9832728194280717,1.4923753828461577,
2018-04-09,0.3877178080532225,0.4322201754984576,,0.37986577181208053,0.22784810126582278,,Mid,Mid,,0.9904223041327666,1.4865659758938332,
2018-04-10,0.3859523064206028,0.4303541449895159,,0.3699731903485255,0.22474747474747475,,Mid,Mid,,0.9848486273037832,1.5060047920901494,
2018-04-11,0.3744329158217341,0.43735587931897846,,0.33467202141900937,0.23929471032745592,,Mid,Mid,,0.9828104321761721,1.4898740664028023,
2018-04-12,0.3703948275564514,0.4336810987314336,,0.3315508021390374,0.23366834170854273,,Mid,Mid,,0.9810508479945375,1.4935978795049576,
2018-04-13,0.3646907960931702,0.4342105017664757,,0.32843791722296395,0.23558897243107768,,Mid,Mid,,0.9791340744115752,1.5003015438276652,
2018-04-16,0.3597420440782921,0.4349777463348882,,0.32666666666666666,0.2375,,Mid,Mid,,0.9773164286510235,1.493128010622186,
2018-04-17,0.3660454494054579,0.44116464843359465,,0.33288948069241014,0.24937655860349128,,Mid,Mid,,0.9755826363850532,1.4916897596208074,
2018-04-18,0.3629419348433765,0.4416819321309389,,0.3271276595744681,0.2512437810945274,,Mid,Mid,,0.9789485628658708,1.4949311088966268,
2018-04-19,0.36640103719715267,0.4370698757983688,,0.3346613545816733,0.24317617866004962,,Mid,Mid,,0.9705482883022205,1.4827067400821918,
2018-04-20,0.3644396958726355,0.4422482893891891,,0.32891246684350134,0.25495049504950495,,Mid,Mid,,0.9681181694760592,1.4852068280453026,
2018-04-23,0.3704439995709586,0.4436608949273728,,0.33774834437086093,0.25679012345679014,,Mid,Mid,,0.963591317495406,1.4862208053639727,
2018-04-24,0.3614914455823117,0.440753351772916,,0.3253968253968254,0.24876847290640394,,Mid,Mid,,0.9642820712665622,1.4856146346534862,
2018-04-25,0.3722815032288766,0.4517231474402839,,0.3394980184940555,0.2628992628992629,,Mid,Mid,,0.9715847929180927,1.5058234690982308,
2018-04-26,0.36389204285587756,0.4514934486409015,,0.32849604221635886,0.2622549019607843,,Mid,Mid,,0.9907235447829357,1.515706441955889,
2018-04-27,0.3582489448540896,0.4613654948917962,,0.3214756258234519,0.27383863080684595,,Mid,Mid,,1.031988859444631,1.5289120606856343,
2018-04-30,0.36353064319122913,0.46814034327023485,,0.32894736842105265,0.2780487804878049,,Mid,Mid,,1.0265717864917636,1.5100105582948675,
2018-05-02,0.3733200517739775,0.4782983864434778,,0.3442838370565046,0.2871046228710462,,Mid,Mid,,1.0263944980295623,1.4884263293212017,
2018-05-03,0.3619979876347679,0.4759301621884433,,0.32545931758530183,0.2815533980582524,,Mid,Mid,,1.0233162075072275,1.4761908854795027,
2018-05-04,0.36686658735489996,0.48452584914778535,,0.3394495412844037,0.29782082324455206,,Mid,Mid,,1.0208111468088414,1.4795883656170157,
2018-05-08,0.37231006225879004,0.49595065390060333,,0.34424083769633507,0.3140096618357488,,Mid,Mid,,0.9756100867624874,1.4479614408096486,
2018-05-09,0.3785683117131566,0.4962691301042555,,0.3607843137254902,0.3180722891566265,,Mid,Mid,,0.9656606025952326,1.4230092298404886,
2018-05-10,0.3701544550633716,0.49283603186851366,,0.3394255874673629,0.31009615384615385,,Mid,Mid,,0.9692468385561679,1.4148894001699042,
2018-05-11,0.37155012487565503,0.4997592116582609,,0.3428943937418514,0.33093525179856115,,Mid,Mid,,0.9695475343624691,1.429208342726518,
2018-05-14,0.33821506309055677,0.4866147819893614,,0.2903645833333333,0.2966507177033493,,Mid,Mid,,0.9756405946963057,1.424548300939516,
2018-05-15,0.3281983415836705,0.4791381369175031,,0.26918075422626786,0.28878281622911695,,Mid,Mid,,0.9752606712859139,1.4263262049777585,
2018-05-16,0.3407247384735685,0.46789249748545547,,0.2935064935064935,0.2714285714285714,,Mid,Mid,,0.9913082079194121,1.4391275182329415,
2018-05-17,0.32035697852350903,0.4540913717223825,,0.25810635538262,0.26365795724465557,,Mid,Mid,,0.9911057030108585,1.4799423900193671,
2018-05-18,0.3230777260265245,0.45965591331857264,,0.25906735751295334,0.2677725118483412,,Mid,Mid,,1.1159587507603541,1.516919624903545,
2018-05-21,0.3279199674781793,0.4746193168365502,,0.2703751617076326,0.28132387706855794,,Mid,Mid,,1.1631374899011075,1.5351238361278663,
2018-05-23,0.3364709473062843,0.47952516669682693,,0.29198966408268734,0.2971698113207547,,Mid,Mid,,1.151603229132578,1.531966612044188,
2018-05-24,0.3413354137166395,0.4901803406481052,,0.29806451612903223,0.30823529411764705,,Mid,Mid,,1.1485393674183844,1.5302882088075318,
2018-05-25,0.3336526884179727,0.47819986567150985,,0.2847938144329897,0.2887323943661972,,Mid,Mid,,1.1496338797132946,1.5225403953947023,
2018-05-28,0.351487075313987,0.5008822945812063,,0.3153153153153153,0.34894613583138173,,Mid,Mid,,1.1565193243060428,1.5250039797438713,
2018-05-29,0.35410147135384035,0.5003521989693617,,0.32005141388174807,0.34579439252336447,,Mid,Mid,,1.1172697605205761,1.4913146299605453,
2018-05-30,0.35073676940011705,0.5048078021712255,,0.31322207958921694,0.3613053613053613,,Mid,Mid,,1.109381072492632,1.4836181773983874,
2018-05-31,0.3533743198106789,0.5154401530426138,,0.3192307692307692,0.3813953488372093,,Mid,Mid,,1.1092714394119227,1.4626602558149961,
2018-06-01,0.3365831849505929,0.49925131252614025,,0.2919334186939821,0.33874709976798145,,Mid,Mid,,1.1054246639663448,1.4662693710791823,
2018-06-04,0.34359923020705047,0.502127443558915,,0.30434782608695654,0.3587962962962963,,Mid,Mid,,1.1074286221856458,1.459084912951424,
2018-06-05,0.3529912358910729,0.49492697167710165,,0.31928480204342274,0.3233256351039261,,Mid,Mid,,1.0926163539356375,1.4191183426479226,
2018-06-07,0.3515670104105475,0.4852933545352193,,0.31760204081632654,0.30184331797235026,,Mid,Mid,,1.0974840631148142,1.4266741449880926,
2018-06-08,0.3658357276464534,0.4932250442897124,,0.34777070063694265,0.3218390804597701,,Mid,Mid,,1.109906114414028,1.425055744995803,
2018-06-11,0.357771156977912,0.494468835983707,,0.3320610687022901,0.32339449541284404,,Mid,Mid,,1.1209854052589212,1.4294523327140927,
2018-06-12,0.33484018165431206,0.4754866396427249,,0.28716645489199494,0.2745995423340961,,Mid,Mid,,1.132127451670825,1.4257510443204078,
2018-06-14,0.3314747045388293,0.4747635250405527,,0.2753807106598985,0.273972602739726,,Mid,Mid,,1.1371030987406716,1.427615024994156,
2018-06-15,0.3353555185282872,0.4782405018915548,,0.2902408111533587,0.2870159453302961,,Mid,Mid,,1.1956268620395016,1.457224844888656,
2018-06-18,0.3416910160462536,0.48627449283655627,,0.3012658227848101,0.3068181818181818,,Mid,Mid,,1.1975668665902552,1.458576773956067,
2018-06-19,0.3400426215090689,0.47641192314495767,,0.2970922882427307,0.2789115646258503,,Mid,Mid,,1.215950418152587,1.4636332499341387,
2018-06-20,0.34665792124398953,0.4798666558208678,,0.3106060606060606,0.2986425339366516,,Mid,Mid,,1.241543428352436,1.4700973861141444,
2018-06-21,0.345654430395873,0.48070299122437005,,0.308953341740227,0.3002257336343115,,Mid,Mid,,1.253640648633016,1.48186644804178,
2018-06-22,0.3632079857106567,0.5107909445311443,,0.34634760705289674,0.39414414414414417,,Mid,Mid,,1.2626516387466904,1.5036206161289272,
2018-06-25,0.38367165093090644,0.5283641500604249,,0.39748427672955977,0.4134831460674157,,Mid,Mid,,1.2617872689746117,1.492441639963285,
2018-06-26,0.38963459866038724,0.5296317506442315,,0.4221105527638191,0.4147982062780269,,Mid,Mid,,1.2628195907886814,1.4946541010701422,
2018-06-27,0.4023787936125849,0.5410795790920168,,0.45420326223337515,0.4272930648769575,,Mid,Mid,,1.2708607062467503,1.5002422618681164,
2018-06-28,0.4042727268723383,0.557773644723997,,0.45864661654135336,0.4888392857142857,,Mid,Mid,,1.2897102929676874,1.5054610150171384,
2018-06-29,0.4054531072367881,0.5439836729561688,,0.46057571964956195,0.43207126948775054,,Mid,Mid,,1.262413389581873,1.4785394854797116,
2018-07-02,0.3912305953251977,0.5258581667100132,,0.4275,0.4088888888888889,,Mid,Mid,,1.2592164038116285,1.4686441016093883,
2018-07-03,0.39567547968444194,0.5309293305198785,,0.4419475655430712,0.4146341463414634,,Mid,Mid,,1.255238272995697,1.4321247087731006,
2018-07-04,0.3973712751475638,0.5399429100274834,,0.44389027431421446,0.4269911504424779,,Mid,Mid,,1.2588658250845028,1.4463504866056396,
2018-07-05,0.37493518248053864,0.5001911628881609,,0.3698630136986301,0.35320088300220753,,Mid,Mid,,1.2585468195344527,1.4357011110493143,
2018-07-06,0.3802450928162098,0.5044377445400149,,0.3843283582089552,0.3722466960352423,,Mid,Mid,,1.2551945537772184,1.4411966302802994,
2018-07-09,0.4044343534527511,0.5419344250322288,,0.462111801242236,0.432967032967033,,Mid,Mid,,1.2664994766166944,1.4460461301963614,
2018-07-10,0.41691269766224504,0.5705192259564109,,0.4975186104218362,0.5679824561403509,,Mid,Mid,,1.2525918788921437,1.4347531158699887,
2018-07-11,0.42718255047181786,0.5790370118999538,,0.5130111524163569,0.612691466083151,,Mid,Mid,,1.2437338732860943,1.4216602471536373,
2018-07-12,0.42745268077013154,0.5861984529030618,,0.5148514851485149,0.6441048034934498,,Mid,Mid,,1.2487165757931111,1.4292218456768055,
2018-07-13,0.42924741452331855,0.5861449519572148,,0.5203955500618047,0.6427015250544662,,Mid,Mid,,1.2442312861609894,1.4220176593030098,
2018-07-16,0.42022465445216217,0.5734268167668753,,0.5,0.5847826086956521,,Mid,Mid,,1.2307384679206161,1.4116780190431923,
2018-07-17,0.41722703975767433,0.568540632562396,,0.4969173859432799,0.5357917570498916,,Mid,Mid,,1.227181668472349,1.4094851920114757,
2018-07-18,0.4220721018517959,0.5738344128579241,,0.5061576354679803,0.5887445887445888,,Mid,Mid,,1.2273503087277358,1.4108362599890247,
2018-07-19,0.41915985782801757,0.5773825057444631,,0.4993849938499385,0.6069114470842333,,Mid,Mid,,1.2330728536677698,1.417621023005679,
2018-07-20,0.41308669978009754,0.5599638489082441,,0.48157248157248156,0.5,,Mid,Mid,,1.2323604997557722,1.422351215325322,
2018-07-23,0.43758788211129024,0.5832093191327213,,0.5435582822085889,0.6365591397849463,,Mid,Mid,,1.2507288107971488,1.443569873260897,
2018-07-24,0.4256138113083354,0.5987097234306192,,0.5122549019607843,0.6866952789699571,,Mid,Mid,,1.2273371955208847,1.42720585108844,
2018-07-25,0.41059727244722505,0.5899408160774905,,0.4724602203182375,0.6766595289079229,,Mid,Mid,,1.2191125148783506,1.4110542774039545,
2018-07-26,0.41788980045997065,0.610772435567576,,0.49755501222493886,0.7008547008547008,,Mid,Mid,,1.2151471068044644,1.4105243469660962,
2018-07-27,0.4326791995713271,0.6141524855076456,,0.5286935286935287,0.7014925373134329,,Mid,Mid,,1.2394835144324403,1.417191304280907,
2018-07-30,0.42915232668215625,0.6216505501230473,,0.5231707317073171,0.7042553191489361,,Mid,Mid,,1.2420940250841552,1.422528717911281,
2018-07-31,0.4264011843170505,0.6180562241218718,,0.5140073081607796,0.70276008492569,,Mid,Mid,,1.2406657883465635,1.4197173205534237,
2018-08-01,0.42824634549550994,0.6204646914648568,,0.5218978102189781,0.7033898305084746,,Mid,Mid,,1.2326589407400734,1.4155647084149052,
2018-08-02,0.3931899891221861,0.5870314652094976,,0.42284325637910086,0.6469344608879493,,Mid,Mid,,1.2272977308346422,1.4063027222760003,
2018-08-03,0.4018868933301774,0.590999203311895,,0.4441747572815534,0.6708860759493671,,Mid,Mid,,1.2511084269340647,1.3923414980141982,
2018-08-06,0.39510782306367925,0.5865485800572379,,0.4290909090909091,0.64,,Mid,Mid,,1.2840326927435592,1.4019082295172778,
2018-08-07,0.4098426113441022,0.5900103678309104,,0.47094430992736075,0.6701680672268907,,Mid,Mid,,1.2878233383070647,1.4049653056580567,
2018-08-08,0.4195796546609263,0.595545665286568,,0.5006045949214026,0.6792452830188679,,Mid,Mid,,1.2864153188423133,1.401039872590269,
2018-08-09,0.41727213702066757,0.6021999840604435,,0.49516908212560384,0.6861924686192469,,Mid,Mid,,1.3073522724174886,1.3729876073760061,
2018-08-10,0.4298027800331425,0.6042256581963915,,0.5295536791314838,0.6931106471816284,,Mid,Mid,,1.3084222248696977,1.3738891608067625,
2018-08-13,0.42280886429926423,0.6032738682424931,,0.5084337349397591,0.6895833333333333,,Mid,Mid,,1.285282545674348,1.346670479571916,
2018-08-14,0.38488935735377944,0.5795624721812139,,0.38868832731648617,0.5945945945945946,,Mid,Mid,,1.2962896174809435,1.3556685395792594,
2018-08-16,0.3675328501649866,0.5536028596648054,,0.3449519230769231,0.44398340248962653,,Mid,Mid,,1.3248816728777633,1.3852992842870442,
2018-08-17,0.37121119494015,0.5521481969416655,,0.34933973589435774,0.4389233954451346,,Mid,Mid,,1.3446392296755445,1.3868311773459019,
2018-08-20,0.40619756121285916,0.6263899439577642,,0.4580335731414868,0.7252066115702479,,Mid,Mid,,1.3441134532942949,1.3871023060424705,
2018-08-21,0.406393665428439,0.6312710215538632,,0.45868263473053894,0.7402061855670103,,Mid,Mid,,1.3470336045274924,1.3866838760202571,
2018-08-22,0.43954449308193766,0.6546010523448618,,0.55622009569378,0.8189300411522634,,Mid,High,,1.3352423759926682,1.3965736102355266,1.270603904602082
2018-08-23,0.4175267069651292,0.6382449836562983,,0.4982078853046595,0.7618069815195072,,Mid,Mid,,1.3461160855397718,1.3939026993774812,1.2740576020507535
2018-08-24,0.4224901988518926,0.6404175953168854,,0.5107398568019093,0.7725409836065574,,Mid,Mid,,1.3334822525290746,1.4097800734066261,1.269594564320475
2018-08-27,0.42770501394696686,0.6327028638897393,,0.5244338498212158,0.7361963190184049,,Mid,Mid,,1.3335004943311153,1.4094836884420856,1.2623309956040731
2018-08-28,0.43014952823651664,0.6374223153204804,,0.5345238095238095,0.7551020408163265,,Mid,Mid,,1.3527216251570582,1.4239455555576337,1.25209573460489
2018-08-29,0.4217859048875617,0.6365431385914294,,0.5065398335315101,0.7494908350305499,,Mid,Mid,,1.36031255819812,1.4267402023850129,1.2564890377319997
2018-08-30,0.4072374919435267,0.637340532340026,,0.45961995249406173,0.7540650406504065,,Mid,Mid,,1.3590835707753754,1.425643519904694,1.2540642128855695
2018-08-31,0.4106037380260068,0.6418409998463539,,0.4709371293001186,0.7829614604462475,,Mid,Mid,,1.3550279923073993,1.4254653822737238,1.2543072874440875
2018-09-03,0.4110995572521874,0.6557379559112765,,0.4727488151658768,0.8279352226720648,,Mid,High,,1.3455278280131722,1.4151107042896278,1.2514000515356705
2018-09-04,0.42062455003507226,0.6552836910918168,,0.5053254437869823,0.8222222222222222,,Mid,High,,1.3330560412129793,1.399006489198772,1.2343328369675086
2018-09-05,0.43459906174446444,0.658414194954942,,0.5472813238770685,0.8407258064516129,,Mid,High,,1.3317562915764467,1.4019748950060313,1.2310717557437545
2018-09-06,0.4402318939706347,0.6623273794599293,,0.5619834710743802,0.8551307847082495,,Mid,High,,1.3091918344567304,1.3677381715029748,1.2206034712939566
2018-09-07,0.4536167465547125,0.6658263790650829,,0.5966981132075472,0.8694779116465864,,Mid,High,,1.3058004929485565,1.3719470765397255,1.2182078699053527
2018-09-10,0.45109627898059096,0.6652132853776362,,0.5889281507656066,0.8677354709418837,,Mid,High,,1.3025700999997387,1.3702102413066883,1.2169436557552644
2018-09-11,0.42531720108747956,0.6505713203205165,,0.5141176470588236,0.796,,Mid,Mid,,1.304759386378567,1.3762282955521348,1.213980674212485
2018-09-12,0.4201909365751522,0.6406798627036739,,0.4994124559341951,0.7624750499001997,,Mid,Mid,,1.3067816048745204,1.3718916687690736,1.2086124423024833
2018-09-13,0.42659075656323253,0.6423378196853341,,0.5211267605633803,0.7729083665338645,,Mid,Mid,,1.3015079483170267,1.3709523358360753,1.2085322074028801
2018-09-14,0.43248584017474584,0.6431915564885767,,0.5404454865181711,0.7753479125248509,,Mid,Mid,,1.3066455340514245,1.3861300180491452,1.2115001627676143
2018-09-17,0.4344269813485873,0.6356392958675116,,0.544496487119438,0.7301587301587301,,Mid,Mid,,1.2931273823929748,1.3751011075223873,1.173760801517617
2018-09-18,0.41322904978216085,0.6292391123656368,,0.47485380116959064,0.7089108910891089,,Mid,Mid,,1.2789880058087653,1.3624426099582565,1.1528457559268592
2018-09-19,0.42522589009237205,0.6364856665681887,,0.5128504672897196,0.7312252964426877,,Mid,Mid,,1.282343149786165,1.3765096922466566,1.157605504247813
2018-09-20,0.4056886846696523,0.6193314171997394,,0.4457409568261377,0.6765285996055227,,Mid,Mid,,1.2827648059067394,1.3772782257239302,1.1575867252835834
2018-09-21,0.38225272782494507,0.6103271702251529,,0.36946386946386944,0.6673228346456693,,Mid,Mid,,1.3088114776881319,1.391664376382264,1.1569010606495158
2018-09-27,0.37814619949592254,0.6250121613962673,,0.3585564610011641,0.6856581532416502,,Mid,Mid,,1.2959171133917373,1.3856164707718435,1.1475562306056761
2018-09-28,0.3832992779523394,0.6293872191430008,,0.3732558139534884,0.7098039215686275,,Mid,Mid,,1.315850318273632,1.3895464251303853,1.165555913102269
2018-10-01,0.3754517924034773,0.6314045826010675,,0.3507549361207898,0.7142857142857143,,Mid,Mid,,1.3189566071642482,1.3866936130036411,1.1675189000437687
2018-10-02,0.3935506719360066,0.6525909981637515,,0.41299303944315546,0.8046875,,Mid,High,,1.3102088373500815,1.3712964130057737,1.1658251517692977
2018-10-04,0.3992649848746799,0.6600593960243987,,0.4298957126303592,0.8538011695906432,,Mid,High,,1.3028096071891966,1.3540011770952718,1.107695283726868
2018-10-05,0.4147646361545634,0.6623074086593165,,0.48148148148148145,0.8540856031128404,,Mid,High,,1.290933572861906,1.320082012716078,1.0719576700562405
2018-10-08,0.4688866247420462,0.689923076687286,,0.6624277456647398,0.9864077669902913,,Mid,High,,1.2898746158825258,1.3249003503638108,1.0767516048265557
2018-10-10,0.4271420774224434,0.6909898481128334,,0.5254041570438799,0.9864341085271318,,Mid,High,,1.3040790733674077,1.3500492365252295,1.100911290966142
2018-10-11,0.4184917101389985,0.6859767597741812,,0.4982698961937716,0.9729206963249516,,Mid,High,,1.2821181086786961,1.3228961718918317,1.0763060162264693
2018-10-12,0.4211361590886535,0.6817015246953585,,0.5069124423963134,0.9536679536679536,,Mid,High,,1.2868408866311345,1.2692294140906366,1.1432456087962428
2018-10-15,0.42544527662778914,0.684209410924781,,0.5189873417721519,0.9633911368015414,,Mid,High,,1.2832178056487593,1.276039301953045,1.1398085850235422
2018-10-16,0.42482014237343374,0.6807401872779167,,0.5160919540229885,0.948076923076923,,Mid,High,,1.2667480382736112,1.268690830402166,1.12754842070056
2018-10-17,0.4214034959750003,0.6719278407081899,,0.5063145809414467,0.9097888675623801,,Mid,High,,1.2667340017447095,1.26992430545856,1.12667106007994
2018-10-18,0.4222785694739102,0.6654669613609095,,0.5114678899082569,0.8601532567049809,,Mid,High,,1.2582432157411756,1.2476949984725285,1.081020684630894
2018-10-19,0.42761679917358575,0.6704576178062519,,0.5326460481099656,0.8948374760994264,,Mid,High,,1.290576555701093,1.2941034754629335,1.0870280274032007
2018-10-22,0.43211172967286493,0.6813832106445962,,0.5480549199084668,0.9484732824427481,,Mid,High,,1.2923349022095003,1.2650758012455567,1.0811606729822647
2018-10-23,0.40889124677367533,0.6715428020372026,,0.45485714285714285,0.9047619047619048,,Mid,High,,1.2913286337263736,1.2612511201595178,1.0832154405575056
2018-10-24,0.40565505331735774,0.6609602372356437,,0.4429223744292237,0.8346007604562737,,Mid,High,,1.3130630923721651,1.2498032618010562,1.095589940752983
2018-10-25,0.41869864509431104,0.6544014975647645,,0.4960091220068415,0.793168880455408,,Mid,Mid,,1.3135163962872072,1.2538332329769666,1.096521598445968
2018-10-26,0.42537898852126793,0.6442231381729961,,0.520501138952164,0.759469696969697,,Mid,Mid,,1.3032156047184842,1.2260015843737855,1.09628350748678
2018-10-29,0.42321536130942405,0.6434974527998446,,0.5142207053469852,0.7561436672967864,,Mid,Mid,,1.2985800394481826,1.2340814629674615,1.138154045468331
2018-10-30,0.4208167000735908,0.6307195404868203,,0.5034090909090909,0.6849056603773584,,Mid,Mid,,1.286492973972532,1.2240047853085458,1.134817354881983
2018-10-31,0.4192750889108547,0.6294414791439663,,0.4960272417707151,0.6836158192090396,,Mid,Mid,,1.3181067228894918,1.2366921396537687,1.1388268045499574
2018-11-01,0.4148026102018704,0.6378982507985725,,0.47505668934240364,0.7236842105263158,,Mid,Mid,,1.3181830660991387,1.2450084864434696,1.1566897400481644
2018-11-02,0.41929514478047847,0.650911480863315,0.6461847334354417,0.4971687429218573,0.7786116322701688,,Mid,Mid,,1.3250741367665249,1.2528127395200397,1.1594801141279658
2018-11-05,0.4146196461050724,0.6520799983571849,0.6411844126620837,0.47285067873303166,0.7790262172284644,,Mid,Mid,,1.3082577697420155,1.256242764152832,1.1669132852861686
2018-11-06,0.4370134959699423,0.6696149638023167,0.6573817688456968,0.5717514124293785,0.8822429906542056,,Mid,High,,1.300340880693384,1.2519122910240954,1.1728463783928584
2018-11-07,0.4418848684444494,0.6712446897366547,0.6594020418915973,0.582392776523702,0.9011194029850746,,Mid,High,,1.3093272160844571,1.2455987115237646,1.1957004762080636
2018-11-08,0.45732989867934615,0.670295038306629,0.6581596074531945,0.6302142051860203,0.888268156424581,,Mid,High,,1.313562022366899,1.2471045842402098,1.2216107128751812
2018-11-09,0.4583677633664771,0.6674737683432116,0.656135208399527,0.634009009009009,0.8568773234200744,,Mid,High,,1.3041133045484432,1.2687393409832348,1.2651356201643087
2018-11-12,0.47259216615795685,0.6780843617393243,0.6667310539561612,0.6827896512935883,0.9369202226345084,,Mid,High,,1.3212080371782196,1.2983228527979875,1.283118295329665
2018-11-13,0.46882549020137043,0.6757598378170157,0.6662338601003363,0.6696629213483146,0.9277777777777778,,Mid,High,,1.3195935510013634,1.2951900078517478,1.2749592172841249
2018-11-14,0.4744966895576834,0.6632049608945495,0.6385419761944661,0.6857463524130191,0.8410351201478743,,Mid,High,,1.3146955392578947,1.284344922245663,1.2883907047262273
2018-11-15,0.4724060113891419,0.6732207605831136,0.6356722281044898,0.6816143497757847,0.9114391143911439,,Mid,High,,1.3157230983581132,1.2886607195798812,1.295252455737425
2018-11-16,0.46975947579339267,0.679567934812482,0.6426761451429144,0.6730123180291153,0.9429097605893186,,Mid,High,,1.3208160888761753,1.2895742409731992,1.3137710020582727
2018-11-19,0.44364462054351717,0.6298598162179413,0.6281026041655079,0.5805369127516778,0.6691176470588235,,Mid,Mid,,1.3295798119939972,1.2983376453609974,1.3027984322304653
2018-11-20,0.44388842003062895,0.6298485352652708,0.6293156052194172,0.582122905027933,0.6678899082568808,,Mid,Mid,,1.3281054220197026,1.298639795588527,1.289429099550719
2018-11-21,0.43758207518363923,0.6307410987257418,0.6305935646198648,0.5669642857142857,0.6721611721611722,,Mid,Mid,,1.3111061487116318,1.2826865952638133,1.278022559735388
2018-11-22,0.44244072895248987,0.6322859229644499,0.6316592175147491,0.5774804905239688,0.6782449725776966,,Mid,Mid,,1.301128103010725,1.2783706344648829,1.2726421117792959
2018-11-23,0.43992232688646515,0.6267508471403267,0.6259063772536125,0.5701559020044543,0.6496350364963503,,Mid,Mid,,1.3025339500326134,1.280134712587885,1.274617073454521
2018-11-26,0.44386989799672943,0.6402876695531774,0.6417608087445161,0.5828698553948832,0.7231329690346083,,Mid,Mid,,1.30155325599393,1.2749668133585712,1.2681712062606016
2018-11-27,0.44583337727667854,0.6392045899980525,0.6417532595768078,0.5877777777777777,0.7145454545454546,,Mid,Mid,,1.2859862990308986,1.245614085552324,1.2558129555712945
2018-11-28,0.44142254675908793,0.6343990405562859,0.6370929567817413,0.5715871254162043,0.6878402903811253,,Mid,Mid,,1.2789847970144699,1.240735798923234,1.2492434792892257
2018-11-29,0.45212995877836243,0.633587050643317,0.6366678546405381,0.6097560975609756,0.6829710144927537,,Mid,Mid,,1.2822859081200535,1.2397634414829721,1.2450235208667169
2018-11-30,0.4436136417478322,0.6312135593114476,0.6336351212201272,0.5791805094130675,0.6690777576853526,,Mid,Mid,,1.28169976287238,1.242100409854085,1.2420005438906199
2018-12-03,0.43917328903558156,0.6243391174642232,0.6252268345291575,0.5652654867256637,0.628158844765343,,Mid,Mid,,1.2862696112354985,1.2312323023135527,1.2448634020607445
2018-12-04,0.43120984793539757,0.625229972786224,0.6264760164805568,0.538121546961326,0.6324324324324324,,Mid,Mid,,1.2829241765463384,1.2417638778375215,1.2436746444829596
2018-12-05,0.4245490073629634,0.625973015225016,0.625940211495786,0.5055187637969095,0.6384892086330936,,Mid,Mid,,1.2703649241896537,1.2400516453304269,1.2402619924706546
2018-12-06,0.41783989892064205,0.6293200763209156,0.6276145601493207,0.4785005512679162,0.6570915619389587,,Mid,Mid,,1.2743984951706284,1.213257458276725,1.2418954576086318
2018-12-07,0.41451653934360144,0.6255113815157584,0.6239271722356681,0.460352422907489,0.6308243727598566,,Mid,Mid,,1.2805971322394214,1.218784070640572,1.2736885035914993
2018-12-10,0.41894331531676093,0.626766818640282,0.6254741590197055,0.48404840484048406,0.6457960644007156,,Mid,Mid,,1.280141768214077,1.2160262504715638,1.2758063686685002
2018-12-11,0.4248900846308057,0.634950560748562,0.6336074620143073,0.510989010989011,0.6964285714285714,,Mid,Mid,,1.2883312214388611,1.2192586171214843,1.308041054691346
2018-12-12,0.43190539461391886,0.6323584909825518,0.6285922638062129,0.5433589462129528,0.6773618538324421,,Mid,Mid,,1.2882103695068847,1.2187568270416635,1.3079756502109843
2018-12-13,0.4278074418449727,0.6028469002207028,0.5982878495585959,0.5285087719298246,0.5907473309608541,,Mid,Mid,,1.3172157282531782,1.2237284553539527,1.3594922763512833
2018-12-14,0.43491322140161975,0.5970244879756845,0.5908254749565793,0.5575027382256298,0.5825932504440497,,Mid,Mid,,1.3149338214743602,1.2433541280286904,1.3578404810522071
2018-12-17,0.4382054694804906,0.5960088760756191,0.5891726208300789,0.5689277899343544,0.5815602836879432,,Mid,Mid,,1.2883697871824882,1.0494385283511336,1.333395993476023
2018-12-18,0.44115723123377465,0.6008005364551768,0.5939179078905696,0.5737704918032787,0.5893805309734513,,Mid,Mid,,1.2774022434397627,1.0410266439366822,1.3332682392091435
2018-12-19,0.44828996427276424,0.6195083750614786,0.6159695008866056,0.601528384279476,0.6166077738515902,,Mid,Mid,,1.2829660509979783,1.0533115687152121,1.3366649035317846
2018-12-20,0.44747368420102923,0.6220632520678755,0.6193641982838394,0.5976008724100327,0.6208112874779541,,Mid,Mid,,1.2624657183917178,1.041785017037313,1.3008414823511287
2018-12-21,0.4472094794399131,0.6171230190392176,0.6137007553840915,0.5969498910675382,0.6091549295774648,,Mid,Mid,,1.2752455140994206,1.042354012833685,1.3034979265416289
2018-12-24,0.4529092970490482,0.6144667971334274,0.612568706185237,0.6180631120783461,0.6080843585237259,,Mid,Mid,,1.2647366468079217,1.044445049524418,1.310658586251807
2018-12-26,0.4674318551991312,0.6179219038989313,0.6141801701118618,0.6684782608695652,0.612280701754386,,Mid,Mid,,1.2631277959104528,1.0374572093996925,1.3107164698115186
2018-12-27,0.4727083265462692,0.6359183707453141,0.6309190738774098,0.6927252985884907,0.7040280210157618,,Mid,Mid,,1.2627680708419662,1.0599928740929605,1.3422136905601
2018-12-28,0.4636349637107855,0.6223686211125828,0.6149554955413513,0.6540130151843818,0.6223776223776224,,Mid,Mid,,1.2647842472722393,1.062759635445616,1.345559526936715
2019-01-02,0.46664761517982845,0.6196334654194567,0.6098342734705535,0.6652221018418202,0.6160558464223386,,Mid,Mid,,1.2586029876984033,1.058206290848116,1.3340879094909746
2019-01-03,0.4466599637747639,0.6224614308986282,0.6133938458300884,0.591991341991342,0.6236933797909407,,Mid,Mid,,1.265254881959083,1.0658551770341147,1.3370629986935303
2019-01-04,0.408577341522417,0.5820002313950304,0.5722637261982748,0.4291891891891892,0.5095652173913043,,Mid,Mid,,1.2465190074829078,1.0629121041717606,1.3262021093836442
2019-01-07,0.43060306751063165,0.5821246382471733,0.5726595824245836,0.5334773218142549,0.5121527777777778,,Mid,Mid,,1.267455681043374,1.0745736612189198,1.3141430444090478
2019-01-08,0.45208499914805317,0.594227683912082,0.5893438532475479,0.6138079827400216,0.5701906412478336,,Mid,Mid,,1.2617264030010416,1.0605279987815661,1.2878471033082506
2019-01-09,0.45202414638905136,0.5964447928266253,0.5950802472424351,0.6131465517241379,0.5743944636678201,,Mid,Mid,,1.333929145401432,1.0739789264565907,1.3137199255981564
2019-01-10,0.43235873360259264,0.5881350462730709,0.5852460092248094,0.5382131324004306,0.5509499136442142,,Mid,Mid,,1.3057993092405895,1.023963557838858,1.3048873389474147
2019-01-11,0.43643911141793224,0.591364232250278,0.5888499714175962,0.5548387096774193,0.5637931034482758,,Mid,Mid,,1.289470416903003,1.013948586750495,1.2797687175263126
2019-01-14,0.44277218658147044,0.5994083821388309,0.5942598802554027,0.5767991407089151,0.5817555938037866,,Mid,Mid,,1.270549292571577,1.0118747348865804,1.251300914255766
2019-01-15,0.41107218905743914,0.601537540367576,0.5974711261126276,0.4388412017167382,0.5859106529209622,,Mid,Mid,,1.2932375741306708,1.0317573462388043,1.2342988461935536
2019-01-16,0.40355813117853995,0.6045433118032787,0.600636268541895,0.4105037513397642,0.5986277873070326,,Mid,Mid,,1.3151959610403245,1.02361551272589,1.2310832028379295
2019-01-17,0.41096502673127216,0.6072092135680347,0.6036899296889275,0.43897216274089934,0.5993150684931506,,Mid,Mid,,1.3107310206931453,1.02397638807237,1.2430596263103906
2019-01-18,0.4110791336836703,0.6081234874677187,0.6051382149775802,0.4406417112299465,0.6017094017094017,,Mid,Mid,,1.3100987588530864,1.0235456775672942,1.241072199836008
2019-01-21,0.4109717406164195,0.6165634854007963,0.6137831053221006,0.4391025641025641,0.6109215017064846,,Mid,Mid,,1.3240350173342885,1.0406269814399625,1.245355280752339
2019-01-22,0.4109395606494321,0.6191143110430986,0.6154622366629118,0.4375667022411953,0.6183986371379898,,Mid,Mid,,1.3301401841592044,1.0446346596186702,1.2478409581797494
2019-01-23,0.38513696478734566,0.6208714665497715,0.6200855765240393,0.35394456289978676,0.6258503401360545,,Mid,Mid,,1.3305770584729708,1.0455251491248787,1.2329362901452168
2019-01-24,0.37520954389411054,0.6202214543940391,0.6187142401859479,0.32055378061767836,0.6230899830220713,,Mid,Mid,,1.3216590603934761,1.042762758795833,1.2152993898591316
2019-01-25,0.3756741787338398,0.6334417589082667,0.631432680356493,0.32340425531914896,0.6983050847457627,,Mid,Mid,,1.3076192814152625,1.0474024537290971,1.2168691081246035
2019-01-28,0.37343581171096635,0.6452687940454952,0.644439472005759,0.31562167906482463,0.766497461928934,,Mid,Mid,,1.298681290818894,1.041519372262902,1.206009343372677
2019-01-29,0.3591042433579065,0.6326596268599726,0.6341394624551655,0.28768577494692144,0.6891891891891891,,Mid,Mid,,1.2989945777463192,1.0422995578048202,1.207079710206138
2019-01-30,0.35961383967347854,0.6317755661329894,0.6345281649254948,0.28844114528101805,0.684654300168634,,Mid,Mid,,1.3005083553353969,1.0443900203202878,1.206780302549489
2019-01-31,0.3348736025521976,0.592237989356654,0.5967600988121422,0.24152542372881355,0.5521885521885522,,Mid,Mid,,1.3047114960630277,1.0478017343922277,1.221108879996889
2019-02-01,0.3343154292282479,0.6007840222849108,0.6057998424729453,0.2402116402116402,0.573109243697479,,Mid,Mid,,1.2956221473055138,1.020861869149014,1.2313187012717965
2019-02-07,0.3224015631990644,0.5841555262771742,0.5892707431373936,0.21141649048625794,0.5067114093959731,,Mid,Mid,,1.2959260055067814,1.0222005946235624,1.231215763872925
2019-02-08,0.30715703420055585,0.5730059048215724,0.5783231857517112,0.19746568109820486,0.4556113902847571,,Low,Mid,,1.300567643558747,0.9896776589867324,1.206161073246667
2019-02-11,0.3071629648906784,0.5675254971889824,0.5727327498382966,0.19831223628691982,0.41304347826086957,,Low,Mid,,1.2936714488522867,0.9978955054720148,1.2149201067730881
2019-02-12,0.2966725420121889,0.5455899870723084,0.5501401688892981,0.18756585879873552,0.34056761268781305,,Low,Mid,,1.2990225403847666,0.9970895131909397,1.2024047542554368
2019-02-13,0.2995161221632188,0.5539531157486618,0.5580932205016723,0.19263157894736843,0.36333333333333334,,Low,Mid,,1.3048830329407681,0.999656322632898,1.2375749668507472
2019-02-14,0.31599603466602355,0.5937823630115849,0.5975325419202491,0.2082018927444795,0.5607321131447587,,Mid,Mid,,1.295654731009102,0.9941637405031402,1.2282932380052
2019-02-15,0.32252490140094386,0.6043678424317996,0.6101337737698939,0.21638655462184875,0.5930232558139535,,Mid,Mid,,1.2761651850821616,0.9819308702437313,1.2013164454053182
2019-02-18,0.30822533358781823,0.5837533754268419,0.5906017403291491,0.20041972717733472,0.5074626865671642,,Mid,Mid,,1.269328070545944,0.9866636570882714,1.2004739636538326
2019-02-19,0.3129155214258636,0.5921870770826825,0.5987369860075825,0.20649895178197064,0.5529801324503312,,Mid,Mid,,1.2519230327067365,0.9747941908957231,1.1801816698493004
2019-02-20,0.3080406644498313,0.5853307196629874,0.5900513743686424,0.2,0.512396694214876,,Low,Mid,,1.262794696560052,0.9553899580034608,1.1920325896082775
2019-02-21,0.3128487654011918,0.5897876669153106,0.5952109369140469,0.20711297071129708,0.5462046204620462,,Mid,Mid,,1.2568184418889314,0.9456560083488248,1.1544779762617827
2019-02-22,0.3112923795115877,0.5874367530832422,0.5930890963979997,0.2058516196447231,0.5354200988467874,,Mid,Mid,,1.24867736471072,0.9412712382619317,1.1499025055680943
2019-02-25,0.3107559205921599,0.5883059406584384,0.5937187304535557,0.2045929018789144,0.5427631578947368,,Mid,Mid,,1.252033149614884,0.9690612022081966,1.1308625162915371
2019-02-26,0.3056327363075132,0.5864060805146059,0.5889452953894497,0.19708029197080293,0.5172413793103449,,Low,Mid,,1.2592803625058318,0.991281332657579,1.1623136847188547
2019-02-27,0.3030583821477231,0.584702975087648,0.5869725692661912,0.19270833333333334,0.5049180327868853,,Low,Mid,,1.2706861575289239,0.998405082913249,1.1722254165820951
2019-02-28,0.30565682104969305,0.5921452671573636,0.5936038715264226,0.1987513007284079,0.5564648117839607,,Low,Mid,,1.2581862676140425,0.9765650067572577,1.1451447887857984
2019-03-04,0.30246987360052996,0.5918385880716578,0.5933613651728601,0.19230769230769232,0.5555555555555556,,Low,Mid,,1.222579039087309,0.9588148994164812,1.1016859697368602
2019-03-05,0.49052386148662386,0.590881462091359,0.5932807317477601,0.735202492211838,0.5513866231647635,,Mid,Mid,,1.2086043191588476,0.9525871784015543,1.0933510059274112
2019-03-06,0.4884435835353442,0.5897942188264269,0.593076075111809,0.729253112033195,0.5472312703583062,,Mid,Mid,,1.209675095239609,0.9542542383574328,1.0780002678059826
2019-03-07,0.49345644755981555,0.5929269248892396,0.5935953209079219,0.7430051813471502,0.5642276422764227,,Mid,Mid,,1.2040562129142773,0.9514784831105936,1.0819401697840372
2019-03-08,0.4884088552175876,0.5845045069473961,0.5842948581924575,0.727743271221532,0.5,,Mid,Mid,,1.1928159918321584,0.967945788782068,1.039721931199445
2019-03-11,0.48406684162389624,0.5657087154866008,0.5688876566683425,0.718717683557394,0.3987034035656402,,Mid,Mid,,1.2079411002185254,0.9797394432049576,1.0299872844775786
2019-03-12,0.48740637494782635,0.5677090574453653,0.569793770768717,0.7262396694214877,0.40614886731391586,,Mid,Mid,,1.207831144634304,0.9807308111320521,1.0284385269447684
2019-03-13,0.4788131193032075,0.5582335253935513,0.5599787717823762,0.7100103199174407,0.37318255250403876,,Mid,Mid,,1.2207063000200777,0.97784909962152,1.0402688835416454
2019-03-14,0.47926382334105266,0.5576109479703546,0.5596480787884349,0.7123711340206186,0.36935483870967745,,Mid,Mid,,1.2289751285168895,0.9605674528096283,1.0390581308608247
2019-03-15,0.4848398202113766,0.5555589862488338,0.5598253239504615,0.7198764160659115,0.35909822866344604,,Mid,Mid,,1.2048172184714285,0.9659090684321785,1.0218746876378975
2019-03-18,0.4864117972757945,0.5722216997153194,0.5795696916758514,0.7242798353909465,0.4437299035369775,,Mid,Mid,,1.1305930277927447,0.9471900535950537,0.9512428708742563
2019-03-19,0.4762140919350104,0.5770553219236149,0.5826874417556667,0.7029804727646455,0.46869983948635635,,Mid,Mid,,1.1288001627664699,0.9489182113626424,0.9517375765475864
2019-03-20,0.47570583445244896,0.5769547105053253,0.5815083137079814,0.702258726899384,0.46794871794871795,,Mid,Mid,,1.1011077884158116,0.8965139042988296,0.9466323928233055
2019-03-21,0.4846730475562997,0.5820709030488452,0.5862182737239037,0.717948717948718,0.4896,,Mid,Mid,,1.1165230300748705,0.9120325279888709,0.9499915014109025
2019-03-22,0.4619587104627603,0.5607414153749641,0.5629897895016756,0.6536885245901639,0.38498402555910544,,Mid,Mid,,1.1086490939012221,0.8727710926674422,0.9418335849801655
2019-03-25,0.4618935968968363,0.5545975012091849,0.558251136834124,0.6530194472876152,0.3508771929824561,,Mid,Mid,,1.1142680427438607,0.870511602962096,0.9460380781080019
2019-03-26,0.4694993205178229,0.5607484697439361,0.5642689791813069,0.6860940695296524,0.3869426751592357,,Mid,Mid,,1.1645853948202252,0.8782661930276434,0.9445257632867109
2019-03-27,0.4681010596687245,0.5606100205591185,0.5638071791232279,0.6741573033707865,0.3847376788553259,,Mid,Mid,,1.1634821226529088,0.8791211724536111,0.9398408612530071
2019-03-28,0.4446359694413251,0.5565584847981773,0.5610279819769834,0.5887755102040816,0.35873015873015873,,Mid,Mid,,1.164079486174492,0.8798506701556886,0.9416593995445168
2019-03-29,0.4343119843236831,0.5273267776038307,0.5338756582630967,0.54638124362895,0.29635499207606975,,Mid,Mid,,1.1643739476871564,0.8837246401301307,0.9427334587883559
2019-04-01,0.4338429422826702,0.5189498094392667,0.5241514071809107,0.5458248472505092,0.28955696202531644,,Mid,Mid,,1.1631540198856278,0.8851688493671801,0.9383423066852219
2019-04-02,0.4342476730411399,0.5184398017581694,0.5242079270554104,0.5462868769074263,0.2890995260663507,,Mid,Mid,,1.1579262062543823,0.8952325877097242,0.9622780082404039
2019-04-03,0.4090057152948061,0.4927753831979898,0.49946184887429795,0.4349593495934959,0.2302839116719243,,Mid,Mid,,1.1611703118797028,0.8968364406709369,0.9575197752254638
2019-04-04,0.411212339566716,0.5013713573615656,0.511295630049648,0.44873096446700506,0.262992125984252,,Mid,Mid,,1.2139290910282718,0.8737161336297736,1.0519442406220079
2019-04-05,0.3962888567454583,0.5032836797434902,0.5119876239032397,0.39858012170385393,0.2672955974842767,,Mid,Mid,,1.2173629023071442,0.8866898604814185,1.0437043481658734
2019-04-08,0.37997897676288767,0.48709793350532316,0.49645033434518027,0.3414387031408308,0.21978021978021978,,Mid,Mid,,1.2242317984839688,0.881289970316462,1.049737471040557
2019-04-09,0.38827620390929507,0.48341418590512397,0.4868118274334973,0.37449392712550605,0.21316614420062696,,Mid,Mid,,1.2208439274720204,0.8796801129202021,1.0398912193393353
2019-04-10,0.39094365083122695,0.4846266556128231,0.487223577573569,0.38018200202224467,0.215962441314554,0.196,Mid,Mid,Low,1.2408254237477219,0.8890990966766988,1.0448528342428292
2019-04-11,0.38947059147318824,0.4828688077438001,0.48561400765542784,0.37575757575757573,0.209375,0.19123505976095617,Mid,Mid,Low,1.2447468943766544,0.8936208683716425,1.0511534296500296
2019-04-12,0.38756151164800645,0.4821535937369892,0.48501352445915336,0.3703329969727548,0.20904836193447737,0.19047619047619047,Mid,Mid,Low,1.2437080198390869,0.8935360128598531,1.0504648431772579
2019-04-15,0.38370997314972427,0.4694219424996728,0.47268461767040343,0.3528225806451613,0.1853582554517134,0.18181818181818182,Mid,Low,Low,1.2454161819756753,0.8936186092871863,1.0518691139335181
2019-04-16,0.39742576677745284,0.46379732590952116,0.46609911597307346,0.4038267875125881,0.17884914463452567,0.16929133858267717,Mid,Low,Low,1.2317881925676852,0.8869365027391203,1.0679665994064098
2019-04-17,0.390188961551583,0.4631359822116213,0.46507680619960584,0.3782696177062374,0.17857142857142858,0.16470588235294117,Mid,Low,Low,1.1944627977158915,0.8663442037794943,1.0274399471309892
2019-04-18,0.3850656090959201,0.45953367796292405,0.4612536300575181,0.3597989949748744,0.17519379844961241,0.1640625,Mid,Low,Low,1.1932669128666082,0.8689565142488255,1.0309640715831525
2019-04-19,0.3814250994517769,0.4251603394358332,0.4287907999216558,0.34437751004016065,0.1346749226006192,0.15953307392996108,Mid,Low,Low,1.1997933191047918,0.8630248776232952,1.0341418507436746
2019-04-22,0.3836674511365101,0.4270857560830939,0.43032222250731483,0.3510531594784353,0.13601236476043277,0.16279069767441862,Mid,Low,Low,1.201653008757366,0.8721662670884397,1.0309121317312662
2019-04-23,0.38669329107765166,0.4242945243264084,0.42776137046331025,0.3687374749498998,0.13271604938271606,0.1583011583011583,Mid,Low,Low,1.2021958308554217,0.8720955451315626,1.0273256433702684
2019-04-24,0.39209197763730935,0.4282760202911391,0.42987082989123393,0.3893893893893894,0.14175654853620956,0.16538461538461538,Mid,Low,Low,1.2089805916435379,0.8719158575190138,1.0305570526206045
2019-04-25,0.39265931411136723,0.4268988455168228,0.42825925277993226,0.391,0.13692307692307693,0.16091954022988506,Mid,Low,Low,1.2173582297046934,0.8826818754767849,1.0433139160714218
2019-04-26,0.3628967868138542,0.38612200427003146,0.39072016866541387,0.2947052947052947,0.10138248847926268,0.12595419847328243,Mid,Low,Low,1.2225465176945072,0.8841320768318452,1.0455903123779173
2019-04-29,0.36314505422825843,0.38332735411946356,0.3899217910822559,0.2964071856287425,0.09969325153374232,0.12547528517110265,Mid,Low,Low,1.2176707530930775,0.877940567448829,1.0465684478138286
2019-04-30,0.3608308011495008,0.3809495411861084,0.38752808603215544,0.292123629112662,0.09647779479326186,0.125,Mid,Low,Low,1.2325598521763175,0.88364952072829,1.048602996905291
2019-05-02,0.45280254871369113,0.4583742472794718,0.4645737405614101,0.6284860557768924,0.18501529051987767,0.19245283018867926,Mid,Low,Low,1.2379595910164907,0.8854415317858585,1.0469611747140564
2019-05-03,0.3905742953587307,0.37764455415105225,0.3856981249664831,0.3850746268656716,0.0916030534351145,0.12406015037593984,Mid,Low,Low,1.2477407241099745,0.8946067719039043,1.051797527311405
2019-05-07,0.442961923600649,0.42344505408192573,0.4287077027223323,0.5894632206759444,0.13719512195121952,0.1760299625468165,Mid,Low,Low,1.2517854406514948,0.8916034772243191,1.0491875685651848
2019-05-08,0.4774731244212685,0.4331380442150809,0.43958453637857514,0.7130089374379345,0.1567732115677321,0.19029850746268656,Mid,Low,Low,1.2593122277758984,0.9008967528933836,1.063618511974576
2019-05-09,0.478818288653577,0.4423549527406356,0.45134550981007376,0.7172619047619048,0.1762917933130699,0.19330855018587362,Mid,Low,Low,1.2497522982904683,0.8981603238602437,1.0503984468054077
2019-05-10,0.4877337718814037,0.4547298487149804,0.4655261577435595,0.7383548067393458,0.18968133535660092,0.2111111111111111,Mid,Low,Mid,1.2310877475383761,0.8851623680193198,1.0583148910398794
2019-05-13,0.475990905865888,0.4341037771235456,0.44270711073019814,0.7089108910891089,0.1590909090909091,0.1918819188191882,Mid,Low,Low,1.2354770590569564,0.9013520311454237,1.0651576626933026
2019-05-14,0.4428551319157343,0.40598146721653156,0.41121646147900126,0.5865479723046488,0.12708018154311648,0.16176470588235295,Mid,Low,Low,1.258941907416069,0.9283007098610307,1.0976228738508311
2019-05-15,0.431853160660608,0.3938627764212705,0.3943405642796056,0.5434782608695652,0.11178247734138973,0.14285714285714285,Mid,Low,Low,1.259034543280016,0.9285144039144309,1.0984946034557794
2019-05-16,0.4317933408882783,0.38830244927345064,0.3883906845788753,0.5419545903257651,0.10708898944193061,0.12773722627737227,Mid,Low,Low,1.2652535191118846,0.9290655604015987,1.1115743409265089
2019-05-17,0.4316514190050049,0.38435097785123856,0.3838202445585024,0.5414201183431953,0.10240963855421686,0.11636363636363636,Mid,Low,Low,1.2973898302754192,0.9512658432520564,1.1294525668919582
2019-05-20,0.43137904050142556,0.36898713447631026,0.37062115491171627,0.5399014778325123,0.08421052631578947,0.09420289855072464,Mid,Low,Low,1.29972874523108,0.9667561662724898,1.133205588778256
2019-05-21,0.39262920670217366,0.35262592293567874,0.35544204684035224,0.3887795275590551,0.04354354354354354,0.08664259927797834,Mid,Low,Low,1.29730627806388,0.96498607792933,1.1330860794757178
2019-05-22,0.39228450178480173,0.34626841444998147,0.3493780526572845,0.38839724680432647,0.02848575712143928,0.08273381294964029,Mid,Low,Low,1.2989233614796103,0.9540818152769336,1.1258040171736718
2019-05-23,0.3998266416019787,0.36660519458124213,0.37100276089143996,0.412573673870334,0.08233532934131736,0.1039426523297491,Mid,Low,Low,1.2970021912656948,0.9550930472952529,1.1306542703848284
2019-05-24,0.3999649557125189,0.34809342031507545,0.3507033096051347,0.41315014720314036,0.03288490284005979,0.08571428571428572,Mid,Low,Low,1.2945108123280544,0.9539110032803225,1.128730730340567
2019-05-27,0.40524704361162683,0.3514035599108091,0.3546311699841998,0.4264705882352941,0.04328358208955224,0.09252669039145907,Mid,Low,Low,1.2844283922073878,0.9485955301058716,1.1389187753714778
2019-05-28,0.39404215322610997,0.3430565648878245,0.3459897165203422,0.39275220372184133,0.02533532041728763,0.08156028368794327,Mid,Low,Low,1.2852524780784544,0.9493520490964179,1.1404651083665878
2019-05-29,0.399180392048014,0.33851681865774913,0.3418770624984906,0.4090019569471624,0.025297619047619048,0.07420494699646643,Mid,Low,Low,1.2914235090168993,0.9481195485788598,1.1429658529148883
2019-05-30,0.40349783509538123,0.35084223841576234,0.35520164183546893,0.4232649071358749,0.04309063893016345,0.10211267605633803,Mid,Low,Low,1.2894982220809166,0.9418376680970265,1.1316000450275376
2019-05-31,0.37379856362565667,0.34352362140800946,0.34675633587476656,0.3154296875,0.028189910979228485,0.08771929824561403,Mid,Low,Low,1.3023700513745817,0.9419970865666679,1.1403775980598652
2019-06-03,0.34792621120305106,0.32475462450786496,0.3290792786092945,0.26146341463414635,0.007407407407407408,0.06293706293706294,Mid,Low,Low,1.3067201168827018,0.948681302314286,1.1422789571478567
2019-06-04,0.34478787606280914,0.3322132985476403,0.3360380905698018,0.25633528265107214,0.02514792899408284,0.07317073170731707,Mid,Low,Low,1.2826252808634022,0.9363380225754585,1.1381597976351405
2019-06-05,0.37846954196573357,0.3650778229203664,0.36921034846560774,0.3310613437195716,0.09010339734121123,0.125,Mid,Low,Low,1.2807043275885963,0.9349108463359599,1.1407592258964756
2019-06-07,0.3819690419199471,0.36672254885885486,0.3707543992722337,0.3424124513618677,0.09587020648967552,0.1314878892733564,Mid,Low,Low,1.306563371448125,0.9568214573006306,1.1511931958866433
2019-06-10,0.39556387978027746,0.3838866421343357,0.38794226024102185,0.4042759961127308,0.12076583210603829,0.1724137931034483,Mid,Low,Low,1.308984176339903,0.9573120096589389,1.1522747024461142
2019-06-11,0.3954356490172886,0.3865403978033062,0.39075823540552995,0.40388349514563104,0.1264705882352941,0.18556701030927836,Mid,Low,Low,1.3018348473307366,0.9538765249598314,1.162802367051063
2019-06-12,0.44511665666907096,0.4156967531703731,0.41928185866942,0.6052376333656644,0.16005873715124816,0.2191780821917808,Mid,Low,Mid,1.300253007290711,0.9452988111853905,1.1575377223380536
2019-06-13,0.4368321953933589,0.41854204873881784,0.4220828684877691,0.5746124031007752,0.1627565982404692,0.22525597269624573,Mid,Low,Mid,1.299965375779127,0.9480643637564455,1.16315545400006
2019-06-14,0.43561438456223023,0.42372907297560314,0.426988727824771,0.5682478218780251,0.16544655929721816,0.22789115646258504,Mid,Low,Mid,1.2953637107215126,0.9445164795273002,1.1623293769112037
2019-06-17,0.4283956131609756,0.41680731088767425,0.4202601482633345,0.5367504835589942,0.1608187134502924,0.22372881355932203,Mid,Low,Mid,1.2887521302567153,0.9452506765407566,1.1604539004767258
2019-06-18,0.4227683008115992,0.41245524008446477,0.4161737553499621,0.5091787439613527,0.1562043795620438,0.21621621621621623,Mid,Low,Mid,1.2823050059846388,0.9452162748716064,1.1669846839279656
2019-06-19,0.40409315130447826,0.39903238836797383,0.40360296698132164,0.4266409266409266,0.13994169096209913,0.21212121212121213,Mid,Low,Mid,1.2709396494537037,0.940289783387284,1.1624343882589647
2019-06-20,0.4004255144104814,0.39619823268674237,0.39713145428855445,0.4156219864995178,0.13973799126637554,0.20469798657718122,Mid,Low,Mid,1.2680927408395208,0.9399083628188886,1.1309617939325831
2019-06-21,0.4000510873433458,0.40220776282351073,0.40291202745613003,0.41522157996146436,0.14970930232558138,0.2140468227424749,Mid,Low,Mid,1.2695786610541169,0.939648575374565,1.131798621889502
2019-06-24,0.39885217246020654,0.3988169774612387,0.39988310759175555,0.40904716073147257,0.14078374455732948,0.20666666666666667,Mid,Low,Mid,1.2505039040820396,0.936623594216334,1.093943701498663
2019-06-25,0.38646045846970406,0.3887635610421154,0.39244345580132994,0.36153846153846153,0.1289855072463768,0.18272425249169436,Mid,Low,Low,1.24901848975258,0.9338952968212797,1.0915160638953176
2019-06-26,0.35820159128929796,0.36477554190761885,0.36804501848364257,0.27857829010566765,0.08827785817655572,0.11920529801324503,Mid,Low,Low,1.2342443697661563,0.9240703335491777,1.0637433725869012
2019-06-27,0.3616861773505007,0.36588847011889075,0.37115745427935304,0.28598848368522073,0.09393063583815028,0.1353135313531353,Mid,Low,Low,1.211548270820098,0.9105192046615056,1.0491590647930455
2019-06-28,0.35619708711603915,0.36280112645102675,0.3688559949014611,0.2751677852348993,0.0836940836940837,0.12171052631578948,Mid,Low,Low,1.2057464090577035,0.9059721313382523,1.0379052319464261
2019-07-01,0.3551418567974509,0.3703418283264857,0.37530072362979167,0.27298850574712646,0.10662824207492795,0.1540983606557377,Mid,Low,Low,1.2059028232772349,0.9045116834170865,1.038473811890513
2019-07-02,0.35497469620735195,0.3705464573347872,0.37603292808330124,0.2727272727272727,0.1093525179856115,0.16013071895424835,Mid,Low,Low,1.193333766153135,0.8894456206809355,1.0196016232548228
2019-07-03,0.3596524033500132,0.3745037082179077,0.37830302274254207,0.28489483747609945,0.11206896551724138,0.16286644951140064,Mid,Low,Low,1.1939653671722703,0.8873444319903302,1.0158720304548778
2019-07-04,0.34817181758152577,0.36615823364177286,0.3702986955518841,0.25787965616045844,0.09612625538020086,0.1266233766233766,Mid,Low,Low,1.2003169880913653,0.902201921998816,1.02145977984317
2019-07-05,0.3536027753227467,0.3732226568204373,0.3771689693292351,0.2700381679389313,0.11318051575931232,0.1650485436893204,Mid,Low,Low,1.188773194609488,0.8996369412808894,1.0133095855818834
2019-07-08,0.3642241304759708,0.3775472638553441,0.378116979783806,0.29837940896091514,0.11731044349070101,0.16774193548387098,Mid,Low,Low,1.2110925729874158,0.9155742479460838,1.042313990238194
2019-07-09,0.37254223446423573,0.39182514526152773,0.39172535269372705,0.3142857142857143,0.1457142857142857,0.2057877813504823,Mid,Low,Mid,1.2036450470879825,0.9467010323932521,1.0548475518158194
2019-07-10,0.3720474923055786,0.38916400838972276,0.38867676785721644,0.3120837297811608,0.14122681883024252,0.1955128205128205,Mid,Low,Low,1.2090458173486165,0.958000961166881,1.010191552445178
2019-07-11,0.38072680805571163,0.40681490695102157,0.40543360518538357,0.34125475285171103,0.17094017094017094,0.2523961661341853,Mid,Low,Mid,1.207692306428183,0.9585448935774973,1.0120001421833436
2019-07-12,0.383492025094136,0.40620863161784265,0.4043922162838878,0.3513770180436847,0.17069701280227595,0.2515923566878981,Mid,Low,Mid,1.2065651630453647,0.958737399151081,1.0046438774031738
2019-07-15,0.39413085675593607,0.40703922103325657,0.40548839487570043,0.39943074003795065,0.17329545454545456,0.2571428571428571,Mid,Low,Mid,1.2109047639132307,0.9600856824020431,1.0022047236240141
2019-07-16,0.39029430397472237,0.41162060842705905,0.41188555588180153,0.3819905213270142,0.17872340425531916,0.2626582278481013,Mid,Low,Mid,1.2037395848173538,0.9592161477034443,0.9828575454959025
2019-07-17,0.37586468757516395,0.40803615016990613,0.40875159419549073,0.32575757575757575,0.17563739376770537,0.2586750788643533,Mid,Low,Mid,1.215227535411173,0.9648936432675279,0.981517788202294
2019-07-18,0.3737668006424932,0.4056054453505829,0.40654312146330646,0.31788079470198677,0.16831683168316833,0.2578616352201258,Mid,Low,Mid,1.2180050733917978,0.9681302269795322,0.9884613088693023
2019-07-19,0.37154133006658197,0.41030737262396483,0.40915844185534184,0.30907372400756145,0.17937853107344634,0.26332288401253917,Mid,Low,Mid,1.2174153855748417,0.9616046182330962,0.9858561734777325
2019-07-22,0.363857203400217,0.403101157651568,0.40306490910744724,0.29461756373937675,0.16643159379407615,0.24375,Mid,Low,Mid,1.2192510146848015,0.9687320020547282,0.9900934914560137
2019-07-23,0.3673823349026371,0.41073250418618135,0.4109194647516807,0.30471698113207546,0.18309859154929578,0.26791277258566976,Mid,Low,Mid,1.232966014514622,0.9725974852258154,0.9931609029994038
2019-07-24,0.3852127325731481,0.42523001140271366,0.42384831746628615,0.3656927426955702,0.20253164556962025,0.2919254658385093,Mid,Mid,Mid,1.233575992656467,0.9725305104395032,0.9883011704681238
2019-07-25,0.48455364703830384,0.5207434541072754,0.5182003017221128,0.7391713747645952,0.3693820224719101,0.4241486068111455,Mid,Mid,Mid,1.2262552448411375,0.9676197608642854,0.9859846186633726
2019-07-26,0.29012696624226514,0.5167305591827288,0.5143194744656713,0.1599247412982126,0.36605890603085556,0.4166666666666667,Low,Mid,Mid,1.233920201580037,0.9745924787638346,0.9883650897393904
2019-07-29,0.32508007952395607,0.5359760372970344,0.5350761283405258,0.21052631578947367,0.38795518207282914,0.4584615384615385,Mid,Mid,Mid,1.2321353629229965,0.9736879042641958,0.9905452908867365
2019-07-30,0.3452304109918181,0.5440838163162743,0.5433835142352712,0.24976525821596243,0.3986013986013986,0.46932515337423314,Mid,Mid,Mid,1.1883802922840696,0.9535279899282874,0.9563860541018089
2019-07-31,0.3443452026778868,0.5485099651606976,0.5484122695055254,0.24859287054409004,0.40782122905027934,0.4709480122324159,Mid,Mid,Mid,1.2026145217145778,0.9564215828800662,0.9733878627409716
2019-08-01,0.3358202232864218,0.5356116836181402,0.5359001901794587,0.2352389878163074,0.38633193863319387,0.4573170731707317,Mid,Mid,Mid,1.1974469852993483,0.9566851987226513,0.9798671170321857
2019-08-02,0.3417960116073607,0.555925523348547,0.5537541434694945,0.24531835205992508,0.43454038997214484,0.5015197568389058,Mid,Mid,Mid,1.2002046255548873,0.956327133188827,0.9824483064236268
2019-08-05,0.35291238937028635,0.5568336003757226,0.5520840708578473,0.2675397567820393,0.4381084840055633,0.4909090909090909,Mid,Mid,Mid,1.197488896621253,0.956736790598178,0.9784980905389508
2019-08-06,0.3371459935842813,0.5274237234261303,0.5241432584439442,0.2383177570093458,0.375,0.4229607250755287,Mid,Mid,Mid,1.1926620317152585,0.9700136579558365,1.0059188695901564
2019-08-07,0.33374612692725497,0.5211987713269107,0.5173234594708864,0.226890756302521,0.36754507628294036,0.41566265060240964,Mid,Mid,Mid,1.199242689104749,0.9619582136480167,1.0389466003168948
2019-08-08,0.33159990541968426,0.5098986747107365,0.5063396274849783,0.22201492537313433,0.3518005540166205,0.3963963963963964,Mid,Mid,Mid,1.2041467327851945,0.9655738508110646,1.036799604672079
2019-08-09,0.33552764825674125,0.5126147005716298,0.5099685875048995,0.23578751164958062,0.35684647302904565,0.39820359281437123,Mid,Mid,Mid,1.2054710882566995,0.9720963143333661,1.0448131242455119
2019-08-12,0.3334455166584213,0.5144826305850462,0.5125535185300781,0.22532588454376165,0.35911602209944754,0.408955223880597,Mid,Mid,Mid,1.1930832343820932,0.9796201048521004,1.0657269021067552
2019-08-13,0.34218338208337146,0.5362587220703788,0.5344033609151349,0.24930232558139534,0.3917241379310345,0.45535714285714285,Mid,Mid,Mid,1.1688193952811776,0.9725341135546802,1.0637515417131904
2019-08-14,0.3660421201066249,0.536311902558439,0.5347055790448431,0.30947955390334575,0.3925619834710744,0.4599406528189911,Mid,Mid,Mid,1.16949002846725,0.9713470888742257,1.0620473343868992
2019-08-16,0.364839033603438,0.5395332838187448,0.5381296835800126,0.3073351903435469,0.39339752407152684,0.47041420118343197,Mid,Mid,Mid,1.1686794372463079,0.9720306574067867,1.0602439374634234
2019-08-19,0.4290600333272662,0.6586477437343873,0.6559525750930627,0.5556586270871985,0.8571428571428571,0.9587020648967551,Mid,High,High,1.1659695133863681,0.9698238527395403,1.062298500579119
2019-08-20,0.42197088980539393,0.6551356552449341,0.6530663997173457,0.5227062094531975,0.8395061728395061,0.9558823529411765,Mid,High,High,1.192189762676923,0.9942078297663487,1.0995790832041692
2019-08-21,0.4464646374301717,0.6560290055135019,0.6539217482597331,0.6268518518518519,0.8465753424657534,0.9560117302052786,Mid,High,High,1.2153667607854468,1.018787260687333,1.0963479770168878
2019-08-22,0.4160131563944549,0.6634602870309784,0.6602861328471764,0.4939870490286771,0.8809849521203831,0.97953216374269,Mid,High,High,1.2068347330648994,1.0063635291718938,1.0883584923109064
2019-08-23,0.42044436891283227,0.6680278000468213,0.6644732716665637,0.5157116451016636,0.8920765027322405,0.9854227405247813,Mid,High,High,1.2064116976910015,0.9992349024612451,1.0938554953881876
2019-08-26,0.42911178973373115,0.6702280008917428,0.6655304389752099,0.556786703601108,0.9113233287858117,0.9883720930232558,Mid,High,High,1.1931726860001592,0.9958990677496289,1.1043154490313711
2019-08-27,0.4365278079317612,0.6694681693957837,0.6654805584902858,0.5904059040590406,0.9019073569482289,0.9855072463768116,Mid,High,High,1.202200575104224,0.9962794646129185,1.1210906737097008
2019-08-28,0.44134327859621886,0.6782386583105954,0.6742164638069853,0.6046082949308755,0.9523809523809523,1.0,Mid,High,High,1.1962116257155704,0.9871267110901435,1.1202237131336605
2019-08-29,0.4478938488119329,0.6830675012942843,0.678976155682535,0.6335174953959485,0.9714673913043478,1.0,Mid,High,High,1.1958670893116603,0.9802639092764635,1.1171769769558741
2019-08-30,0.44566418072000374,0.6870400154122568,0.6788001705099186,0.6237350505979761,0.9850746268656716,0.9971264367816092,Mid,High,High,1.1877971525553908,0.9787646598108686,1.1131608834656923
2019-09-02,0.44068093644419576,0.6842252353049952,0.6759231927588901,0.6011029411764706,0.9728997289972899,0.994269340974212,Mid,High,High,1.212367609945043,1.0447685048041073,1.1429134609419191
2019-09-03,0.4438484577687924,0.688049232322116,0.6794286266112862,0.6170798898071626,0.986468200270636,1.0,Mid,High,High,1.2165275754164844,1.0501914232667435,1.1479366169180105
2019-09-04,0.4440383787368065,0.690559643396937,0.681457640558055,0.6192660550458715,0.9891891891891892,1.0,Mid,High,High,1.2159547243932889,1.0508765180136708,1.1541855265138734
2019-09-05,0.4511418105524394,0.6856789680292884,0.6767210071519857,0.6443629697525206,0.9757085020242915,0.9886363636363636,Mid,High,High,1.2204070204997695,1.0549053028145259,1.1508732037577738
2019-09-06,0.4541495036377398,0.6858130581745433,0.6770660979804859,0.6575091575091575,0.9757412398921833,0.9886685552407932,Mid,High,High,1.2201625771808657,1.0498618519248581,1.1493520047085957
2019-09-09,0.44847147968610135,0.6849449922402888,0.6757912416996831,0.6376944190301921,0.9703903095558546,0.980225988700565,Mid,High,High,1.224316666521221,1.0514320400193193,1.1509412950196263
2019-09-10,0.4501637691472687,0.6929594716436039,0.6836687812705621,0.6407678244972578,0.9905913978494624,1.0,Mid,High,High,1.2322056274740807,1.0605223913723452,1.1620527089899773
2019-09-11,0.4507594907037342,0.694166368967362,0.685225291413388,0.6429223744292237,0.9919463087248322,1.0,Mid,High,High,1.2370552796365244,1.0676870934399256,1.1703337528244242
2019-09-16,0.4593555264620616,0.7006840403213719,0.6906670853804705,0.6788321167883211,0.9946380697050938,1.0,Mid,High,High,1.2432096887402548,1.0672794803046868,1.1710810576796529
2019-09-17,0.4597703488251117,0.701452480700779,0.6911953352981949,0.6800364630811303,0.9946452476572959,1.0,Mid,High,High,1.2627888301981762,1.0966656135916446,1.1815477499428946
2019-09-18,0.4719556086926884,0.7024937245767777,0.6925034781484868,0.7213114754098361,0.9946524064171123,1.0,Mid,High,High,1.2649542380502141,1.0971806774040007,1.183237970165951
2019-09-19,0.4777099357340535,0.7037990634970992,0.6937019076510936,0.7343039126478617,0.9959946595460614,1.0,Mid,High,High,1.263550827466342,1.0917874066907094,1.179065313364099
2019-09-20,0.47518500539067454,0.7049124437229297,0.6947774514265749,0.7290909090909091,0.996,1.0,Mid,High,High,1.2583878698952788,1.0900108363597778,1.1762600096084084
2019-09-23,0.4764632441410847,0.713434724480475,0.7031312820802401,0.7320617620345141,0.9986684420772304,1.0,Mid,High,High,1.261543186031601,1.0892151078689594,1.1846869704850922
2019-09-24,0.47032039765327566,0.6969416682991388,0.6875726334864561,0.7168784029038112,0.9867021276595744,0.9834710743801653,Mid,High,High,1.261387003607266,1.0892421323304207,1.1852044934732138
2019-09-25,0.4722671917071814,0.7002373247988386,0.6905958114407053,0.7207615593834995,0.9867197875166003,0.9835164835164835,Mid,High,High,1.2625576660272784,1.0788664414747284,1.1794808099862464
2019-09-26,0.4732741683508828,0.7005111428258536,0.6909280824035635,0.7255434782608695,0.986737400530504,0.9863013698630136,Mid,High,High,1.2752588308998327,1.0861937599161342,1.2017490028038686
2019-09-27,0.474555299635381,0.7021612402621827,0.6912326564139235,0.7276018099547511,0.9894039735099338,0.9890710382513661,Mid,High,High,1.2799811014953848,1.0913857524857444,1.216622659678367
2019-09-30,0.4743964890124313,0.7023994423306608,0.6911067990900177,0.7251356238698011,0.9894179894179894,0.9836512261580381,Mid,High,High,1.280870713923112,1.0963405782093125,1.2252641153967383
2019-10-01,0.47409112765863154,0.7011257641567102,0.6901700249386881,0.7244805781391147,0.9854689564068693,0.9728260869565217,Mid,High,High,1.2822683717253305,1.0979055141843912,1.229783227211345
2019-10-02,0.47052274333079125,0.7010346295542345,0.6900303786540145,0.7138989169675091,0.9841688654353562,0.9701897018970189,Mid,High,High,1.2754498165641441,1.0996523150571296,1.2281236570495808
2019-10-04,0.46632867466949296,0.7051626953649891,0.6966489147718892,0.6925157799819658,0.994729907773386,0.9972972972972973,Mid,High,High,1.276468719152144,1.1010146367563083,1.2378039718703855
2019-10-07,0.46642755393208085,0.7028611818219307,0.6941073704826936,0.6927927927927928,0.9894736842105263,0.9919137466307277,Mid,High,High,1.2627887699169686,1.09989304508099,1.2263890588297544
2019-10-08,0.4695614861403037,0.7073009365059323,0.6982515511821373,0.7092709270927092,0.9947437582128777,0.9973118279569892,Mid,High,High,1.2638880192257793,1.1041960242984528,1.2261167972622038
2019-10-10,0.47199722584901366,0.7058626151001302,0.6969950076028516,0.7185251798561151,0.9934383202099738,0.9946380697050938,Mid,High,High,1.2752635357262216,1.1131775503520198,1.233456560761554
2019-10-11,0.4716187920861324,0.7084634838600906,0.7002728390443523,0.7160826594788859,0.9947575360419397,0.9973262032085561,Mid,High,High,1.296596484591663,1.128589022003132,1.2730901058018167
2019-10-14,0.46951637877001046,0.7079599622881574,0.6992756272088229,0.7073608617594255,0.993455497382199,0.9946666666666667,Mid,High,High,1.301755234660026,1.1461079846774538,1.2946227052344148
2019-10-15,0.4712441760502839,0.6993507480342062,0.6899989403906127,0.7139013452914799,0.9712418300653595,0.9521276595744681,Mid,High,High,1.3044576791202591,1.147370924714193,1.2922530544887416
2019-10-16,0.47596117169376834,0.7009467843402568,0.6916960494619518,0.7329749103942652,0.9751958224543081,0.9734748010610079,Mid,High,High,1.2918109687875856,1.1293994499984459,1.2768678359453576
2019-10-17,0.4822345174690435,0.7074168893010562,0.6973814400686124,0.7466427931960609,0.9921773142112125,0.9894179894179894,Mid,High,High,1.3025111579419164,1.1337865860759595,1.2906074190061414
2019-10-18,0.4759223151098684,0.708266701627776,0.6984849986327409,0.7316636851520573,0.9934895833333334,0.9920844327176781,Mid,High,High,1.301513700818572,1.15921894247325,1.2629954309137688
2019-10-21,0.46906073899026307,0.7017993329175933,0.6916732762246204,0.7015192135835567,0.976592977893368,0.9657894736842105,Mid,High,High,1.3140729923287315,1.165623161358304,1.2707239989359567
2019-10-22,0.4664860660089456,0.6942173383588157,0.6838089437793481,0.6875,0.961038961038961,0.9343832020997376,Mid,High,High,1.3297523160727027,1.1699525438129066,1.2859216847523451
2019-10-23,0.4686321116933579,0.6958351164581753,0.6852271208820899,0.6975914362176628,0.9623865110246433,0.93717277486911,Mid,High,High,1.343455172295106,1.1815472674552419,1.279750146578793
2019-10-24,0.42088915352666706,0.663311836118567,0.6505064309278215,0.5008912655971479,0.8341968911917098,0.835509138381201,Mid,High,High,1.3464858605782624,1.1936039592674799,1.3216260278599858
2019-10-25,0.4417908226425153,0.6663004726654173,0.6540514425656044,0.5894924309884239,0.8421733505821475,0.8541666666666666,Mid,High,High,1.3262073042239415,1.1885565841645442,1.3194924095782874
2019-10-28,0.4259952296422022,0.6502036432665689,0.637877190535943,0.5231316725978647,0.7713178294573644,0.7818181818181819,Mid,Mid,Mid,1.3268715700473936,1.1906477556796238,1.32455464046292
2019-10-29,0.40615685521340916,0.6457812201036567,0.6319382155537273,0.43644444444444447,0.7638709677419355,0.7487046632124352,Mid,Mid,Mid,1.329261123711887,1.1911746834297547,1.3216011254966342
2019-10-30,0.41847749605318457,0.6501649976842009,0.6345175174226751,0.48756660746003555,0.770618556701031,0.7622739018087855,Mid,Mid,Mid,1.3088246306648266,1.1989862183692577,1.321961737177376
2019-10-31,0.4174076923371514,0.6557651460159083,0.640097172564078,0.4835847382431233,0.797940797940798,0.7963917525773195,Mid,Mid,Mid,1.3191196280604642,1.2112792196305073,1.3282385642641197
2019-11-01,0.4114567954675385,0.643605832298829,0.6270302512697081,0.4601063829787234,0.7544987146529563,0.6940874035989717,Mid,Mid,Mid,1.3346483325598733,1.2447183205264154,1.332880525217536
2019-11-04,0.39348209002825435,0.6391684342151486,0.6246921189928037,0.3906111603188663,0.730423620025674,0.6743589743589744,Mid,Mid,Mid,1.3208469197660238,1.228396050177929,1.2869752597872104
2019-11-05,0.4051447476736129,0.662990246004261,0.6489856802547694,0.43097345132743364,0.8294871794871795,0.8337595907928389,Mid,High,High,1.3521412446124024,1.2374155407434155,1.3105365673234317
2019-11-06,0.40015986000489073,0.669203295135422,0.6550372208896227,0.41644562334217505,0.8578745198463509,0.8571428571428571,Mid,High,High,1.3255584508609781,1.2391432070431179,1.3044116939542942
2019-11-07,0.3997322399945505,0.669720319462957,0.6559604496574408,0.4125441696113074,0.8631713554987213,0.8600508905852418,Mid,High,High,1.3253487316683856,1.2320648266983922,1.2869829329651945
2019-11-08,0.40532184908539576,0.6698631464341558,0.6563998310427421,0.4333627537511033,0.8659003831417624,0.8629441624365483,Mid,High,High,1.3144864683068829,1.217801903020427,1.2826062599134342
2019-11-11,0.40200454658147655,0.673412514523398,0.6592320330542488,0.42063492063492064,0.8915816326530612,0.8759493670886076,Mid,High,High,1.3261077377417592,1.2116591485043386,1.275745836822097
2019-11-12,0.40357699002342357,0.6744512354790405,0.6600494226596204,0.4281938325991189,0.8993630573248408,0.8787878787878788,Mid,High,High,1.3431707136713997,1.2264726753119737,1.2699555308338077
2019-11-13,0.3984461079665558,0.6707869079565901,0.6557150178812177,0.40669014084507044,0.871501272264631,0.8488664987405542,Mid,High,High,1.3247666418048325,1.2128365229023552,1.241536780488092
2019-11-14,0.4047179352069259,0.6752865923119593,0.6605551654698439,0.43271767810026385,0.9008894536213469,0.8819095477386935,Mid,High,High,1.3341161567715885,1.2120013703288437,1.2365501839059752
2019-11-15,0.34401504496883994,0.5570579472900162,0.5328515063949865,0.2398945518453427,0.41243654822335024,0.37844611528822053,Mid,Mid,Mid,1.324833139575389,1.1872830200188624,1.2188176033154139
2019-11-18,0.34934932764068477,0.5555123315066665,0.5314213809362981,0.25197541703248466,0.40430925221799746,0.375,Mid,Mid,Mid,1.3280766181639605,1.1776679893275803,1.210419244434913
2019-11-19,0.3470893777338289,0.5521708831229629,0.5264886258581679,0.24736842105263157,0.3911392405063291,0.371571072319202,Mid,Mid,Mid,1.334872459134878,1.1851409919565277,1.219088456862136
2019-11-20,0.3857900251572787,0.5423114519274761,0.5168592522403525,0.3584574934268186,0.36788874841972186,0.35074626865671643,Mid,Mid,Mid,1.3376577372299059,1.1882490839719462,1.2254824842521508
2019-11-21,0.3795999406110025,0.5372621527012489,0.5125779160003461,0.3309982486865149,0.3611111111111111,0.3424317617866005,Mid,Mid,Mid,1.3169365917774767,1.181793114964402,1.2387686566894753
2019-11-22,0.36797562934881567,0.5370320169405508,0.5112133628106686,0.300087489063867,0.36065573770491804,0.3316831683168317,Mid,Mid,Mid,1.3008684928703385,1.1827637987936022,1.2191742145613411
2019-11-25,0.37820075096647116,0.5432467802883623,0.5165750691952348,0.3277972027972028,0.371536523929471,0.3530864197530864,Mid,Mid,Mid,1.2936105303818517,1.1740453427390283,1.2166355922054188
2019-11-26,0.37403907974575473,0.5468873320479006,0.5228659340611577,0.314410480349345,0.38238993710691827,0.3645320197044335,Mid,Mid,Mid,1.29758899742008,1.1938129238984043,1.226311156997827
2019-11-27,0.37370434335775665,0.5456725658336604,0.5214158955053368,0.31239092495637,0.3806532663316583,0.36363636363636365,Mid,Mid,Mid,1.31503242721321,1.2071942241465028,1.2329224420152232
2019-11-28,0.3638393005954144,0.5028041507138442,0.4846686299203711,0.28596338273757627,0.3074027603513174,0.28921568627450983,Mid,Mid,Mid,1.3145538002230213,1.2050789328864466,1.231532057737039
2019-11-29,0.36428143243704714,0.5110025881447406,0.4951930622303207,0.289198606271777,0.32456140350877194,0.3080684596577017,Mid,Mid,Mid,1.311545534515388,1.1979960835533294,1.2300191036664945
2019-12-02,0.37010059800867573,0.5040054685463217,0.488333547114272,0.30113141862489123,0.3091364205256571,0.3,Mid,Mid,Mid,1.3078687491436045,1.193835505561395,1.2319327376318707
2019-12-03,0.37259469163288594,0.4890752037201338,0.4762936224517533,0.31043478260869567,0.26875,0.2846715328467153,Mid,Mid,Mid,1.3269913565798404,1.219620037339581,1.2471449557629344
2019-12-04,0.36327598379263976,0.48820817724436427,0.47442898438162584,0.2832319721980886,0.26841448189762795,0.28398058252427183,Mid,Mid,Mid,1.333611935312043,1.2251930472125856,1.2454420572527558
2019-12-05,0.35380306214980745,0.4631759314374528,0.45170489421350846,0.2604166666666667,0.2281795511221945,0.2542372881355932,Mid,Mid,Mid,1.3263968148223877,1.2257070275129704,1.2518652174265916
2019-12-06,0.36683233095681106,0.4304130739472112,0.4190730950481747,0.2983521248915872,0.18804483188044832,0.21739130434782608,Mid,Low,Mid,1.322000389084057,1.2281507944931274,1.253621373184712
2019-12-09,0.3326804659274652,0.4301287147805663,0.41840342894623217,0.20797227036395147,0.1865671641791045,0.21686746987951808,Mid,Low,Mid,1.300714762533757,1.246084478727825,1.2455757952478363
2019-12-10,0.3262636744222181,0.42308356704849537,0.41066257901851816,0.19653679653679654,0.17267080745341615,0.20673076923076922,Low,Low,Mid,1.3018558669236238,1.2332635194870967,1.2388850542824634
2019-12-11,0.3079754489778082,0.41337823187182837,0.4040211519144899,0.1695501730103806,0.16501240694789082,0.19184652278177458,Low,Low,Low,1.323731897340414,1.2405515978040251,1.2624142152941737
2019-12-12,0.3022761503436073,0.42071504283452654,0.41697432711989607,0.16076058772687987,0.1734820322180917,0.22009569377990432,Low,Low,Mid,1.3292979631483153,1.2479435691204641,1.2764342639244206
2019-12-13,0.2739104586457573,0.4057425687265382,0.4004099830788967,0.12521588946459414,0.14975247524752475,0.18138424821002386,Low,Low,Low,1.3028880084256205,1.2227983815275751,1.222243837365981
2019-12-16,0.2728723894380911,0.400892132810587,0.39378796922740394,0.12510785159620363,0.14091470951792337,0.1619047619047619,Low,Low,Low,1.2997020179970797,1.211867160904509,1.215396176493063
2019-12-17,0.2825380847715154,0.40045923799430766,0.3972129657986034,0.13706896551724138,0.14074074074074075,0.17814726840855108,Low,Low,Low,1.309205192528754,1.2243521718175776,1.232156743914326
2019-12-18,0.28537047968401924,0.3892882082778361,0.3863117642029758,0.13953488372093023,0.12330456226880394,0.13744075829383887,Low,Low,Low,1.2990084134677524,1.2112629605173466,1.2233368571064211
2019-12-19,0.2838128602816635,0.40668020058259047,0.40145163210741625,0.13941480206540446,0.1564039408866995,0.18912529550827423,Low,Low,Low,1.268780041277427,1.2106430164765432,1.1592887417433462
2019-12-20,0.28026748674691254,0.4067859688868713,0.40124039124452376,0.13327601031814273,0.15744157441574416,0.18867924528301888,Low,Low,Low,1.2640159397869262,1.1838320166379355,1.160563697569396
2019-12-23,0.2820158412642503,0.4093162350742708,0.40497408943004104,0.13745704467353953,0.16461916461916462,0.20705882352941177,Low,Low,Mid,1.2586493122906024,1.2003273574092126,1.184536092705697
2019-12-24,0.2785379879617495,0.4092176017377402,0.408023870055578,0.13047210300429185,0.16441717791411042,0.215962441314554,Low,Low,Mid,1.2590119454929212,1.2003483849197267,1.18451161487159
2019-12-26,0.2768811603174278,0.4104412876650729,0.410535763272601,0.1269296740994854,0.16789215686274508,0.2224824355971897,Low,Low,Mid,1.25954189437842,1.1949475030895829,1.1831623417681603
2019-12-27,0.2846640009306128,0.42866310080934805,0.42914758045655826,0.143101970865467,0.19828641370869032,0.26635514018691586,Low,Low,Mid,1.276570105494417,1.208439133598209,1.2196888972292894
2019-12-30,0.29130410485146097,0.4304832583188903,0.4310811035134574,0.1558219178082192,0.20293398533007334,0.2727272727272727,Low,Mid,Mid,1.263266569213792,1.2137323904140145,1.2199385335700743
2020-01-02,0.2819876784175798,0.42653143100958973,0.42854449701152664,0.13857998289136014,0.1916971916971917,0.26046511627906976,Low,Low,Mid,1.262644045080582,1.2106501866610184,1.2188902782183157
2020-01-03,0.2835180287656118,0.43005215141088354,0.433394132904159,0.14273504273504273,0.2,0.27610208816705334,Low,Low,Mid,1.2600673946321348,1.205430846252678,1.219488119258118
2020-01-06,0.2672294842661153,0.40809909306880415,0.415285061389302,0.11272416737830913,0.16199756394640683,0.23148148148148148,Low,Low,Mid,1.2580452642170594,1.1734543738064451,1.1923600424512506
2020-01-07,0.269966688098235,0.40475178659743793,0.4111101012516014,0.12030716723549488,0.14841849148418493,0.22632794457274827,Low,Low,Mid,1.260189698536321,1.1723167637103407,1.2057415987286475
2020-01-08,0.2924521906239525,0.41411200061001874,0.41301133370203263,0.15942028985507245,0.17739975698663427,0.23271889400921658,Low,Low,Mid,1.2590690234060973,1.1700869942578587,1.2130645956316684
2020-01-09,0.29159546787679586,0.433502263166236,0.42949857021612764,0.15928449744463374,0.21359223300970873,0.2735632183908046,Low,Mid,Mid,1.2648180388815775,1.1800640965564198,1.2189741324919752
2020-01-10,0.2920206675174564,0.43528448142777193,0.4283378733466459,0.16,0.2206060606060606,0.26376146788990823,Low,Mid,Mid,1.3206668001354065,1.2151533648702615,1.246243111580754
2020-01-13,0.28514595532942594,0.4348585885332805,0.4276356492884135,0.14625850340136054,0.2179176755447942,0.2585812356979405,Low,Mid,Mid,1.2991888656451498,1.2221515007121904,1.254388860074052
2020-01-14,0.28398808903870215,0.43202925556852123,0.4256073145601187,0.14528462192013594,0.20918984280532044,0.2557077625570776,Low,Mid,Mid,1.3043228203227846,1.2324058496338062,1.2710268299798573
2020-01-15,0.3011308982629332,0.4322435374802405,0.4283025815335955,0.17487266553480477,0.2113526570048309,0.26651480637813213,Low,Mid,Mid,1.2871942144657307,1.2188235065492548,1.2548576839425778
2020-01-16,0.31527126374574643,0.4541127791365704,0.45250051361844296,0.19592875318066158,0.2436670687575392,0.3,Low,Mid,Mid,1.3026723611490374,1.2543208079053518,1.282960572959552
2020-01-17,0.3135891148690147,0.45556877605563434,0.4584483991523358,0.19576271186440677,0.2469879518072289,0.30158730158730157,Low,Mid,Mid,1.2942982207874556,1.244325396553852,1.279151854779181
2020-01-20,0.3103106141130095,0.4524554987042794,0.45684973324572237,0.18882303132938189,0.24187725631768953,0.3009049773755656,Low,Mid,Mid,1.2996086119920356,1.2444876002383685,1.288271850804559
2020-01-21,0.30860964489699516,0.45092033922360875,0.4564476988935082,0.18781725888324874,0.23677884615384615,0.3002257336343115,Low,Mid,Mid,1.3042984173099477,1.2418251892667675,1.2939032560510588
2020-01-22,0.31396515507061923,0.45169479018406,0.4590412840113405,0.1978021978021978,0.2388955582232893,0.3063063063063063,Low,Mid,Mid,1.302299140052615,1.2421653268079944,1.2975855183147535
2020-01-23,0.3110461412704259,0.45773632928413077,0.46357478405648783,0.19256756756756757,0.25059952038369304,0.31235955056179776,Low,Mid,Mid,1.3044935619219429,1.2397135177982177,1.2872011669121677
2020-01-28,0.30855469062917,0.4646981750883503,0.46593110639124635,0.18734177215189873,0.25988023952095807,0.32286995515695066,Low,Mid,Mid,1.3089261285956977,1.2458716965731378,1.2887423128579985
2020-01-29,0.27376240807114005,0.38628440602801767,0.39215841356389763,0.12478920741989882,0.11363636363636363,0.14988814317673377,Low,Low,Low,1.3128520629034377,1.23813071379641,1.3023297795229483
2020-01-30,0.2751868488537068,0.3888096073874104,0.4004012606760036,0.12636899747262004,0.11947431302270012,0.17857142857142858,Low,Low,Low,1.310802588875321,1.2357014272351645,1.3098183691266163
2020-01-31,0.2667258451068006,0.38282946166613296,0.3847338598517287,0.10858585858585859,0.10620525059665871,0.12472160356347439,Low,Low,Low,1.3060904182920374,1.2224744455925658,1.292132776508139
2020-02-03,0.2854075361800454,0.3900355931340562,0.39624473415803196,0.14970563498738435,0.12514898688915377,0.1688888888888889,Low,Low,Low,1.31310790393832,1.2261093551943554,1.2996302874491077
2020-02-04,0.2908948545995659,0.40470953115641733,0.4226235921577349,0.16134453781512606,0.15,0.2549889135254989,Low,Low,Mid,1.3300834582846928,1.2319579711357473,1.3035358983392307
2020-02-05,0.3049176200878386,0.41729997876332753,0.43376339539118197,0.18387909319899245,0.18430439952437574,0.2942477876106195,Low,Low,Mid,1.321529894849076,1.2014506507945644,1.2789848150860639
2020-02-06,0.3456073569405322,0.5335835111175793,0.5194324450990869,0.2651006711409396,0.3847980997624703,0.423841059602649,Mid,Mid,Mid,1.3135137293965207,1.198059498478767,1.2761688918728025
2020-02-07,0.332087405860009,0.5311767683484104,0.5147949642409425,0.23218776194467727,0.3831553973902728,0.40969162995594716,Mid,Mid,Mid,1.4524186975729065,1.2495017370886106,1.3365836401436348
2020-02-10,0.3425043941699666,0.5288278154355294,0.5140647764523,0.25879396984924624,0.3803317535545024,0.4065934065934066,Mid,Mid,Mid,1.4624723533787107,1.2531190036127595,1.3460546578879367
2020-02-11,0.3299027987947964,0.5248949195731386,0.5101538996905001,0.22426778242677825,0.3739644970414201,0.3925438596491228,Mid,Mid,Mid,1.4588341807679226,1.250762513684188,1.3481497648411598
2020-02-12,0.33312672358734213,0.5235371418119711,0.5090077160510288,0.23578595317725753,0.3735224586288416,0.38949671772428884,Mid,Mid,Mid,1.44785802858558,1.2459544865274388,1.3469378034794655
2020-02-13,0.33422494287826554,0.5359617628402124,0.5195224107968485,0.24227234753550542,0.39315230224321135,0.43013100436681223,Mid,Mid,Mid,1.4441106015351988,1.2456822045321598,1.349185659119047
2020-02-14,0.3278813706591611,0.5388029978154681,0.5209026509400773,0.22120200333889817,0.39976415094339623,0.4335511982570806,Mid,Mid,Mid,1.460408940232798,1.2491724655783474,1.339920993947689
2020-02-17,0.32587337666341515,0.5382688646706336,0.520045383713334,0.21851542952460384,0.3992932862190813,0.43043478260869567,Mid,Mid,Mid,1.4564708580690406,1.2462977581290426,1.3417631828808287
2020-02-18,0.3319931215561401,0.5468562749966729,0.5370616603991686,0.23333333333333334,0.4211764705882353,0.4772234273318872,Mid,Mid,Mid,1.4603309546939764,1.2402377792424963,1.3429523070621108
2020-02-19,0.32731064335175075,0.5551556809806186,0.5463920063281389,0.22148209825145712,0.44653349001175086,0.48917748917748916,Mid,Mid,Mid,1.4475714334564007,1.2269098110142325,1.3391355006991976
2020-02-20,0.32578437562251666,0.5577423300593477,0.5498480334344031,0.21797004991680533,0.4624413145539906,0.5010799136069114,Mid,Mid,Mid,1.4697649483311712,1.2394220183916953,1.3709395256021462
2020-02-21,0.3232416904976008,0.5657267829913994,0.5559401277822427,0.2119700748129676,0.488862837045721,0.5172413793103449,Mid,Mid,Mid,1.4919006843348,1.264949409137399,1.3853913215392817
2020-02-24,0.3331245329663041,0.5875351428853754,0.5724784320038018,0.23920265780730898,0.5925058548009368,0.5483870967741935,Mid,Mid,Mid,1.4911743831958737,1.2660327222310712,1.3826544173410806
2020-02-25,0.3180712377159885,0.5720215857779577,0.5532666479614252,0.20663900414937758,0.519298245614035,0.5128755364806867,Mid,Mid,Mid,1.4822273461965152,1.2751326427739396,1.3852847273151374
2020-02-26,0.31746957008659243,0.5681491356754514,0.5530841878990996,0.20563847429519072,0.4953271028037383,0.5117773019271948,Mid,Mid,Mid,1.499747507743442,1.270669906822541,1.3929616142456873
2020-02-27,0.32537317495456647,0.5771344134869404,0.562878539343187,0.2195526097763049,0.5425904317386231,0.532051282051282,Mid,Mid,Mid,1.499371091242034,1.2578611869370373,1.3852979168266757
2020-02-28,0.32787766329183143,0.5753903503419531,0.5623307226544271,0.2251655629139073,0.5361305361305362,0.5309168443496801,Mid,Mid,Mid,1.492798130637935,1.2579132959273402,1.3792391327221722
2020-03-02,0.3189442507794305,0.5786860309064866,0.5652960047774042,0.2076095947063689,0.5471478463329453,0.5425531914893617,Mid,Mid,Mid,1.466207513085464,1.2569805718643643,1.357265443174494
2020-03-03,0.32296431728551217,0.592209582157103,0.5795311428115187,0.21239669421487603,0.6151162790697674,0.5605095541401274,Mid,Mid,Mid,1.4615685311302296,1.2551970576889029,1.3474944764121295
2020-03-04,0.32634808302397705,0.5945124078974641,0.5845591517501552,0.22460776218001652,0.6236933797909407,0.5699152542372882,Mid,Mid,Mid,1.4564584834801904,1.251865454235309,1.3474228905206058
2020-03-05,0.3433136837929904,0.6292951177261127,0.6139152887615679,0.27145214521452143,0.6995359628770301,0.6638477801268499,Mid,Mid,Mid,1.4752832477749913,1.2532250309000583,1.3516829376896147
2020-03-06,0.31408292346687366,0.6498285382751021,0.6347843717984598,0.20032976092333057,0.779837775202781,0.7890295358649789,Mid,Mid,Mid,1.4906673166120161,1.2670763054184686,1.3639621568426072
2020-03-09,0.3756343625663827,0.6688329650328257,0.6197239531555648,0.35831960461285006,0.8599537037037037,0.6884210526315789,Mid,High,Mid,1.4989378169784022,1.2597880973998778,1.3743234886928422
2020-03-10,0.3810659529299316,0.6765451104090584,0.6272721750208414,0.37695473251028805,0.9121387283236995,0.7331932773109243,Mid,High,Mid,1.5479425083586242,1.3810259895989163,1.3984853364216185
2020-03-11,0.3825882579534834,0.6802747093570899,0.6466368921167432,0.3807565789473684,0.9249422632794457,0.8406708595387841,Mid,High,High,1.5415563156010124,1.3786755720194919,1.3929428672190838
2020-03-12,0.40375454986678067,0.6967732265990807,0.6450754048539412,0.4658997534921939,0.9677047289504037,0.8305439330543933,Mid,High,High,1.4916284286968082,1.3294127828352695,1.3883664109264167
2020-03-13,0.438344991209354,0.7370596932330425,0.6714417701727057,0.6116584564860427,1.0,0.9227557411273486,Mid,High,High,1.5052427028784692,1.3715264916139844,1.4244187786137585
2020-03-16,0.41772118883744236,0.7401751097585381,0.6703986325915775,0.5225594749794914,1.0,0.9208333333333333,Mid,High,High,1.5599332765042466,1.4747349640322542,1.458475100074504
2020-03-17,0.42581160893563136,0.7307408439369976,0.6749618600680364,0.5581967213114755,0.9977011494252873,0.9251559251559252,Mid,High,High,1.56225571514155,1.4849973716665783,1.4734023124720153
2020-03-18,0.40351591131678693,0.736234839489291,0.6720042800665279,0.46273546273546273,0.9977037887485649,0.921161825726141,Mid,High,High,1.50605780075283,1.4523747102244307,1.4646352239196356
2020-03-19,0.3532691963648633,0.7068888818966448,0.6380012597052644,0.29296235679214405,0.9850917431192661,0.7950310559006211,Mid,High,Mid,1.5172124440098407,1.458072259874453,1.5048978505057338
2020-03-20,0.33161256767539765,0.5982876297103253,0.49239758522596705,0.23712183156173344,0.6219931271477663,0.34917355371900827,Mid,Mid,Mid,1.4055348893315245,1.4700564472502509,1.541326408021264
2020-03-23,0.355263435704835,0.6249213566885904,0.5040648597538769,0.3022875816993464,0.6704805491990846,0.3649484536082474,Mid,Mid,Mid,1.5070711052975185,1.3640355817827041,1.405054596373611
2020-03-24,0.36924292568619066,0.6043065087069064,0.5367972671874789,0.3363265306122449,0.6365714285714286,0.4567901234567901,Mid,Mid,Mid,1.5403918335285849,1.3993054940772465,1.4327565047642201
2020-03-25,0.3621412853422398,0.5897419305700401,0.5006754733603368,0.31484502446982054,0.5924657534246576,0.3593429158110883,Mid,Mid,Mid,1.4502221099410038,1.345907702945065,1.283776832985195
2020-03-26,0.36706192348098776,0.5838923878548095,0.4952896296030373,0.3341483292583537,0.5575826681870011,0.35040983606557374,Mid,Mid,Mid,1.4333188657431204,1.411581984803089,1.2841391696591538
2020-03-27,0.3376229652986793,0.5237811176943242,0.43537343095381403,0.25895765472312704,0.36104783599088835,0.2740286298568507,Mid,Mid,Mid,1.4178351700422753,1.409240591107861,1.2832447578861712
2020-03-30,0.3367258407531301,0.5210532909448483,0.43213568963518584,0.25711960943856793,0.3560864618885097,0.2693877551020408,Mid,Mid,Mid,1.4062752127644222,1.3963455312998068,1.299469408872621
2020-03-31,0.3355618426498312,0.5184288648641234,0.42899169973532175,0.25447154471544714,0.3522727272727273,0.25865580448065173,Mid,Mid,Mid,1.4060549827184299,1.3962570306181463,1.2995629722443172
2020-04-01,0.36362117355961004,0.527206636967921,0.4531163246297723,0.32250203086921203,0.36662883087400683,0.2886178861788618,Mid,Mid,Mid,1.406329257560614,1.3933932055263507,1.291065724503118
2020-04-02,0.35376433442387656,0.53841101217918,0.45803815082389027,0.2962662337662338,0.3900226757369615,0.29411764705882354,Mid,Mid,Mid,1.3859792229131223,1.366064135284951,1.2659461718634617
2020-04-03,0.34417888222858317,0.5319273008034374,0.45155004322222214,0.2733171127331711,0.37485843714609285,0.2834008097165992,Mid,Mid,Mid,1.3905082906215125,1.3747562403504805,1.2715078009252798
2020-04-06,0.3422740762971655,0.5271660819466352,0.4453640676611161,0.26742301458670986,0.36538461538461536,0.2808080808080808,Mid,Mid,Mid,1.3909989423688072,1.37483203858243,1.273194139244522
2020-04-07,0.3419251729672222,0.5187685730260114,0.43685028429132294,0.2663967611336032,0.3525423728813559,0.2762096774193548,Mid,Mid,Mid,1.389274434992031,1.3738784100335941,1.27758999917321
2020-04-08,0.3413875995877839,0.5176002597780597,0.43475042283554904,0.26375404530744334,0.34988713318284426,0.27364185110663986,Mid,Mid,Mid,1.3853973677317362,1.3704668510628835,1.2865508297837462
2020-04-09,0.3323866533965592,0.5333408878995937,0.44698065621026933,0.23767178658043653,0.3788049605411499,0.285140562248996,Mid,Mid,Mid,1.386363421141812,1.370279392514944,1.2858968612655912
2020-04-10,0.32597033001443115,0.5364051350878999,0.4477367394567775,0.21890145395799676,0.38963963963963966,0.2865731462925852,Mid,Mid,Mid,1.3946557491812632,1.3746624936152363,1.3008158900809887
2020-04-13,0.33168560039895006,0.5434761234885016,0.4514859730960041,0.23567393058918482,0.4049493813273341,0.29,Mid,Mid,Mid,1.3955565454086816,1.377928755064561,1.3093972877370537
2020-04-14,0.328627226895464,0.5459429324405124,0.45188574947242993,0.22661290322580646,0.41460674157303373,0.2954091816367265,Mid,Mid,Mid,1.4057590817724077,1.3846158507887367,1.3148948334127486
2020-04-16,0.33237143768602717,0.5507395323326431,0.45864698838406165,0.23932312651087834,0.42536475869809204,0.30876494023904383,Mid,Mid,Mid,1.40465966483246,1.3861873042686517,1.3183858926445822
2020-04-17,0.3346735961279981,0.5517506104938704,0.4672038976874174,0.25201288244766507,0.4282511210762332,0.33001988071570576,Mid,Mid,Mid,1.4038314927665165,1.3857830875448123,1.3173879118463134
2020-04-20,0.3379092980978701,0.5526157121993033,0.46764156267368157,0.26307320997586486,0.4311310190369541,0.33134920634920634,Mid,Mid,Mid,1.3935863126092762,1.3745442890138115,1.2989389353086174
2020-04-21,0.30333413703127216,0.5436825862924186,0.45913889675304614,0.17363344051446947,0.40380313199105144,0.3108910891089109,Low,Mid,Mid,1.3933277609882853,1.3732092658966846,1.298088536330416
2020-04-22,0.3088121531262122,0.5259146829588778,0.4414481734179601,0.1855421686746988,0.36312849162011174,0.2766798418972332,Low,Mid,Mid,1.3985530029285735,1.3763695253166124,1.295893623993026
2020-04-23,0.3016885439182594,0.5349252489932107,0.4498540536704856,0.17014446227929375,0.3783482142857143,0.2859960552268245,Low,Mid,Mid,1.395195349691602,1.3756941389830797,1.3057109756164633
2020-04-24,0.29937897793867224,0.5340759750456857,0.44903579170575325,0.16760224538893345,0.3779264214046823,0.2854330708661417,Low,Mid,Mid,1.396558325466365,1.3758206696865742,1.3077649601837453
2020-04-27,0.2973132268299044,0.5332855284779926,0.45303852763829405,0.16506410256410256,0.3752783964365256,0.3005893909626719,Low,Mid,Mid,1.3950403839621535,1.375181707725073,1.3039724749530575
2020-04-28,0.30466030892482937,0.5323764836828687,0.45415095887605994,0.17854283426741394,0.37486095661846497,0.30392156862745096,Low,Mid,Mid,1.3894622658949605,1.3688948296254948,1.2925148542507643
2020-04-29,0.2946484211050305,0.5354275554940652,0.4550914833968252,0.1592,0.38222222222222224,0.30528375733855184,Low,Mid,Mid,1.3874802913687023,1.3651834753703505,1.286646791715228
2020-05-04,0.29227734985904696,0.5312561257955651,0.4492267483263948,0.15667466027178256,0.37180910099889014,0.28515625,Low,Mid,Mid,1.3937817862125796,1.3703295289423776,1.2873884695199465
2020-05-06,0.28163100517008977,0.49961854812962603,0.416879136139574,0.13258785942492013,0.3070953436807095,0.21052631578947367,Low,Mid,Mid,1.3967339258029905,1.367815751845847,1.2819451191797768
2020-05-07,0.2810404902981615,0.4994990105047952,0.4168018941332679,0.13168395849960096,0.30564784053156147,0.21011673151750973,Low,Mid,Mid,1.3999253458845458,1.3701873598585752,1.2818541887658406
2020-05-08,0.28158042616354845,0.500497681953349,0.4182116651959544,0.1331738437001595,0.31305309734513276,0.21553398058252426,Low,Mid,Mid,1.3993190288405883,1.3693004585293682,1.2827121269354422
2020-05-11,0.279889768001569,0.5011972363857786,0.41884619429570846,0.12828685258964143,0.31712707182320443,0.2189922480620155,Low,Mid,Mid,1.3946888332053904,1.3654607104934924,1.2806522617326117
2020-05-12,0.28360100235473956,0.5034358601380527,0.42134393854608004,0.1409235668789809,0.32339955849889623,0.22823984526112184,Low,Mid,Mid,1.3948556120394269,1.367432214928801,1.2817051895802907
2020-05-13,0.28540947186416965,0.5004525043320662,0.4185398187696267,0.14638027048528243,0.31201764057331866,0.21814671814671815,Low,Mid,Mid,1.3929974884623946,1.3672919466331732,1.2802674453621397
2020-05-14,0.2829921929934632,0.497731842414912,0.41552386953251946,0.1383147853736089,0.29955947136563876,0.20616570327552985,Low,Mid,Mid,1.3903660743214292,1.3655626316492882,1.2771019722258907
2020-05-15,0.28201658334011026,0.4981603502429068,0.41608288262158877,0.1374106433677522,0.3025302530253025,0.2076923076923077,Low,Mid,Mid,1.3917601595201607,1.3713868204861879,1.2795073366269194
2020-05-18,0.2794021227316905,0.49176606903478043,0.40587053510718185,0.12698412698412698,0.2857142857142857,0.18234165067178504,Low,Mid,Low,1.3923989516728121,1.3708519849106235,1.279606406657586
2020-05-19,0.27647984604902426,0.4990807058731079,0.40938434461852374,0.12133227597145123,0.305159165751921,0.19157088122605365,Low,Mid,Low,1.385897679212235,1.3660342370612633,1.2805166230442784
2020-05-20,0.2770765419171517,0.49755717190718585,0.40774629502204257,0.12361331220285261,0.2993421052631579,0.18546845124282982,Low,Mid,Low,1.3889177432924833,1.3733412830192016,1.285849363407997
2020-05-21,0.277897950648224,0.49820502923701876,0.40881023140424516,0.12668250197941408,0.3044906900328587,0.19083969465648856,Low,Mid,Low,1.3861492130644673,1.3721773873022634,1.2831781918709726
2020-05-22,0.2786661352614954,0.4975815601769183,0.40950182352604414,0.1281645569620253,0.29978118161925604,0.1961904761904762,Low,Mid,Low,1.3864690659033836,1.3721334454703817,1.2854433011518234
2020-05-25,0.27760371323826316,0.5244437949931403,0.4393651934113912,0.12569169960474308,0.366120218579235,0.2889733840304182,Low,Mid,Mid,1.3893717884430397,1.3756751298402798,1.2872771782013483
2020-05-26,0.27594518270434065,0.5239566347366265,0.43569322497037505,0.12085308056872038,0.36572052401746724,0.286527514231499,Low,Mid,Mid,1.3956525995819526,1.3823637536688262,1.3005128042103076
2020-05-27,0.3493559804643447,0.6127937566449265,0.549214557473916,0.30544593528018943,0.6619411123227917,0.5208333333333334,Mid,Mid,Mid,1.3955343461441256,1.378360411951753,1.3049241031295236
2020-05-28,0.35266588040751573,0.6158331945401895,0.5532324208466673,0.3107255520504732,0.664488017429194,0.5387523629489603,Mid,Mid,Mid,1.3958877413993045,1.3795692008901395,1.3062027480166916
2020-05-29,0.3516239874099236,0.6220796643102179,0.5606704911481383,0.30969267139479906,0.6800870511425462,0.5547169811320755,Mid,Mid,Mid,1.3977283084839351,1.3809282818528898,1.30733717762517
2020-06-01,0.3427469711311835,0.6086618096334948,0.5443378228001747,0.28818897637795277,0.657608695652174,0.5084745762711864,Mid,Mid,Mid,1.3984706718610875,1.3808995047809431,1.3055313465050038
2020-06-02,0.3376762624310663,0.6494879655423428,0.5941656299057291,0.2753737214791503,0.7817589576547231,0.6390977443609023,Mid,Mid,Mid,1.3961348997164145,1.384106781439,1.3261973254480044
2020-06-03,0.31697010738850906,0.6287309467439899,0.5670174382949379,0.2138364779874214,0.7039045553145337,0.5703564727954972,Mid,Mid,Mid,1.4032976408310767,1.4118955993184004,1.3468212961472579
2020-06-04,0.3236870376706725,0.6279464581383936,0.5686966349113683,0.22388059701492538,0.7031419284940412,0.5730337078651685,Mid,Mid,Mid,1.4060673628499893,1.4749112717981625,1.3636521190250586
2020-06-05,0.31547733374542036,0.6158896871015993,0.5662304869259224,0.21036106750392464,0.6623376623376623,0.5682242990654206,Mid,Mid,Mid,1.4021374113167062,1.4747715325128636,1.3596008673721958
2020-06-08,0.31675021536062237,0.6177254819021126,0.5686546409944663,0.21411764705882352,0.6659459459459459,0.5727611940298507,Mid,Mid,Mid,1.400906270435038,1.464481714520888,1.3517536612982708
2020-06-09,0.3175519749621826,0.6211899748847244,0.5704615130241937,0.21630094043887146,0.6760259179265659,0.5791433891992551,Mid,Mid,Mid,1.4075744466028306,1.4696012963355964,1.3532623563825175
2020-06-10,0.3104497016428183,0.6132386528063793,0.56817996999314,0.19968676585747847,0.656957928802589,0.5687732342007435,Low,Mid,Mid,1.4074407324764147,1.4687636149154522,1.3528580313726346
2020-06-11,0.2949897310349751,0.5901380394535801,0.5532577044039414,0.16901408450704225,0.6077586206896551,0.5324675324675324,Low,Mid,Mid,1.4069260610267078,1.4690760275085082,1.3528551804281863
2020-06-12,0.3013714953472853,0.5875820528601268,0.5536679337829238,0.181391712275215,0.5941872981700753,0.5351851851851852,Low,Mid,Mid,1.408155857834202,1.4662166046714393,1.3550595400994456
2020-06-15,0.29869345675133996,0.6108504205853676,0.5642329774994592,0.17734375,0.6559139784946236,0.5600739371534196,Low,Mid,Mid,1.4155648824881273,1.4698633651575201,1.3551763147823312
2020-06-16,0.2998044552373685,0.6029276543117207,0.5637646937118254,0.18032786885245902,0.6390977443609023,0.5571955719557196,Low,Mid,Mid,1.4293571671329248,1.4903731013161803,1.3814567196425702
2020-06-17,0.3074760276452582,0.610612707526437,0.5858001270918698,0.19500780031201248,0.6545064377682404,0.6077348066298343,Low,Mid,Mid,1.4275672879532741,1.4768289918927764,1.3778456398408143
2020-06-18,0.3209551942629685,0.6927278871477701,0.6702343168901845,0.22525331254871395,0.9560557341907824,0.9246323529411765,Mid,High,High,1.427930256693203,1.4773466332990324,1.3781314464972205
2020-06-19,0.3073809337911661,0.6779099909951126,0.6636183262958827,0.19470404984423675,0.9122055674518201,0.908256880733945,Low,High,High,1.4279427126350137,1.4768728768270192,1.3770074095482372
2020-06-22,0.2959975260065462,0.6856215095751687,0.6501167893972191,0.17042801556420234,0.9411764705882353,0.8571428571428571,Low,High,High,1.4269378203015477,1.4760092852884146,1.3765556763676976
2020-06-23,0.3099049178404743,0.699373442181276,0.6733393933014273,0.20217729393468117,0.9668803418803419,0.9305301645338209,Mid,High,High,1.4301819554438822,1.4779125246986866,1.3765194926264712
2020-06-24,0.3114230822398168,0.6966385817378052,0.6713066873333257,0.20901320901320902,0.9615795090715048,0.9251824817518248,Mid,High,High,1.4287273478994245,1.4785537138377334,1.379366814435243
2020-06-25,0.317193858261682,0.7138268035501344,0.6933575320601992,0.22127329192546583,0.9946695095948828,0.9799635701275046,Mid,High,High,1.4285523979437496,1.4752339786796012,1.3757793505176699
2020-06-26,0.315359301086906,0.7093081170568976,0.6887058958842373,0.2156710628394104,0.9914802981895634,0.9563636363636364,Mid,High,High,1.4279197305017504,1.477184191413095,1.3632897837240916
2020-06-29,0.3152864393015225,0.7094473161273944,0.6938265270549531,0.21550387596899226,0.9914893617021276,0.9818511796733213,Mid,High,High,1.427856652395874,1.4732864362244578,1.3666620578293045
2020-06-30,0.3071029431370395,0.7088361584960149,0.6905641218991582,0.19287374128582493,0.9883103081827843,0.9601449275362319,Low,High,High,1.4236437032576839,1.4606098544867088,1.345526074392472
2020-07-01,0.3050065754829407,0.6882272939635862,0.6695600763714848,0.19117647058823528,0.945859872611465,0.9132007233273056,Low,High,High,1.4225239197116162,1.4603442539179747,1.3451735460061245
2020-07-02,0.30828075977426767,0.6900107709734216,0.6734943217177491,0.19953596287703015,0.9469777306468717,0.924187725631769,Low,High,High,1.4223951447473326,1.4610432206971942,1.3475843211538108
2020-07-03,0.30805395191411106,0.6916185968174707,0.6744719795285762,0.19860896445131376,0.9491525423728814,0.9261261261261261,Low,High,High,1.4200844175471568,1.4601388397355652,1.3417362414935627
2020-07-06,0.31276705645647734,0.6975543813789482,0.6829750024740274,0.21235521235521235,0.9608465608465608,0.9424460431654677,Mid,High,High,1.419245103862362,1.458799120541209,1.3410489049880623
2020-07-07,0.3133668273511607,0.6969653117135793,0.6814611468629019,0.2152777777777778,0.959830866807611,0.940754039497307,Mid,High,High,1.4122655299005507,1.4538965852564953,1.3379528387236523
2020-07-08,0.31383331051033747,0.6941630485776197,0.6791692199590278,0.2166538164996145,0.9503695881731784,0.9354838709677419,Mid,High,High,1.4096984170261977,1.4525401498878445,1.3397252468810938
2020-07-09,0.31313326110816453,0.6924125068253991,0.6784539816139749,0.21417565485362094,0.9462025316455697,0.9302325581395349,Mid,High,High,1.409510992040004,1.452141520987056,1.3409043470892432
2020-07-10,0.3115783121477464,0.6924423005309442,0.6789741635906116,0.21170130869899922,0.946259220231823,0.9321428571428572,Mid,High,High,1.409416395238286,1.452132010251642,1.3402528275179972
2020-07-13,0.3115597465293715,0.6816705899044638,0.6667957610022249,0.21153846153846154,0.911578947368421,0.8983957219251337,Mid,High,High,1.416093379646714,1.4532544092453474,1.3421504205948862
2020-07-14,0.30713068273803895,0.6798425286873925,0.6649073497313375,0.1929285165257494,0.9053627760252366,0.8879003558718861,Low,High,High,1.4258642974653553,1.4538775344265993,1.347092951454948
2020-07-15,0.3078336466850206,0.6807739567295967,0.6616462403018898,0.1966205837173579,0.9086134453781513,0.8809946714031972,Low,High,High,1.4262397604164037,1.4541057865133515,1.3469188616842962
2020-07-16,0.307109436577874,0.6811708943433801,0.6624704706972262,0.19263238679969302,0.9087093389296957,0.8812056737588653,Low,High,High,1.4282902889283413,1.4562209254179896,1.3512973934688468
2020-07-17,0.350746422940557,0.692176500397765,0.675284165603718,0.32515337423312884,0.9444444444444444,0.9203539823008849,Mid,High,High,1.4267319632380828,1.4541522226330912,1.3489615264595718
2020-07-20,0.34848550162264447,0.7063932133294895,0.6913036149596593,0.3210727969348659,0.981151832460733,0.9717314487632509,Mid,High,High,1.4235903590122674,1.4515792490609363,1.3457350792286011
2020-07-21,0.3810075960905437,0.7105018558038937,0.6944482914362405,0.41500765696784075,0.9916317991631799,0.9841269841269841,Mid,High,High,1.42339516074875,1.4521789004938268,1.346343003993355
2020-07-22,0.38520445690074506,0.7119136973860242,0.6955223398377391,0.43305279265493496,0.9926854754440961,0.9859154929577465,Mid,High,High,1.4259951516631686,1.4605987589565883,1.3521871609675
2020-07-23,0.3894241615110505,0.7113495606996039,0.6927982802585895,0.44801223241590216,0.9916492693110647,0.9736379613356766,Mid,High,High,1.4251179278045112,1.4608322981095945,1.3521728651644354
2020-07-24,0.3759024165533537,0.7115438067906008,0.6918023283669772,0.39877769289533993,0.9916579770594369,0.9701754385964912,Mid,High,High,1.4268740850098205,1.4614500403682518,1.3516779704179225
2020-07-27,0.39705431428357324,0.7295276519735835,0.7115829523741927,0.4778625954198473,0.9958333333333333,1.0,Mid,High,High,1.4262999961319585,1.4615900687078056,1.352267714073881
2020-07-28,0.40132048690687755,0.7219352508715229,0.7045474948014595,0.49122807017543857,0.9947970863683663,0.9982517482517482,Mid,High,High,1.4251628329870885,1.4613285391361537,1.3520829339300335
2020-07-29,0.40274325668433564,0.7248960040371001,0.7072038197961229,0.4961890243902439,0.9948024948024948,0.9982547993019197,Mid,High,High,1.4302588655658346,1.4586124658240671,1.346729258800201
2020-07-30,0.39812150679641406,0.7246205209408026,0.7069425943924871,0.4798172124904798,0.9937694704049844,0.9965156794425087,Mid,High,High,1.4272700829678309,1.4556696385330443,1.3440466955233332
2020-07-31,0.3947109278212811,0.7203587824476118,0.7035320752867179,0.4680365296803653,0.991701244813278,0.9930434782608696,Mid,High,High,1.428280412198976,1.4551722048859366,1.3436370743328274
2020-08-03,0.41656435269584513,0.7259905614963759,0.709923417895944,0.5482889733840304,0.9948186528497409,0.9982638888888888,Mid,High,High,1.4420895621659484,1.4603390479796357,1.3540380440652702
2020-08-04,0.41466103460186265,0.7246467982407325,0.7092872753928995,0.5425531914893617,0.9927536231884058,0.9965337954939342,Mid,High,High,1.4423058293454647,1.4617287728318489,1.3555636839164729
2020-08-05,0.40739669693161445,0.718185255587327,0.7018375720151852,0.5170842824601367,0.9886246122026887,0.986159169550173,Mid,High,High,1.444565546546992,1.463957724172033,1.3568084612374143
2020-08-06,0.4079614061637186,0.7192816299716241,0.7036132130794308,0.5174506828528073,0.9886363636363636,0.9896373056994818,Mid,High,High,1.4393564402354357,1.4592479032116126,1.3581361524341489
2020-08-07,0.4087255679378821,0.7241610330047769,0.7088948608255422,0.5200909780136467,0.9907120743034056,0.9948275862068966,Mid,High,High,1.4327339716802736,1.4577028656061002,1.3474133350546222
2020-08-10,0.4137207517362113,0.7246790044881326,0.7100057621740009,0.5409090909090909,0.9927835051546392,0.9982788296041308,Mid,High,High,1.4359786022820848,1.4583109361862672,1.3421364583365958
2020-08-11,0.421685410424988,0.7275079140278103,0.7127079185169375,0.5753217259651779,0.9948506694129763,1.0,Mid,High,High,1.4341464448158383,1.4595358530771796,1.3316138724448687
2020-08-12,0.4205008815808591,0.7281479193203456,0.7138372980737698,0.5695915279878971,0.9948559670781894,1.0,Mid,High,High,1.4385069488487352,1.4630675778237188,1.3443754520578215
2020-08-13,0.41033825175180877,0.7307276231336323,0.7163407441419394,0.5253212396069539,0.9958890030832477,1.0,Mid,High,High,1.4384513060993998,1.461826819652906,1.3434738051901896
2020-08-14,0.4052242869061023,0.7153448560100536,0.7008589952158709,0.5045317220543807,0.9815195071868583,0.9743589743589743,Mid,High,High,1.4367285054276115,1.461220369946526,1.3434806269304476
2020-08-18,0.4280239381664135,0.7132043897036576,0.6944444547259376,0.6030188679245283,0.9774358974358974,0.9556313993174061,Mid,High,High,1.4217334508013595,1.4540442571809502,1.3352967093656773
2020-08-19,0.4299933983403504,0.7152345831399175,0.6967224059821061,0.610105580693816,0.9805327868852459,0.9625212947189097,Mid,High,High,1.4254657727012603,1.4643140287438885,1.3541821114168249
2020-08-20,0.3229893092640736,0.6658812902090584,0.6358054054795055,0.23587038432554636,0.8116683725690891,0.7448979591836735,Mid,High,Mid,1.425411320696042,1.4651320889509933,1.354715024689937
2020-08-21,0.3148096531918542,0.6647332344890776,0.6346537703482573,0.2183734939759036,0.8077709611451943,0.7402376910016978,Mid,High,Mid,1.4210992407364178,1.4691909017624711,1.3599073126004992
2020-08-24,0.31708502972709945,0.6618268444472547,0.6311506629187761,0.22648607975921745,0.7936670071501533,0.7203389830508474,Mid,Mid,Mid,1.4130981471590713,1.4635465465397408,1.3508259137251712
2020-08-25,0.3226977433838467,0.6808392165894657,0.6538342463544643,0.23609022556390977,0.886734693877551,0.8104906937394247,Mid,High,High,1.4055981305778926,1.4572187747959586,1.3489342184569306
2020-08-26,0.2806276217068272,0.5993889739377452,0.5651723184155446,0.12997746055597295,0.599388379204893,0.518581081081081,Low,Mid,Mid,1.4084645577325396,1.4616926542440332,1.3513029141754422
2020-08-27,0.3549790283816657,0.6415832292398131,0.622476212224159,0.33708708708708707,0.730142566191446,0.6694772344013491,Mid,Mid,Mid,1.409136609102976,1.4614478422588324,1.3508517096583748
2020-08-28,0.34839523568757635,0.6453728341206846,0.6249656244809013,0.31732933233308325,0.7405900305188199,0.6767676767676768,Mid,Mid,Mid,1.4104717581392157,1.4644264362680628,1.3523826867843745
2020-08-31,0.34041404682460513,0.6524907051662251,0.6284343904360833,0.2938530734632684,0.7591463414634146,0.704201680672269,Mid,Mid,Mid,1.409870669833581,1.466911416388871,1.3491925178484179
2020-09-01,0.3327820151423116,0.6505431013085273,0.6245058842854717,0.2696629213483146,0.7532994923857868,0.6728187919463087,Mid,Mid,Mid,1.4097018336746292,1.4676735819051276,1.3504656221316218
2020-09-02,0.3383231348377431,0.6493298359511103,0.6227861043242088,0.2926646706586826,0.744421906693712,0.6666666666666666,Mid,Mid,Mid,1.413299563528821,1.4717097187638477,1.3536030248047939
2020-09-03,0.33618507467702713,0.654795099022856,0.6295630994154496,0.2857142857142857,0.7689969604863222,0.7123745819397993,Mid,Mid,Mid,1.4140248740479422,1.4710282935550614,1.3537616535808048
2020-09-04,0.34245341759114484,0.6670606998581633,0.6439887357439842,0.3034379671150972,0.8147773279352226,0.7796327212020033,Mid,High,Mid,1.4063541978935072,1.453616074753968,1.345077934765069
2020-09-07,0.33802579777211106,0.6700401999308995,0.648602228990983,0.29200896191187453,0.8372093023255814,0.795,Mid,High,Mid,1.4062234551169142,1.4529145982804796,1.3441150941039928
2020-09-08,0.3328918267595328,0.6474906310138312,0.6437972649445686,0.2708955223880597,0.7404040404040404,0.7770382695507487,Mid,Mid,Mid,1.4072550444412086,1.4570105365613615,1.3473284944694668
2020-09-09,0.3510154574974939,0.644569912639813,0.6447467435121553,0.32736763609246833,0.7336024217961655,0.7807308970099668,Mid,Mid,Mid,1.4044437572766784,1.4537007082242797,1.3450428009570718
2020-09-10,0.351547803392622,0.6444033874842182,0.6429131038597656,0.3293591654247392,0.7328629032258065,0.7728026533996684,Mid,Mid,Mid,1.4035484823203874,1.4557600194152633,1.34583762579405
2020-09-11,0.3717393715594699,0.6347130915631682,0.6327018681659551,0.3842144452717796,0.6948640483383686,0.7235099337748344,Mid,Mid,Mid,1.402694457817411,1.4586386377324092,1.3498960407763843
2020-09-14,0.3773355752303071,0.631863760857036,0.6295894505473824,0.40476190476190477,0.6800804828973843,0.7057851239669422,Mid,Mid,Mid,1.402278525458887,1.4576717611530559,1.347485733230355
2020-09-15,0.3685878873681862,0.6326061040586539,0.6313434084966943,0.37769516728624536,0.6824120603015076,0.7161716171617162,Mid,Mid,Mid,1.4008409867920564,1.4544998803632319,1.3497105324069696
2020-09-16,0.3578714871918644,0.6211589114430479,0.6192905871871507,0.3476968796433878,0.6355421686746988,0.6375617792421746,Mid,Mid,Mid,1.3992560561508867,1.454490524158018,1.3473581385150721
2020-09-17,0.35527370592105517,0.622255193773175,0.623207403693104,0.34446919079435784,0.6399197592778335,0.6578947368421053,Mid,Mid,Mid,1.3978858526687568,1.4522732441045303,1.34699658947684
2020-09-18,0.3621814666947925,0.6333723951431974,0.6286087996586184,0.35756676557863504,0.687374749498998,0.6995073891625616,Mid,Mid,Mid,1.3953497560052464,1.4516515401392516,1.341324075896773
2020-09-21,0.36696519066885985,0.6435306807034219,0.6399220364682116,0.3758339510748703,0.7307307307307307,0.7639344262295082,Mid,Mid,Mid,1.395658740946034,1.4528767671283225,1.3418975270325908
2020-09-22,0.37365643732764625,0.6449123537066332,0.6272975166458686,0.3933333333333333,0.736,0.6824877250409165,Mid,Mid,Mid,1.395649286024463,1.4514884530887655,1.3445487876331015
2020-09-23,0.37142453736415737,0.6407375619293444,0.6232132196478406,0.384159881569208,0.7182817182817183,0.6552287581699346,Mid,Mid,Mid,1.39283924670219,1.4510203241391455,1.3444048509102127
2020-09-24,0.377152613331474,0.6712467865086635,0.6537435447379014,0.40754437869822485,0.8502994011976048,0.8156606851549756,Mid,High,High,1.3929322203497967,1.4511314613979422,1.3445383858424447
2020-09-25,0.3787385691510636,0.6747299613945233,0.6547142083498649,0.4138950480413895,0.8673978065802592,0.8208469055374593,Mid,High,High,1.3940229296402034,1.4492659037411142,1.344813477321242
2020-09-28,0.34053251824888736,0.6686701919703516,0.647201371569044,0.29394387001477107,0.8207171314741036,0.7934959349593496,Mid,High,Mid,1.394840087338262,1.4504594941022717,1.3459697410788125
2020-09-29,0.3324365536656613,0.6734900542373183,0.64672815297881,0.2649446494464945,0.8606965174129353,0.7905844155844156,Mid,High,Mid,1.3928623020391548,1.4499446951670454,1.3489340948899515
2020-10-05,0.32992517337589794,0.6676374350326677,0.6415188328865084,0.2536873156342183,0.8141153081510935,0.7633711507293355,Mid,High,Mid,1.3964544958074419,1.4502853282046129,1.3494959300327343
2020-10-06,0.33490670476826345,0.6713919220597985,0.6461128716452889,0.28076639646278556,0.8510427010923535,0.7831715210355987,Mid,High,Mid,1.3954074280777253,1.4456747993113088,1.3488509273690472
2020-10-07,0.33868385535871476,0.6730556310926219,0.6472899469630079,0.2930780559646539,0.8551587301587301,0.7948303715670436,Mid,High,Mid,1.394453913086879,1.445288419878524,1.3479618280127765
2020-10-08,0.3283939968123805,0.6579770864089128,0.634196027417861,0.2509197939661516,0.777998017839445,0.7258064516129032,Mid,Mid,Mid,1.3983088519760978,1.4498098778340678,1.3484110752562315
2020-10-12,0.32829681440313,0.6604551450560389,0.6401768223211862,0.25073529411764706,0.7881188118811882,0.7584541062801933,Mid,Mid,Mid,1.3978870477127303,1.4491894830649499,1.3482800575153342
2020-10-13,0.3299418600650103,0.6537885708404444,0.6327406487531214,0.25495958853783984,0.7586547972304649,0.7154340836012861,Mid,Mid,Mid,1.3978193391199707,1.449100049917187,1.348469953415232
2020-10-14,0.3246219572596959,0.646529242926333,0.6257019066206645,0.2393538913362702,0.7341897233201581,0.6597110754414125,Mid,Mid,Mid,1.3950837967177636,1.447217746298993,1.3473024914513105
2020-10-15,0.3234525303112999,0.6428815000497848,0.6197275577930715,0.23477622890682318,0.717670286278381,0.625,Mid,Mid,Mid,1.39967524615869,1.4488875129531258,1.3494725342324845
2020-10-16,0.3095938243785653,0.6359649934218607,0.6108485112793277,0.19648093841642228,0.6893491124260355,0.5936,Low,Mid,Mid,1.401209601799187,1.4493031336164857,1.3513707251139138
2020-10-19,0.3188045719713973,0.640740168547551,0.6155913412517194,0.22637362637362637,0.7103448275862069,0.6118210862619808,Mid,Mid,Mid,1.3989165634276617,1.4459371871755229,1.3501536276931214
2020-10-20,0.2974575707481051,0.6281280993039603,0.6086545510381612,0.16617862371888725,0.6515748031496063,0.5885167464114832,Low,Mid,Mid,1.3990837800879632,1.445960123687218,1.3504322425895936
2020-10-21,0.2953095838783743,0.6273166753437768,0.6071932340246144,0.15947329919531822,0.6489675516224189,0.5859872611464968,Low,Mid,Mid,1.3994534913248533,1.4460436479102483,1.3509032107217191
2020-10-22,0.2956698866279625,0.62879356680237,0.6092315464136596,0.1600877192982456,0.6532416502946955,0.589825119236884,Low,Mid,Mid,1.3991651136704415,1.4453961377417992,1.3511509307816851
2020-10-23,0.2920495295795923,0.6261514843749457,0.6068806621452736,0.15485756026296568,0.6408243375858685,0.5841269841269842,Low,Mid,Mid,1.3983430063294144,1.4447836253691524,1.3496829484756192
2020-10-26,0.26257853082105026,0.6180000690513673,0.5992233502861853,0.08832116788321168,0.6127450980392157,0.572107765451664,Low,Mid,Mid,1.3985722983771451,1.445013782925789,1.3493058509420977
2020-10-27,0.2735141111539204,0.6331325917943191,0.6097441940326404,0.10940919037199125,0.6748285994123409,0.5917721518987342,Low,Mid,Mid,1.3921718828015488,1.4421609874558559,1.3504337965508983
2020-10-28,0.2746996839131116,0.6338295550885892,0.6102475928360592,0.11151603498542274,0.6819960861056752,0.5955766192733017,Low,Mid,Mid,1.3933829082034808,1.4416747513302606,1.350341589563568
2020-10-29,0.2770067169093934,0.6336377284065068,0.608849282624051,0.11653313911143481,0.6803519061583577,0.5883280757097792,Low,Mid,Mid,1.3931121957722228,1.4413928780524914,1.3497020971709548
2020-10-30,0.2860142552259307,0.6433914886551334,0.6239698010202891,0.1462882096069869,0.7236328125,0.6519685039370079,Low,Mid,Mid,1.3932459032039402,1.4412105059474685,1.3510504733147786
2020-11-02,0.2532375286163178,0.6324898271550983,0.6127777641971621,0.07781818181818181,0.6692682926829269,0.5990566037735849,Low,Mid,Mid,1.3858412306929238,1.427959758499953,1.3451389599997088
2020-11-03,0.257106999743249,0.630871254674679,0.6122559051659641,0.08284883720930232,0.6608187134502924,0.5965463108320251,Low,Mid,Mid,1.3854153659017359,1.424706856797364,1.342022968173391
2020-11-04,0.2658377590057375,0.6552515708020268,0.635325749115028,0.0944081336238199,0.7682570593963,0.7382445141065831,Low,Mid,Mid,1.3811131550297073,1.4155615351091888,1.3375979561073783
2020-11-05,0.26968835116581985,0.6568334255330082,0.6387311481959969,0.10595065312046444,0.7772373540856031,0.7574334898278561,Low,Mid,Mid,1.3827168497521138,1.4160587060525602,1.3395937895012535
2020-11-06,0.26801169899298116,0.6551130774977257,0.6356409779133331,0.10224800580130529,0.7657920310981535,0.7375,Low,Mid,Mid,1.3790798152663648,1.4130359572311069,1.3368939550700756
2020-11-09,0.32465612848446357,0.7004860254281975,0.6770285740178266,0.2492753623188406,0.945631067961165,0.9001560062402496,Mid,High,High,1.3769073510519265,1.4145067018585518,1.3333718714078642
2020-11-10,0.32278522045476293,0.6861842801894283,0.6711482161041777,0.24040550325850832,0.9127061105722599,0.8800623052959502,Mid,High,High,1.388241438343834,1.4249122053830545,1.339917582431502
2020-11-11,0.3224172102184593,0.6834353393291316,0.6690084263237096,0.23878437047756873,0.9001937984496124,0.8724727838258165,Mid,High,High,1.3888920823761335,1.425926922465393,1.3402748699003075
2020-11-12,0.32311131992302194,0.6801725387644999,0.6646810058271607,0.24367317425885757,0.8857696030977735,0.860248447204969,Mid,High,High,1.3871057235793378,1.4266739945787765,1.3381897906942306
2020-11-13,0.3117959170909615,0.665429536010946,0.636555960452012,0.2138728323699422,0.8056092843326886,0.737984496124031,Mid,High,Mid,1.3881495545721263,1.4265110030518913,1.3393711087676186
2020-11-16,0.36104239686774164,0.6888569158262706,0.6635249280239317,0.3675090252707581,0.9207729468599034,0.8544891640866873,Mid,High,High,1.3853394037540567,1.424103145598459,1.3394195239515418
2020-11-17,0.34474842175718967,0.6575266352540948,0.6308590949589256,0.32395382395382394,0.775096525096525,0.6970633693972179,Mid,Mid,Mid,1.3966472672081955,1.4322317771216764,1.3533913348616653
2020-11-18,0.34564527694528496,0.6597385301678568,0.6417339418372863,0.32732516222062,0.7839922854387656,0.7654320987654321,Mid,Mid,Mid,1.3937016278774987,1.4331091580651238,1.3523557491999054
2020-11-19,0.36034107639437934,0.6867192134978791,0.6698974585535485,0.36743515850144093,0.9132947976878613,0.8767334360554699,Mid,High,High,1.3939907092326747,1.4334309473144229,1.352454443311997
2020-11-20,0.3543829102983616,0.6866558894492379,0.6681718033288102,0.353491720662347,0.9124157844080847,0.8707692307692307,Mid,High,High,1.3935876598713186,1.4356893215518558,1.3551587159632121
2020-11-23,0.34583351593524986,0.6839009414394429,0.6600597388848796,0.32805755395683456,0.8980769230769231,0.8417818740399385,Mid,High,High,1.3937117247945945,1.4362829563924115,1.3552151447317184
2020-11-24,0.3470335077832207,0.680840290627394,0.6584030251649832,0.33069734004313445,0.8866474543707973,0.8358895705521472,Mid,High,High,1.4031712120766013,1.466807666722149,1.3625813448503832
2020-11-25,0.3482593366099734,0.6835964450231539,0.6656782619805823,0.33405172413793105,0.8973128598848369,0.8652373660030628,Mid,High,High,1.4068893062603982,1.4657734270493632,1.3594467326403115
2020-11-26,0.3547057100349383,0.6818709409567566,0.6657949495459459,0.35534816941852115,0.8906999041227229,0.8654434250764526,Mid,High,High,1.4053326148491876,1.4631576268465531,1.3565191603701916
2020-11-27,0.35588018750762834,0.6727463970001866,0.6581693103999467,0.36083213773314204,0.8486590038314177,0.8320610687022901,Mid,High,High,1.4056895970901968,1.4606911789818768,1.3540410983032938
2020-11-30,0.3559593263522456,0.6654023602309066,0.6535731378691213,0.36129032258064514,0.7990430622009569,0.8064024390243902,Mid,Mid,High,1.4044493448216844,1.4567310308590307,1.3548564465486304
2020-12-01,0.3581438062611975,0.6634537115486313,0.6517788155794121,0.3653295128939828,0.7944550669216062,0.8006088280060882,Mid,Mid,High,1.4054829479453534,1.4491334819303596,1.3522409547823884
2020-12-02,0.36783205300414723,0.666982521912964,0.6574458817477707,0.39656406585540444,0.8051575931232091,0.8267477203647416,Mid,High,High,1.4030181756274942,1.4479570715750532,1.3521603211085524
2020-12-03,0.3708951898354254,0.6662319441269102,0.6574460028798753,0.402002861230329,0.8034351145038168,0.8270106221547799,Mid,High,High,1.3987170183571496,1.4436050188364085,1.3474275561733702
2020-12-04,0.3730792106426501,0.6596671546068501,0.652039051229417,0.409578270192995,0.775023832221163,0.7984848484848485,Mid,Mid,Mid,1.399088292287751,1.4458483077501674,1.3477801217959005
2020-12-07,0.3920062251298002,0.6533281120396627,0.6450780706718061,0.48142857142857143,0.7428571428571429,0.7670196671709532,Mid,Mid,Mid,1.3979327373248571,1.4465371863715333,1.3481767514293446
2020-12-08,0.3892862577225218,0.6511532196269416,0.6446293291748342,0.47109207708779444,0.7354900095147479,0.7628398791540786,Mid,Mid,Mid,1.3968991733748843,1.4453348229018634,1.3501021835809859
2020-12-09,0.40048154240728323,0.6632817717673736,0.6627856567104766,0.5135520684736091,0.7918250950570342,0.8506787330316742,Mid,Mid,High,1.3939927363687215,1.4409521297173695,1.3486774256957708
2020-12-10,0.3995341076155802,0.6693637028492819,0.6690241016018703,0.5081967213114754,0.8214624881291548,0.875,Mid,High,High,1.390721158693693,1.4336043385182873,1.3438254099001448
2020-12-11,0.4071877067918599,0.6643515474397953,0.66184740698425,0.5398860398860399,0.7941176470588235,0.8466165413533835,Mid,Mid,High,1.3923980957368403,1.4306259855409555,1.3425870119261119
2020-12-14,0.4305284271978092,0.6559757864333674,0.6523611691089571,0.6327402135231317,0.7573459715639811,0.7972972972972973,Mid,Mid,Mid,1.3980320406585576,1.4321948006025746,1.3437114593317467
2020-12-15,0.4389822700825672,0.6574462349436029,0.6537413259780808,0.6635846372688478,0.7623106060606061,0.8020989505247377,Mid,Mid,High,1.3968635889403964,1.4329209059249628,1.3436343810460682
2020-12-16,0.443804060661916,0.6638934463593484,0.6584387035914898,0.6801705756929638,0.793755912961211,0.8323353293413174,Mid,Mid,High,1.3974605250723857,1.4326639244644273,1.34368650495076
2020-12-17,0.43587947335387334,0.653842736347796,0.6487797675020707,0.6519886363636364,0.7419659735349716,0.7802690582959642,Mid,Mid,Mid,1.4010947835461418,1.435127691899835,1.3486387126794719
2020-12-18,0.4400960078214675,0.6560074770833473,0.651171699330401,0.6657203690560681,0.7563739376770539,0.7850746268656716,Mid,Mid,Mid,1.4015333222658628,1.4374887247514463,1.3498824022782197
2020-12-21,0.43875923009427176,0.6494297316998937,0.6461433511220993,0.6624113475177305,0.7188679245283018,0.7630402384500745,Mid,Mid,Mid,1.4017560400521942,1.4376155850823302,1.3497538685331365
2020-12-22,0.44696422666707086,0.6522787554980811,0.64908915058834,0.6924167257264352,0.7323279924599434,0.78125,Mid,Mid,Mid,1.403844859533434,1.4407008063254905,1.3514719181582524
2020-12-23,0.45103526037854896,0.6525608801213536,0.6523415831249771,0.7046742209631728,0.7344632768361582,0.7949479940564635,Mid,Mid,Mid,1.399292379115659,1.4412633790153824,1.3515750563954194
2020-12-24,0.4513771122104479,0.6529379324414242,0.6544491344063739,0.7070063694267515,0.7375352775164629,0.8086053412462908,Mid,Mid,High,1.3960453356618197,1.4385824805901202,1.3506953678619045
2020-12-28,0.48983411508052027,0.6552738218621438,0.6570231260387959,0.8175388967468176,0.75,0.8192592592592592,High,Mid,High,1.3926839142503502,1.4329353677054417,1.3498849865149594
2020-12-29,0.49703025664073125,0.6549782387323212,0.6579580711724734,0.826148409893993,0.7464788732394366,0.8284023668639053,High,Mid,High,1.3929392238859273,1.433060884498891,1.3498527829043616
2020-12-30,0.4929697457087305,0.6602011005609764,0.6636376368890139,0.8234463276836158,0.7786116322701688,0.8552437223042836,High,Mid,High,1.393190436874093,1.4332906862789396,1.3501355611894255
2021-01-04,0.49601721497927326,0.6581513062264973,0.663482452888324,0.8242766407904023,0.7666354264292409,0.8510324483775811,High,Mid,High,1.391197685858556,1.4302069464013931,1.348769191639238
2021-01-05,0.48301489420670896,0.6497374873205152,0.6530352827290563,0.7997179125528914,0.7162921348314607,0.792341678939617,Mid,Mid,Mid,1.3853507286562448,1.4306415419197456,1.3437713981372088
2021-01-06,0.48446782385157,0.657609094539336,0.6614879799227655,0.8012684989429175,0.764265668849392,0.8426470588235294,High,Mid,High,1.3944103137712103,1.4314108981490992,1.3462072000733047
2021-01-07,0.48241794255988996,0.6507469897027879,0.6573158444554206,0.7964788732394367,0.7233644859813084,0.8149779735682819,Mid,Mid,High,1.3937583250435144,1.4324344668620408,1.3446998187015575
2021-01-08,0.5144060364167135,0.6789776221705547,0.6988297373146125,0.8458831808585503,0.876750700280112,0.9736070381231672,High,High,High,1.3881354894344309,1.42441851425509,1.3452514568261793
2021-01-11,0.5229587387361946,0.687048678575792,0.7056193411375778,0.8530239099859352,0.9188432835820896,0.9853587115666179,High,High,High,1.3630134839768604,1.3921129357885995,1.3179219077463025
2021-01-12,0.5225065328827629,0.6868588419083904,0.7064090154685437,0.8524244553759662,0.9161230195712954,0.9853801169590644,High,High,High,1.3649801675349587,1.3942347052247084,1.3193800474063182
2021-01-13,0.5204708219651504,0.6867308252659181,0.7053516899623853,0.8497191011235955,0.9143389199255121,0.9824817518248176,High,High,High,1.3611236605712753,1.39068211840287,1.3165781412203044
2021-01-14,0.5213206078067979,0.6869849626613251,0.7058205322200584,0.8512280701754386,0.9172093023255814,0.9839650145772595,High,High,High,1.3561770369904995,1.3889499699718453,1.3131591399416043
2021-01-15,0.5225214690581165,0.6857936820192371,0.7038657845170765,0.85273492286115,0.9070631970260223,0.9781659388646288,High,High,High,1.3557481532189728,1.3855888993374716,1.3130826464151533
2021-01-18,0.5187134385771129,0.6846398386151904,0.7030325161868455,0.846531184302733,0.8997214484679665,0.9723837209302325,High,High,High,1.3589190098854105,1.3858454980949992,1.314190773906817
2021-01-19,0.5203851584050528,0.6867140967439761,0.7071792331246868,0.8480392156862745,0.911873840445269,0.9869375907111756,High,High,High,1.3588345294350943,1.3842776031643595,1.3098009917520663
2021-01-20,0.5166221225739268,0.6900924275088004,0.7100069230209741,0.8432470258922323,0.9258572752548656,0.9942028985507246,High,High,High,1.34914163261038,1.379307020139774,1.301856617111412
2021-01-21,0.5166558442596619,0.6818758486472959,0.7013539061628075,0.8433566433566434,0.8870370370370371,0.9667149059334298,High,High,High,1.3479780878631096,1.3799387111406052,1.3012484859216271
2021-01-22,0.5322577005585876,0.6827568098501796,0.7021365116724563,0.8693221523410203,0.8908418131359852,0.9682080924855492,High,High,High,1.345830037321053,1.3780747301428042,1.3045599685842904
2021-01-25,0.5316272363506732,0.6800458595977458,0.6993222917517827,0.8666201117318436,0.8743068391866913,0.961038961038961,High,High,High,1.3475094717820857,1.3789760522630141,1.3063265232684815
2021-01-26,0.531132713384937,0.6792845154116209,0.6991640899682011,0.8646196789951152,0.8698060941828255,0.9582132564841499,High,High,High,1.3497060450346043,1.3774476967316513,1.306152218559721
2021-01-27,0.5295952024890482,0.6772912472704006,0.6920042858266485,0.8598326359832636,0.8597785977859779,0.9323741007194245,High,High,High,1.3490452520278566,1.3751538090572517,1.310382557308688
2021-01-28,0.5270416564093173,0.6802688046565862,0.6925305690568485,0.8543554006968641,0.8755760368663594,0.9339080459770115,High,High,High,1.3504131810994033,1.3742856850901553,1.310687330240659
2021-01-29,0.5238754373352981,0.6818348566263127,0.6914642093450333,0.850974930362117,0.8848987108655617,0.9253945480631277,High,High,High,1.352373105107301,1.3787261108984477,1.3099762220076834
2021-02-01,0.518533564258422,0.6869627987914652,0.6936427622258311,0.8420320111343076,0.9153633854645814,0.9369627507163324,High,High,High,1.352792706853804,1.3789652048002015,1.3126542269213344
2021-02-02,0.517553171832651,0.6837936192777607,0.6895594403788682,0.8407510431154381,0.8933823529411765,0.9070100143061517,High,High,High,1.3633909366924741,1.3857775711736033,1.3206277747666748
2021-02-03,0.516360332344342,0.6815421072229606,0.6883178515762874,0.8373870743571925,0.8797061524334252,0.9042857142857142,High,High,High,1.3598202128075463,1.382795515192094,1.319063403701005
2021-02-04,0.47668253133081334,0.6414665459898984,0.6542112159276664,0.7763888888888889,0.6743119266055045,0.7788873038516405,Mid,Mid,Mid,1.3582825639456988,1.3777736028372989,1.3174911820904724
2021-02-05,0.4744611529390683,0.6291004800120631,0.641969349098143,0.768910478834143,0.613198900091659,0.7108262108262108,Mid,Mid,Mid,1.3600891460864568,1.3832725429447787,1.3232946813584703
2021-02-08,0.482309968111103,0.6384402083691062,0.6541091650952086,0.7857142857142857,0.6611721611721612,0.7780938833570412,Mid,Mid,Mid,1.3605257386108198,1.3831789785208697,1.3244020400474026
2021-02-09,0.48456536916511456,0.6420836425279416,0.6579908885119852,0.7920997920997921,0.6779505946935042,0.8039772727272727,Mid,Mid,High,1.3271966120306762,1.3694531299978467,1.310210967901796
2021-02-10,0.4909524909556105,0.6433396032516446,0.6591244305111146,0.8074792243767313,0.6819012797074955,0.8099290780141843,High,Mid,High,1.325444264659723,1.367516869052415,1.30926171329839
2021-02-15,0.4163087236656735,0.6150487289910687,0.6391392129632177,0.5577854671280277,0.5643835616438356,0.6912181303116147,Mid,Mid,Mid,1.3259189851894404,1.3691960054397811,1.308940363242036
2021-02-16,0.4241547500108333,0.6385263939553266,0.6614805821417931,0.5892116182572614,0.6605839416058394,0.8203677510608204,Mid,Mid,High,1.3338227653184709,1.3716467677014041,1.308598461722045
2021-02-17,0.4280781642446993,0.6372375845922507,0.6606477361649364,0.6088458880442295,0.6526891522333638,0.8177966101694916,Mid,Mid,High,1.3336601335187572,1.3709732480591794,1.3076527897670458
2021-02-18,0.42725143898730317,0.6167417029795641,0.6462615224913784,0.6022099447513812,0.5664845173041895,0.7277856135401974,Mid,Mid,Mid,1.3322854055545197,1.36959087850163,1.3081631357811019
2021-02-19,0.4228594108937371,0.6115159201469696,0.6418729951731207,0.5873015873015873,0.5586897179253867,0.704225352112676,Mid,Mid,Mid,1.3290597825299575,1.366433485022362,1.3050384769577599
2021-02-22,0.42007744342611436,0.5717625198073825,0.6305549074824167,0.5724137931034483,0.4390909090909091,0.6329113924050633,Mid,Mid,Mid,1.3289579164383976,1.3663980855673912,1.305086452582717
2021-02-23,0.43646686603547274,0.616145979514099,0.6659082318108496,0.6402481047553411,0.5658492279745686,0.848314606741573,Mid,Mid,High,1.3335268036728756,1.3701142372507014,1.3087275315253264
2021-02-24,0.41421531041128024,0.5885279102560205,0.6420390223374168,0.5482093663911846,0.5072595281306715,0.7054698457223001,Mid,Mid,Mid,1.3289182930786672,1.3678026383227635,1.3071755196427282
2021-02-25,0.410028999792625,0.5870915356960026,0.6412829849666303,0.5326909841706814,0.49773345421577514,0.6946778711484594,Mid,Mid,Mid,1.3272611990661336,1.3685058665454433,1.3072649616916183
2021-02-26,0.42446387367231564,0.6003839093038265,0.657779309745054,0.5894085281980743,0.5380434782608695,0.7986013986013986,Mid,Mid,Mid,1.3267284935369434,1.3616589345317218,1.2958903691752188
2021-03-02,0.43285630179635654,0.6116296936897974,0.6661614949761979,0.6274914089347079,0.5601809954751131,0.8491620111731844,Mid,Mid,High,1.3189442713904393,1.3547451839058333,1.2899954620753513
2021-03-03,0.4397559661024199,0.612774556479112,0.6672115944104554,0.6517857142857143,0.5605786618444847,0.8535564853556485,Mid,Mid,High,1.3134514799582473,1.353022483483648,1.2888720760875305
2021-03-04,0.43311494140989887,0.6014644259396339,0.6535606607946636,0.6286890871654084,0.5392953929539296,0.7618384401114207,Mid,Mid,Mid,1.3126588648889206,1.3557034290797991,1.2887520381168256
2021-03-05,0.43485717634489934,0.6045997257611425,0.6557825274910076,0.635116598079561,0.5505415162454874,0.7788595271210014,Mid,Mid,Mid,1.316499959176714,1.3544934704513143,1.2895920547881852
2021-03-08,0.43221174043812205,0.5913200442595923,0.645719691070699,0.6237148732008225,0.5148782687105501,0.7166666666666667,Mid,Mid,Mid,1.3218649161633187,1.3560571319176218,1.2944267898761777
2021-03-09,0.4451569583370369,0.6130505500414078,0.6641076583142352,0.673972602739726,0.5630630630630631,0.8335644937586685,Mid,Mid,High,1.31469146417339,1.3559170454192564,1.2892940321632396
2021-03-10,0.44564244419163046,0.6157668653845682,0.6650538463567061,0.6748802190280629,0.5670567056705671,0.8393351800554016,Mid,Mid,High,1.310293054660508,1.3540554346753781,1.2872432598804011
2021-03-11,0.4464181619637116,0.6177026829409562,0.6656158800020474,0.6778385772913816,0.5737410071942446,0.8423236514522822,Mid,Mid,High,1.3104331964972715,1.3575095477127204,1.2891947083181332
2021-03-12,0.43135578926068824,0.6061816510522454,0.6520156208121421,0.6165413533834586,0.5498652291105122,0.7472375690607734,Mid,Mid,Mid,1.3010556915493603,1.3496923660122477,1.2775923550243682
2021-03-15,0.40863601109693765,0.6003518811384996,0.6522988674492884,0.5218579234972678,0.5341113105924596,0.7503448275862069,Mid,Mid,Mid,1.2999616684773265,1.3525132833253906,1.2785759354857216
2021-03-16,0.40598889717609415,0.6124111903044825,0.6641633594373789,0.5133105802047782,0.5605381165919282,0.8319559228650137,Mid,Mid,High,1.278620241204268,1.3155816409591727,1.2687163604206955
2021-03-17,0.3949087846502873,0.6074777797550186,0.6605858945243352,0.47203274215552526,0.5519713261648745,0.811554332874828,Mid,Mid,High,1.278144115648208,1.3142818508400564,1.2683418333929484
2021-03-18,0.3967833425466392,0.6095355035623893,0.6627735963351524,0.47920927062031354,0.5550581915846016,0.8228021978021978,Mid,Mid,High,1.290456581431937,1.329060444802245,1.2711025370998148
2021-03-19,0.4143660893902205,0.6343085974734645,0.6835564980949798,0.5463215258855586,0.6475849731663685,0.8998628257887518,Mid,Mid,High,1.2818152561860352,1.3136567236515542,1.2562297932477529
2021-03-22,0.41701582073201465,0.6319908912593005,0.6815481178845629,0.5575221238938053,0.6318141197497766,0.8972602739726028,Mid,Mid,High,1.2582200298443973,1.2731739281622945,1.2383780770264676
2021-03-23,0.4236362300821203,0.641726402764781,0.6897420714785634,0.5863945578231292,0.6830357142857143,0.9110807113543091,Mid,Mid,High,1.253014330602781,1.2666974059608698,1.2276219084041822
2021-03-24,0.4057393155403588,0.6309450136960884,0.6797938801312137,0.512576478585996,0.6253345227475469,0.8920765027322405,Mid,Mid,High,1.2732983713770156,1.2774451211957876,1.2300415671954392
2021-03-25,0.3934255590693887,0.6291377645463099,0.6772550140123509,0.4639945652173913,0.6158645276292335,0.8826739427012278,Mid,Mid,High,1.2561529313485582,1.2654631439227615,1.2027024051284028
2021-03-26,0.4453462887689687,0.6938062449474359,0.7190439925513917,0.6754921928038018,0.9358860195903829,1.0,Mid,High,High,1.2945638051579398,1.2356641870817433,1.1464946232998983
2021-03-29,0.4479865177101079,0.7021517545146372,0.7264631376124568,0.6865671641791045,0.9564056939501779,1.0,Mid,High,High,1.2286576132224962,1.2939735397172123,1.212135150520303
2021-03-30,0.4449989979643514,0.6980328893056615,0.7224677750513854,0.6732203389830509,0.9457777777777778,0.998641304347826,Mid,High,High,1.1845610664946753,1.2551868636986037,1.1742416254021106
2021-03-31,0.46755693910930324,0.6725915052178654,0.6987334409447254,0.7439024390243902,0.8392539964476021,0.9538670284938942,Mid,High,High,1.2236604553167887,1.2886820423689849,1.2845548233500388
2021-04-01,0.4963009218353925,0.696955969519034,0.7197444521881634,0.8185511171293162,0.9432120674356699,0.997289972899729,High,High,High,1.2271430691521281,1.2060001590557328,1.2864114419187622
2021-04-02,0.5023322461204889,0.6887766347696913,0.7166395372610997,0.8288227334235453,0.9219858156028369,0.9945872801082544,High,High,High,1.2202743042143154,1.2019380855840185,1.282335427677978
2021-04-05,0.5044330925829971,0.6897069337408729,0.7165041956474308,0.8323191345503719,0.9229406554472985,0.9932432432432432,High,High,High,1.2316164875756481,1.2105128153054134,1.2656096738030826
2021-04-06,0.5098408881210978,0.6934815144723445,0.7184253107120636,0.8344594594594594,0.9327433628318584,0.9946018893387314,High,High,High,1.2308963118441563,1.2107563851899283,1.26611457801948
2021-04-07,0.46446021634746243,0.6747203774303326,0.6884753725992504,0.7319378798109386,0.8488063660477454,0.8975741239892183,Mid,High,High,1.2295386170967781,1.20941682022959,1.2731922460547846
2021-04-08,0.4440629715523763,0.6639981063178931,0.6789461417612483,0.6680161943319838,0.7826855123674912,0.8748317631224765,Mid,Mid,High,1.2492983891461371,1.2375898223823676,1.3027809928899168
2021-04-09,0.44294113039514554,0.6642238558648743,0.6786033197889862,0.6601483479433581,0.7828773168578994,0.8723118279569892,Mid,Mid,High,1.2444550851507605,1.2236887219639914,1.2883460258777049
2021-04-12,0.45608729505574225,0.6652909407351579,0.6783822897924211,0.7129380053908356,0.7865961199294532,0.8697986577181208,Mid,Mid,High,1.2442181504679353,1.2237876190007961,1.288143094883895
2021-04-13,0.4534635784433317,0.6653335561593668,0.6790303140232097,0.7023569023569024,0.786784140969163,0.8780160857908847,Mid,Mid,High,1.2381357614440112,1.2247860208357901,1.2896543720065474
2021-04-14,0.45536176797701994,0.6641440637642472,0.6797982465410808,0.7106325706594886,0.7808098591549296,0.8821954484605087,Mid,Mid,High,1.2420818583028512,1.2259274811696774,1.2756731252184204
2021-04-15,0.4595464529667171,0.6651920241832182,0.6807530200629821,0.7215870880968392,0.7845206684256816,0.8823529411764706,Mid,Mid,High,1.2385620863225355,1.223265360743517,1.27526364910191
2021-04-16,0.44746127566847366,0.6563207804989385,0.6675988221428186,0.6801075268817204,0.7434094903339191,0.8331108144192256,Mid,Mid,High,1.228066220666644,1.2174272008200904,1.2576844291149962
2021-04-19,0.4390715217518237,0.6333089651455674,0.6447925906205451,0.6447280053727333,0.6294995610184372,0.684,Mid,Mid,Mid,1.2261638215206672,1.2128564516446547,1.247335647446215
2021-04-20,0.4407346966163462,0.6472690776300323,0.6586997076685582,0.6496644295302013,0.6956140350877194,0.7776298268974701,Mid,Mid,Mid,1.2093797176381367,1.2007803710586653,1.234192073624392
2021-04-21,0.4389355708358796,0.6382470674403106,0.6506287761379879,0.6431924882629108,0.6555652936021035,0.714095744680851,Mid,Mid,Mid,1.2079488712889832,1.197355731821139,1.2281045771634689
2021-04-22,0.4356309766500271,0.6392086770540643,0.6509153522274678,0.6306970509383378,0.660245183887916,0.7144754316069057,Mid,Mid,Mid,1.2091326582095372,1.1954743105675938,1.218412762406682
2021-04-23,0.4384220774841756,0.641431015060623,0.6544818809624752,0.6423308774279973,0.6701662292213474,0.746684350132626,Mid,Mid,Mid,1.2176030249793457,1.2109188082692255,1.2430806227646005
2021-04-26,0.4668631866162764,0.6617454074615693,0.6713550399458054,0.7429718875502008,0.7657342657342657,0.847682119205298,Mid,Mid,High,1.2171173476727317,1.2125480049436,1.2440723813459773
2021-04-27,0.46736039735225093,0.6454297762352601,0.6585808287370319,0.7431438127090301,0.6908296943231441,0.7764550264550265,Mid,Mid,Mid,1.216324488879314,1.210796393446874,1.2582538327596984
2021-04-28,0.47258820775814425,0.6386432746657279,0.6559138462198771,0.767379679144385,0.6561954624781849,0.750330250990753,Mid,Mid,Mid,1.2212265001615916,1.2123048105964283,1.2498733763282666
2021-04-29,0.48600098567602057,0.5951459515360112,0.6166448991959244,0.8002672010688042,0.5100261551874455,0.5237467018469657,High,Mid,Mid,1.217733360125173,1.2051101032786424,1.2397923191995432
2021-04-30,0.5299780423447737,0.5964150838249368,0.6160179944765322,0.8671562082777036,0.5121951219512195,0.5217391304347826,High,Mid,Mid,1.218007780032141,1.2041743370710374,1.2370169301120946
2021-05-03,0.5222711547308235,0.5862319789289914,0.6051874664238549,0.8539026017344896,0.4699738903394256,0.4842105263157895,High,Mid,Mid,1.2145155213891963,1.2066378427701905,1.234181784266269
2021-05-04,0.557483229298596,0.6058902980950854,0.6264838377236627,0.928,0.5356521739130434,0.568988173455979,High,Mid,Mid,1.2142671988683915,1.2102726594264859,1.2303679835472698
2021-05-06,0.4204825368256393,0.46696505335583516,0.49597193936802936,0.5629580279813458,0.19548218940052128,0.2782152230971129,Mid,Low,Mid,1.2037735786676835,1.200753750302623,1.2252603043946728
2021-05-07,0.42118959557479085,0.46353279326497593,0.4910157467068233,0.5672436750998668,0.19270833333333334,0.2712975098296199,Mid,Low,Mid,1.1976278962974212,1.1690902169904354,1.2335747888912858
2021-05-10,0.4095712946176855,0.4541757710961889,0.4814782757808176,0.5163007318695941,0.18386816999132696,0.2591623036649215,Mid,Low,Mid,1.1903423599668508,1.167117540913535,1.2311730529048888
2021-05-11,0.413622219627378,0.45876868777520885,0.48628161787177243,0.5332446808510638,0.18890814558058924,0.265359477124183,Mid,Low,Mid,1.1946604116120454,1.1616354510963014,1.2461331973094445
2021-05-12,0.4177424892999246,0.4648832235163669,0.4924682732825055,0.5521594684385382,0.19653679653679654,0.27676240208877284,Mid,Low,Mid,1.1899551730478113,1.1579112462895422,1.23561655044329
2021-05-13,0.41680837931697073,0.4554237378302384,0.4826044824515896,0.5451527224435591,0.18598615916955016,0.25945241199478486,Mid,Low,Mid,1.1982470055209737,1.158847357427222,1.241996427630813
2021-05-14,0.42804342666886175,0.4606151948607326,0.4891336832014274,0.5985401459854015,0.19187554019014694,0.2734375,Mid,Low,Mid,1.200645561188467,1.14994926282861,1.245845188474819
2021-05-17,0.4238153411671761,0.4639659631326653,0.4908662810960906,0.5775862068965517,0.19689119170984457,0.2743823146944083,Mid,Low,Mid,1.2001814502947235,1.1478084179650867,1.2408349970703694
2021-05-18,0.4233310603894986,0.46499509285105733,0.49236430113215474,0.5765407554671969,0.1993097497842968,0.2779220779220779,Mid,Low,Mid,1.1908193166210166,1.1466566435929018,1.2352666526643827
2021-05-20,0.42242044497200487,0.46799794152161844,0.494056469563696,0.5728476821192053,0.2025862068965517,0.2814526588845655,Mid,Mid,Mid,1.1889958934221314,1.1443487889552202,1.230286539730258
2021-05-21,0.4218725645534211,0.46128858900608943,0.4870935421379666,0.5698213103904699,0.1920757967269595,0.266839378238342,Mid,Low,Mid,1.1961321704023806,1.146438233778817,1.2371929926844083
2021-05-24,0.4190373222314759,0.45024477988236855,0.47717134702668124,0.5555555555555556,0.1746987951807229,0.25614489003880986,Mid,Low,Mid,1.1922158538365015,1.1348319155235518,1.231470888998043
2021-05-25,0.41884513532865575,0.4514670832287668,0.475760183826121,0.5545274289491078,0.176268271711092,0.25452196382428943,Mid,Low,Mid,1.1877846867846928,1.1340932559686856,1.2336769869294966
2021-05-26,0.3976618892947806,0.450110157455675,0.4722281530575991,0.46829590488771466,0.17439862542955326,0.2503225806451613,Mid,Low,Mid,1.1831527342993793,1.1326494835114973,1.2332934099721122
2021-05-27,0.3980265266854515,0.45089511396020193,0.4720860399982883,0.46864686468646866,0.1759656652360515,0.25,Mid,Low,Mid,1.178307248014758,1.1234006963956011,1.231280869910579
2021-05-28,0.39839009255586383,0.448338584865043,0.46845439381143855,0.46965699208443273,0.1732418524871355,0.24581724581724582,Mid,Low,Mid,1.1712039157498508,1.1148136294308921,1.214226514026452
2021-05-31,0.39347378794107496,0.44492928020645023,0.46527452649960127,0.45088991430454844,0.17309340188517566,0.2377892030848329,Mid,Low,Mid,1.169252634214456,1.1204164078955636,1.2097349472710712
2021-06-01,0.3918733838243858,0.4709141557908154,0.4886981962708612,0.44466403162055335,0.2106164383561644,0.2772785622593068,Mid,Mid,Mid,1.1710264066641733,1.1257321590022984,1.2124387248919006
2021-06-02,0.39281552711490786,0.47419079833955835,0.4899787781143355,0.4489795918367347,0.21129170230966637,0.28076923076923077,Mid,Mid,Mid,1.1718147182247665,1.1273407397417337,1.2201364422045087
2021-06-03,0.3931491110685252,0.4689207130644864,0.48323681279517916,0.45,0.20854700854700856,0.26504481434058896,Mid,Mid,Mid,1.1723229688950054,1.1279543945187143,1.221573221397696
2021-06-04,0.39456482111837826,0.4539371399997014,0.46861246683088903,0.4556213017751479,0.18445772843723313,0.24680306905370844,Mid,Low,Mid,1.1695634999989897,1.1205859877809075,1.1903936861828819
2021-06-07,0.38423339520649424,0.44216473224761454,0.4538530154811236,0.4152431011826544,0.1697952218430034,0.21839080459770116,Mid,Low,Mid,1.1581837019587913,1.0706272677737083,1.1575450480519605
2021-06-08,0.38780158565393,0.44242138683291427,0.4544464982041821,0.43204202232435984,0.17220801364023872,0.22066326530612246,Mid,Low,Mid,1.1453613011182109,0.9621280398827439,1.1314922744477176
2021-06-09,0.3786655363984582,0.44325700636441295,0.45418114948154864,0.39763779527559057,0.17291311754684838,0.22038216560509555,Mid,Low,Mid,1.1470214503835834,0.9617523861101743,1.134143777209027
2021-06-10,0.3788188285343921,0.4402486949047593,0.45093902043889617,0.39868852459016396,0.16680851063829788,0.20737913486005088,Mid,Low,Mid,1.148246530840815,0.9744237911785358,1.1479734053856576
2021-06-11,0.37781008624514456,0.43994241927139316,0.4512828818333423,0.39384010484927917,0.16666666666666666,0.20838627700127066,Mid,Low,Mid,1.148489064868797,0.9746949686988582,1.1483492345630237
2021-06-14,0.3773319815244402,0.44057580118554673,0.45155876543227674,0.39161755075311067,0.16822429906542055,0.2131979695431472,Mid,Low,Mid,1.1484957965229625,0.9745224209806425,1.1508342661309254
2021-06-15,0.37409317205495646,0.43303330826837955,0.44319227302617586,0.38154450261780104,0.15534804753820033,0.19898605830164764,Mid,Low,Low,1.1492287418915177,0.9745218557714149,1.1511766092859388
2021-06-16,0.37393136144748135,0.4339699242174568,0.4441448330588697,0.3806409417920209,0.15860899067005937,0.2,Mid,Low,Low,1.1464769352456348,0.9797007175923668,1.145932064704166
2021-06-17,0.37194838759765886,0.4356159128235573,0.4455140556805379,0.3712418300653595,0.16440677966101694,0.202275600505689,Mid,Low,Mid,1.1342242511151075,0.9715117549541911,1.1406447525331034
2021-06-18,0.37701810979600503,0.4354521482617761,0.44381348675843,0.3919007184846506,0.1642675698560542,0.1994949494949495,Mid,Low,Low,1.0902450759205282,0.9003442658568692,1.0728765156373399
2021-06-21,0.37155501863908436,0.4328254818690736,0.4412989961725908,0.37010443864229764,0.15397631133671744,0.19546027742749053,Mid,Low,Low,1.0679266817190436,0.8804918867882748,1.058459690588785
2021-06-22,0.34554786298029755,0.3920788087409656,0.40555658756705104,0.29549902152641877,0.09213863060016907,0.11964735516372796,Mid,Low,Low,1.0568785273302208,0.8766157758311458,1.0578483795537552
2021-06-23,0.35626306740115643,0.392604164824438,0.40484761740712344,0.3305084745762712,0.0929054054054054,0.11572327044025157,Mid,Low,Low,1.0578622799567001,0.8754883183153429,1.0650061249040277
2021-06-24,0.35484462022537855,0.3871981297815931,0.39819022766433304,0.3237785016286645,0.08270042194092828,0.10050251256281408,Mid,Low,Low,1.055991221361251,0.8749980864151141,1.0637568495909107
2021-06-25,0.34546696449842673,0.3922061864305755,0.40254831087191617,0.294921875,0.09359190556492411,0.11041405269761606,Mid,Low,Low,1.0490405191170218,0.8701756930318829,1.0625522222160733
2021-06-28,0.3252713953575752,0.3660984144266268,0.3747688838510399,0.2277163305139883,0.05644481887110362,0.06015037593984962,Mid,Low,Low,1.0498775485115857,0.8710394508059038,1.0638231246777399
2021-06-29,0.328389267544785,0.3683585230599569,0.37724510871699346,0.23797139141742524,0.06060606060606061,0.06633291614518148,Mid,Low,Low,1.0468407959053867,0.8744192329532102,1.068299038757457
2021-06-30,0.33020620315019067,0.36572851536981804,0.37479071582247414,0.24366471734892786,0.05550883095037847,0.06125,Mid,Low,Low,1.0433122667166568,0.8566148363332069,1.0954465709046581
2021-07-01,0.3289441024934651,0.3656692246723731,0.374578525462137,0.2396103896103896,0.05546218487394958,0.0599250936329588,Mid,Low,Low,1.042322001086344,0.8617943411446398,1.0881670955445153
2021-07-02,0.3314227910661964,0.38159665802230497,0.3902139148851518,0.24594419208306295,0.07808564231738035,0.08603491271820449,Mid,Low,Low,1.0488354863483051,0.8863626585328986,1.1405035188706358
2021-07-05,0.3291087961615719,0.3817025632565425,0.39027700270377647,0.23994811932555124,0.07885906040268456,0.08717310087173101,Mid,Low,Low,1.048836092483627,0.8832204053014041,1.1389051466411657
2021-07-06,0.3315258367237322,0.38298591799698073,0.3915118432930533,0.24821775761503564,0.08046940486169321,0.09079601990049752,Mid,Low,Low,1.0479209307634092,0.881143854323158,1.1320172346585837
2021-07-07,0.32382101256546747,0.3764122243814698,0.3853342857707389,0.22215025906735753,0.0711892797319933,0.07577639751552795,Mid,Low,Low,1.050091506993826,0.8793958457511845,1.1424666062805837
2021-07-08,0.32469695628664574,0.37904033722817804,0.3875229504910887,0.22653721682847897,0.07615062761506276,0.08064516129032258,Mid,Low,Low,1.05728025655791,0.8814088493354825,1.1468960912797277
2021-07-09,0.32522164815172533,0.37961736538270724,0.3877947078876874,0.2276843467011643,0.07692307692307693,0.08302354399008674,Mid,Low,Low,1.0741780726027697,0.8935441080933582,1.1671730042010562
2021-07-12,0.3247274425462806,0.38186386982855697,0.38999010793800126,0.226890756302521,0.08187134502923976,0.0891089108910891,Mid,Low,Low,1.0740027145755988,0.8929216679550408,1.1638874124044507
2021-07-13,0.327615411966912,0.3866694435610283,0.39504796513802937,0.23578811369509045,0.09098497495826377,0.10506798516687268,Mid,Low,Low,1.0752605264612347,0.8952402810698908,1.163013425053084
2021-07-14,0.3320052775799074,0.3929892278327833,0.401630578351657,0.2550032278889606,0.1042535446205171,0.12222222222222222,Mid,Low,Low,1.074317892312697,0.8941282930844111,1.1633747714503837
2021-07-15,0.3336057167915027,0.3919953022817772,0.4002278899175871,0.2632258064516129,0.10166666666666667,0.11713933415536375,Mid,Low,Low,1.0675851398524636,0.884993318518537,1.154585069239222
2021-07-16,0.3356208127721669,0.3946224166320094,0.4025270313677746,0.27401676337846553,0.10657785179017486,0.12561576354679804,Mid,Low,Low,1.0402943337531447,0.8767907219182459,1.1439326268386447
2021-07-19,0.3380031150241118,0.3993819663179348,0.407594096034418,0.2809278350515464,0.11397670549084858,0.14268142681426815,Mid,Low,Low,1.0404722514102112,0.876087774002444,1.1434815100409328
2021-07-20,0.3371422028497936,0.39945897664655966,0.4075224680728015,0.2781712813908564,0.11471321695760599,0.14250614250614252,Mid,Low,Low,1.0412153496766023,0.8766033373143358,1.140270193153557
2021-07-21,0.31784558217304054,0.3745557968277778,0.38687134455067623,0.20785070785070786,0.07059800664451828,0.07975460122699386,Mid,Low,Low,1.0440585154488373,0.8813594600023624,1.147736224266407
2021-07-22,0.32061465445133325,0.3773082010536877,0.3900001979011994,0.21221864951768488,0.07302904564315353,0.09068627450980392,Mid,Low,Low,1.0382845411434973,0.8781662597091197,1.1500316161467194
2021-07-23,0.3155252941132797,0.3710337716210677,0.3826585340040971,0.20051413881748073,0.06882255389718077,0.07221542227662178,Mid,Low,Low,1.0370410818476772,0.8757892356224748,1.1526092035850566
2021-07-26,0.3079919789916825,0.3771928509964342,0.3899354784104609,0.17597944765574824,0.07290803645401822,0.09046454767726161,Low,Low,Low,1.0296798809214798,0.8569972844837049,1.1399389697150455
2021-07-27,0.21568516866376689,0.3590418568466664,0.3710984783038822,0.04685494223363286,0.04056291390728477,0.052503052503052504,Low,Low,Low,1.0278642309410464,0.855317434421794,1.143107512209603
2021-07-28,0.20828165127274834,0.360734499419652,0.3728634848885803,0.03848620910840282,0.043837882547559964,0.05853658536585366,Low,Low,Low,1.0242843587274797,0.8533316342742989,1.143702255437009
2021-07-29,0.16201179510746866,0.34201987228456576,0.35185875897785374,0.019230769230769232,0.01652892561983471,0.03654080389768575,Low,Low,Low,1.0238731671394068,0.8511610706500943,1.1413872752780496
2021-07-30,0.311877503238783,0.4907366606900812,0.4956701781714816,0.19282511210762332,0.2634186622625929,0.3284671532846715,Low,Mid,Mid,1.0271007403888335,0.8513702182715387,1.1433411364142867
2021-08-02,0.31515061137547234,0.4926156622108633,0.49749497009992893,0.2003841229193342,0.26732673267326734,0.33414337788578374,Mid,Mid,Mid,1.0277239399335947,0.856326268329992,1.162590233784851
2021-08-03,0.3344613153011194,0.51491010323804,0.5209137057885329,0.272552783109405,0.31409727947238253,0.3713592233009709,Mid,Mid,Mid,1.0260989053821807,0.8564015314263527,1.1603518259972405
2021-08-04,0.31035399391571167,0.5098067963877978,0.5139014882465269,0.18542199488491048,0.30724876441515653,0.35393939393939394,Low,Mid,Mid,1.025290311488631,0.8564149613712355,1.1584446007570048
2021-08-05,0.3040703743203567,0.5044842860238057,0.509960473799051,0.16805111821086263,0.30205761316872426,0.34382566585956414,Low,Mid,Mid,1.025201781468708,0.861331841166703,1.1690531918958529
2021-08-06,0.3040876793332125,0.5099969652403029,0.5159750423975549,0.1685823754789272,0.3092105263157895,0.3615477629987908,Low,Mid,Mid,1.0259639654407002,0.8596015018410568,1.1684803404168491
2021-08-09,0.29178573715150297,0.5099438784334559,0.5139706829836989,0.1429483088704531,0.30895645028759244,0.35507246376811596,Low,Mid,Mid,1.0273842595323375,0.858781616162019,1.172038598995148
2021-08-10,0.29488361488388654,0.494733080605991,0.4989220010868875,0.14795918367346939,0.270935960591133,0.33293124246079614,Low,Mid,Mid,1.0415517134928276,0.8676137113023216,1.1696958557115615
2021-08-11,0.2965101487185407,0.4915411962177471,0.4931670422174917,0.15423836838750796,0.26333059885151766,0.3216867469879518,Low,Mid,Mid,1.044570416746717,0.8606974986283864,1.1783730405007133
2021-08-12,0.2810653981222918,0.4663680434094919,0.46667109297002973,0.11910828025477707,0.22868852459016392,0.27557160048134777,Low,Mid,Mid,1.0516621475082648,0.867628459134211,1.1795026421733545
2021-08-13,0.27392628845674993,0.4588882257913975,0.4577866211529904,0.10248249522597072,0.21785421785421785,0.25721153846153844,Low,Mid,Mid,1.0532484132766333,0.8769033444447156,1.179835896367229
2021-08-17,0.33181559827126245,0.500793119329429,0.5000691779009726,0.26145038167938933,0.29296235679214405,0.33733493397358943,Mid,Mid,Mid,1.0365590348675224,0.8705724940935893,1.1497701057502625
2021-08-18,0.3236419115887334,0.4933547112544108,0.4911294485152926,0.22759059122695485,0.2714636140637776,0.31774580335731417,Mid,Mid,Mid,1.043504525373774,0.8824356909626484,1.165367267042604
2021-08-19,0.37249449886568614,0.5201005454105841,0.5194141896845483,0.3900889453621347,0.3276143790849673,0.3724550898203593,Mid,Mid,Mid,1.0446792724324923,0.8844439399670952,1.1631525321910752
2021-08-20,0.3531541055833755,0.5115488412501614,0.5094434101482731,0.3333333333333333,0.31673469387755104,0.34688995215311,Mid,Mid,Mid,1.098418526323552,0.9159578803091395,1.2150604057170347
2021-08-23,0.37934863376834754,0.5316877936752232,0.5299734478612234,0.41878172588832485,0.3474714518760196,0.3906810035842294,Mid,Mid,Mid,1.0805986054920511,0.8909272975641035,1.1812140919071428
2021-08-24,0.3944017155714757,0.5492010954051575,0.5477817816355669,0.47368421052631576,0.3871230643846781,0.4152744630071599,Mid,Mid,Mid,1.0941375833248634,0.9025328341055091,1.1853801303085998
2021-08-25,0.3894709130042686,0.4877586401473006,0.48894975884392494,0.4550063371356147,0.25814332247557004,0.3110846245530393,Mid,Mid,Mid,1.0993238058923174,0.8777797094704004,1.1736660364995075
2021-08-26,0.3831000585926254,0.48276149929349743,0.4832013500352817,0.42938568714376185,0.24979658258746948,0.29642857142857143,Mid,Mid,Mid,1.1039823293163566,0.8777829497464594,1.1762930391615258
2021-08-27,0.38523221113940137,0.4919755906420216,0.49098530400344403,0.44113924050632913,0.2658536585365854,0.3162901307966706,Mid,Mid,Mid,1.1104088831130121,0.8829734061588371,1.1782338695723384
2021-08-30,0.3907263127014749,0.5188058026926966,0.513881772127822,0.4604680581910183,0.3281884646628757,0.35985748218527314,Mid,Mid,Mid,1.1019136780547516,0.8682313220387041,1.1713515387374716
2021-08-31,0.4023601738023544,0.5331445391698876,0.5282495027799502,0.5056890012642224,0.3522727272727273,0.3926453143534994,Mid,Mid,Mid,1.101589478533032,0.8686429140748592,1.1743742352687592
2021-09-01,0.398422217181192,0.5332476193394405,0.5293631904301963,0.4914718888186987,0.35279805352798055,0.3933649289099526,Mid,Mid,Mid,1.0909125694558675,0.8547385796274002,1.158216040127715
2021-09-02,0.4014798662918304,0.5299389064475583,0.524581595049358,0.5025252525252525,0.3460291734197731,0.3905325443786982,Mid,Mid,Mid,1.0891893668428443,0.854501040383869,1.1556522110211842
2021-09-03,0.39913544284585867,0.5302843413436796,0.5244198105905395,0.4933753943217666,0.3465587044534413,0.3900709219858156,Mid,Mid,Mid,1.0836553269341853,0.8547808139631861,1.1473756165159763
2021-09-06,0.3980339145212927,0.5302527868087311,0.5235080800769983,0.489281210592686,0.34627831715210355,0.3837072018890201,Mid,Mid,Mid,1.0775724239458848,0.8500013631037376,1.143135517315264
2021-09-07,0.40601303572617303,0.5365222312302783,0.5283122387227196,0.5229993698802773,0.3670169765561843,0.39504716981132076,Mid,Mid,Mid,1.079084699049385,0.8523605759175413,1.1439339740061534
2021-09-08,0.4112795583995758,0.5531910545284223,0.5460570262425182,0.5459697732997482,0.401453957996769,0.4204946996466431,Mid,Mid,Mid,1.0802602704841484,0.8558745130428819,1.1437325894889274
2021-09-09,0.36382718234116673,0.5621235636796847,0.5559234759382787,0.36249213341724357,0.43422114608555284,0.44588235294117645,Mid,Mid,Mid,1.0836182792698608,0.8518789713893579,1.1403047746732842
2021-09-10,0.3578129608955318,0.5876677322186702,0.5819511276043768,0.34654088050314463,0.5201612903225806,0.48766157461809634,Mid,Mid,Mid,1.0967891062220188,0.8461754695985415,1.1466354019187384
2021-09-13,0.3512789931481602,0.5823442350051798,0.5764051397594375,0.32432432432432434,0.4931506849315068,0.4823943661971831,Mid,Mid,Mid,1.103075742491433,0.8554428277633426,1.1536143488113006
2021-09-14,0.3604418568886114,0.6012022815020923,0.5958126306482642,0.353643216080402,0.5579710144927537,0.5240328253223916,Mid,Mid,Mid,1.102243006584003,0.8488675301110775,1.1513631957748331
2021-09-15,0.3660318760304737,0.6130225677346192,0.606113422344524,0.3709981167608286,0.584070796460177,0.5409836065573771,Mid,Mid,Mid,1.1080428892600889,0.8438596917444678,1.147620271505436
2021-09-16,0.3448472681207723,0.5972869939744025,0.5904257112374773,0.30614805520702637,0.5498392282958199,0.5052631578947369,Mid,Mid,Mid,1.1077923909137788,0.8444397672591034,1.1486716455487296
2021-09-17,0.3517843577971824,0.5668391380044705,0.5614986104392504,0.32727272727272727,0.44096385542168676,0.4532710280373832,Mid,Mid,Mid,1.1071178354230147,0.84791962790824,1.144051752154186
2021-09-23,0.3457990693578192,0.5479895453025854,0.5439808254254413,0.3107769423558897,0.38764044943820225,0.41540256709451573,Mid,Mid,Mid,1.1002992781496175,0.8476057485012448,1.1485610306344272
2021-09-24,0.34887151114625525,0.5408367668431956,0.5359119962292236,0.3199749530369443,0.37129109863672816,0.40675990675990675,Mid,Mid,Mid,1.1069266192432377,0.8450182192480792,1.1533990121690227
2021-09-27,0.35182880862321647,0.5383596770849244,0.5327236386088003,0.3285356695869837,0.36698717948717946,0.3969732246798603,Mid,Mid,Mid,1.1105140830630695,0.8426630395899791,1.1691916639946733
2021-09-28,0.35372504237515306,0.540250057155243,0.5338437468251132,0.33458411507191993,0.37149719775820655,0.3988372093023256,Mid,Mid,Mid,1.1111434424641102,0.8425468276747472,1.1681446758889145
2021-09-29,0.3533400670905227,0.5394321457892688,0.532235759886795,0.333125,0.3688,0.39605110336817656,Mid,Mid,Mid,1.1116331091992602,0.833980408609677,1.1416311831518204
2021-09-30,0.3582064695558857,0.5174838183282965,0.5092528471407883,0.35165521549031853,0.31974420463629094,0.339907192575406,Mid,Mid,Mid,1.1025089302021314,0.820521288757839,1.133176104680203
2021-10-01,0.349461383034978,0.5028983922284155,0.4982841734312693,0.3208489388264669,0.2963258785942492,0.32792584009269987,Mid,Mid,Mid,1.1021578764134876,0.8205421663594675,1.134481699012882
2021-10-05,0.3469794358500302,0.502158846385189,0.4978064206841557,0.3119151590767311,0.29529130087789307,0.3275462962962963,Mid,Mid,Mid,1.1075900275656727,0.8050875057895788,1.1303629785111944
2021-10-06,0.3617713945136612,0.5012622074500491,0.49648381125994917,0.36034912718204487,0.2926634768740032,0.3248554913294798,Mid,Mid,Mid,1.0955891620689975,0.798000454906795,1.1339265453633396
2021-10-07,0.3503327059550594,0.4962817262678139,0.48847529259945205,0.3221183800623053,0.2733067729083665,0.29907621247113164,Mid,Mid,Mid,1.1011286832753666,0.815332841929186,1.1579374105983582
2021-10-08,0.3473309547570005,0.5091065019416309,0.501808325343891,0.3138231631382316,0.30812101910828027,0.3356401384083045,Mid,Mid,Mid,1.1000790914334004,0.8291913380800587,1.1480856007266205
2021-10-12,0.3445567133185901,0.4984168776267948,0.4938314489473948,0.30242688238954574,0.27923627684964203,0.31682027649769584,Mid,Mid,Mid,1.1032255099113533,0.8397915828437925,1.1475060184316361
2021-10-13,0.3435074915096689,0.49580542554663376,0.49116129446628404,0.2997512437810945,0.2702702702702703,0.31070195627157654,Mid,Mid,Mid,1.0974961780462973,0.8281975631331713,1.1547934158014033
2021-10-14,0.33715409094963067,0.48110267730597095,0.47992971191407013,0.28216283405842135,0.24305003971405878,0.2827586206896552,Mid,Mid,Mid,1.1005279761601787,0.8232934311066475,1.1507420555947496
2021-10-15,0.3427339663274542,0.4837927713588503,0.4822473935532933,0.2981366459627329,0.24841269841269842,0.2847301951779564,Mid,Mid,Mid,1.0945772593102991,0.8112909106382075,1.1558403921432947
2021-10-18,0.3413010715646327,0.48403777904208356,0.48226102205049476,0.2905027932960894,0.24900872323552736,0.2855504587155963,Mid,Mid,Mid,1.0959096887069122,0.814144495071188,1.1574021526913403
2021-10-19,0.34410272852153767,0.4803949611844441,0.47908990924977335,0.3027295285359802,0.24167987321711568,0.281786941580756,Mid,Mid,Mid,1.0974333607371742,0.8152999549391605,1.1567121120307484
2021-10-20,0.34182888008878237,0.4802670295924913,0.4786211742363368,0.2938623682579045,0.2414885193982581,0.2814645308924485,Mid,Mid,Mid,1.093217899139827,0.8097508209984824,1.1457170870402718
2021-10-21,0.33769690906104727,0.4594876025246471,0.4568799054533306,0.28314745972738536,0.21123417721518986,0.24457142857142858,Mid,Mid,Mid,1.0907846884245,0.8099368851474444,1.143054324887808
2021-10-22,0.340292483275703,0.46550794094270653,0.4615073747339656,0.2885448916408669,0.22213438735177865,0.2545662100456621,Mid,Mid,Mid,1.0917730344400938,0.8136635344409692,1.1451586637664013
2021-10-25,0.352091502522109,0.4758538884916949,0.47350579461648845,0.3341584158415842,0.23380726698262244,0.2782212086659065,Mid,Mid,Mid,1.0916936286000736,0.813951842003982,1.145378469269762
2021-10-26,0.35604587174675123,0.464256156097745,0.46392207478592723,0.3512677798392084,0.21941594317284924,0.25626423690205014,Mid,Mid,Mid,1.0993206006887557,0.8163035938467509,1.1572278738738637
2021-10-27,0.35523466898984973,0.45654402626927326,0.4594963311427029,0.34857849196538937,0.20741324921135645,0.2514220705346985,Mid,Mid,Mid,1.1025216432068545,0.8100593070171717,1.152688781496133
2021-10-28,0.3577835209292282,0.4589584377195794,0.4620716942685714,0.3551575046324892,0.2111899133175729,0.2556818181818182,Mid,Mid,Mid,1.0987132046253245,0.7818998213798662,1.1434152370142607
2021-10-29,0.36237559268404684,0.4641240760366773,0.4653482363530658,0.3685185185185185,0.2204724409448819,0.26220204313280365,Mid,Mid,Mid,1.1022477836501616,0.783701888943883,1.1448172799696394
2021-11-01,0.3463035002793537,0.44700840290577276,0.44903388331547406,0.3133867982726712,0.1904012588512982,0.21882086167800455,Mid,Low,Mid,1.0976964033696077,0.7775646319710116,1.1247087818696127
2021-11-02,0.3474289800198756,0.4525198320025347,0.4546510130535532,0.31750924784217016,0.20125786163522014,0.24009060022650056,Mid,Mid,Mid,1.0933638046289775,0.7738585757510171,1.1220794884953638
2021-11-03,0.34511264486168586,0.4494070024605216,0.4516965698721717,0.3068391866913124,0.19167321288295366,0.22963800904977374,Mid,Low,Mid,1.08587916952743,0.7684904794080456,1.1160345847887772
2021-11-04,0.35198225127433985,0.44958903123466715,0.4519791540252695,0.33435960591133007,0.19230769230769232,0.2327683615819209,Mid,Low,Mid,1.0820923925132857,0.7724224529033935,1.1246900949339498
2021-11-05,0.3455922300335659,0.4448926750287441,0.446537444073392,0.30953846153846154,0.18901960784313726,0.21557562076749437,Mid,Low,Mid,1.0911985656593886,0.7908757603463406,1.1336163413611715
2021-11-08,0.3428261802735182,0.4451198623485542,0.4468104401913042,0.2988929889298893,0.19043887147335423,0.21645997745208567,Mid,Low,Mid,1.0895037495775142,0.7972132950872636,1.1334120872926747
2021-11-09,0.3449425065966374,0.44055455181144243,0.442207372764837,0.30669944683466505,0.18089271730618636,0.20833333333333334,Mid,Low,Mid,1.0909976085332582,0.8022916632665897,1.139426344859405
2021-11-10,0.3443162224697425,0.44527492194216967,0.4469038429186141,0.3034398034398034,0.19170579029733958,0.21822272215973004,Mid,Low,Mid,1.0871651192669565,0.8007774036087641,1.1347222416007783
2021-11-11,0.3432227496756189,0.44030675293920424,0.4422644402535821,0.2995702885205648,0.18060985144644254,0.20898876404494382,Mid,Low,Mid,1.1073588000331307,0.8063512122142577,1.1491335613835538
2021-11-12,0.338291729664644,0.43883681422195836,0.44317321728580733,0.28343558282208586,0.17890625,0.21099887766554434,Mid,Low,Mid,1.1074094561275032,0.8087702523661972,1.1483666566256239
2021-11-15,0.3414002175564026,0.4411608548596206,0.4463185380256989,0.29061925199264255,0.18423106947697113,0.21748878923766815,Mid,Low,Mid,1.080076595128322,0.7782477624575082,1.165083982299933
2021-11-16,0.3165448446133594,0.4254644117294601,0.4308917282974419,0.20159313725490197,0.15132605304212168,0.1937290033594625,Mid,Low,Low,1.07807129743874,0.7752754736406966,1.1641408258346284
2021-11-17,0.3206624279734139,0.4306331425194602,0.4373194100408713,0.21249234537660747,0.16134060795011693,0.203579418344519,Mid,Low,Mid,1.0825347557805203,0.7703152305274454,1.1691959899682423
2021-11-18,0.3066229954923617,0.4050045046445406,0.41140566361966197,0.16829865361077112,0.12227414330218069,0.15307262569832403,Low,Low,Low,1.0881725014672523,0.7701955763917961,1.1669034091262582
2021-11-19,0.31027190193380544,0.4033174746588664,0.4094459985657903,0.181651376146789,0.1198443579766537,0.14620535714285715,Low,Low,Low,1.0962771157504463,0.7755988718843502,1.1647756398095135
2021-11-22,0.27634703825420925,0.38360318152732953,0.39216053802224254,0.10146699266503667,0.08553654743390357,0.09698996655518395,Low,Low,Low,1.0590101885311938,0.7471798876928452,1.1187236664385252
2021-11-23,0.2599569051359547,0.36981442237377626,0.37911181683226847,0.07513744654856444,0.06371406371406371,0.06792873051224944,Low,Low,Low,1.059035540661251,0.7375123029190613,1.1224573399378424
2021-11-24,0.2622441796808745,0.3839216444589046,0.3930874298961757,0.07692307692307693,0.08773291925465838,0.10011123470522804,Low,Low,Low,1.0580774335796557,0.7387983679604238,1.1275777757136083
2021-11-25,0.2637534331941683,0.389021428185671,0.3982208119619352,0.07992678462477121,0.0969743987587277,0.11444444444444445,Low,Low,Low,1.0592013997594565,0.7398527734667667,1.1309041170019678
2021-11-26,0.2660286138216295,0.3933342717080137,0.4024424476878767,0.08353658536585366,0.10697674418604651,0.12541620421753608,Low,Low,Low,1.0559847915973226,0.7363046681098555,1.1245765050863075
2021-11-29,0.26916783688051976,0.4039375758520492,0.4124897275664548,0.09323583180987204,0.12393493415956623,0.1607538802660754,Low,Low,Low,1.0364443745359484,0.6457778796987295,1.099964500439411
2021-11-30,0.26478171614702367,0.40281162975294976,0.41044506637438943,0.08160779537149818,0.12151702786377709,0.15282392026578073,Low,Low,Low,1.0411465322508708,0.6601538703384987,1.1089475807969984
2021-12-01,0.2991753038756676,0.39514079914909117,0.40072385625586576,0.15824710894704808,0.10982211910286156,0.12057522123893805,Low,Low,Low,1.0633284101627114,0.6853490159058624,1.1132710791473939
2021-12-02,0.30619725682088855,0.4005195280745765,0.41010821659414726,0.1721411192214112,0.11901081916537867,0.15359116022099448,Low,Low,Low,1.0736236721217975,0.7090120918483109,1.1069058305240929
2021-12-03,0.30752208077329096,0.40280103937875317,0.4120886222368693,0.17750759878419453,0.12277992277992278,0.16335540838852097,Low,Low,Low,1.0947978518195334,0.7150210892084358,1.1193922635411868
2021-12-06,0.30816327549461475,0.4050927644377789,0.41423820710901227,0.181044957472661,0.13040123456790123,0.16648291069459759,Low,Low,Low,1.0873012083231863,0.7287466934444371,1.123990998840465
2021-12-07,0.29590683322191313,0.4155695511353424,0.42527389321739945,0.1493624772313297,0.14957594448727835,0.1883259911894273,Low,Low,Low,1.0918634950081785,0.7261039643330399,1.1226490892344438
2021-12-08,0.29702546795258317,0.42108273736187574,0.4302194753120437,0.15473300970873785,0.15485362095531588,0.20462046204620463,Low,Low,Mid,1.1079421761292954,0.7432428560286295,1.139048487907762
2021-12-09,0.3206311174622546,0.4165056807712039,0.4249653305532594,0.21952698605215282,0.15088529638183218,0.1879120879120879,Mid,Low,Low,1.1091141612462285,0.7413116886243926,1.1398376452457206
2021-12-10,0.32842479463632357,0.39312313032766544,0.4035869364696582,0.24787878787878787,0.10615384615384615,0.13062568605927552,Mid,Low,Low,1.1135844518252629,0.737474050494054,1.1374468312787824
2021-12-13,0.3295362193341874,0.3888909666022345,0.3994164875174411,0.2501514233797698,0.09607993850883935,0.11403508771929824,Mid,Low,Low,1.1156407720349784,0.7353312372623351,1.1356327428680353
2021-12-14,0.32620679049090784,0.3703913366506873,0.3814814545117094,0.24031476997578693,0.06451612903225806,0.06900328587075576,Mid,Low,Low,1.121253578301746,0.7410209682741234,1.1372256319744227
2021-12-15,0.3307087672981083,0.37052132959440226,0.381660465929704,0.2558983666061706,0.06600153491941672,0.0700218818380744,Mid,Low,Low,1.135132856425954,0.7510520442521506,1.1532832415611098
2021-12-16,0.3262112103594895,0.3687753534800198,0.38011567153397396,0.24062877871825877,0.06058282208588957,0.06775956284153005,Mid,Low,Low,1.136370794770819,0.7516899160810102,1.1553624030153322
2021-12-17,0.32240943881850986,0.3840144614263334,0.39970477252685344,0.22114803625377644,0.0896551724137931,0.11790393013100436,Mid,Low,Low,1.117309096609703,0.7452860872075255,1.154352493718894
2021-12-20,0.3195443393769274,0.40505301738724864,0.42117705043632164,0.21618357487922704,0.1339969372128637,0.18865866957470012,Mid,Low,Low,1.1212707650543745,0.7421664213560615,1.1522180943720133
2021-12-21,0.3180211905636813,0.41417194000216817,0.4303749756943689,0.21424260712130355,0.1530221882172915,0.21350762527233116,Mid,Low,Mid,1.1367886338676998,0.7523501335034043,1.1594838440581865
2021-12-22,0.30423112346310843,0.42752645406945855,0.44309319246052503,0.16887816646562123,0.1704892966360856,0.23286180631120784,Low,Low,Mid,1.135841024713253,0.7541842485202161,1.1584898720348078
2021-12-23,0.2907396482793353,0.4236791345042184,0.43911584301702433,0.13863773357444242,0.1627196333078686,0.225,Low,Low,Mid,1.1341024493270875,0.7540920385879927,1.1559816822272406
2021-12-24,0.29994007302296416,0.4265714949739741,0.4423951080107775,0.1608433734939759,0.1687022900763359,0.23235613463626492,Low,Low,Mid,1.1344595777545503,0.7552368502022835,1.156285329029755
2021-12-27,0.2786484681274637,0.42646935039603456,0.44189547935304335,0.11077664057796509,0.16781083142639205,0.2299349240780911,Low,Low,Mid,1.1316477779938445,0.752713134545636,1.1554906684555981
2021-12-28,0.2867498739297733,0.44900212280634705,0.46043963661415344,0.13237063778580024,0.21417682926829268,0.28602383531960995,Low,Mid,Mid,1.140948185952164,0.7468477816512538,1.1533750160277694
2021-12-29,0.3135461531512686,0.47077583557707836,0.4817954927902452,0.20204449789536982,0.25666412795125665,0.3235930735930736,Mid,Mid,Mid,1.1502027013428286,0.7550652470137434,1.1527687730488938
2021-12-30,0.33177831022506193,0.4645197458204247,0.475834725711588,0.2668269230769231,0.2465753424657534,0.31675675675675674,Mid,Mid,Mid,1.1468059694798753,0.7547031998583056,1.1469641303958693
2022-01-03,0.3334477105571212,0.46369188561410274,0.4776009277939203,0.27627627627627627,0.24334600760456274,0.31965442764578833,Mid,Mid,Mid,1.1482219870079178,0.7552540815248442,1.1436171496924143
2022-01-04,0.3307654047055493,0.45407986696850733,0.4676453117045498,0.2605042016806723,0.22644376899696048,0.30312837108953616,Mid,Mid,Mid,1.1468644016340983,0.7545015595430806,1.1434879814107457
2022-01-05,0.3512789265635642,0.46692272927677575,0.47887479607814365,0.34613077384523094,0.2528473804100228,0.32219827586206895,Mid,Mid,Mid,1.1516810005102618,0.757056216685753,1.1463313820193384
2022-01-06,0.37741872839539853,0.5151849414037272,0.52324494207938,0.43585131894484413,0.3505311077389985,0.4219590958019376,Mid,Mid,Mid,1.1603309699329067,0.7311354118351024,1.1497317150356525
2022-01-07,0.3788620360903978,0.5200897704355077,0.5250478812311917,0.4427801078490114,0.3593631539044731,0.4311827956989247,Mid,Mid,Mid,1.1078684724868404,0.7135951042921151,1.1107517352243155
2022-01-10,0.376856902144689,0.5261394851205389,0.5297953875385182,0.43293413173652695,0.3704545454545455,0.43609022556390975,Mid,Mid,Mid,1.0990795541960672,0.7088335986491384,1.112354240220197
2022-01-11,0.3777738282031325,0.525201349309413,0.5287213042213159,0.4374625972471574,0.3679031037093111,0.434549356223176,Mid,Mid,Mid,1.1036040781323253,0.7198345607736361,1.0980784418555143
2022-01-12,0.36430745387126573,0.5352433118583216,0.5403412759013831,0.39413875598086123,0.3903177004538578,0.4587352625937835,Mid,Mid,Mid,1.1762519083994254,0.7937598587959763,1.170565818644852
2022-01-13,0.3610742774996783,0.5298664910463825,0.535201731993156,0.38135086670651525,0.3764172335600907,0.4518201284796574,Mid,Mid,Mid,1.167313939747833,0.7755103030481096,1.1524765943552815
2022-01-14,0.3605383764232561,0.5304836887066758,0.5357080224145774,0.37992831541218636,0.37915407854984895,0.45240641711229945,Mid,Mid,Mid,1.1738879704889331,0.777149780819273,1.151131110590747
2022-01-17,0.3657126787323613,0.539725682262384,0.5464704069185681,0.39761194029850744,0.4060377358490566,0.46794871794871795,Mid,Mid,Mid,1.1764775109808185,0.7783435951906545,1.1445639892222292
2022-01-18,0.32869417180767413,0.5376999169982627,0.5448458538435484,0.25178997613365156,0.4004524886877828,0.46531483457844186,Mid,Mid,Mid,1.1880499322755305,0.7849601780918436,1.1693431163376273
2022-01-19,0.32291299721346367,0.542043263783447,0.5476123304072694,0.22599880739415623,0.4107008289374529,0.4690831556503198,Mid,Mid,Mid,1.184425267882114,0.7813142011776489,1.1873790779205193
2022-01-20,0.3008889218551734,0.5695150135363016,0.5703432451604972,0.16150178784266986,0.4864457831325301,0.5207667731629393,Low,Mid,Mid,1.1752068254984,0.7680522840741965,1.2032048403101603
2022-01-21,0.2997389090608393,0.5649365114734094,0.5675838694796528,0.15961882072662298,0.4687735139202408,0.5138297872340426,Low,Mid,Mid,1.2030345932019162,0.774318018991605,1.2329673511170363
2022-01-24,0.2900459585936796,0.5577975055062766,0.5656599738059477,0.13690476190476192,0.4556390977443609,0.5111583421891605,Low,Mid,Mid,1.2112864090884967,0.7715052384146054,1.2419403459303044
2022-01-25,0.3111703761961816,0.5945326499734254,0.5987658785671827,0.19393218322427128,0.5732531930879038,0.5732484076433121,Low,Mid,Mid,1.2369753526937777,0.7820002458727467,1.2474958853929308
2022-01-26,0.30708140290848124,0.5750502306352799,0.5795052729856097,0.17538644470868014,0.5052552552552553,0.5291622481442205,Low,Mid,Mid,1.2305190209749144,0.7903492241188109,1.2518654847610735
2022-01-27,0.3117908458769373,0.5757460924650859,0.5805570787461665,0.19786096256684493,0.5078769692423106,0.5317796610169492,Low,Mid,Mid,1.2227667425689064,0.78681230799969,1.2587153681376904
2022-01-28,0.30223272707555193,0.5631724361536211,0.5707467644895905,0.16448931116389548,0.46701649175412296,0.5216931216931217,Low,Mid,Mid,1.2133889944073684,0.7948155339927914,1.2759515080643042
2022-02-03,0.3135581986955721,0.5623250372468703,0.5700916304444307,0.20415430267062315,0.4659176029962547,0.5190274841437632,Mid,Mid,Mid,1.2093880021867633,0.7976356090828081,1.3166220903303
2022-02-04,0.3124209839228549,0.5678498242643246,0.57368683942748,0.19988137603795966,0.4782934131736527,0.5269271383315733,Low,Mid,Mid,1.1899256207294213,0.7938510544654394,1.3413828126205274
2022-02-07,0.3035484758096768,0.5629094298186335,0.5688091735131516,0.16834617664493184,0.4667165295437547,0.5158227848101266,Low,Mid,Mid,1.1798850836888073,0.7770051671842043,1.3447744066520069
2022-02-08,0.30144905010215,0.5570607320763178,0.5628767942633409,0.16350710900473933,0.4469357249626308,0.49736564805057953,Low,Mid,Mid,1.1425554098313102,0.7449399618066793,1.3335480138841547
2022-02-09,0.3039807725633875,0.5732545507178386,0.5804695184272671,0.1705150976909414,0.5026138909634055,0.5336842105263158,Low,Mid,Mid,1.157537980045831,0.7538123266193486,1.3346069351403775
2022-02-10,0.30658518542383145,0.5697001993735488,0.5751081859813175,0.17633136094674556,0.49029850746268655,0.5278654048370137,Low,Mid,Mid,1.170102016516126,0.776123694181051,1.3508006388683567
2022-02-11,0.30795877038538066,0.5719769714571126,0.5750636711050543,0.18332347723240686,0.49589858314690527,0.5273109243697479,Low,Mid,Mid,1.1694992334861534,0.7751425664783975,1.3484664628436147
2022-02-14,0.29683081287465324,0.5712123440443895,0.5701847340702803,0.1524822695035461,0.4947839046199702,0.5183630640083945,Low,Mid,Mid,1.174617016214159,0.7837635480815633,1.3518558211837863
2022-02-15,0.2957547271852933,0.5689470179667824,0.5653533089348352,0.14766686355581807,0.4832464631422189,0.5052410901467506,Low,Mid,Mid,1.1889227144633454,0.8044280018003396,1.3535545674068121
2022-02-16,0.2952677721034358,0.567220349157756,0.5562937797029702,0.14580873671782763,0.47470238095238093,0.4848167539267016,Low,Mid,Mid,1.1846591084830707,0.8098349932605976,1.356036024181179
2022-02-17,0.2978171267712093,0.5699772667646836,0.5601670717833884,0.15634218289085547,0.4921933085501859,0.4905857740585774,Low,Mid,Mid,1.1783618915545973,0.8304947998080422,1.3537284445795177
2022-02-18,0.29493245503184645,0.5843443750709171,0.5700977558243528,0.14504716981132076,0.5356612184249628,0.5193312434691745,Low,Mid,Mid,1.148962437884079,0.8200860990731111,1.350536255384274
2022-02-21,0.2963364668978873,0.5862691594981949,0.5717911463292356,0.15262227460223923,0.5434298440979956,0.524008350730689,Low,Mid,Mid,1.1532214467353967,0.8243108129079298,1.3548482785624478
2022-02-22,0.30513430936878494,0.5757361861195567,0.5616389791350042,0.1772673733804476,0.5111275964391692,0.4932221063607925,Low,Mid,Mid,1.1519130804934223,0.8237132196525214,1.3504191462585402
2022-02-23,0.4304156661798997,0.6828525263285364,0.6667371637477947,0.6503825779870512,0.9058561897702001,0.865625,Mid,High,High,1.1565137405680908,0.8223135474107977,1.3440307776525982
2022-02-24,0.43126296636170763,0.6812133404635262,0.6640192813128821,0.6529411764705882,0.8955555555555555,0.8470343392299687,Mid,High,High,1.1707535783582244,0.8365448480665969,1.3923052978826587
2022-02-25,0.4222638243890418,0.6780303344732426,0.6628033224368274,0.6184597295708407,0.8800888230940045,0.841995841995842,Mid,High,High,1.1661922731985046,0.8477206066210775,1.4040006021692657
2022-02-28,0.42089936367429714,0.6779665647449938,0.6657603818644043,0.6122209165687427,0.8794378698224852,0.8598130841121495,Mid,High,High,1.1731837816450124,0.8472065621879661,1.4010009446291602
2022-03-02,0.434937900358486,0.6932299020331986,0.6853674956991681,0.6705813270698767,0.943089430894309,0.9180497925311203,Mid,High,High,1.175119327753901,0.8326258896792339,1.4096672590681358
2022-03-03,0.4199785578293708,0.7094892480233833,0.6988552381785933,0.6050469483568075,0.9785819793205317,0.9616580310880829,Mid,High,High,1.170629354902792,0.8371268652272877,1.4639778186902137
2022-03-04,0.42776563855423805,0.7138987465025785,0.702917122651813,0.6398826979472141,0.9845018450184502,0.9699792960662525,Mid,High,High,1.1750410525256476,0.8205697501569139,1.4200149704197802
2022-03-07,0.4287299380985812,0.7152399720657919,0.7020687743722247,0.645369284876905,0.9859882005899705,0.96794208893485,Mid,High,High,1.1686524387518245,0.8167875527563947,1.4014226339482312
2022-03-08,0.4419806954518891,0.7124584172456639,0.6989485168946659,0.6953719976567077,0.9808400884303611,0.9597107438016529,Mid,High,High,1.153550438165303,0.8136878637714148,1.3696110913105708
2022-03-10,0.4498585715411648,0.7169575829604432,0.7036668140955444,0.7242388758782201,0.9867452135493373,0.9742002063983488,Mid,High,High,1.1452183624059533,0.8232416771922983,1.3876693865330267
2022-03-11,0.450311212697058,0.7201138171403105,0.7067078784000724,0.7249853715623171,0.9882266372332598,0.9804123711340206,Mid,High,High,1.1237730340140497,0.8092060046204635,1.325764249258685
2022-03-14,0.4482793872647922,0.7254319160925765,0.7111477318804483,0.7198830409356726,0.9933823529411765,0.9886714727085479,Mid,High,High,1.1358980529495792,0.8013794384279876,1.3359026385966768
2022-03-15,0.45899705887812736,0.7349511003758099,0.7200992017564668,0.7521917007597896,0.9977957384276267,0.9979423868312757,Mid,High,High,1.1499229989777966,0.8075435972528251,1.3472070143247707
2022-03-16,0.46799624998016964,0.7354183371691033,0.722049695153535,0.7745327102803738,0.9977973568281938,0.9979445015416238,Mid,High,High,1.1642501325793526,0.8211470848187427,1.3619916268779453
2022-03-17,0.4694664600054635,0.7382178845868156,0.7260573630122943,0.7822533566841798,0.9992663242846662,0.9989733059548255,Mid,High,High,1.1837399474573824,0.8269875723408043,1.3887485614136186
2022-03-18,0.46774710594837865,0.7328082428402621,0.7212107579271034,0.7736289381563594,0.9956011730205279,0.9958974358974358,Mid,High,High,1.1665258654749049,0.8154835166338893,1.355838989733624
2022-03-21,0.4714902098799407,0.7391336506060983,0.7263062126346785,0.7889212827988338,0.9992673992673993,0.9989754098360656,Mid,High,High,1.1686826794355003,0.8194580200438608,1.3634847075079126
2022-03-22,0.47785736495457004,0.7413489577643455,0.7270566203689318,0.8082750582750583,1.0,1.0,High,High,High,1.1703647627080445,0.8227518470299864,1.3699103915204285
2022-03-23,0.48202945379017165,0.74129535276533,0.7283559368765969,0.8124635993011066,0.9992684711046086,1.0,High,High,High,1.1711116214912483,0.8302443965113182,1.3891834310461755
2022-03-24,0.4940477822031438,0.7389316411332003,0.7261124321109346,0.8393480791618161,0.9970760233918129,0.9959141981613892,High,High,High,1.170913244590432,0.8283872164907344,1.3867274503881395
2022-03-25,0.49133958423330537,0.739462751776201,0.7270823123929114,0.8342059336823735,0.997808619430241,0.9989795918367347,High,High,High,1.17291305160047,0.832452404961555,1.387926357634548
2022-03-28,0.4832674063598959,0.7386310573093523,0.72625352028937,0.8162790697674419,0.9956204379562044,0.9949031600407747,High,High,High,1.1723726069348956,0.8325233076302605,1.3883532599299255
2022-03-29,0.4886962672518605,0.7423784110600593,0.7299099609164782,0.8291690877396862,1.0,1.0,High,High,High,1.1740353041814837,0.831273071221528,1.3875434142822882
2022-03-30,0.48126958443535595,0.7434620820690284,0.7318309423991735,0.8101045296167247,1.0,1.0,High,High,High,1.1719499253788557,0.8367611830473115,1.379499153213482
2022-03-31,0.478269064282191,0.7451674235823832,0.7321699175712312,0.8067324434126524,1.0,1.0,High,High,High,1.1706286991559658,0.8379472249932728,1.379078359831573
2022-04-01,0.4740008502196521,0.7444785431865801,0.7322702417425607,0.7935034802784223,0.9992721979621543,1.0,Mid,High,High,1.1160275883459234,0.8092418073510321,1.3508962076626365
2022-04-04,0.47469505986860455,0.7437615243462435,0.732167206964967,0.7971014492753623,0.9985454545454545,0.9979716024340771,Mid,High,High,1.1236921233285428,0.8123348707419299,1.3561549541735485
2022-04-05,0.49433878708926776,0.7547930592381058,0.7409625073625866,0.8400926998841252,1.0,1.0,High,High,High,1.1273321381392394,0.8260439085809075,1.3867813664499655
2022-04-06,0.4916015672668734,0.7564186617435228,0.7409426076751736,0.834973943254198,1.0,0.9989878542510121,High,High,High,1.1273091687399268,0.8322909650437216,1.3886021365068588
2022-04-07,0.4756003834851108,0.7442700457807438,0.7279907525079415,0.7974537037037037,0.9970972423802612,0.9919110212335692,Mid,High,High,1.1484903527008414,0.85212864998002,1.410973108402846
2022-04-08,0.47318412374853136,0.7479869314668117,0.7322946324551957,0.7906304222093696,0.9985496736765772,0.997979797979798,Mid,High,High,1.1575373787404941,0.8732830042623749,1.41709846213273
2022-04-11,0.4657208227704809,0.747152931067865,0.7324102319802165,0.7589595375722543,0.9978260869565218,0.9979818365287588,Mid,High,High,1.1562015717348684,0.8697598198170599,1.41476660122641
2022-04-12,0.4665514073872849,0.7509508342257379,0.7361510364516901,0.7619872905834778,0.998551774076756,0.9979838709677419,Mid,High,High,1.1564412174468057,0.8696091041983471,1.4133694440240498
2022-04-13,0.4900401007718071,0.7539835226103326,0.7307299232127263,0.8314087759815243,0.9985528219971056,0.9909365558912386,High,High,High,1.1477319639132584,0.8668213296226608,1.3932074112497659
2022-04-14,0.49412185183486634,0.7484594982553348,0.7255111536603681,0.8401615695326025,0.9971077368040492,0.9798792756539235,High,High,High,1.189809072462092,0.922368771832718,1.4220154172515795
2022-04-15,0.5183315610049428,0.7494812146807824,0.7280082526769344,0.8667820069204152,0.9971098265895953,0.9879396984924623,High,High,High,1.1883853357225653,0.9228259571843456,1.4213663920731212
2022-04-18,0.5168711271223306,0.7429895424503014,0.7209462187204153,0.8645533141210374,0.9906137184115523,0.9748995983935743,High,High,High,1.1634257615700743,0.9142997956493139,1.393364109040731
2022-04-19,0.522227574106459,0.7381555206591782,0.7153649101348187,0.8726958525345622,0.9834054834054834,0.966900702106319,High,High,High,1.1645855070261109,0.9204059416215736,1.4042529276520386
2022-04-20,0.5382614776329577,0.7450243243821976,0.7221819010050937,0.9050086355785838,0.9935111751982696,0.9769539078156313,High,High,High,1.17700044979734,0.9310650783102355,1.4166414728973855
2022-04-21,0.5442610070231441,0.7499495727536125,0.7282683976123648,0.9171461449942463,0.9971181556195965,0.987987987987988,High,High,High,1.1761682602349472,0.9331958233575453,1.4179573509229775
2022-04-22,0.5444337221294395,0.7505627056646517,0.7274271546401608,0.917193789534215,0.9971202303815695,0.985,High,High,High,1.1723887409102218,0.9328254638180541,1.4146751606897205
2022-04-25,0.5374059683759052,0.7486000640255722,0.7233688888639507,0.9022988505747126,0.9949640287769784,0.9760239760239761,High,High,High,1.1663393642941746,0.9324959072960278,1.4180460343195715
2022-04-26,0.5342262045680208,0.7415324807659491,0.718152828660747,0.8925904652498564,0.9863407620416966,0.9660678642714571,High,High,High,1.16561539632215,0.9341603570925804,1.412454586594512
2022-04-27,0.5354408969743657,0.7501523985640502,0.7267839651343566,0.8972445464982779,0.9964080459770115,0.9820538384845464,High,High,High,1.156265212923249,0.931172475130213,1.4298380579357022
2022-04-28,0.5363109793394011,0.7509628494736241,0.7279768603167559,0.9007458405048766,0.9978463747307968,0.9850597609561753,High,High,High,1.1451324712232007,0.9242930462991964,1.4258068556161132
2022-04-29,0.5456421375838794,0.7563400189845991,0.734332612174823,0.9214449541284404,0.9992826398852224,0.9970149253731343,High,High,High,1.1471576311826175,0.9259889904777072,1.4243118444637208
2022-05-02,0.5431160134050398,0.7630620234376547,0.7416306859079836,0.9123209169054441,1.0,1.0,High,High,High,1.0976886607234888,0.8975944960211351,1.389149470570207
2022-05-03,0.5474593211745714,0.7665356031428114,0.7457648996629406,0.9238258877434136,1.0,1.0,High,High,High,1.0974019326919615,0.8979043045576933,1.3897422068751737
2022-05-04,0.5545859282981512,0.7693178445577903,0.7483195852635961,0.934745277618775,1.0,1.0,High,High,High,1.101140221122486,0.9085994907950627,1.4046546415578822
2022-05-06,0.5646613917252882,0.7702740487656173,0.7496808743264948,0.948512585812357,1.0,1.0,High,High,High,1.1025350560957146,0.9092314786713053,1.4110922563832653
2022-05-09,0.5718952966523504,0.7678521236827409,0.7456300422315696,0.9559748427672956,0.9985704074338814,0.997029702970297,High,High,High,1.103308363211629,0.9109438766915183,1.431893656508585
2022-05-10,0.5794750656698209,0.7795087806552985,0.7573570687252564,0.9674285714285714,1.0,1.0,High,High,High,1.0976559524867893,0.9143150390512719,1.443644044750208
2022-05-11,0.5808034228870487,0.7791224464785912,0.7577131558152669,0.9680182752712736,0.9992862241256245,1.0,High,High,High,1.10839728184509,0.9279128562466336,1.458046260814432
2022-05-12,0.5863734863136532,0.7803684960635283,0.7617696911522444,0.9726027397260274,1.0,1.0,High,High,High,1.1036900221598456,1.0137733405008473,1.4542705411693597
2022-05-13,0.5862937340720004,0.7718071423898619,0.7531822245873858,0.9714774671990872,0.9978617248752673,0.9970414201183432,High,High,High,1.0843873704154854,1.008284101707809,1.440258285131453
2022-05-16,0.5883721479033329,0.7800000957423135,0.7672105366272817,0.9732041049030786,0.9992877492877493,1.0,High,High,High,1.1061220209505935,1.0166295453868701,1.4052781166006614
2022-05-17,0.5912920608997045,0.771413693316315,0.759801422215732,0.978917378917379,0.99644128113879,0.9980314960629921,High,High,High,1.1171803875051571,1.0225265466658193,1.4246091930099747
2022-05-18,0.5979734602389029,0.7706632225197144,0.7591683166593102,0.9834851936218679,0.9957325746799431,0.9970501474926253,High,High,High,1.0962597869586728,1.008728304172975,1.3696401118755073
2022-05-19,0.5938242739154587,0.7715327108136082,0.7600280525705284,0.9789413773477519,0.9964463397299218,0.9980353634577603,High,High,High,1.0853472281798284,1.013248913612121,1.3585458275872908
2022-05-20,0.5913808593251855,0.771801326737268,0.7595459953496958,0.9778156996587031,0.9964488636363636,0.9960745829244357,High,High,High,1.0969701685747886,1.0251874786401092,1.385440924783576
2022-05-23,0.521466894115157,0.7332789382715913,0.7165891217088065,0.8607163160886867,0.964513839602555,0.9480392156862745,High,High,High,1.1066356978131275,1.0325042137899096,1.379807007935531
2022-05-24,0.5202928202478156,0.730823159229019,0.7155122005376842,0.8573863636363637,0.9631205673758865,0.9451518119490695,High,High,High,1.110024241882717,1.0371059649088579,1.3900600105196832
2022-05-25,0.5255850314822955,0.731814910744946,0.7153879064706778,0.8665530948324816,0.9631467044649185,0.9442270058708415,High,High,High,1.1056734044465493,1.028527081785716,1.3725444858570273
2022-05-26,0.5348648907515037,0.7384242132136425,0.7220801390533781,0.8859250851305335,0.9688385269121813,0.956989247311828,High,High,High,1.1042019805326342,1.0272187237373427,1.370243557674836
2022-05-27,0.5168335384086892,0.7265415627815569,0.7107753814658263,0.8508224617129893,0.9575371549893843,0.9375,High,High,High,1.1083580815825342,1.027140950864904,1.3657598134076354
2022-05-30,0.5538413227249234,0.7219015546972698,0.7053157998603906,0.9268707482993197,0.9512022630834512,0.9239024390243903,High,High,High,1.1155902726382145,1.033798338393503,1.3639324028022533
2022-05-31,0.5349183105011176,0.7105268791840494,0.6946655133358264,0.8855524079320113,0.937809187279152,0.8947368421052632,High,High,High,1.1112186064187397,1.0260873873495004,1.3523432931812294
2022-06-02,0.5421484831969876,0.6966435162380914,0.6841112712947118,0.9037372593431483,0.9081920903954802,0.8597857838364168,High,High,High,1.1137301377259032,1.0320362970747061,1.3539396638706591
2022-06-03,0.537100093624329,0.6910463479792451,0.6786525790537338,0.8936049801924165,0.8962597035991532,0.8424124513618677,High,High,High,1.1204246438707546,1.023179622456337,1.334909108758983
2022-06-07,0.5443829517239615,0.6936344604882198,0.6833865698275772,0.9095022624434389,0.9019746121297603,0.8561710398445093,High,High,High,1.1261311496880035,1.0155435253316851,1.3369564722001888
2022-06-08,0.536952231933506,0.685395833011543,0.6758838530834103,0.8920293951384963,0.8738548273431994,0.8330097087378641,High,High,High,1.0913038943184454,0.9926251730163175,1.284139663390216
2022-06-09,0.5405202565490667,0.6848310832862007,0.6751266967569864,0.9011299435028248,0.8711267605633802,0.8302618816682832,High,High,High,1.0914724577399646,0.9925110878320368,1.2837892229498924
2022-06-10,0.5280464009050692,0.6691788779206571,0.6611509048372893,0.8661773009599096,0.7959183673469388,0.7761627906976745,High,Mid,Mid,1.1031690705067674,0.9961931616323123,1.2842441320722295
2022-06-13,0.5192441458350282,0.6657285189519594,0.6574195138934377,0.8515801354401806,0.7805907172995781,0.7541142303969022,High,Mid,Mid,1.1028507669363876,1.0020011126167836,1.2820533794757576
2022-06-14,0.5160837252156981,0.661685232624233,0.6508434284952508,0.8437676254935138,0.7589599437807449,0.7156673114119922,High,Mid,Mid,1.1004732717471926,0.9989998174525381,1.3056494853950782
2022-06-15,0.5317941896604381,0.6666587211142504,0.6526819225940359,0.8759864712514093,0.7844101123595506,0.7275362318840579,High,Mid,Mid,1.101563511623549,0.9997306324089119,1.305336047925013
2022-06-16,0.521987749964247,0.6640237329543393,0.6494871831819392,0.8557746478873239,0.7712280701754386,0.7113899613899614,High,Mid,Mid,1.0980237862290028,1.016281401154356,1.3107470740139797
2022-06-17,0.5643247923544419,0.6756752867099044,0.6624130494414211,0.9431306306306306,0.8316970546984572,0.7830279652844745,High,High,Mid,1.0970267492046246,1.019534249056362,1.31146372100085
2022-06-20,0.5607451496261177,0.6660084544765464,0.6522328910829797,0.9386606640405177,0.7813594954449895,0.7225433526011561,High,Mid,Mid,1.0935740777104317,1.0178153453025927,1.298229085249754
2022-06-21,0.5604437895495206,0.6860312219167866,0.6720259154005807,0.9381327334083239,0.8781512605042017,0.8257940327237728,High,High,High,1.0724741617664997,1.0217413366233241,1.3008087262275967
2022-06-22,0.5576746156260589,0.6724910655812638,0.6612126025980022,0.9325463743676222,0.8173547935619314,0.7759615384615385,High,High,Mid,1.084392703841175,1.038703301417066,1.3318491017387661
2022-06-23,0.5742655578713216,0.6725484077425413,0.6611287889452601,0.952247191011236,0.8174825174825174,0.7742555235350624,High,High,Mid,1.0849206816366708,1.0156941954440148,1.327410848464313
2022-06-24,0.571671082390394,0.6712781670816784,0.6624515808150148,0.9505895564289725,0.8120195667365478,0.783109404990403,High,High,Mid,1.0831759733213153,1.0229679376635181,1.3368139625595161
2022-06-27,0.5750723768298089,0.6669040511429042,0.6590296231869223,0.9539842873176206,0.7821229050279329,0.7641418983700863,High,Mid,Mid,1.0681958873051143,1.0119638270560385,1.3200397725934097
2022-06-28,0.577480556420072,0.6680716899418974,0.6600143198844639,0.9568143578238923,0.7871598046057222,0.7672413793103449,High,Mid,Mid,1.0894712531978226,1.0168712019570318,1.3475996041255782
2022-06-29,0.5871569008819121,0.669169836986862,0.6608679051822403,0.9702914798206278,0.793584379358438,0.7732057416267942,High,Mid,Mid,1.092476650048798,1.0219857755022463,1.3420250319825326
2022-06-30,0.6119320512460159,0.702059108304811,0.6953078250776699,0.9904761904761905,0.9219512195121952,0.8977055449330784,High,High,High,1.088201693429037,1.0233586078489558,1.332999607551766
2022-07-01,0.6182060482936615,0.7036143269710555,0.6963674159496825,0.9938409854423292,0.9261838440111421,0.8987583572110793,High,High,High,1.054565588178897,0.9874715787477282,1.2831339819946086
2022-07-04,0.6335980408067374,0.7213537746654225,0.715016022083418,0.996082820369334,0.9512874043145442,0.9427480916030534,High,High,High,1.052685509782681,0.9905472371582603,1.2847295570653017
2022-07-05,0.6383456996932164,0.7183338698712122,0.7125849147267669,0.9972035794183445,0.9485396383866481,0.9399428026692088,High,High,High,1.053402733609158,0.9917880098670545,1.2859283882078876
2022-07-06,0.6425856513752366,0.7504952212343294,0.7429088378383725,0.9977641140301845,0.985406532314107,0.9876190476190476,High,High,High,1.0488260748491474,0.9956269287234321,1.269263873122289
2022-07-07,0.6477604405374658,0.7505880439486448,0.7435584644128493,0.9983240223463687,0.9861111111111112,0.9876308277830638,High,High,High,1.095171483244869,1.0355772601395123,1.3191285558865025
2022-07-08,0.6498496299413669,0.7506163928541709,0.744242485882245,0.9988833054159687,0.9861207494795281,0.9876425855513308,High,High,High,1.0860173836954363,1.0302447917943018,1.305462208845396
2022-07-11,0.6422098628711554,0.7411828475266011,0.7427699094624839,0.99609375,0.970873786407767,0.9848053181386515,High,High,High,1.0844810329533239,1.0256717761139384,1.3036763208043005
2022-07-12,0.6412469950837595,0.7491859209583339,0.7519210147905558,0.9955382041271612,0.9812889812889813,0.99146110056926,High,High,High,1.0894821989878347,1.0278911379635642,1.3061359453322046
2022-07-13,0.6252744808532087,0.7332561905786704,0.7361061948165025,0.9916387959866221,0.9605263157894737,0.9791469194312796,High,High,High,1.0880887145545515,1.032485486426383,1.3081224448537532
2022-07-14,0.6231965928230608,0.7284158779733646,0.7318350086897359,0.9910863509749304,0.9557093425605536,0.9725378787878788,High,High,High,1.0800748407437273,1.0321290406415051,1.298263202836796
2022-07-15,0.6220901427493547,0.72424539332339,0.7289975439032359,0.9905345211581291,0.9488243430152143,0.9687795648060549,High,High,High,1.076209234660527,1.0290021428482419,1.2872467168367927
2022-07-18,0.6291657189417865,0.7273786187425051,0.7303390255157912,0.991652754590985,0.9536973047684866,0.9697542533081286,High,High,High,1.0741198681351392,1.0233372689852502,1.2845231327706623
2022-07-19,0.6247941649214286,0.7230400001703808,0.7259962875687315,0.9905450500556173,0.9468232044198895,0.9537299338999056,High,High,High,1.0853266612909451,1.030916927003313,1.289948725458641
2022-07-20,0.6272014717946919,0.7271035801281075,0.7301400703301802,0.991106170094497,0.9530710835058661,0.9688679245283018,High,High,High,1.086886113809192,1.0334736704152907,1.2910197497627052
2022-07-21,0.6254523570293207,0.725065276215707,0.7289152839645667,0.9905555555555555,0.9503448275862069,0.9660697455230914,High,High,High,1.0853172788003853,1.0304275942663375,1.287646856500717
2022-07-22,0.6269855379234951,0.733055752942798,0.7362181116850915,0.9905607995558023,0.9600275671950379,0.980225988700565,High,High,High,1.0889208164566604,1.0293911765585695,1.2914186762310964
2022-07-25,0.6213032644034431,0.7243332596017967,0.7267374009647921,0.9861265260821309,0.9462809917355371,0.955785512699906,High,High,High,1.0886300273844773,1.027670613059818,1.2914239194641024
2022-07-26,0.6190969274934834,0.7210630500547293,0.7238890620441537,0.985579589572934,0.9415003441156229,0.9483082706766918,High,High,High,1.0846780528308835,1.0239422091143393,1.2815086215707625
2022-07-27,0.6142731645366365,0.7211263301016814,0.7216136623219377,0.9822616407982262,0.9415405777166438,0.9427230046948357,High,High,High,1.0839426385200894,1.0214531335636594,1.2826314887415518
2022-07-28,0.615159723047297,0.7198242537860464,0.7199673991905806,0.9828254847645429,0.9388316151202749,0.9390243902439024,High,High,High,1.0913245267515341,1.0257555852160916,1.2827420205205093
2022-07-29,0.6159136359190305,0.716995038500419,0.716889303290048,0.9828349944629015,0.9361263736263736,0.9343955014058107,High,High,High,1.09394176827937,1.0312850681300918,1.274595529260533
2022-08-01,0.6225485027821754,0.7238010674454279,0.7229996690520911,0.987825124515772,0.9444063143445436,0.9466292134831461,High,High,High,1.0931047787872623,1.0351846799729858,1.2797097802799537
2022-08-02,0.620052130214678,0.7225958175945645,0.7213836540450723,0.985066371681416,0.9430727023319616,0.941066417212348,High,High,High,1.0947961028807933,1.036937868729425,1.2788968487439702
2022-08-03,0.6173589018538042,0.7188103290563973,0.7186418820945554,0.982310668877833,0.9362577107607951,0.9345794392523364,High,High,High,1.0936536841019235,1.0358466701945503,1.2793389976581462
2022-08-04,0.6167338451402081,0.7176633927915788,0.7182369775446696,0.981767955801105,0.9342465753424658,0.9327731092436975,High,High,High,1.0976812795102373,1.032119365977724,1.2773303106376324
2022-08-05,0.616450623619079,0.7175133383345852,0.7182532111621404,0.981225842076201,0.9336071184120466,0.9328358208955224,High,High,High,1.0888444507585022,1.0273449680946904,1.2727649604552935
2022-08-08,0.6115671251076511,0.7151835094478818,0.7151081035643027,0.9757174392935982,0.9295485636114911,0.9226467847157502,High,High,High,1.082852916848182,1.0274439644002942,1.2680123216621317
2022-08-09,0.6125172089914767,0.7231687762055422,0.7251531529380374,0.9762824048538334,0.9439507860560492,0.9487895716945997,High,High,High,1.0866962591034037,1.0281460441570245,1.2724600420848486
2022-08-10,0.6245853830434985,0.7347147012685417,0.7365933721122633,0.9884233737596472,0.9617486338797814,0.9804651162790697,High,High,High,1.0907163102346595,1.026233817988816,1.275471392407343
2022-08-11,0.6349235679413592,0.7552935631055525,0.7587073527669359,0.9939393939393939,0.9890784982935154,0.9944237918215614,High,High,High,1.0785848375613285,1.018127965902196,1.252462754039721
2022-08-12,0.6268102371375188,0.7524826770932123,0.7558167755997177,0.9895374449339207,0.9870395634379263,0.9916434540389972,High,High,High,1.0761529888595505,1.0104767950280662,1.2326137383728188
2022-08-16,0.630518891784267,0.7524868788296762,0.7560068376202148,0.9911942762795817,0.9870483980913429,0.9916512059369202,High,High,High,1.0756495913449071,1.0106835261927163,1.2327263391490906
2022-08-17,0.6304297027904773,0.7524081301123097,0.7564590581893208,0.9906490649064906,0.9856948228882834,0.9916589434661723,High,High,High,1.0720019353545531,1.0101360459693711,1.2279869828438235
2022-08-18,0.6289455402451607,0.7511648817560593,0.755365692154502,0.9895547003848268,0.9850238257317904,0.9888888888888889,High,High,High,1.072539276892392,1.0132758888607505,1.2256025512637263
2022-08-19,0.6274342601026104,0.7542490107292753,0.7579456410595994,0.989010989010989,0.9877551020408163,0.9935245143385754,High,High,High,1.0678941603395053,1.0084151905102134,1.227168591470633
2022-08-22,0.6267208229970953,0.7532166858408531,0.7566440058367717,0.9868204283360791,0.9864038069340585,0.9907578558225508,High,High,High,1.0665085723840892,1.0042783510086573,1.2279273544349771
2022-08-23,0.6282225370958403,0.7701001708948091,0.7738712574687655,0.9890230515916575,0.9932065217391305,1.0,High,High,High,1.067193497546466,1.0010857620842286,1.227837915268848
2022-08-24,0.6299004000084555,0.7631790298873327,0.7672393791544226,0.9901261656609983,0.9904955872369314,0.9990774907749077,High,High,High,1.0437376024051397,0.9753763030993674,1.1972729555171835
2022-08-25,0.6352403885848019,0.7639986458979483,0.7683459788707747,0.9939692982456141,0.9905020352781547,0.9990783410138249,High,High,High,1.0511244733593008,0.9742278100217424,1.2047441788334052
2022-08-26,0.6341080271290245,0.7651869985410781,0.7700392111646205,0.9923287671232877,0.9905084745762712,0.9990791896869244,High,High,High,1.0257948057831623,0.9467327107690532,1.1572811608793785
2022-08-29,0.6319489488686367,0.776108026355432,0.7810690375705868,0.9901423877327492,0.997289972899729,1.0,High,High,High,1.026401588892375,0.9372408466409047,1.1439038787521014
2022-08-30,0.6431866819153083,0.779892838340105,0.7857519700880936,0.9967159277504105,0.998645903859174,1.0,High,High,High,1.0068268311258513,0.9255240209214037,1.1510992347540825
2022-08-31,0.6382332968655404,0.778129274614999,0.7839768382667147,0.9934354485776805,0.996617050067659,0.9990817263544536,High,High,High,0.9914439841586803,0.9064878697455112,1.1365669011731179
2022-09-01,0.6274376574124165,0.782261160678717,0.7877654872109375,0.9852378348824494,1.0,1.0,High,High,High,0.990958707192867,0.9012541318024823,1.1290820707555347
2022-09-02,0.6240019678249488,0.7835668108866111,0.7888598705441324,0.9797814207650273,1.0,1.0,High,High,High,1.0054584681828873,0.9140848340104104,1.1448242196704848
2022-09-05,0.6198300605869458,0.7837315548019045,0.7890587511526052,0.9754232659748772,1.0,1.0,High,High,High,1.0062339052768932,0.9141091798309977,1.1461068379245494
2022-09-06,0.6192281824135211,0.7859602729439193,0.789284423007259,0.9748908296943232,1.0,1.0,High,High,High,1.006349785406372,0.9128708949471378,1.1398685185672233
2022-09-07,0.6031335244304422,0.7877736524577577,0.7910505523575457,0.9601745771958538,1.0,1.0,High,High,High,1.012608768922242,0.9198226570798266,1.1544505038265518
2022-09-08,0.6026992591227252,0.7932299166717557,0.798074703359108,0.9596510359869138,1.0,1.0,High,High,High,1.0297672221880705,0.9269751414011598,1.1675482830947432
2022-09-13,0.6138853987968472,0.7944370719858794,0.8011842358190701,0.9673024523160763,1.0,1.0,High,High,High,1.0317095116635318,0.9227073628840586,1.16640276807907
2022-09-14,0.5801734562319469,0.7814725825798027,0.7872004842716205,0.9368191721132898,0.9952893674293405,0.9936189608021878,High,High,High,1.0103999482249404,0.9000192044714544,1.1549564866442494
2022-09-15,0.5797703084401497,0.7805352130551991,0.7851127282246558,0.9357648339684268,0.9946200403496974,0.9918032786885246,High,High,High,1.0131476590433386,0.9016617012030957,1.1413124873444624
2022-09-16,0.5716993489260557,0.7658575215525071,0.7715048117774786,0.9216539717083787,0.9825268817204301,0.9881710646041856,High,High,High,1.0162669869749859,0.900248090985596,1.138026209720703
2022-09-19,0.5811472841938493,0.7804986466635923,0.7830233229412619,0.9374660141381186,0.9939556749496307,0.99,High,High,High,1.0163005452557177,0.903448821737732,1.141911883738825
2022-09-20,0.5603566037062029,0.780950230826677,0.7840597518069216,0.9065217391304348,0.9946308724832215,0.9909173478655767,High,High,High,1.007287788573285,0.9019520218379312,1.1359382176021544
2022-09-21,0.5319115165477699,0.7783130136111239,0.780379581901855,0.8457360130363932,0.9892689470154259,0.9872958257713249,High,High,High,1.0029778812875054,0.8940617638063802,1.1348921120077178
2022-09-22,0.5095884789379086,0.7848369456083667,0.7858071749674815,0.8061889250814332,0.9973190348525469,0.9927470534904805,High,High,High,0.9977961107180026,0.8793500489931646,1.1085915495469958
2022-09-23,0.5088849297988155,0.7849354124150564,0.7856533377719357,0.8057514921323928,0.9973208305425318,0.9909420289855072,High,High,High,0.9878628514778784,0.870804305375645,1.0905793653605897
2022-09-26,0.43210216026254483,0.6547315392952252,0.6517189267720392,0.6095444685466378,0.6941097724230254,0.6760180995475114,Mid,Mid,Mid,0.986617793191688,0.8701844114394411,1.086016230843506
2022-09-27,0.3552211173113514,0.5743456786259477,0.5684676833337382,0.34363143631436316,0.45752508361204014,0.44394213381555153,Mid,Mid,Mid,1.0098056286138386,0.878895541012633,0.9301271284801831
2022-09-28,0.37444460950602554,0.5784998235781087,0.5728193260991779,0.39978331527627303,0.46858288770053474,0.4598012646793135,Mid,Mid,Mid,1.0256553310304575,0.8814704578817263,0.9178218750806194
2022-09-29,0.3582108323177144,0.5569449662481752,0.5512617023534226,0.3530048727666486,0.3981295925183701,0.40703971119133575,Mid,Mid,Mid,1.0302465474649505,0.8987306823026943,0.9417581934601302
2022-09-30,0.35736227228771245,0.5567389009616525,0.5514642847964164,0.349025974025974,0.397196261682243,0.4075743913435528,Mid,Mid,Mid,1.028415641987706,0.8984443831667901,0.9423400320656738
2022-10-04,0.3364550114393948,0.5013101380047601,0.5035865568954556,0.2736614386154678,0.2868579052701801,0.31891891891891894,Mid,Mid,Mid,1.030347021934031,0.8986864246456118,0.9481771654067838
2022-10-05,0.34607045812142856,0.5034910345692485,0.5049773335673828,0.3108108108108108,0.2926666666666667,0.3213321332133213,Mid,Mid,Mid,1.046603781409088,0.9051207297106255,0.9676597421734543
2022-10-06,0.35978518063633913,0.5173567760405124,0.5203591180066517,0.35764451647757967,0.31245836109260494,0.3498201438848921,Mid,Mid,Mid,1.0483487637867375,0.9025829299125704,0.9653618806791027
2022-10-07,0.35449437621858154,0.5109639317210307,0.5143798878130568,0.3396328293736501,0.30426098535286283,0.3387241689128482,Mid,Mid,Mid,1.066592749645021,0.9066265184409229,0.9901122992076667
2022-10-11,0.3703655426671928,0.5228325195423734,0.5263258857817904,0.3858607663248786,0.3226879574184963,0.3644524236983842,Mid,Mid,Mid,1.0510282241251276,0.9122596128109554,0.9885533921202132
2022-10-12,0.35659530759206837,0.5208269078117871,0.5245493653708331,0.348975188781014,0.31981382978723405,0.36233183856502243,Mid,Mid,Mid,1.0718573045346815,0.9308817179814346,1.0021447113996969
2022-10-13,0.3534037650053457,0.5392347092090312,0.5425104009423541,0.3347708894878706,0.3601328903654485,0.39336917562724016,Mid,Mid,Mid,1.070951379333683,0.9177395761888898,0.9693329330869915
2022-10-14,0.35393535259674247,0.5384421388112489,0.5415003111281714,0.33782327586206895,0.35922974767596283,0.39301700984780663,Mid,Mid,Mid,1.0782704243062489,0.9182672952461669,0.9937048411822377
2022-10-17,0.3355506440577417,0.5354599751721751,0.5396138509049543,0.2703284868066774,0.34970139349701396,0.38998211091234347,Mid,Mid,Mid,1.0735601574580227,0.9169403712279149,0.9952214497939758
2022-10-18,0.3410268393352144,0.5346675567731122,0.5377135443365749,0.2857911733046286,0.34615384615384615,0.38873994638069703,Mid,Mid,Mid,1.0765802728471296,0.9262857934180265,0.9894765448200359
2022-10-19,0.33691984600439834,0.5333600773915413,0.536357388013354,0.2748789671866595,0.3445990722332671,0.38571428571428573,Mid,Mid,Mid,1.0615123247119207,0.9262178821010112,0.9894585084798211
2022-10-20,0.3320567231293807,0.5378423292068609,0.5408075371655705,0.2537634408602151,0.35827814569536426,0.39250669045495096,Mid,Mid,Mid,1.0694699666223992,0.940289422532665,0.9824634782125337
2022-10-21,0.3430568163590342,0.546745582969349,0.549363748714813,0.2971520687802257,0.37921906022501656,0.4090909090909091,Mid,Mid,Mid,1.0664987521788483,0.9328838164003426,0.9718090171748637
2022-10-24,0.3409388724930674,0.5495659884143058,0.552343954602049,0.2862513426423201,0.38425925925925924,0.41674087266251114,Mid,Mid,Mid,1.0664299449372991,0.9331211992767782,0.9728906336802746
2022-10-25,0.35327053545552756,0.5507807382001034,0.5532836330242533,0.33548040794417605,0.38730998017184404,0.4225978647686833,Mid,Mid,Mid,1.0619074751323294,0.9334588265078505,0.9812099709546174
2022-10-26,0.3560082841603095,0.5560177014866602,0.5584383361746158,0.3497854077253219,0.40158520475561427,0.42933333333333334,Mid,Mid,Mid,1.0613954585943246,0.9329595559216676,0.98133334688029
2022-10-27,0.35354120898146824,0.5579204537641266,0.560188417655692,0.3372654155495979,0.4132013201320132,0.433392539964476,Mid,Mid,Mid,1.0586425948820763,0.9299128700896434,0.9736421220870479
2022-10-28,0.3475038136972441,0.5653807786556747,0.5673917869526484,0.3161843515541265,0.4287598944591029,0.45075421472937,Mid,Mid,Mid,1.0672080740852619,0.9410811147307601,0.9785245063421428
2022-10-31,0.33553782081970535,0.5569291135598223,0.5592827466245461,0.26941617568291376,0.4040870138431114,0.42907801418439717,Mid,Mid,Mid,1.0512088866319729,0.9329907698572905,0.9579568215436494
2022-11-01,0.331776434940649,0.5567415457499186,0.5594559745678054,0.25,0.4031620553359684,0.4295837023914969,Mid,Mid,Mid,1.0393963935528805,0.9262310809594669,0.9537903470677714
2022-11-02,0.3306752459056802,0.5639710398292079,0.5669639514331402,0.24398073836276082,0.4272547728768927,0.4504424778761062,Mid,Mid,Mid,1.0447834539744119,0.9405400177057042,0.9553836920751075
2022-11-03,0.33012966125397103,0.5533235611108052,0.5558306816861627,0.2427807486631016,0.39210526315789473,0.42263483642793986,Mid,Mid,Mid,1.0427246427862034,0.9397752381374513,0.9548063041419069
2022-11-04,0.32760476383501813,0.5509447737905168,0.5540121978606929,0.23196151790486372,0.3865877712031558,0.42226148409893993,Mid,Mid,Mid,1.0513966256033656,0.9424115809232828,0.969824700658725
2022-11-07,0.3282882086793034,0.5513622992918675,0.5543586228702879,0.23504273504273504,0.38699080157687255,0.4227714033539276,Mid,Mid,Mid,1.0525526434865171,0.9448814992668955,0.970704029693231
2022-11-08,0.3292262545590055,0.554769363905342,0.5584192607800683,0.2397223705285638,0.3978988837820092,0.42857142857142855,Mid,Mid,Mid,1.0556792153288401,0.9491151018901497,0.9776475806651433
2022-11-09,0.3006706696937322,0.5339672783287888,0.5364635294060152,0.14887940234791888,0.3425196850393701,0.3814977973568282,Low,Mid,Mid,1.060445857272348,0.9433635470873146,0.968221080200886
2022-11-10,0.2948714835788504,0.5344461397447211,0.5365063605744284,0.13066666666666665,0.3436065573770492,0.38204225352112675,Low,Mid,Mid,1.0568596483694894,0.9424558233627561,0.9681747708548649
2022-11-11,0.2931428940006361,0.5346370085810462,0.5361095255626586,0.12953091684434967,0.3440366972477064,0.37994722955145116,Low,Mid,Mid,1.0595405776430014,0.9434399147763223,0.9737629089675236
2022-11-14,0.29172097171647937,0.5348641511429816,0.5361964154932627,0.1262653169952051,0.34512115258677145,0.3804920913884007,Low,Mid,Mid,1.0557652186259487,0.949964214120344,0.9696979352339783
2022-11-15,0.29026064244366634,0.5287341619997011,0.5302808537938177,0.1235356762513312,0.3285340314136126,0.36435469710272167,Low,Mid,Mid,1.057564762977529,0.950591692480421,0.9718258045138526
2022-11-16,0.289627632065771,0.5408523637047874,0.5422479662101125,0.12134113890367217,0.36625245258338784,0.393859649122807,Low,Mid,Mid,1.0557453958757872,0.9473027848893637,0.9685821060596977
2022-11-17,0.28492162001785015,0.5382933767203473,0.5397512032248206,0.11329787234042553,0.3581699346405229,0.38913234005258546,Low,Mid,Mid,1.055259870495808,0.9462082970815147,0.9681486181343723
2022-11-18,0.28406122789679455,0.5356333288538284,0.5373139507687337,0.11270600744284955,0.35075114304376226,0.38528896672504376,Low,Mid,Mid,1.055447889753172,0.9493833835426647,0.9311261799221108
2022-11-21,0.26194724214921017,0.5009620039135411,0.5006714745552153,0.0669500531349628,0.27872062663185376,0.30708661417322836,Low,Mid,Mid,1.0560226430675168,0.950029781982623,0.9304394755139637
2022-11-22,0.2550395974362017,0.5108167548233565,0.5112310497113682,0.0605416887944769,0.2987606001304631,0.32167832167832167,Low,Mid,Mid,1.0573031225743554,0.9585265851783354,0.9397126699091323
2022-11-23,0.24260691556550587,0.5037426485176669,0.5031657974406292,0.05467091295116773,0.28748370273794005,0.3091703056768559,Low,Mid,Mid,1.049852822251118,0.9577488030635475,0.9360954923553391
2022-11-24,0.2450172949780108,0.5074984492124502,0.5065829204379528,0.05623342175066313,0.2938110749185668,0.3158813263525305,Low,Mid,Mid,1.0466396783698055,0.9577249995107605,0.9353377424989
2022-11-25,0.24589689695757663,0.5101549840694923,0.5090372624645533,0.05726405090137858,0.2981770833333333,0.31734960767218834,Low,Mid,Mid,1.0427899063248733,0.9491307105823262,0.9346097452536455
2022-11-28,0.2408109495764065,0.5101957030296803,0.5089267557375132,0.05405405405405406,0.2986337020169161,0.3162020905923345,Low,Mid,Mid,1.043758926835581,0.9569917787087068,0.9317697776248249
2022-11-29,0.24093406181446914,0.5096111451167744,0.5083854738784774,0.05455508474576271,0.2951885565669701,0.31592689295039167,Low,Mid,Mid,1.0499100137119843,0.9586041230304587,0.9345641343698047
2022-11-30,0.236203175218234,0.5025508719932127,0.501949556026772,0.05187930121757544,0.28330084470435346,0.30782608695652175,Low,Mid,Mid,1.0491641862504462,0.9582159797279801,0.934379588899824
2022-12-01,0.23841226574515514,0.4982618921777997,0.4975216450682858,0.05291005291005291,0.2668831168831169,0.3006081668114683,Low,Mid,Mid,1.0524932420894766,0.9559514390937205,0.9296514743542756
2022-12-02,0.2390463823233108,0.49717204491978473,0.4969940176821808,0.053410893707033315,0.26216742375081115,0.2986111111111111,Low,Mid,Mid,1.0418244837710602,0.9494291187058996,0.9260028682186596
2022-12-05,0.2409506313410449,0.4985253429325291,0.4984296022864396,0.056553911205074,0.26848249027237353,0.30355594102341715,Low,Mid,Mid,1.0488042684068017,0.9472416096177312,0.9289620295658567
2022-12-06,0.25146340191058114,0.49406400046754,0.4934590806003629,0.06286318013734812,0.2559948152948801,0.2902946273830156,Low,Mid,Mid,1.038837526852247,0.935876087715529,0.9253950705963425
2022-12-07,0.2487141624309218,0.493455736429437,0.4927671702970448,0.061246040126715945,0.25582901554404147,0.2891774891774892,Low,Mid,Mid,1.0222575774605915,0.921219780889716,0.9339913576161807
2022-12-08,0.23926710938474244,0.48816358362477014,0.48623278695407834,0.05382585751978892,0.2446601941747573,0.27076124567474047,Low,Mid,Mid,1.0054557085225715,0.9200037417524107,0.9211533315063739
2022-12-09,0.23733783853249002,0.4900960494587348,0.48866650190569,0.05221518987341772,0.24644243208279432,0.27744165946413135,Low,Mid,Mid,1.0108476214651658,0.9208758367994816,0.9236120968538931
2022-12-12,0.23053272778944162,0.48434980751242723,0.48271526347598837,0.047443331576172906,0.2398190045248869,0.2651122625215889,Low,Mid,Mid,1.011422732945995,0.9210254744952628,0.9257934795021964
2022-12-13,0.2412600971847208,0.49137082521482595,0.4898220143439394,0.058482613277133826,0.24935400516795866,0.28213977566867987,Low,Mid,Mid,1.005897272744547,0.914944550191717,0.917983245084473
2022-12-14,0.24136429642716578,0.49211258147245834,0.49007562445563685,0.05897840968931016,0.2524209167204648,0.2836206896551724,Low,Mid,Mid,1.0072352478404234,0.9156385885389632,0.9214452681775309
2022-12-15,0.24590467205043914,0.49334013932960313,0.49159679254245564,0.06315789473684211,0.2574193548387097,0.28940568475452194,Low,Mid,Mid,1.0004546171639623,0.9112031652775976,0.916682987629746
2022-12-16,0.240074728980355,0.45275616184889445,0.44977236736230414,0.05628616517622304,0.19148936170212766,0.20051635111876076,Low,Low,Mid,1.003587076858186,0.9130516875691608,0.9155195025854447
2022-12-19,0.22393151235045233,0.4352137389694892,0.4323517589042217,0.04468980021030494,0.16237113402061856,0.17196904557179707,Low,Low,Low,1.0033665496941828,0.9132283744861289,0.9138634206230848
2022-12-20,0.22240209713633127,0.4330680906433437,0.43036724894619866,0.04308985811875985,0.15647134578235672,0.16838487972508592,Low,Low,Low,1.0031969091617294,0.913878673400891,0.9125928193051083
2022-12-21,0.2631572099439411,0.5244277500897897,0.530014693491709,0.07930672268907563,0.32947232947232946,0.37510729613733906,Low,Mid,Mid,1.0026986824693718,0.9140608810960211,0.9160320806126085
2022-12-22,0.3422091536732198,0.6581340516109512,0.6643530400693961,0.30603674540682413,0.7234726688102894,0.7650085763293311,Mid,Mid,Mid,1.0032285961405798,0.9140821532545154,0.9136421008158354
2022-12-23,0.3202031332740143,0.6488485692567674,0.6559328826904823,0.2203567681007345,0.6825192802056556,0.7163667523564696,Mid,Mid,Mid,1.0050974800865933,0.9190420153814742,0.9216110114676569
2022-12-26,0.3233946406589865,0.6532221673822255,0.6602883848170932,0.22968012585212375,0.7000642260757868,0.7422945205479452,Mid,Mid,Mid,0.994406169070469,0.9085704803116152,0.9044999360832049
2022-12-27,0.3265449968185753,0.6589163463467097,0.6655483705424564,0.24371069182389937,0.7278562259306803,0.7715996578272027,Mid,Mid,Mid,0.9944917974643225,0.9068743710891742,0.9027980620621243
2022-12-28,0.345363066604701,0.6814868952840488,0.6848071486759529,0.321634363541121,0.828094932649134,0.8264957264957264,Mid,High,High,1.000229204096437,0.9109422939732685,0.907567032830697
2022-12-29,0.33657434423506266,0.6737332889574792,0.678370884462551,0.28848167539267017,0.8,0.8061485909479078,Mid,Mid,High,0.9885272235458076,0.8927359231654445,0.8793944520244746
2023-01-02,0.3140835893137308,0.6584109189247833,0.660929659364942,0.20565149136577707,0.7232543241511852,0.7440273037542662,Mid,Mid,Mid,0.9985442306120341,0.896719340337732,0.8807013220181381
2023-01-03,0.3166045771327639,0.6841948008004867,0.6869656134471652,0.2112970711297071,0.8405889884763125,0.8294970161977835,Mid,High,High,0.9972685716580514,0.8955989342850869,0.881026068584261
2023-01-04,0.3068868424812826,0.6010913528008218,0.6074175498381846,0.1766858337689493,0.5489443378119002,0.5366269165247018,Low,Mid,Mid,0.9987650267175118,0.8954577934726656,0.885490848694118
2023-01-05,0.33292624280640104,0.6172990705036486,0.6233772461503636,0.274294670846395,0.5786445012787724,0.5761702127659575,Mid,Mid,Mid,1.0345630749253414,0.9031971513898477,0.8809657548032226
2023-01-06,0.3270865102002505,0.591590587419268,0.5977218301031131,0.24490861618798956,0.529073482428115,0.5229591836734694,Mid,Mid,Mid,1.0311015131179009,0.8989856742787601,0.8803803271155409
2023-01-09,0.32397055033613503,0.5858982038794182,0.5920088449590817,0.23382045929018788,0.5044699872286079,0.508071367884452,Mid,Mid,Mid,1.0312534368435902,0.9001985267940689,0.8788250197136176
2023-01-10,0.3228952242800502,0.583655262546453,0.5898779171633866,0.2269170579029734,0.4971282705807275,0.5033955857385399,Mid,Mid,Mid,1.0294420588591122,0.8981531182095336,0.8965405502884655
2023-01-11,0.3208075046740047,0.5875290368648463,0.5951839356665253,0.22314911366006257,0.5159438775510204,0.5190839694656488,Mid,Mid,Mid,1.0317010324861207,0.9031158918732112,0.9004347199569679
2023-01-12,0.31851668262743693,0.5861063699113962,0.5937217385206406,0.21782178217821782,0.5047801147227533,0.5152542372881356,Mid,Mid,Mid,1.0467316561654314,0.9123743447246073,0.9222953259079948
2023-01-13,0.32765989141092333,0.5797267190839963,0.5873302377577948,0.24895833333333334,0.48662420382165605,0.497883149872989,Mid,Mid,Mid,1.0570457208452582,0.9156425329749407,0.9226894062386503
2023-01-16,0.3145600898559525,0.5655497187951378,0.5727140846105379,0.2056220718375846,0.4392106938255888,0.47884940778341795,Mid,Mid,Mid,1.066455460809086,0.9190076468551013,0.9281394079249652
2023-01-17,0.32689115460502777,0.5686778658135524,0.5764120548828541,0.24661810613943808,0.45038167938931295,0.48436179205409974,Mid,Mid,Mid,1.064315367521497,0.9166442694153245,0.9275297094074038
2023-01-18,0.31541002569046317,0.5645018732284236,0.5721527536018368,0.20852834113364535,0.4354736172917991,0.47550675675675674,Mid,Mid,Mid,1.0683196434197377,0.9273072469181372,0.9341506631894109
2023-01-19,0.3186584011051385,0.5599773813067158,0.5676690712099829,0.2188149688149688,0.4263024142312579,0.46244725738396625,Mid,Mid,Mid,1.0679906871236116,0.9266412057316915,0.9368344936955117
2023-01-20,0.30830507307920924,0.5524473485689257,0.5607543539998857,0.18545454545454546,0.3968253968253968,0.44435075885328834,Low,Mid,Mid,1.066190843818429,0.9250509910049958,0.9388434818032326
2023-01-25,0.3133746137115563,0.5186864462208528,0.5267577533329555,0.2019730010384216,0.3153553299492386,0.36310025273799496,Mid,Mid,Mid,1.0589972588674776,0.9208837050243126,0.9278075093327437
2023-01-26,0.3041132292332557,0.5027876102440006,0.5112249282201046,0.1702127659574468,0.2859860494610019,0.3265993265993266,Low,Mid,Mid,1.046608560564266,0.9159779658782468,0.9100530012005674
2023-01-27,0.31796895930620195,0.519730019833999,0.5278437488227059,0.2183609958506224,0.3181242078580482,0.3641715727502103,Mid,Mid,Mid,1.0464710410007203,0.9102064615345278,0.9061666690759794
2023-01-30,0.3135461371341085,0.494421883897531,0.5040926588100167,0.20269569725246242,0.2571247625079164,0.3142857142857143,Mid,Mid,Mid,1.0548369660425077,0.9127290911167398,0.9106644402492238
2023-01-31,0.34110180367066645,0.5886710380682881,0.5939706696754229,0.3088082901554404,0.5253164556962026,0.5205709487825357,Mid,Mid,Mid,1.0592398211351108,0.914018750500489,0.8899839360796445
2023-02-01,0.3460827013046258,0.590875133728214,0.5956142928351787,0.3345416882444329,0.5306767868437697,0.5251677852348994,Mid,Mid,Mid,1.0347822771064759,0.8771445401878166,0.8564589564076064
2023-02-02,0.34498289268543264,0.596112996132958,0.6011477765878858,0.32712215320910976,0.5442477876106194,0.5339480301760269,Mid,Mid,Mid,1.0305168316706939,0.8723400388519454,0.8451082274662847
2023-02-03,0.3438251960569974,0.5872797209633934,0.5921225207515183,0.32177961717537507,0.5167403663929249,0.5108877721943048,Mid,Mid,Mid,1.0236010835902962,0.8698078774128245,0.8434257424881254
2023-02-06,0.34858013907780755,0.584399740601512,0.5900565430158847,0.343846949327818,0.5012626262626263,0.5062761506276151,Mid,Mid,Mid,1.0275515789288534,0.8643843765661169,0.8131088056640419
2023-02-07,0.37101801332785417,0.6028809310239615,0.6085993564383579,0.4134366925064599,0.5577287066246057,0.5451505016722408,Mid,Mid,Mid,1.0255316548844478,0.8627858172175388,0.7738106626491699
2023-02-08,0.3932029466313311,0.6183941378931647,0.6244423823494533,0.48863636363636365,0.5882723833543506,0.5873015873015873,Mid,Mid,Mid,1.023570371588154,0.8525588482510331,0.7403774789020378
2023-02-09,0.39356106508670813,0.6224262028554093,0.6284227932114218,0.4909654104284977,0.5973534971644613,0.6060100166944908,Mid,Mid,Mid,1.0153309315124852,0.8330687346798001,0.7086669355706199
2023-02-10,0.4023113956258161,0.6434849665494018,0.64921437636509,0.5190918472652218,0.6731738035264484,0.6855713094245204,Mid,Mid,Mid,1.0152135394184858,0.8330897438096854,0.7069806920200318
2023-02-13,0.4092920718136323,0.6555708192723965,0.6600699164849522,0.5435791645177926,0.7149150409062304,0.7433333333333333,Mid,Mid,Mid,1.0119907290467571,0.8300878842317123,0.7017602031829957
2023-02-14,0.41336368172346677,0.6557300708435739,0.6595325889871401,0.5577319587628866,0.7150943396226415,0.7402164862614488,Mid,Mid,Mid,1.0015254908146847,0.8225153205005155,0.6836537758002761
2023-02-15,0.4270612898172921,0.6504022489856428,0.6510974243915858,0.6079340546110252,0.6913890634820867,0.6896838602329451,Mid,Mid,Mid,1.000653858911485,0.8191013801614251,0.686441482393966
2023-02-16,0.4274219816968552,0.6532603497684396,0.6539398510532021,0.6101956745623069,0.7022613065326633,0.7090606816292602,Mid,Mid,Mid,0.9871707239745778,0.8144045226785965,0.6825989297704642
2023-02-17,0.43733719821268513,0.6386249675811481,0.637334379119486,0.6474523932063819,0.6522284996861268,0.6387043189368771,Mid,Mid,Mid,0.9771716327173321,0.8002674484447172,0.6676822621306591
2023-02-20,0.4386812573784177,0.6486212296362738,0.6476937028052361,0.6512345679012346,0.6831869510664994,0.678838174273859,Mid,Mid,Mid,0.9781146709579673,0.7937452298810327,0.6722843233566007
2023-02-21,0.4598785586811145,0.6449642840784519,0.6441455251733741,0.7167095115681233,0.6764890282131661,0.6616915422885572,Mid,Mid,Mid,0.980114931718823,0.7771481595171614,0.6649884716681996
2023-02-22,0.46257863249095826,0.6487455658508968,0.6450483998236071,0.7204522096608428,0.6835839598997494,0.6652858326429163,Mid,Mid,Mid,0.9815803171165767,0.7776261456592798,0.6708762586747951
2023-02-23,0.4709987021242784,0.652105131990732,0.6477926678788831,0.7483307652799178,0.6963055729492799,0.679635761589404,Mid,Mid,Mid,0.9692762953035261,0.7721293038591921,0.6627736148815767
2023-02-24,0.515988214501607,0.6515381097367446,0.6468242672957061,0.8223819301848049,0.695244055068836,0.674937965260546,High,Mid,Mid,0.9659804160539662,0.7660998408544021,0.6589493340789782
2023-02-27,0.5382803262939627,0.6579256258282947,0.6541840052716954,0.8717290918419702,0.7267041901188243,0.7123966942148761,High,Mid,Mid,0.9659023539430903,0.7685888875146026,0.6654421136946302
2023-02-28,0.5400297224175084,0.6542770990398004,0.6493815901667749,0.8743589743589744,0.706875,0.6845582163501238,High,Mid,Mid,0.9606136556285703,0.7625076698765725,0.6354786378114757
2023-03-02,0.5347879499032038,0.6483514773187337,0.6435282251149511,0.8580215274218349,0.6808244846970644,0.655940594059406,High,Mid,Mid,0.955910971223074,0.7495105369819818,0.6108568000302643
2023-03-03,0.5353117085936443,0.6672236921408201,0.6625438522005779,0.8621926229508197,0.766541822721598,0.761747732893652,High,Mid,Mid,0.9602058985522008,0.7531479814161661,0.6114464358407438
2023-03-06,0.542103851275472,0.6744820777387014,0.6692000207638346,0.8786482334869432,0.8084840923268871,0.7907742998352554,High,High,Mid,0.9578912233705081,0.7497412458769116,0.6024385374234649
2023-03-07,0.5467298629615687,0.6774074303197567,0.6720309886418446,0.890992835209826,0.814214463840399,0.8,High,High,Mid,0.949769871800536,0.742120475491869,0.5872474986122305
2023-03-08,0.5466364539272839,0.6815211034563856,0.6762044587200363,0.8900255754475703,0.832398753894081,0.8083881578947368,High,High,High,0.9580691466906223,0.7530941303537179,0.6191205325349445
2023-03-09,0.5459115837142627,0.6803780130996938,0.675298759037485,0.8885480572597138,0.8268991282689913,0.8052588331963846,High,High,High,0.97385265453992,0.7657265981507767,0.6495010752324893
2023-03-10,0.5450931455999187,0.67427934055255,0.6703756351124439,0.8870720490546755,0.80522713130056,0.7922824302134647,High,High,Mid,0.9852630387141127,0.7691650897716609,0.6680997476777872
2023-03-13,0.5305248768545465,0.6722596414440117,0.6681831233798805,0.8452502553626149,0.7941542288557214,0.7858900738310091,High,Mid,Mid,0.9888283844681179,0.7641643342298754,0.6507879913831783
2023-03-14,0.5207563208953967,0.6608331274056786,0.6588398052397194,0.8279734558448187,0.7358607830950901,0.7344262295081967,High,Mid,Mid,1.0003233456040876,0.7706337284724065,0.6810755618616942
2023-03-15,0.5247644821265489,0.6533901976906207,0.650277564120578,0.835204081632653,0.7,0.6822276822276823,High,Mid,Mid,1.0114277714430142,0.779194748811037,0.6640355313826609
2023-03-16,0.5349971094474036,0.657215032098574,0.6541064341987047,0.85721570627231,0.7194289261328367,0.707037643207856,High,Mid,Mid,1.0109857622623122,0.7822038270282886,0.6823545120530319
2023-03-17,0.5158658563322065,0.6531525100308863,0.6497601372470599,0.8165137614678899,0.6972704714640199,0.6802943581357318,High,Mid,Mid,1.0021739936282543,0.7715325139936878,0.6700666555174175
2023-03-20,0.5159691585425084,0.6536084783894273,0.6496391568291046,0.8166072338257768,0.6999380037197768,0.6797385620915033,High,Mid,Mid,1.0034630861223346,0.7760657285869782,0.6682707017251189
2023-03-21,0.5237985256560299,0.6591605705988642,0.6559593516088612,0.8329938900203666,0.7304832713754646,0.7175510204081633,High,Mid,Mid,1.00930441908143,0.780644497592141,0.6748125407234478
2023-03-22,0.5341932571460325,0.660911133066962,0.6562147129595618,0.8534351145038168,0.7368421052631579,0.7194127243066885,High,Mid,Mid,1.0130751021999984,0.7830269980763638,0.6764723503715613
2023-03-23,0.5375245923821972,0.6658757403821755,0.6605037623175324,0.8677517802644964,0.7586633663366337,0.7449062754686226,High,Mid,Mid,1.0069851316749563,0.778310804935118,0.6701605803134004
2023-03-24,0.5321789457860205,0.6625408468188273,0.6568135293459776,0.849517031011693,0.7402597402597403,0.7198697068403909,High,Mid,Mid,1.0018127383053146,0.769829924322781,0.6542105287513967
2023-03-27,0.5305389377228182,0.6599261872281843,0.6536143959341979,0.8440040650406504,0.7317676143386898,0.6997558991049634,High,Mid,Mid,1.0030502163739656,0.7723240916621711,0.658212678376514
2023-03-28,0.5345464865538028,0.6620904153989078,0.6582385228044099,0.8537328593194515,0.7387276096355775,0.7317073170731707,High,Mid,Mid,1.0029334464057569,0.7730890592951698,0.6599426599141659
2023-03-29,0.535098237547585,0.6575425921758123,0.6525810838274505,0.8573604060913705,0.7197530864197531,0.69374492282697,High,Mid,Mid,1.012451334070531,0.7822302729161704,0.6817873977101924
2023-03-30,0.5375116545217276,0.6583164423925653,0.6536942821310431,0.867579908675799,0.7236273904996916,0.6996753246753247,High,Mid,Mid,1.0119568183546241,0.7815813814676008,0.6758630276051446
2023-03-31,0.542287964970625,0.6519205171960908,0.6466077778411724,0.8788032454361054,0.686189889025894,0.6609894566098946,High,Mid,Mid,1.0155853564572013,0.7835105268340419,0.6816387424169553
2023-04-03,0.5444152198517436,0.7046132539599833,0.6969278613910403,0.883933096806893,0.9001848428835489,0.8695299837925445,High,High,High,1.015695626998039,0.7859557774746632,0.6895198959319219
2023-04-04,0.541467845216108,0.7032621244508359,0.6957412700417217,0.8763931104356636,0.8983990147783252,0.8663967611336032,High,High,High,1.0158036321070398,0.7867329365444109,0.6875269255811528
2023-04-05,0.5409736820322888,0.7096395937017722,0.701760642821608,0.8749367088607595,0.9095384615384615,0.8810679611650486,High,High,High,1.0127064755180974,0.7901574184147366,0.686743731357889
2023-04-06,0.5456740323101712,0.709696489388182,0.7019080647643717,0.8891700404858299,0.9095940959409594,0.8819725141471302,High,High,High,1.0077267386993292,0.7850843193793782,0.6793110889496462
2023-04-07,0.5504241745551883,0.7133189757670841,0.704564291826982,0.8958017197774406,0.9145666871542717,0.8901453957996769,High,High,High,1.0079261957611947,0.7835554011378734,0.6845799288249872
2023-04-10,0.5537425078325504,0.7152448190922399,0.7058244772840193,0.9014155712841254,0.918918918918919,0.8934624697336562,High,High,High,0.9990384667429106,0.7769219350420652,0.6737571588189843
2023-04-11,0.5611351046683387,0.7166245173285466,0.706302113003566,0.9151086407276402,0.9195825659914058,0.8935483870967742,High,High,High,0.9820487755175152,0.7642773811133731,0.660966327461918
2023-04-12,0.5619357839902132,0.7204677592310488,0.7104546136506423,0.9161616161616162,0.9263803680981595,0.9016921837228042,High,High,High,0.9762452782167256,0.7641528601322758,0.6590321336983581
2023-04-13,0.5625756001935014,0.7216804592972096,0.7122262941217624,0.9167087329631499,0.9282648681790313,0.9041867954911433,High,High,High,0.9793399502682122,0.7666395237191856,0.660746961580681
2023-04-14,0.5594997654254624,0.7165129522441228,0.7075815092407699,0.9091826437941474,0.9178921568627451,0.8962188254223652,High,High,High,0.9899271002281388,0.7710007391003736,0.6782466126285082
2023-04-17,0.5523038862140632,0.7050366537701955,0.6960056464920398,0.8956127080181543,0.8965094917330068,0.8609324758842444,High,High,High,0.9622050985660714,0.7361134323197404,0.6512397838383678
2023-04-18,0.5484941950795951,0.7024540458016215,0.6931396036467549,0.8911290322580645,0.8910648714810282,0.8506024096385543,High,High,High,0.9624505293989855,0.7358494638600772,0.6549058073476799
2023-04-19,0.5650765202346002,0.7034082745912249,0.6947039730110118,0.9193954659949622,0.8935779816513761,0.8571428571428571,High,High,High,0.978740814684291,0.7408217131045364,0.6730990753346114
2023-04-20,0.5640705582407133,0.7023342556676662,0.693558360339413,0.9179254783484391,0.8893643031784841,0.8508420208500401,High,High,High,0.9783039742048683,0.7413042599845652,0.6749322632165538
2023-04-21,0.5602007172357462,0.6900002774294922,0.6807786372300452,0.9099144438852541,0.8619425778863775,0.8173076923076923,High,High,High,0.9677299087975435,0.7351920272128067,0.6666339327580671
2023-04-24,0.5587149655335707,0.6866218937816907,0.6762056256215428,0.9064386317907445,0.8498168498168498,0.8014411529223379,High,High,High,0.9671816513391701,0.7356231384508223,0.6788232112946991
2023-04-25,0.567398845043764,0.6989075562521405,0.68750179635188,0.9205630970336852,0.8804148871262966,0.8288,High,High,High,0.9632476288934226,0.7349675478269128,0.6786254136798071
2023-04-26,0.5683549054903824,0.6997841288611993,0.6870136729062936,0.921105527638191,0.8817073170731707,0.8281374900079936,High,High,High,0.9653852835521397,0.7333213851446794,0.6650885565995188
2023-04-27,0.5692785753695332,0.6852198812326581,0.6714453960454815,0.9226519337016574,0.842169408897014,0.7875399361022364,High,High,Mid,0.9668673529993046,0.7316882593510883,0.6673722942100455
2023-04-28,0.5485311856334814,0.682208227498775,0.6684587816476473,0.8880522088353414,0.8294762484774665,0.776536312849162,High,High,Mid,0.9650707281027276,0.7327584152323714,0.6616147020870774
2023-05-02,0.5360597151298113,0.7047927747436781,0.6899791273800288,0.8529854490717511,0.8959220937309799,0.8341307814992025,High,High,High,0.9700037199879459,0.7362746353213702,0.6609143682558971
2023-05-03,0.5323255704921547,0.697018031367821,0.6806733374211787,0.839518555667001,0.8777372262773723,0.8143426294820717,High,High,High,0.9618158058976668,0.7256280670949293,0.6504658701305402
2023-05-04,0.5248722017773989,0.6865204465864201,0.6694229358628805,0.8230576441102757,0.8474164133738602,0.7778662420382165,High,High,Mid,0.9744860414158109,0.7390134515199555,0.6621159255830797
2023-05-08,0.5155229931473023,0.6778145229713736,0.6606090780851918,0.8021042084168337,0.804374240583232,0.7342879872712809,High,High,Mid,0.9746001823821652,0.7387757709729248,0.6614153149459903
2023-05-09,0.5247811695233733,0.6906042279626008,0.675002915627862,0.8222333500250375,0.8621736490588949,0.7933227344992051,High,High,Mid,0.9757317151169342,0.7392796998588897,0.6599465055898099
2023-05-10,0.5172305241035571,0.6721889621080095,0.6573916987596032,0.8073073073073073,0.783373786407767,0.7084988085782367,High,Mid,Mid,0.9734016161785796,0.737846704533869,0.658110701115743
2023-05-11,0.514266742115453,0.6479281252417077,0.6333670435443506,0.7998999499749875,0.6610066707095209,0.5952380952380952,Mid,Mid,Mid,0.9808252509415528,0.7394577388245428,0.6621928969606641
2023-05-12,0.5215225813273967,0.6574652117251594,0.644242908621855,0.816,0.7066666666666667,0.6352101506740682,High,Mid,Mid,0.9840927430255587,0.7350701625786272,0.6561458405481693
2023-05-15,0.5265040450639835,0.6635762760304047,0.6535434438616745,0.8245877061469266,0.7371290127195639,0.6830427892234548,High,Mid,Mid,0.9854566354853757,0.7382797163960736,0.6588690074319974
2023-05-16,0.5209910080900366,0.6584441951489719,0.64939210018381,0.8131868131868132,0.7136803874092009,0.6603325415676959,High,Mid,Mid,0.9863042173750239,0.7379902988573581,0.6585052231722763
2023-05-17,0.5229303633949931,0.6683074335990469,0.6589723782025997,0.818771842236645,0.7592256503327284,0.7231012658227848,High,Mid,Mid,0.9982548846050456,0.7412849433537642,0.6637822075842214
2023-05-18,0.5234423507608651,0.655687398279751,0.6476831526687802,0.8193612774451098,0.6964933494558646,0.6521739130434783,High,Mid,Mid,0.9718834128308739,0.737971872498661,0.6561175348014144
2023-05-19,0.5031181289432304,0.6443551458822415,0.635865265278445,0.7885286783042394,0.6501510574018127,0.6042654028436019,Mid,Mid,Mid,0.978991239428533,0.7403149947842557,0.6532449278979673
2023-05-22,0.5306456732570702,0.6918906876605359,0.6892745733153115,0.8344965104685942,0.8647342995169082,0.8334648776637726,High,High,High,0.9811644989031991,0.7485346090021456,0.6891422612355215
2023-05-23,0.5221046666584548,0.6853010033847147,0.6823368874520742,0.8156452416542103,0.8406759203379601,0.8194006309148265,High,High,High,0.9974172092924669,0.7595658160465678,0.7187599272750459
2023-05-24,0.5182474850190634,0.6979617940966842,0.6945620375305758,0.8062749003984063,0.879372738238842,0.8581560283687943,High,High,High,0.9914948968739944,0.7583754393034998,0.7081362002973349
2023-05-25,0.5138948298207259,0.6939325784615268,0.6901275721189163,0.7959183673469388,0.8698010849909584,0.837007874015748,Mid,High,High,0.9908356324661524,0.7536755378280833,0.7097010821875963
2023-05-26,0.5192895410676457,0.7079384057803381,0.7046614475049062,0.808955223880597,0.9018072289156627,0.8890637293469709,High,High,High,0.9923078969545968,0.7551499941796381,0.7203251355759428
2023-05-30,0.5074822084908795,0.7098442653066125,0.7050236280239037,0.7901541521631029,0.9078868151715834,0.8891509433962265,Mid,High,High,0.9888959644501416,0.7587649959122293,0.7216837534842737
2023-05-31,0.5080939508758748,0.6950895521308552,0.6904558345268762,0.790258449304175,0.8712394705174489,0.8366064414768264,Mid,High,High,0.9859306974727526,0.760712385076724,0.7194471728409111
2023-06-01,0.49874616628514323,0.6792299632405449,0.6758280559283159,0.7804272230501739,0.8075766686710764,0.793563579277865,Mid,High,Mid,0.9880941926482796,0.7625158244779976,0.7241513769457929
2023-06-02,0.4923915922529273,0.6734060838542607,0.6698115437619382,0.7720953326713009,0.7866586538461539,0.7756862745098039,Mid,Mid,Mid,0.9873759295538491,0.7596605936133748,0.7288857611001109
2023-06-05,0.5243734318287727,0.6869086945749192,0.6827894781308762,0.8218362282878412,0.8492492492492493,0.8166144200626959,High,High,High,0.9930292678671937,0.7685036513796143,0.7319583770635817
2023-06-07,0.5255691084507437,0.6881989448637013,0.6836008097565741,0.8239087301587301,0.8535414165666266,0.8191072826938136,High,High,High,0.9994519280193882,0.7710379377919063,0.7395123643272139
2023-06-08,0.5248610423168766,0.6934447020389257,0.6876053798543201,0.8230044620723848,0.8662267546490702,0.8278560250391236,High,High,High,0.9940178731263929,0.774658169004257,0.7461663790721563
2023-06-09,0.5350580199999447,0.6962709167475568,0.6902983118383089,0.8488602576808721,0.8729016786570744,0.836591086786552,High,High,High,0.991177015620887,0.7749555214176792,0.7456939617365789
2023-06-12,0.5428124461494972,0.7099624651480103,0.7018930353701567,0.8727092620108965,0.908328340323547,0.87890625,High,High,High,0.999153293606442,0.7711605081363231,0.7559400537738743
2023-06-13,0.5441237673846953,0.7185330600758347,0.7111997679805778,0.8767326732673267,0.9239520958083832,0.9055425448868072,High,High,High,0.9957511900444643,0.7693000076770736,0.7497052300091102
2023-06-14,0.5348714937297567,0.7252731626829131,0.7169119181291421,0.8466105888174171,0.93836026331538,0.9173166926677067,High,High,High,0.994152712233501,0.7685634229673906,0.7418858632738696
2023-06-15,0.534960915922652,0.7237625377408287,0.7154331944196916,0.8471810089020771,0.9324162679425837,0.911925175370226,High,High,High,0.9878272531343766,0.7639409548241659,0.7308855112333394
2023-06-16,0.5355109475700636,0.7165191156296814,0.7101030764753254,0.8521997034107761,0.9181111775254035,0.9010903426791277,High,High,High,0.981358856817574,0.7498565903766475,0.6758784903010502
2023-06-19,0.5268593563177927,0.70462123706568,0.6968378007279651,0.8231225296442688,0.8930704898446834,0.8622568093385214,High,High,High,0.9889006480914272,0.7515891960633567,0.7008368154828533
2023-06-20,0.5157632042542339,0.6930474113602516,0.6855543724420827,0.7950617283950617,0.8614925373134328,0.8195956454121306,Mid,High,High,0.9855644881865633,0.7348904258752069,0.6768518223914052
2023-06-21,0.5116433711988199,0.6804702581500811,0.6706358088719481,0.7892398815399803,0.8090692124105012,0.7723387723387724,Mid,High,Mid,0.98421062183682,0.733136831287297,0.6683777207285172
2023-06-22,0.5162139010643125,0.6808219716789937,0.6710250997060129,0.7972372964972866,0.8103756708407871,0.7725155279503105,Mid,High,Mid,0.977232416740684,0.7387208346559658,0.6679909442891042
2023-06-23,0.5208373386074132,0.6840160994318003,0.6752926916867503,0.8081854043392505,0.8259833134684148,0.7851047323506595,High,High,Mid,0.9914933897627365,0.7300489790991885,0.6516327425634487
2023-06-26,0.5079985411681217,0.6767026616324813,0.6667719795142243,0.7846229669788073,0.7921381774865992,0.7573643410852713,Mid,Mid,Mid,0.9860995136488652,0.7187273918240377,0.6414819020058516
2023-06-27,0.5054070791817604,0.6758588678635649,0.6660415911133283,0.7827586206896552,0.7910714285714285,0.7536793183578622,Mid,Mid,Mid,0.9820197820987546,0.7384930250282505,0.6185867447707561
2023-06-28,0.5140678934550749,0.671585376274557,0.6641490748987277,0.7917282127031019,0.7715645449137418,0.7407120743034056,Mid,Mid,Mid,0.979480604116877,0.7277576355031551,0.6008221456229164
2023-06-29,0.5139299501304417,0.6721403307079764,0.6654898370162959,0.7908464566929134,0.772294887039239,0.7470997679814385,Mid,Mid,Mid,1.002822546883862,0.7373578871018256,0.608033877294425
2023-06-30,0.5154010162747447,0.6713574920908791,0.6647411060557027,0.792916871618298,0.7688651218062983,0.7442040185471407,Mid,Mid,Mid,0.9923572723192343,0.7322261569135063,0.577569602379511
2023-07-03,0.5176022477065931,0.6713693463523471,0.661587580672638,0.8018682399213373,0.7690023752969121,0.7274131274131274,High,Mid,Mid,0.9961659406805582,0.7357676257562611,0.5778708657185129
2023-07-04,0.5264621914404918,0.6658360728278148,0.6558953561187503,0.8226044226044226,0.7347181008902077,0.683641975308642,High,Mid,Mid,0.9946758190509928,0.7420753926087436,0.5789585639549351
2023-07-05,0.5236706888742564,0.6662375675684565,0.6548984246950788,0.8163064833005894,0.7378410438908659,0.6808018504240555,High,Mid,Mid,1.0275486893678794,0.7758078908299426,0.6263588136155807
2023-07-06,0.517778016266572,0.6604527718319191,0.6509289545682807,0.8016691212567502,0.7095435684647303,0.6517719568567026,High,Mid,Mid,1.0214191692330639,0.7653360131214929,0.6155378734179792
2023-07-07,0.5096561947839432,0.6561384879581609,0.6470880818902238,0.7841020608439647,0.6883886255924171,0.6335642802155504,Mid,Mid,Mid,1.0172610632697652,0.7597370936343211,0.6076387882397505
2023-07-10,0.5024660912463487,0.6555401544029679,0.6480868162573569,0.7763609612555175,0.6820603907637656,0.6384615384615384,Mid,Mid,Mid,1.0157586765145572,0.7477727175430412,0.5866718996626874
2023-07-11,0.49620564952584933,0.6449689958834153,0.6350498287103578,0.7666666666666667,0.6396449704142012,0.584934665641814,Mid,Mid,Mid,0.9566689883409804,0.6959550781200092,0.509032461766872
2023-07-12,0.48257250513229283,0.606126894532616,0.5969784942819888,0.7413032827045566,0.5298639858072147,0.4846390168970814,Mid,Mid,Mid,0.9655006499665164,0.7195810524396453,0.5499458081131026
2023-07-13,0.4814658566694522,0.6050851281253508,0.5946574363752384,0.738001958863859,0.5289598108747045,0.47966231772831924,Mid,Mid,Mid,0.9707613953078326,0.7353511860292166,0.5532195027355828
2023-07-14,0.4921445822410839,0.6223810100801029,0.6110381487551494,0.7611355849241311,0.5611340815121086,0.5084355828220859,Mid,Mid,Mid,0.9679838962838216,0.7354875902173464,0.5608277908650915
2023-07-17,0.4870166089485776,0.6129384008452302,0.6025750472047249,0.7509784735812133,0.5401416765053129,0.49272030651341,Mid,Mid,Mid,0.9627576740292633,0.7248818156536463,0.5409700691534264
2023-07-18,0.4852409498949484,0.6170271489435611,0.608155736195002,0.7471882640586797,0.5474926253687316,0.501531393568147,Mid,Mid,Mid,0.9677549962131324,0.7214098848789906,0.5495773658935178
2023-07-19,0.47538594195096745,0.6052026601461516,0.5966382065504371,0.7258064516129032,0.5283018867924528,0.4827850038255547,Mid,Mid,Mid,0.9721582294470297,0.7252712628628651,0.5531027346106393
2023-07-20,0.47522278067625423,0.6097431504835192,0.6022197481913828,0.7254518808011724,0.5344725987035945,0.4923547400611621,Mid,Mid,Mid,0.9736871268086073,0.7258845015761004,0.554251742041287
2023-07-21,0.47828567690505264,0.6113799579495671,0.604602769868939,0.73388671875,0.5371024734982333,0.4957983193277311,Mid,Mid,Mid,0.9585578371031644,0.7119787094544042,0.5443421410821203
2023-07-24,0.48720651071996884,0.613176304893524,0.6065916158902466,0.7515861395802831,0.5420835785756327,0.49923664122137407,Mid,Mid,Mid,0.9570160900827251,0.7112886984523688,0.5427779226101954
2023-07-25,0.48704838819119545,0.6114039585327314,0.6049388885359548,0.751219512195122,0.5370588235294118,0.4958047292143402,Mid,Mid,Mid,0.9584093509309336,0.7079617732719725,0.5394017444869219
2023-07-26,0.4811573299800241,0.6163566478503469,0.6112665795175778,0.7357386640663092,0.5473251028806584,0.5114329268292683,Mid,Mid,Mid,0.9570752023417742,0.7088137383424314,0.5376101747538073
2023-07-27,0.5095959783959882,0.6204940283689115,0.6155250625560146,0.7850877192982456,0.5581668625146886,0.5217060167555218,Mid,Mid,Mid,0.9530459162122936,0.7138217416783325,0.5627022700771471
2023-07-28,0.522408462690634,0.6275081699953016,0.6237362361116171,0.8149050170482222,0.5772166764533176,0.541095890410959,High,Mid,Mid,0.9424731640428742,0.7095251307770032,0.5648059296096792
2023-07-31,0.516939921949328,0.626009560843896,0.6223525947603309,0.7999026290165531,0.5710093896713615,0.5368821292775665,Mid,Mid,Mid,0.9454872303440551,0.7152526193855123,0.5668686689532548
2023-08-01,0.5047307525403041,0.6185789478479745,0.614927904744952,0.7795620437956204,0.5536656891495602,0.5182370820668692,Mid,Mid,Mid,0.9405680380003413,0.7179438561762218,0.5769946208799669
2023-08-02,0.5033308987033039,0.6153326885684782,0.6127544614982595,0.7772373540856031,0.5433763188745604,0.5117691723614275,Mid,Mid,Mid,0.9390909330418383,0.7138834401305241,0.5983901091203314
2023-08-03,0.5081684747410956,0.6139448576495425,0.6118467184347132,0.7826932425862907,0.5413005272407733,0.5098634294385432,Mid,Mid,Mid,0.9389784691125906,0.7001432040516407,0.6112684916951248
2023-08-04,0.5094848937300569,0.6159741252837684,0.6132959117723967,0.7837706511175899,0.5456674473067916,0.513267626990144,Mid,Mid,Mid,0.941918051365598,0.7059218317767965,0.616471567401952
2023-08-07,0.5164248760995181,0.617360372097413,0.6153373223011015,0.797474502185527,0.5500292568753657,0.5204545454545455,Mid,Mid,Mid,0.9443576627167073,0.7065681625442523,0.6139414951201728
2023-08-08,0.5147213092073757,0.614903981997605,0.6122062382556896,0.791747572815534,0.5421052631578948,0.5094625283875852,Mid,Mid,Mid,0.9387462021233468,0.7086333542224889,0.6243391621117571
2023-08-09,0.518489495819689,0.6241314841187712,0.6201803786969274,0.804463852498787,0.5657510227936879,0.5332829046898638,High,Mid,Mid,0.943360022235424,0.7092154450906362,0.6239537319938345
2023-08-10,0.5150702959098836,0.6158721707918399,0.6129711992256052,0.7914645974781765,0.544392523364486,0.5124716553287982,Mid,Mid,Mid,0.9333591757219691,0.702185093562839,0.6094427006542972
2023-08-11,0.5140791208622241,0.6150439448594568,0.6129293070957513,0.7896267571497819,0.5417396380618797,0.5120845921450151,Mid,Mid,Mid,0.9344503251625089,0.7016931304572316,0.608624019238991
2023-08-14,0.5246611151451075,0.631008204015307,0.6283793826748639,0.8212209302325582,0.5910151691948659,0.5645283018867925,High,Mid,Mid,0.9330974616760196,0.7032859628053453,0.6100137393212302
2023-08-16,0.5187819728074926,0.6334895135099925,0.6321400425818552,0.8053268765133171,0.6029154518950437,0.5822021116138764,High,Mid,Mid,0.9460064687463549,0.7261884917102269,0.6535267914008988
2023-08-17,0.5065252910416803,0.610805285976535,0.6069665974351767,0.7778315585672798,0.5308857808857809,0.49510173323285606,Mid,Mid,Mid,0.9515897213761921,0.7420295701049564,0.7073483829215271
2023-08-18,0.5123021796305671,0.6025763266084262,0.5986454860488771,0.7847121432027092,0.5142690739662201,0.48042168674698793,Mid,Mid,Mid,0.9529736873562626,0.7425316521768082,0.7092642873854743
2023-08-21,0.5140560172840422,0.5966934150360652,0.5923085326037104,0.7882011605415861,0.5040745052386496,0.4612490594431904,Mid,Mid,Mid,0.9498920388152222,0.7462690652074576,0.7206815535167095
2023-08-22,0.510739993584948,0.5897166168269167,0.5853463053668403,0.7825036249395844,0.4857475276323444,0.44586466165413535,Mid,Mid,Mid,0.9482428933874053,0.7453268382764457,0.7200375612022144
2023-08-23,0.5095318314515428,0.5860345991254093,0.5818723780231067,0.7801932367149759,0.46686046511627904,0.4417731029301277,Mid,Mid,Mid,0.9481492448503064,0.7461496921404471,0.7120637786765327
2023-08-24,0.5249042035779701,0.5892729211845327,0.5849546561985474,0.8242394978271367,0.48576409064497383,0.4451951951951952,High,Mid,Mid,0.9481606450837635,0.7490953879609492,0.7154543947620151
2023-08-25,0.5233721957450783,0.5873092385479448,0.5834144691076031,0.8175675675675675,0.47677119628339143,0.4433608402100525,High,Mid,Mid,0.941295575636474,0.7382591063869037,0.7043827455188101
2023-08-28,0.5127661852147449,0.6106756470852357,0.6095571219703837,0.784370477568741,0.5316308763784098,0.5037481259370314,Mid,Mid,Mid,0.9656069189249065,0.75768629807583,0.7249076029584822
2023-08-29,0.5208335633503662,0.6172959172549279,0.6163477257396535,0.8090646094503375,0.5510440835266821,0.5288389513108614,High,Mid,Mid,0.9834871757338525,0.7713543966855213,0.7476034366041057
2023-08-30,0.5061958426827871,0.6065301634778307,0.6040532739179852,0.7734939759036145,0.5252173913043479,0.4902694610778443,Mid,Mid,Mid,0.9909451146303501,0.7837656412298332,0.7694394976879794
2023-08-31,0.5020914857613523,0.5964890970639464,0.5943342933136592,0.7663776493256262,0.5040556199304751,0.4712041884816754,Mid,Mid,Mid,0.9901961502596195,0.7794238973113757,0.7677770251586024
2023-09-01,0.5202206246321273,0.6219959553483463,0.618984821900937,0.8069330765527203,0.5639837869137232,0.5328849028400597,High,Mid,Mid,0.9927587665373875,0.7707135279268125,0.7465699478013645
2023-09-04,0.5162883578797879,0.6171127970976843,0.6154575370925496,0.794995187680462,0.5503472222222222,0.5242718446601942,Mid,Mid,Mid,0.9948617256446198,0.7707107934374445,0.737521754428106
2023-09-05,0.5138036705913773,0.6180227318096548,0.6163554307697644,0.784992784992785,0.5558126084441873,0.5298507462686567,Mid,Mid,Mid,0.9973787642304943,0.7760800710909767,0.7523134002201441
2023-09-06,0.5109739132839933,0.6167262938885354,0.6155202461459169,0.7807692307692308,0.5485549132947977,0.5249813571961223,Mid,Mid,Mid,0.9773426829681652,0.7553712979183426,0.7238027468437555
2023-09-07,0.5107752082066369,0.6130101968947389,0.6120881871564375,0.7799135031234983,0.537261698440208,0.5089418777943369,Mid,Mid,Mid,0.974151889366597,0.7539907747889419,0.7199824017167348
2023-09-08,0.5123078530487419,0.610505353969011,0.6094640975024294,0.7824207492795389,0.5294457274826789,0.501861504095309,Mid,Mid,Mid,0.9753278750447383,0.7565274207558051,0.7234457798149552
2023-09-11,0.5172052289943898,0.6133011511791345,0.6100456325363396,0.799327892462794,0.5401038661281016,0.5044642857142857,Mid,Mid,Mid,0.9752981047132182,0.7547579265540995,0.7227104823259504
2023-09-12,0.523998668521031,0.6210699979240154,0.6181170588115098,0.8210172744721689,0.563437139561707,0.5338289962825279,High,Mid,Mid,0.9596791968660797,0.7460382998784434,0.7072991992137064
2023-09-13,0.528902907336094,0.6337480862583198,0.6298053655675794,0.8316546762589928,0.6092219020172911,0.5787518573551264,High,Mid,Mid,0.962577484866982,0.7498193871251467,0.7128320019436342
2023-09-14,0.5342840068938794,0.643553466297556,0.6401707969393714,0.8470757430488974,0.6440092165898618,0.6161841128433556,High,Mid,Mid,0.9925302435755182,0.771635802230736,0.7173722542494635
2023-09-15,0.5335476505633764,0.6457621372069119,0.6435847208999362,0.8452323909918543,0.6522740356937248,0.6268545994065282,High,Mid,Mid,0.9808043228556529,0.7600980768004282,0.7159967952067636
2023-09-18,0.5310506879689589,0.6445019225324001,0.6423667666514956,0.8371647509578544,0.6467203682393556,0.6241660489251297,High,Mid,Mid,0.9850068411026524,0.7690182699052446,0.7371943414440945
2023-09-19,0.5365972251563049,0.6462929343821329,0.6439874481021004,0.8606988989947343,0.6532489936745256,0.6288888888888889,High,Mid,Mid,0.9794062405998898,0.7647355638767582,0.7335747139289206
2023-09-20,0.536421825290905,0.6449491887149499,0.6420743998830574,0.8602870813397129,0.6477011494252873,0.6232420429311621,High,Mid,Mid,0.9712959807304397,0.7599186610782331,0.7261652967057232
2023-09-21,0.5325658804152942,0.6451439480845703,0.6406248885240619,0.8426590148254424,0.6490522688110282,0.6153846153846154,High,Mid,Mid,0.9685850146607484,0.7603703815950608,0.7247654338088004
2023-09-22,0.5343032583638225,0.6511766402198752,0.6465452851818468,0.8465583173996176,0.669345579793341,0.6430155210643016,High,Mid,Mid,0.9763707439697353,0.7935089923261243,0.7457059942030255
2023-09-25,0.5304306098855625,0.6416769338045882,0.6364715717483128,0.8332537028189202,0.633964429145152,0.6004431314623339,High,Mid,Mid,0.9824857471774565,0.8019013515550037,0.7641175990362287
2023-09-26,0.5271240175706166,0.6452382367709276,0.6424722298533979,0.8252148997134671,0.6490825688073395,0.6243542435424354,High,Mid,Mid,0.9827633853886899,0.8054083384922206,0.7572217517683394
2023-09-27,0.5065071510247598,0.6282334026005013,0.6251298975532711,0.7680190930787589,0.5822349570200573,0.5523598820058997,Mid,Mid,Mid,0.9536049442537029,0.7932655241789263,0.9765224048800258
2023-10-04,0.5049886717482492,0.6317585820183065,0.6293273276765216,0.7657442748091603,0.5945017182130584,0.5718496683861459,Mid,Mid,Mid,0.9536026717280437,0.7933875517566635,0.9839056873156237
2023-10-05,0.5079835610986407,0.632783084315682,0.6299513062338598,0.7691940867906533,0.5998855180309102,0.5758468335787923,Mid,Mid,Mid,0.9764851548984904,0.8010552470701203,0.9684870923262087
2023-10-06,0.5009286171315633,0.6340426727673777,0.630228400694726,0.7573879885605338,0.6075514874141876,0.5768947755702722,Mid,Mid,Mid,0.9778618935792052,0.8025529000017484,0.9692219700421565
2023-10-10,0.508288237689487,0.6296666068925559,0.6260691180502639,0.7708432586946165,0.5871926815323042,0.5558823529411765,Mid,Mid,Mid,0.9714626417749385,0.8010732127988877,0.9648599344967794
2023-10-11,0.5092511679134365,0.6315414747793588,0.6278400094927794,0.7719047619047619,0.5937142857142857,0.5635562086700955,Mid,Mid,Mid,0.947295221569312,0.797240168098723,0.9593464599813223
2023-10-12,0.5009295806752488,0.6287982874699677,0.6235653243814344,0.7567824845311756,0.5819531696173615,0.5433186490455213,Mid,Mid,Mid,0.9616637861200922,0.8389840121125499,0.9715834939547413
2023-10-13,0.501740919838259,0.626599980115251,0.6223722029218972,0.7573739295908658,0.5742009132420092,0.5392516507703595,Mid,Mid,Mid,0.9197675372984777,0.8285707260505069,0.9312413725550028
2023-10-16,0.49957563273989064,0.6272539762787037,0.6239017080157089,0.7541607227769852,0.5772960638904735,0.5447214076246334,Mid,Mid,Mid,0.9286169134562312,0.829574612470602,0.95387164380265
2023-10-17,0.5007248285536594,0.6335810038009683,0.6298957690100132,0.7557034220532319,0.6054732041049031,0.5765567765567765,Mid,Mid,Mid,0.899316989546344,0.7985148999126503,0.9204035771834023
2023-10-18,0.4935093911969625,0.6355163237418472,0.6307319917236508,0.7463182897862233,0.6131054131054131,0.5805270863836017,Mid,Mid,Mid,0.896489351415769,0.792771650227946,0.914462521087721
2023-10-19,0.504778274606889,0.6393379304871479,0.6343799427566267,0.7649572649572649,0.626993166287016,0.5947329919531822,Mid,Mid,Mid,0.8725072046303206,0.7625909843343741,0.8711589324456419
2023-10-20,0.5054178335047667,0.6434390305930549,0.6382426887703093,0.7660180351210252,0.6420034149117815,0.6111111111111112,Mid,Mid,Mid,0.8812968591316179,0.7807917676159969,0.8751488998913872
2023-10-23,0.5020073539868424,0.6404489049458341,0.6356941123696859,0.7575901328273245,0.6296928327645052,0.6004382761139518,Mid,Mid,Mid,0.8839171303469429,0.7772426538258439,0.8799035167623396
2023-10-24,0.4903791983878304,0.6408963108778357,0.6355007005678365,0.7377904220009484,0.6316088686753838,0.5985401459854015,Mid,Mid,Mid,0.8977232282752227,0.7834748132380613,0.8961958637014535
2023-10-25,0.5338373780564771,0.6658941780689682,0.6595810989847669,0.8459715639810427,0.7465909090909091,0.7272064186725018,High,Mid,Mid,0.8890715221719547,0.7844381269476142,0.8971959738003843
2023-10-26,0.5323649511400601,0.6703523024151936,0.6648252490095042,0.842728564661298,0.771152754116979,0.7587463556851312,High,Mid,Mid,0.8753174420890945,0.7761757668031884,0.8970229158207423
2023-10-27,0.518105444857071,0.6762272606712828,0.6724117209279941,0.7987689393939394,0.800794551645857,0.7916970138383103,Mid,High,Mid,0.8764779769995232,0.7882597240935684,0.9010963325234581
2023-10-30,0.5019402648072473,0.6239400844015986,0.6200538677825169,0.7562707051585423,0.5609756097560976,0.5276564774381368,Mid,Mid,Mid,0.8789607763799705,0.7901535411781445,0.8990335641335145
2023-10-31,0.5192800303600343,0.6369823960553577,0.6342931111779037,0.8027436140018922,0.6145124716553289,0.592,High,Mid,Mid,0.8754141203291469,0.7898335436801897,0.9000851397037708
2023-11-01,0.5306602320611573,0.6440011301347761,0.6411440047486685,0.8359338061465721,0.6447592067988669,0.6184593023255814,High,Mid,Mid,0.8924426847122617,0.8226348767495852,0.9323452256260963
2023-11-02,0.5187714473390128,0.6477430062225092,0.6453533547772722,0.8005671077504726,0.6585503963759909,0.6412490922294843,High,Mid,Mid,0.8834054513651077,0.808258439435412,0.920220270844085
2023-11-03,0.5119362223264059,0.6406501233172587,0.6381990794496432,0.776570618800189,0.6281833616298812,0.6095791001451378,Mid,Mid,Mid,0.892871712091784,0.8278095071765768,0.9288259917215494
2023-11-06,0.47462405889811654,0.6041171197645373,0.6124158089434656,0.6997167138810199,0.5073529411764706,0.49891225525743294,Mid,Mid,Mid,0.9118260330302713,0.8518133897532683,0.9331549770935809
2023-11-07,0.476535612076977,0.6065116788541589,0.6142760371812362,0.7055214723926381,0.5132843414358395,0.5079710144927536,Mid,Mid,Mid,0.9361270422427229,0.829029083841803,1.0879718431327057
2023-11-08,0.4480716578637212,0.5987074370962487,0.6084988241586883,0.6273584905660378,0.49491525423728816,0.4851556842867487,Mid,Mid,Mid,0.9259927270146078,0.8320779027479276,1.0836256903871726
2023-11-09,0.4400807240451196,0.5952398815884391,0.606331291400538,0.6011315417256011,0.48842461885940147,0.479739507959479,Mid,Mid,Mid,0.9337765007960969,0.841739262627807,1.1029485091665052
2023-11-10,0.45029291713832365,0.6094511249527939,0.6201262279173984,0.6328934967012253,0.518058690744921,0.5285610990600145,Mid,Mid,Mid,0.930334097968778,0.8431395037158671,1.1011556746881819
2023-11-13,0.42919732687279327,0.6101829180948791,0.6207722936670367,0.5671219971738106,0.5194585448392555,0.5303468208092486,Mid,Mid,Mid,0.937307505630879,0.8451396952916769,1.1049304254465775
2023-11-14,0.4167231946558242,0.5976688552128185,0.6087309669291219,0.518361581920904,0.49379932356257045,0.4866425992779783,Mid,Mid,Mid,0.9344448911319543,0.8484303822869933,1.108502997853177
2023-11-15,0.4362954906052348,0.6182545618740865,0.6301427205393937,0.5896470588235294,0.5487323943661971,0.575036075036075,Mid,Mid,Mid,0.9315080742508098,0.8508354377019375,1.1172386623899997
2023-11-16,0.43023197927653484,0.6165562105117378,0.6283024668865761,0.5691439322671684,0.5394144144144144,0.5630857966834896,Mid,Mid,Mid,0.9467035936216524,0.8731766047026943,1.1595071765283176
2023-11-17,0.41633903791026744,0.6308699284018214,0.6435824537912765,0.5166901739539257,0.5880697805289814,0.6325648414985591,Mid,Mid,Mid,0.9484660954239577,0.8642259553752419,1.175699526095644
2023-11-20,0.4127538877097459,0.6424094070122145,0.6543091913044531,0.5070488721804511,0.6394825646794151,0.6969042476601872,Mid,Mid,Mid,0.9472235531283569,0.8697956684554468,1.1805936081786361
2023-11-21,0.4099781648011711,0.6547255573570551,0.6665572758513639,0.49788633161108503,0.6897133220910624,0.7719424460431654,Mid,Mid,Mid,0.9531811065888902,0.8828751257953041,1.2155840577566268
2023-11-22,0.4296395938530022,0.6652039587881853,0.6769603676411865,0.568075117370892,0.7415730337078652,0.8066139468008627,Mid,Mid,High,0.9526772993224302,0.8807390040456748,1.20629869565962
2023-11-23,0.43068135016285264,0.663932310013161,0.6764455696363116,0.5720319099014547,0.7366647950589557,0.805316091954023,Mid,Mid,High,0.9448944775922551,0.874932285461609,1.215112329678284
2023-11-24,0.4080228648766727,0.6196308262628122,0.6324107809872834,0.4901500938086304,0.5505050505050505,0.5843503230437904,Mid,Mid,Mid,0.9445161639121321,0.8746631398878594,1.2143859091900489
2023-11-27,0.4156772111513706,0.6025260770651765,0.613324189929761,0.5142991092358181,0.5002804262478968,0.5007173601147776,Mid,Mid,Mid,0.9416715511581739,0.8696934813462157,1.2493491597733686
2023-11-28,0.3938036160278646,0.5940985079967611,0.6049738726979801,0.44611059044048734,0.4826233183856502,0.47240143369175625,Mid,Mid,Mid,0.9463109506342029,0.8718412761011468,1.2532644809821818
2023-11-29,0.3834407315048987,0.5822593338578835,0.5922558089192654,0.4126463700234192,0.4380952380952381,0.44197707736389685,Mid,Mid,Mid,0.9510456439943378,0.8819409606463204,1.2888294048182483
2023-11-30,0.38625928547650673,0.5747538746015186,0.5852005743147528,0.424625468164794,0.42105263157894735,0.4259126700071582,Mid,Mid,Mid,0.9581903795543277,0.8909661879475098,1.2954419490124298
2023-12-01,0.35535730412062067,0.5393518415537406,0.5530409851184878,0.33692091717360784,0.32568550643536653,0.36194563662374823,Mid,Mid,Mid,0.9663373702262656,0.887987111687908,1.297965446567617
2023-12-04,0.3447303169936475,0.5271771280143293,0.5407361227983903,0.29420018709073903,0.2936241610738255,0.3388134381701215,Mid,Mid,Mid,0.9542362770384563,0.8712263399059501,1.288043697210353
2023-12-05,0.3478398174061807,0.5200587875831696,0.5345881031473104,0.3080878915381019,0.28172163219675794,0.3242857142857143,Mid,Mid,Mid,0.9587813304518754,0.871093527421701,1.2879315571409142
2023-12-06,0.34020419361816995,0.4995126818839799,0.513701485205091,0.2757009345794392,0.24134078212290502,0.2826552462526767,Mid,Mid,Mid,0.9559557967787917,0.8758695392269977,1.315229287400108
2023-12-07,0.34116320153981816,0.5011133144636067,0.5154089832384005,0.2793087342363382,0.248464544946957,0.2888730385164051,Mid,Mid,Mid,0.9577678170769456,0.8759531372158231,1.3160588388837333
2023-12-08,0.33879234765051663,0.5027227756338578,0.5174463781909163,0.27450980392156865,0.2533482142857143,0.29294369208838206,Mid,Mid,Mid,0.9396247970922994,0.8698811620076595,1.3107576592348484
2023-12-11,0.3210739096930629,0.4995784250241626,0.5141293194710733,0.2048530097993467,0.241494701617401,0.28561253561253563,Mid,Mid,Mid,0.9348640740963335,0.8667616443247125,1.3071979295836083
2023-12-12,0.31823288097754954,0.5065953202528032,0.5203434949815869,0.1982276119402985,0.26198439241917504,0.29750889679715303,Low,Mid,Mid,0.9410021712183549,0.870232878002529,1.307010933485998
2023-12-13,0.31641420208065724,0.5062315685606734,0.5195052645106822,0.19114219114219114,0.2618384401114206,0.2958748221906117,Low,Mid,Mid,0.9449435044316556,0.8708622334809004,1.3103127677940354
2023-12-14,0.30721302983247345,0.49863423813054397,0.5114812394626314,0.16123019571295433,0.2383073496659243,0.279317697228145,Low,Mid,Mid,0.9443468017852886,0.8768130126461136,1.3082644021991476
2023-12-15,0.3039673531610593,0.4846191202655989,0.4977661365329024,0.15137401024685607,0.20923761825264328,0.2549715909090909,Low,Mid,Mid,0.9510781161748191,0.8780489230819639,1.2922533677979833
2023-12-18,0.3047726026842413,0.48338944051359256,0.49707204327119764,0.15456238361266295,0.20634037819799778,0.25337118523775726,Low,Mid,Mid,0.9489919449885404,0.8744848161628829,1.3064539965681323
2023-12-19,0.30353132989941933,0.48059093834004546,0.4941832887330245,0.1498371335504886,0.20233463035019456,0.24680851063829787,Low,Mid,Mid,0.9486614400154485,0.8724900989678869,1.306039593651824
2023-12-20,0.303350523369138,0.4809562065323938,0.49385650174234996,0.14930232558139536,0.20333333333333334,0.24592487597448617,Low,Mid,Mid,0.9540307612770526,0.8768128149710837,1.3143711435554577
2023-12-21,0.3066200921343155,0.4894162246644267,0.5030853292785906,0.1589958158995816,0.21599111604664076,0.26416430594900847,Low,Mid,Mid,0.9493885693105472,0.8769680870115961,1.3021495352353503
2023-12-22,0.3052060598473596,0.4817473163113431,0.4956559642485754,0.1570631970260223,0.20421753607103219,0.24911535739561216,Low,Mid,Mid,0.9533314417509425,0.8810118875135853,1.310071833094569
2023-12-26,0.30699239571629905,0.48722953576258776,0.5015966397439926,0.1607059916395727,0.21408763172490294,0.26308345120226306,Low,Mid,Mid,0.9515320842313328,0.8804527495134509,1.3092438126917965
2023-12-27,0.3240057654118048,0.48898700359776964,0.5031324092454748,0.21866295264623956,0.21618625277161863,0.2657243816254417,Mid,Mid,Mid,0.9516174172244692,0.8796458810593517,1.304804463306215
2023-12-28,0.3252109606143798,0.5005644449263924,0.5141637928781081,0.22273781902552203,0.24930747922437674,0.2902542372881356,Mid,Mid,Mid,0.9560370498724989,0.8809270376376089,1.3062240869706556
2024-01-02,0.31551043229744025,0.48107744228486643,0.4937114780355249,0.1924860853432282,0.20321151716500555,0.24417784050811575,Low,Mid,Mid,0.9633710023805653,0.8808790980408155,1.2884096839843138
2024-01-03,0.3138989512974925,0.4773769603887339,0.4864339895351108,0.18729717199814558,0.19645821804095184,0.22496473906911144,Low,Low,Mid,0.9502333231058148,0.886532832145231,1.3047633521377124
2024-01-04,0.3124967435463142,0.47162230918987164,0.48080773459009163,0.18164967562557924,0.1913716814159292,0.2149400986610289,Low,Low,Mid,0.9714782482212933,0.9154107909253835,1.2984821910612832
2024-01-05,0.31338734678113594,0.4720070524932806,0.4810288210811375,0.18527095877721167,0.19181868435599778,0.21549295774647886,Low,Low,Mid,0.9706262087448158,0.9099379259148604,1.2914359289193014
2024-01-08,0.31652423439692057,0.4676440323422728,0.477868367509732,0.19583333333333333,0.1867403314917127,0.21182266009852216,Low,Low,Mid,0.987786340991084,0.9364258777700342,1.3413381024444213
2024-01-09,0.31316257988446167,0.4718473413530571,0.48287210397410435,0.18371124479407683,0.1921590281612369,0.22081575246132207,Low,Low,Mid,0.9713518950275899,0.9316567528437852,1.3535011025949573
2024-01-10,0.31080937649766216,0.4730042572765605,0.48360053045084533,0.17622571692876965,0.19315673289183222,0.22347153900210823,Low,Low,Mid,0.9743575816734293,0.933953862202363,1.353600462456014
2024-01-11,0.31981501476914614,0.47945171565674877,0.4895785022580323,0.20665742024965325,0.20187534473248758,0.23595505617977527,Mid,Mid,Mid,0.9686366149615622,0.928178761248261,1.3502771320538751
2024-01-12,0.3179941655349234,0.4798285065435764,0.4907414519899826,0.20286506469500923,0.20286659316427783,0.23859649122807017,Mid,Mid,Mid,0.9330485391745674,0.929135483654553,1.3686845379674033
2024-01-15,0.31533886866122873,0.4779477941981816,0.48912497353510814,0.19260969976905312,0.19889807162534434,0.23492286115007013,Low,Low,Mid,0.9331913640443219,0.9314729997793381,1.366282282928154
2024-01-16,0.3175280944476794,0.4853881014710513,0.4955144789519865,0.2012927054478301,0.21640969162995594,0.25367904695164684,Mid,Mid,Mid,0.934757569578885,0.9307269042199516,1.372692150470534
2024-01-17,0.3144298991373894,0.4771510798386267,0.4862073560048494,0.19012459621596678,0.19812878370941112,0.22549019607843138,Low,Low,Mid,0.9447970082216285,0.9442902648192408,1.3754143082872348
2024-01-18,0.31519581391373397,0.4783902733013376,0.48717554186984974,0.1918819188191882,0.20132013201320131,0.22953114065780267,Low,Mid,Mid,0.9693336031574427,0.9358954750905608,1.374424852176456
2024-01-19,0.3189597429952601,0.49826137500264506,0.5033202566699745,0.2079299216228677,0.24463991203958219,0.27342657342657345,Mid,Mid,Mid,0.969300421653247,0.9353268632507005,1.3726539817698853
2024-01-22,0.271544456302493,0.47687152877357825,0.4838861613879068,0.0847926267281106,0.1978021978021978,0.22292103424178897,Low,Low,Mid,1.0045117613141912,0.959813019333401,1.381806465594947
2024-01-23,0.2756742675802379,0.4771987374770104,0.4845721656203312,0.08982035928143713,0.1987918725974739,0.22346368715083798,Low,Low,Mid,1.000539326640606,0.9582520673567796,1.38452349625011
2024-01-24,0.28524197815364777,0.4749326739225254,0.4822066262698872,0.11095764272559852,0.1942919868276619,0.21632937892533147,Low,Low,Mid,1.0003978727735476,0.9594673726232216,1.3845121349209732
2024-01-25,0.29015261621006194,0.4821301188051857,0.4891803345071197,0.12011044638748274,0.2106417992320351,0.2384937238493724,Low,Mid,Mid,1.0036985048966043,0.9649909629493464,1.3941606403920428
2024-01-26,0.27428284880350995,0.4733972121215457,0.47968380564119273,0.08831646734130635,0.1924342105263158,0.21254355400696864,Low,Low,Mid,1.0022400611474294,0.9652120976690968,1.3915962874986847
2024-01-29,0.28074953355776067,0.4766550516939454,0.4845817212266576,0.10160919540229885,0.19835616438356166,0.22493036211699163,Low,Low,Mid,1.0039492589201744,0.9672652331735133,1.393178871909176
2024-01-30,0.29112792132138454,0.4786716621655313,0.4865142085199814,0.12316176470588236,0.20372398685651696,0.2303409881697982,Low,Mid,Mid,0.9887304130586115,0.956099169851212,1.381469091335408
2024-01-31,0.2856693957835959,0.4842524002018953,0.4921867365447235,0.11437758383096004,0.21729611384783798,0.24895688456189152,Low,Mid,Mid,0.9992236736760715,0.9605819505285741,1.3911098112839773
2024-02-01,0.3142817409978094,0.49882080868739803,0.5015666417318133,0.1928374655647383,0.2510940919037199,0.2731063238359972,Low,Mid,Mid,1.005063611295415,0.9736378658517773,1.3973473012131559
2024-02-02,0.31189594877599713,0.4953947759075527,0.4992581896379549,0.18357044515832951,0.2405686167304538,0.2701388888888889,Low,Mid,Mid,0.9934139414311055,0.9381586319368685,1.374481387905378
2024-02-05,0.31134741755313816,0.4703974599302236,0.4746611680481035,0.18027522935779816,0.1885245901639344,0.20541290770298404,Low,Low,Mid,0.997631855133465,0.9273056940040382,1.3853709140205699
2024-02-06,0.31273577615169773,0.4584143999710484,0.46256176111933317,0.18523613021549748,0.170398689240852,0.18793342579750347,Low,Low,Low,1.0000139320215395,0.9822199760118205,1.4148007937392046
2024-02-07,0.3084504951553499,0.45765539962012064,0.4622343520222984,0.17231897341888175,0.16921397379912664,0.1878031878031878,Low,Low,Low,1.0061472354314396,0.9764459297041804,1.4115216581619694
2024-02-08,0.32092207892160873,0.45145920639328335,0.4558550230120459,0.21759047182775995,0.15875613747954173,0.1772853185595568,Mid,Low,Low,1.008890411348717,0.9762995202016269,1.4189027796347011
2024-02-13,0.3038963681884002,0.4478461156052163,0.45296820884888983,0.1533882783882784,0.15376226826608505,0.17162629757785466,Low,Low,Low,1.0003869228078783,0.9781953778407629,1.412798562545139
2024-02-14,0.28657257556148225,0.43115386671168415,0.4330800177010879,0.1148741418764302,0.12861035422343325,0.1396957123098202,Low,Low,Low,0.9829900604930588,0.9761902484659977,1.431012038243203
2024-02-15,0.28808117092885493,0.4284139244498246,0.4307929426108003,0.11802378774016468,0.1247276688453159,0.13683483068417415,Low,Low,Low,1.0011452128922538,0.9868473810862911,1.4404018222668558
2024-02-16,0.2945425633817885,0.4226905091332249,0.4243473385352126,0.12940100594421583,0.11486118671747414,0.12292817679558012,Low,Low,Low,1.0086364983825404,1.0067091214359138,1.4676058344821326
2024-02-19,0.27952674824192475,0.39639942075702744,0.39749888959248675,0.09780621572212066,0.08269858541893363,0.07246376811594203,Low,Low,Low,1.0176053761854673,1.006201055616535,1.4547785608996266
2024-02-20,0.2838595335796271,0.39277523565778,0.3934994258940216,0.10918227501142073,0.07721587819467102,0.06551724137931035,Low,Low,Low,1.0138862761880771,1.0056600428126719,1.456790288625471
2024-02-21,0.2537196123390717,0.38431275414332805,0.3862943520084973,0.059817351598173515,0.0641304347826087,0.04962095106822881,Low,Low,Low,1.0298269658280215,1.0162679178218719,1.4787767918642483
2024-02-22,0.25193594373577355,0.3825850385235907,0.38444993973665514,0.05933363760839799,0.05975013579576317,0.046831955922865015,Low,Low,Low,1.0298768306423671,1.0167487243439315,1.4757913334625503
2024-02-23,0.26658579904281793,0.4053971395344824,0.404518016920528,0.07572992700729927,0.0982627578718784,0.09084652443220922,Low,Low,Low,1.0423017980288638,1.0171444122221873,1.4783259467640135
2024-02-26,0.2521276682113031,0.3500376187806295,0.3476337398110239,0.05973552211582307,0.016820401519262073,0.01925722145804677,Low,Low,Low,1.05347351877928,1.0295638964501745,1.5069625051078868
2024-02-27,0.25946246145990765,0.37938572091921124,0.37889707911900367,0.06700091157702825,0.05639913232104121,0.04261168384879725,Low,Low,Low,1.0640762527277594,1.0335729704346432,1.4785099439358766
2024-02-28,0.2708000636104922,0.39518583596639134,0.3913020290424225,0.0856492027334852,0.08346883468834689,0.06318681318681318,Low,Low,Low,1.0547744010055669,1.0183761968106768,1.456187693218947
2024-02-29,0.27172708543042146,0.4118008603416621,0.406764794014038,0.08697632058287796,0.1105092091007584,0.09814687714481812,Low,Low,Low,1.0545166395173,1.0318399584185765,1.4492335833907375
2024-03-04,0.2991514967014677,0.4551053186489493,0.45133773275306566,0.14656349567592172,0.17379534380075798,0.1721536351165981,Low,Low,Low,1.0776849322290833,1.0447396480774949,1.4755376666546702
2024-03-05,0.30831439825852897,0.45832330403814076,0.459469681842198,0.1769790718835305,0.17694805194805194,0.19191226867717615,Low,Low,Low,1.0569968945618577,1.028851323860818,1.458567230815684
2024-03-06,0.3088821341197102,0.4644277190275717,0.4647018982072717,0.17962710322874034,0.18766901027582478,0.2,Low,Low,Low,1.0460213278144597,1.0229731200907597,1.4623170913459536
2024-03-07,0.3235643315689687,0.4903413417668292,0.4886682853193057,0.23136363636363635,0.23567567567567568,0.2464065708418891,Mid,Mid,Mid,1.035451232056534,1.0172418704148112,1.4604145784843567
2024-03-08,0.33302190898810713,0.49744365563244064,0.49646467535790967,0.27214902317128575,0.25283630470016205,0.27291381668946646,Mid,Mid,Mid,1.0404349041621965,1.0220133171963486,1.4606855690798668
2024-03-11,0.4040604015178097,0.5312147973655715,0.5303827072291237,0.49364214350590374,0.3255939524838013,0.34518113465481887,Mid,Mid,Mid,1.0235461257646112,1.0112733927325603,1.4498577200094587
2024-03-12,0.40222333616530037,0.5295704498397148,0.5285246012185678,0.48751702224239674,0.3211009174311927,0.34084699453551914,Mid,Mid,Mid,1.0172302291806579,0.9945117924140635,1.4198140024587318
2024-03-13,0.40731115290202463,0.5194165614567492,0.5196095579517944,0.5049909255898367,0.3047464940668824,0.3235494880546075,Mid,Mid,Mid,1.0225782470132736,1.0025555366409216,1.4352229404227992
2024-03-14,0.472801229115956,0.5827400042177276,0.5785837769081614,0.7061224489795919,0.461455525606469,0.4433833560709413,Mid,Mid,Mid,1.0197570316740174,0.999145698342423,1.4339371878109097
2024-03-15,0.4737075586185628,0.5763751203255613,0.5767840192398737,0.7076155938349955,0.44665948275862066,0.44239945466939334,Mid,Mid,Mid,1.0284107629087589,1.035554827249989,1.4538675735234579
2024-03-18,0.4706972555585864,0.5788347777146751,0.5786049520157981,0.6986859990937925,0.45234248788368336,0.444141689373297,Mid,Mid,Mid,0.9738603922443633,1.0349663266276121,1.4328968536048958
2024-03-19,0.4719719975392249,0.5732977726439983,0.5730026962473219,0.7019927536231884,0.4386437029063509,0.4383934649421375,Mid,Mid,Mid,0.9669677992224293,1.0347306283487414,1.4595530523569484
2024-03-20,0.47150395871299633,0.5746439363514996,0.5747918620940583,0.6998641919420552,0.44163528778913397,0.43945578231292515,Mid,Mid,Mid,0.9669249143833655,1.0487683855590189,1.469252726260625
2024-03-21,0.47074791862612164,0.5721897874827814,0.5784003401481744,0.6981900452488687,0.4338709677419355,0.44391570360299115,Mid,Mid,Mid,0.9623486023097988,1.045772452971755,1.5346436552567062
2024-03-22,0.4708080893314146,0.559891362847745,0.5658722780847119,0.6983265490728178,0.3992477162815691,0.41847826086956524,Mid,Mid,Mid,0.9408353954286518,1.0212934152792195,1.5074189508036244
2024-03-25,0.4712828641936563,0.563215831720469,0.5693527266538844,0.6993670886075949,0.4070891514500537,0.42769857433808556,Mid,Mid,Mid,0.9415484516107492,1.0165962729930638,1.50521388081771
2024-03-26,0.4716232284699718,0.5623638590683849,0.5681079124249818,0.701762313601446,0.4052603327965647,0.4226594301221167,Mid,Mid,Mid,0.9440883052366815,1.0207427827002358,1.5185402097458058
2024-03-27,0.47131774855340874,0.580690692190757,0.5861191264007508,0.6991869918699187,0.4581545064377682,0.4589830508474576,Mid,Mid,Mid,0.9456452369414373,1.023478397070638,1.5114784042424378
2024-03-28,0.47169277400472565,0.5819532287287043,0.5896149672580473,0.7020316027088036,0.45898123324396783,0.46476964769647694,Mid,Mid,Mid,0.9459622405702066,1.023846273890109,1.5072526540999007
2024-03-29,0.5129963081575172,0.5868347970296885,0.5941541066052152,0.7892599277978339,0.47856377277599144,0.4800270819228165,Mid,Mid,Mid,0.9552895919368188,1.034950355737834,1.520513437999333
2024-04-01,0.5149002639966088,0.5877224669615865,0.5981615786471336,0.7943166441136671,0.48794858061060525,0.49052774018944517,Mid,Mid,Mid,0.9567226619896659,1.036711704977714,1.5226172457841562
2024-04-02,0.5099374016278488,0.5890883858716413,0.5998112501864896,0.7826871055004508,0.4925053533190578,0.4942528735632184,Mid,Mid,Mid,0.9560404173005304,1.0369456003566255,1.5187768823448902
2024-04-03,0.5104348116944107,0.5871744493548943,0.6002922793190373,0.782785038305543,0.4826110219368646,0.4945945945945946,Mid,Mid,Mid,0.9563078029230794,1.0361159388200587,1.5178983743529646
2024-04-04,0.5176160219603192,0.5765798399528027,0.586011611112726,0.8063063063063063,0.4470588235294118,0.4571235651586766,High,Mid,Mid,0.9355126847095167,1.0106870178761014,1.4906296438766773
2024-04-05,0.5176067414996239,0.5619589605368761,0.5692217459060088,0.8054930211616389,0.40138963121325494,0.4257759784075574,High,Mid,Mid,0.9346890859404384,1.0056158089823692,1.4505566007925874
2024-04-08,0.5232301441518834,0.564883615170059,0.5716009156183062,0.8231323132313232,0.4081196581196581,0.4315576534052596,High,Mid,Mid,0.9355966743849048,1.0054444262731936,1.4230669644757137
2024-04-09,0.5168516564160144,0.558994157467079,0.5660089555108111,0.8016194331983806,0.39508809396689804,0.41576819407008087,High,Mid,Mid,0.9357582052995013,1.002996311510468,1.416784065066757
2024-04-11,0.5227461783513427,0.5652411888208899,0.5721273330236913,0.8219424460431655,0.40981856990394877,0.432996632996633,High,Mid,Mid,0.9367160093374106,0.9978579012119132,1.4154807243934184
2024-04-12,0.5575736951471715,0.5809521286210252,0.586621628512009,0.9128089887640449,0.45866666666666667,0.46029609690444145,High,Mid,Mid,0.9346996884358382,0.9935047889333218,1.4122891499020873
2024-04-15,0.5539077696559713,0.577609998059846,0.5832044970550263,0.9074573225516622,0.4520255863539446,0.4519166106254203,High,Mid,Mid,0.9337955701308644,0.9770653134758055,1.3765161843413638
2024-04-16,0.5568974053055555,0.5794084953369784,0.5826973787622238,0.9106421194431972,0.45551411827384125,0.45161290322580644,High,Mid,Mid,0.9303987238754992,0.9761568718982101,1.365973672608128
2024-04-17,0.5559480829309588,0.5784269550298785,0.5818389219070664,0.9088868940754039,0.45260915867944623,0.4492948287441236,High,Mid,Mid,0.9726266594820757,0.9961731564451987,1.3712070768488205
2024-04-18,0.6025631207808244,0.6158117298007516,0.6207144828918315,0.9659039928218932,0.5577434805747739,0.5577181208053691,High,Mid,Mid,0.9738798705993843,1.0035706807753566,1.3724697314527379
2024-04-19,0.5883168896925539,0.6152287805200264,0.6215446235123955,0.9533632286995516,0.5563829787234043,0.5613682092555332,High,Mid,Mid,1.016322163605316,1.0674674014827832,1.4775178984324362
2024-04-22,0.5853071237432244,0.6184017884418278,0.6251283331986071,0.950694755714926,0.57150451887294,0.5750670241286864,High,Mid,Mid,1.0059421096294356,1.0503829251198409,1.4739879826617759
2024-04-23,0.585344288328332,0.6235993061588583,0.6294486048955155,0.9507168458781362,0.5834218916046758,0.5967849966510381,High,Mid,Mid,0.9939864964833748,1.0289755924521948,1.4485382061040153
2024-04-24,0.5850342817313374,0.6214434560786354,0.6259146252323139,0.9498432601880877,0.5783324482209241,0.5789825970548862,High,Mid,Mid,0.9842250911844703,1.0230073192142854,1.439463371116136
2024-04-25,0.5804687568554006,0.618643565717497,0.6245913762683598,0.945389435989257,0.571656050955414,0.5725752508361204,High,Mid,Mid,0.9929790042413749,1.0058673940857323,1.4043540474906886
2024-04-26,0.5685506800187397,0.6100661066992886,0.6143202877445674,0.9266219239373602,0.540053050397878,0.535427807486631,High,Mid,Mid,0.9936412796904754,1.0076209570554355,1.4254112335946227
2024-04-29,0.5627392613696823,0.5931996597111436,0.5979275405226261,0.9208407871198568,0.5047720042417816,0.49031396125584503,High,Mid,Mid,0.9934984142169904,1.0182133397102453,1.4143794017607145
2024-04-30,0.5619780338489313,0.595792415719847,0.6005338655294682,0.9199821189092534,0.5103338632750397,0.4959946595460614,High,Mid,Mid,1.0025143403095171,1.000550564508097,1.4176723918339877
2024-05-02,0.5590316964794304,0.5974401490701959,0.6009168703313331,0.9119749776586238,0.5153601694915254,0.4969979986657772,High,Mid,Mid,1.0020775217301046,0.9989241052096595,1.401205570218425
2024-05-03,0.563716026796947,0.6009134388570435,0.6045462600722252,0.9222867351496203,0.5214399152991,0.5026666666666667,High,Mid,Mid,1.0104351850367153,1.0011324149875587,1.408977015908898
2024-05-07,0.5639120324290503,0.6175070891270298,0.6200334014646747,0.9223214285714286,0.5666666666666667,0.5536309127248501,High,Mid,Mid,1.012432141823976,1.0051273362161743,1.426378950659251
2024-05-08,0.5643535800178332,0.6205357383223761,0.6235779557103615,0.9232485497545738,0.5774722369116869,0.5685752330226365,High,Mid,Mid,1.0208531910469094,1.0034698289607966,1.4292847817285332
2024-05-09,0.5701226662095595,0.6201286774400918,0.6230315870606353,0.9295272078501338,0.5755813953488372,0.5655355954757152,High,Mid,Mid,1.0236185438839704,1.0030013443458092,1.4336877422319876
2024-05-10,0.5710713310064659,0.618964178529304,0.6218236138876471,0.9317877842175658,0.5726360274696249,0.5625,High,Mid,Mid,1.0229312254579646,0.9908273338467851,1.4250812685035148
2024-05-13,0.5891668924778501,0.6314437075262,0.6328168134263606,0.9554367201426025,0.6151003167898628,0.6166112956810631,High,Mid,Mid,1.02977810580796,1.003297895358797,1.4311329662682801
2024-05-14,0.585316321628451,0.6319698766789777,0.6346129771193159,0.9501113585746103,0.6174142480211082,0.6241699867197875,High,Mid,Mid,1.0316201634974544,0.9952315853925084,1.4231225231622284
2024-05-16,0.5861853137917765,0.6375758335840349,0.6398583706078654,0.9505788067675868,0.6397679324894515,0.643662906436629,High,Mid,Mid,1.031084147264811,0.9948337056767642,1.4221552389975962
2024-05-17,0.5797545802424964,0.6454938075219853,0.648278689855097,0.9425901201602136,0.6763310490247759,0.6836870026525199,High,Mid,Mid,1.0299897870692916,0.9908212972422779,1.4219297190480338
2024-05-20,0.5794595461502915,0.6478169475247684,0.6504812841858953,0.9417259786476868,0.6807165437302424,0.6925115970841617,High,Mid,Mid,1.0391702118015937,0.9989916452625635,1.4301190802317123
2024-05-21,0.5770216033382665,0.6476354033089247,0.6507196852396847,0.9341929746554024,0.6798314902580306,0.6940397350993377,High,Mid,Mid,1.0306126325357134,0.9973405185520748,1.4147666123443712
2024-05-22,0.5828471205447069,0.6543737146700205,0.6567537936637866,0.9466666666666667,0.7068421052631579,0.7299801455989411,High,Mid,Mid,1.0317468048209584,0.9975298222149342,1.4136849328473449
2024-05-23,0.5727928762554833,0.6546517535385811,0.657315572334848,0.9306974677920924,0.708048395581273,0.7314814814814815,High,Mid,Mid,1.0272050460031579,0.993788046327428,1.4102891979372827
2024-05-24,0.5788447689663829,0.6543064732147549,0.6580756222210669,0.9400532859680284,0.7060988433228181,0.7395902181097158,High,Mid,Mid,1.0262524973092302,0.9930016201845009,1.4093616214006741
2024-05-27,0.591822063000113,0.6775341499198214,0.6822794441695389,0.9596094096759876,0.8181818181818182,0.8375165125495376,High,High,High,0.9945438779422686,0.9799216639614645,1.3866698091037366
2024-05-28,0.6030471980690688,0.6678498203762815,0.6719460927049835,0.9667258207630879,0.7710084033613446,0.8066006600660066,High,Mid,High,0.9851348894223443,0.9697404323378116,1.3642522519172489
2024-05-29,0.6082619854170698,0.6741195757822479,0.6790455342280911,0.9689578713968958,0.8078740157480315,0.8304749340369393,High,High,High,0.9771318656851722,0.9684880792552496,1.36752449255374
2024-05-30,0.6079198134292564,0.6704812543720172,0.6761356831322621,0.9685283687943262,0.7880377754459601,0.8180619644034278,High,Mid,High,0.9743382628008556,0.9658819206281195,1.3541836805126506
2024-05-31,0.5935345964170791,0.6561874217196428,0.6608901907855539,0.9587948604342047,0.7194546407970634,0.7555994729907773,High,Mid,Mid,0.9662786658347012,0.952954934351047,1.3302411597974213
2024-06-03,0.5787147646154831,0.660445085893283,0.6636816942295212,0.9366696191319752,0.7379454926624738,0.7702435813034891,High,Mid,Mid,0.9668628072804922,0.9511315132345052,1.3321762411653297
2024-06-04,0.5845784563805394,0.667074730716544,0.6698751872237404,0.9459938025675078,0.7679413305395495,0.7980263157894737,High,Mid,Mid,0.9672257929969421,0.9704816815677573,1.3476001148718417
2024-06-05,0.5898475999918009,0.6713940383166733,0.6736074640224246,0.9544247787610619,0.7952879581151833,0.8099934253780408,High,Mid,High,0.9683912699030047,0.9733442656057847,1.3456837338560348
2024-06-07,0.5818218801418593,0.6646427317328937,0.6669281988282424,0.9425033171163202,0.7545787545787546,0.7890932982917214,High,Mid,Mid,0.9649501914223159,0.9642645028158898,1.32920803458495
2024-06-10,0.5638924305457718,0.6534615512530711,0.6554504040283193,0.9133510167992926,0.698744769874477,0.7170059093893631,High,Mid,Mid,0.9773506511540808,0.9620098918835303,1.351060150362757
2024-06-11,0.5583879658998987,0.6531941471607273,0.6553950483221983,0.9001325673884224,0.6962885520125457,0.7165354330708661,High,Mid,Mid,0.9753963352392557,0.9604486723649582,1.349214774859856
2024-06-12,0.5508719769303952,0.6404467676458561,0.6439624796578244,0.8860424028268551,0.644723092998955,0.6537704918032787,High,Mid,Mid,0.9761454325169758,0.958519690998121,1.3444839499033108
2024-06-13,0.5341932324279149,0.6172203530247867,0.6241419811425616,0.8388520971302428,0.5577023498694517,0.5655307994757536,High,Mid,Mid,0.9702463134518142,0.9493294271530341,1.3628168054576444
2024-06-14,0.5398886955385823,0.6400633356705615,0.6435286854693915,0.8609885260370698,0.6435281837160751,0.6509495743287492,High,Mid,Mid,0.9569668951910166,0.9295092550053331,1.3437779822730487
2024-06-17,0.5475663915492706,0.6443510645447995,0.6467398190727939,0.8826643140714601,0.6630151278038602,0.6701570680628273,High,Mid,Mid,0.9585889694809263,0.9299980643371628,1.3446806579801125
2024-06-18,0.5301633129551288,0.6469360881576119,0.6485917236109946,0.8240740740740741,0.6736183524504692,0.6775670372792675,High,Mid,Mid,0.9600457635696855,0.9336208141025922,1.3423122273341879
2024-06-19,0.5227944272346272,0.6460485413810493,0.6471408245199503,0.8060819744380785,0.6722251172485669,0.6718954248366014,High,Mid,Mid,0.9700752713198157,0.9422237673141349,1.3435671061771304
2024-06-20,0.5158829495212127,0.63367121827122,0.6305437688838332,0.7801762114537445,0.6203125,0.5963422599608099,Mid,Mid,Mid,0.9905994314027632,0.9481829222894224,1.3606200021401347
2024-06-21,0.5153636444164083,0.6444507069819735,0.6420702397750949,0.7771906649053281,0.6637168141592921,0.6455613577023499,Mid,Mid,Mid,0.995232333652815,0.9474655911160265,1.3639794497603601
2024-06-24,0.511984937636037,0.6444533770903785,0.6427015375001625,0.7680457746478874,0.663891779396462,0.6484018264840182,Mid,Mid,Mid,0.9952164657341496,0.9526902796770915,1.3773895522430029
2024-06-25,0.5023554005398698,0.6221121943114757,0.6199865473679286,0.7492300923889134,0.5746229849193968,0.5417209908735332,Mid,Mid,Mid,0.9932225522280256,0.9546617041562242,1.375847538901998
2024-06-26,0.48043646727673484,0.5994025597204256,0.5969099475905263,0.706684256816183,0.5088357588357588,0.4755700325732899,Mid,Mid,Mid,0.9811411490194325,0.9562447550556576,1.3482843945516731
2024-06-27,0.4734854082532783,0.5800370535560303,0.5786034294039172,0.6901098901098901,0.44623376623376626,0.4309895833333333,Mid,Mid,Mid,0.9808947167385,0.9545361601203326,1.3451622235983978
2024-06-28,0.47040350549829624,0.577736528150269,0.5767495397538819,0.6770650263620387,0.440809968847352,0.42810670136629797,Mid,Mid,Mid,0.9768009346824,0.9551552642248691,1.3562852024835488
2024-07-01,0.4633480409823756,0.5753402993381785,0.5744877505394004,0.6548089591567853,0.43331603528801244,0.4245773732119636,Mid,Mid,Mid,0.9888983068059021,0.9521107286638623,1.3732355609312574
2024-07-02,0.4659816928421271,0.5755627121503629,0.5743640800219746,0.6597892888498683,0.4341286307053942,0.42430149447693305,Mid,Mid,Mid,0.9936608948987076,0.9568956854678877,1.37670348793918
2024-07-03,0.47954578253003655,0.5822708995778451,0.5789705950627374,0.7068889863975428,0.4536029030585796,0.4331168831168831,Mid,Mid,Mid,0.9948015727293987,0.953076151898379,1.3679481112912097
2024-07-04,0.4739551267251934,0.5905184665860139,0.5887700758371662,0.6907894736842105,0.48911917098445595,0.4510058403634004,Mid,Mid,Mid,0.9928895602817647,0.9500406299467573,1.3658939282159355
2024-07-05,0.48816811223412937,0.6010775266587655,0.6021007046849435,0.7238053485313459,0.5142413257379596,0.4896238651102464,Mid,Mid,Mid,0.996400229893601,0.9489547645539407,1.3619684509776941
2024-07-08,0.48835548700659465,0.6008296079951992,0.6026156627570821,0.7239263803680982,0.5134575569358178,0.49125081011017496,Mid,Mid,Mid,0.9690378592175173,0.9406475298689219,1.3536814510080175
2024-07-09,0.4945366887402822,0.6033107802821015,0.6050179026287991,0.7371879106438897,0.5214692188308329,0.49676165803108807,Mid,Mid,Mid,0.9663194115262643,0.9395797880609172,1.3553751156304228
2024-07-10,0.48355786392676914,0.5891284507678148,0.5915712612811753,0.7132224168126094,0.483971044467425,0.4588996763754045,Mid,Mid,Mid,0.9636029132422563,0.9361225401775922,1.3552593037500245
2024-07-11,0.4714879997643492,0.5759623578319727,0.5801058404865734,0.6792122538293217,0.43410852713178294,0.43402328589909445,Mid,Mid,Mid,0.973482283714632,0.9329391262930168,1.3631160628831875
2024-07-12,0.4789103726670786,0.5741114339007677,0.579326253747353,0.7047244094488189,0.42768595041322316,0.43180349062702006,Mid,Mid,Mid,0.9799972398613384,0.9332331201434656,1.3642568254014609
2024-07-15,0.47689552794574197,0.5795038613377669,0.5893605870094912,0.6991692173152602,0.445018069179143,0.4541343669250646,Mid,Mid,Mid,0.9848022748945938,0.9301781883967913,1.361645273480292
2024-07-16,0.4744221400643151,0.582869120667599,0.5935345270433854,0.6909965034965035,0.45614035087719296,0.46610716591349255,Mid,Mid,Mid,0.9845539352852243,0.9321459984950182,1.3670376701996059
2024-07-17,0.4242376622512557,0.5194608308591734,0.5350504150737528,0.5412844036697247,0.2919030428055699,0.3361290322580645,Mid,Mid,Mid,0.9920614586572584,0.9411421838228319,1.4017697356999712
2024-07-18,0.41924866516321735,0.5115673023688116,0.526624385180486,0.5244541484716158,0.28195876288659794,0.31979368149580917,Mid,Mid,Mid,0.989667317495134,0.920851761071709,1.3916226663215872
2024-07-19,0.4199828197634357,0.4968531119122029,0.5063271489817257,0.5264076822348319,0.24059763008758372,0.2777061855670103,Mid,Mid,Mid,0.9906364854147848,0.8977836204149616,1.369481587485704
2024-07-22,0.4332762253089604,0.4764320304927773,0.49105009531326066,0.5741710296684118,0.1956745623069001,0.24146812620734062,Mid,Low,Mid,0.9895182958563062,0.9005673662487411,1.364946038617732
2024-07-23,0.4305087737270664,0.4818401259120706,0.49761847330895215,0.5634539904055822,0.20998455995882656,0.2619047619047619,Mid,Mid,Mid,0.953637403575812,0.8920698808720896,1.342946600809595
2024-07-24,0.4303504140347603,0.48172295899641543,0.4965111242844415,0.562772449869224,0.20936213991769548,0.2585209003215434,Mid,Mid,Mid,0.9614941772234762,0.9038189254688278,1.362460396846025
2024-07-25,0.42571061234634433,0.48965088444653465,0.5072404838075718,0.5468409586056645,0.22467866323907454,0.2808483290488432,Mid,Mid,Mid,0.960183417956151,0.9041865815929745,1.3642152722757548
2024-07-26,0.47022952028133425,0.5743801582832759,0.5863760840866915,0.6742160278745645,0.4301130524152107,0.45022479126525367,Mid,Mid,Mid,0.9644727042023483,0.8979838579371471,1.3750588344733727
2024-07-29,0.4584010525001466,0.5646391450375694,0.5758044494793394,0.6434479756203744,0.396507447354905,0.4268292682926829,Mid,Mid,Mid,0.9848053056095566,0.9192396213508686,1.3912094656469807
2024-07-30,0.4543895535412621,0.5615701585916885,0.5709332251860632,0.6353350739773717,0.3896303901437372,0.4156510583707505,Mid,Mid,Mid,0.9868337155959714,0.9118889398146137,1.3668128756170443
2024-07-31,0.4532749509625498,0.5595680469885195,0.5694013264578126,0.631578947368421,0.3842996408414572,0.4108974358974359,Mid,Mid,Mid,0.9879733288815985,0.9150176181458126,1.362988225343898
2024-08-01,0.44645901624891016,0.5428130979252695,0.5520409051640031,0.6126086956521739,0.34307692307692306,0.3683536194746957,Mid,Mid,Mid,0.9953075337169538,0.9180139248595955,1.368524102869846
2024-08-02,0.44894596535784637,0.5459542337015462,0.5526084952530318,0.6205997392438071,0.3500768836494106,0.3713188220230474,Mid,Mid,Mid,0.9971932621557086,0.9176771245143188,1.3696621991772482
2024-08-05,0.46443359780998816,0.5679912161325392,0.5609769452374064,0.6550825369244135,0.4077868852459016,0.3896353166986564,Mid,Mid,Mid,1.0160528188975013,0.9173516581904186,1.348832032061539
2024-08-06,0.4829641998448165,0.5915179011885493,0.5812600509632492,0.7138514980460269,0.49615975422427033,0.4398976982097187,Mid,Mid,Mid,1.1738183864520875,0.9969861228494681,1.3919498904692864
2024-08-07,0.4620638454882916,0.5648733297301253,0.5588282516425168,0.6501736111111112,0.3976458546571136,0.38338658146964855,Mid,Mid,Mid,1.2256413210207886,1.0210178690356069,1.425562798134248
2024-08-08,0.4687705699159335,0.5803419208432476,0.5763326134436981,0.6689804772234273,0.4506393861892583,0.42911877394636017,Mid,Mid,Mid,1.2221261502879743,1.004517325355006,1.4260345550758962
2024-08-09,0.4692326955269893,0.5811750588624002,0.5775237139847165,0.6712922810060711,0.4534764826175869,0.4320357370772176,Mid,Mid,Mid,1.2163041802213799,1.0026298540339313,1.4116198728490663
2024-08-12,0.4742214978207926,0.5744401095151707,0.5707406999719197,0.6918075422626788,0.4317833418497701,0.41581632653061223,Mid,Mid,Mid,1.2062795060371783,1.0084319716462342,1.4058138466602206
2024-08-13,0.47577859257357574,0.5748606354386209,0.5707136718157856,0.6980069324090121,0.4330949948927477,0.41555130656469086,Mid,Mid,Mid,1.1950064772317788,1.0064258049323864,1.3985524168501176
2024-08-14,0.47512200029046064,0.5747467426105328,0.5713265525132,0.6955391944564747,0.43236345074017357,0.4178343949044586,Mid,Mid,Mid,1.1947183439643037,1.0056851174065136,1.3983034668428915
2024-08-16,0.4739257033860988,0.564314935816979,0.5624237007342012,0.6896103896103896,0.39540816326530615,0.3914704010184596,Mid,Mid,Mid,1.1941843629857558,1.004228138014468,1.3945027484611239
2024-08-19,0.4703077530520455,0.5636218706823349,0.5622836284354799,0.674167027260926,0.3941866394696583,0.3905852417302799,Mid,Mid,Mid,1.1797611829278505,0.9996223578075366,1.3918952217073215
2024-08-20,0.46109651302348836,0.5470656728384157,0.5435530511950502,0.6466262975778547,0.35117227319062183,0.35282898919262556,Mid,Mid,Mid,1.181540337387723,1.0033709332695773,1.4035425038356772
2024-08-21,0.44839661817143445,0.5327812670470814,0.5286499233261576,0.6169476869865975,0.31482424859908303,0.3221092757306226,Mid,Mid,Mid,1.1814090248323366,1.0103873227738995,1.4123361700731463
2024-08-22,0.4629373074076971,0.552772638210974,0.5493569242299784,0.6503889369057908,0.3615071283095723,0.3619047619047619,Mid,Mid,Mid,1.1802526825172277,1.0101732922138702,1.4132956511184525
2024-08-23,0.4600371223310714,0.5433734473189045,0.5398840547245104,0.6449244060475162,0.3424936386768448,0.3470812182741117,Mid,Mid,Mid,1.1754163244159708,0.9992092170811845,1.3995173951624318
2024-08-26,0.465606795443022,0.5502041519185643,0.5459572395569644,0.6558721934369602,0.3550356052899288,0.3557387444514902,Mid,Mid,Mid,1.1747435483652215,0.9952677575519694,1.379938095951161
2024-08-27,0.4672611596752564,0.5504179836788756,0.5462226846051556,0.6616314199395771,0.35638027452974075,0.3567807351077313,Mid,Mid,Mid,1.1751646912616176,0.9966309393257207,1.3792202533179252
2024-08-28,0.4707622703671152,0.5515219086494701,0.5467311601506366,0.677739430543572,0.3592479674796748,0.3584547181760608,Mid,Mid,Mid,1.1771568285813512,0.9931981160784161,1.3720071985584155
2024-08-29,0.4610921459858453,0.545346972161393,0.5397587856577475,0.6455368693402329,0.345860843067547,0.34620253164556963,Mid,Mid,Mid,1.1776242661413967,0.9937322255037547,1.372671844651116
2024-08-30,0.44127282756612835,0.5481236384957476,0.5429460868815799,0.5905172413793104,0.3522842639593909,0.3523086654016445,Mid,Mid,Mid,1.1773803027248477,0.9945457584782046,1.3692239239037742
2024-09-02,0.44568895335584796,0.5530892371187242,0.5480727385877638,0.6057733735458853,0.36428209030948755,0.3609355246523388,Mid,Mid,Mid,1.1809643034195474,0.9969449846362786,1.3733148099216006
2024-09-03,0.44496596683223066,0.5496647681012249,0.5448299974443396,0.6020671834625323,0.35446247464503045,0.35502210991787747,Mid,Mid,Mid,1.1831041628130015,0.999583006762559,1.3806766645942803
2024-09-04,0.44809471369718257,0.5490058585602445,0.5442497099058184,0.6134309083082221,0.35276229092752154,0.3541666666666667,Mid,Mid,Mid,1.180663270141395,0.9981302865831599,1.3837189053268746
2024-09-05,0.4595095892476465,0.5737807383973239,0.566575317638247,0.6424268502581756,0.4326241134751773,0.4063091482649842,Mid,Mid,Mid,1.1580434184751303,0.985907658667092,1.363164800682529
2024-09-06,0.46241106056172665,0.5569895207896133,0.5489430885483872,0.6486021505376344,0.37721518987341773,0.36380832282471626,Mid,Mid,Mid,1.1588523377465048,0.9846886353970176,1.3585583713343257
2024-09-09,0.4573293196056321,0.5463306094569785,0.5382801684743455,0.6367153912295787,0.3481781376518219,0.34341524889729047,Mid,Mid,Mid,1.150897774171737,0.9909728093003095,1.3697774825702365
2024-09-10,0.4568561851750072,0.5469149293838208,0.539202048392121,0.6360120326600773,0.3505311077389985,0.3438287153652393,Mid,Mid,Mid,1.1509843769617782,0.9901744115567127,1.3695159276051954
2024-09-11,0.46790342768259297,0.5441085004663778,0.5370593014698665,0.6649484536082474,0.34327603640040444,0.3398363750786658,Mid,Mid,Mid,1.1507124350399622,0.9919781879655503,1.3773108535718575
2024-09-12,0.4663195653339248,0.5278474546900684,0.5243144787252083,0.6586517818806354,0.30318342597271347,0.310062893081761,Mid,Mid,Mid,1.1499001990016116,0.9919451919482474,1.37481577843896
2024-09-13,0.48145218753610486,0.5400116700438774,0.5376199372689691,0.7124463519313304,0.33535353535353535,0.34255185417976114,Mid,Mid,Mid,1.1232155807568978,0.9910610345141065,1.380788563685531
2024-09-19,0.4834054701502109,0.5454690907176278,0.5431593789012874,0.7181467181467182,0.3457849570923776,0.353643216080402,Mid,Mid,Mid,1.1257352779092193,0.9921822810730608,1.3836895629873192
2024-09-20,0.47783794108671146,0.544546693740057,0.5422433062286859,0.7054030874785592,0.3440968718466196,0.35153797865662273,Mid,Mid,Mid,1.1275572907979494,0.9924117472339175,1.3842109028440273
2024-09-23,0.4816071528711382,0.5508322149961167,0.549017681769456,0.712816116588084,0.3605648008068583,0.3670012547051443,Mid,Mid,Mid,1.1312662465176149,0.9932049482861404,1.3876338096125498
2024-09-24,0.5002733313784649,0.5594738927669562,0.5601291400879785,0.7493573264781491,0.38911290322580644,0.3931034482758621,Mid,Mid,Mid,1.1282478305272816,0.993659249774391,1.3856400883089748
2024-09-25,0.5058834567094146,0.5716154933919534,0.5725231527391846,0.7614561027837259,0.4272040302267002,0.43107769423558895,Mid,Mid,Mid,1.1249719090761625,0.9902460576811609,1.3777502704542235
2024-09-26,0.5185290164101187,0.5856946746656909,0.5871694081809661,0.797945205479452,0.4768378650553877,0.4652473387601753,Mid,Mid,Mid,1.1187751620304438,0.9918615131556214,1.3739909939095836
2024-09-27,0.5393923659829752,0.612130324007036,0.6123113367779313,0.8635002139495079,0.552591847005536,0.5337922403003754,High,Mid,Mid,1.106281134095543,0.9803925419689005,1.3524630680618897
2024-09-30,0.5432299041504692,0.6128647150539949,0.6134379835657565,0.8733960650128315,0.5543259557344065,0.539712320200125,High,Mid,Mid,1.1186329291448829,0.9891732633639607,1.3556302249304828
2024-10-02,0.532571145379596,0.6065997436404406,0.6078306187930416,0.8392475416844806,0.5409753645047762,0.52,High,Mid,Mid,1.0969370744808544,0.9870928092671131,1.3426279798626684
2024-10-04,0.5350041882497184,0.6045881733302146,0.6069666076149032,0.8482905982905983,0.5366834170854271,0.5178013741411618,High,Mid,Mid,1.1008551761900172,0.9834709273432941,1.3360073053777646
2024-10-07,0.5320130858940483,0.6087909631135355,0.6108065375451432,0.8359675352413498,0.5444500251130086,0.529338327091136,High,Mid,Mid,1.1015010158243967,0.9831062852872104,1.3373703500354068
2024-10-08,0.5234081859239754,0.6054843790597698,0.6072244153006239,0.8116994022203246,0.5381526104417671,0.5184029943855272,High,Mid,Mid,1.0903380753579617,0.9705684909105396,1.3397344130870532
2024-10-10,0.5147339126216065,0.6095288155159536,0.6109441626008992,0.7797695262483995,0.5454089312594079,0.5305486284289277,Mid,Mid,Mid,1.0874141007708404,0.9709324080229909,1.3364422732307484
2024-10-11,0.5317838686513157,0.6237934922104064,0.6257996470915849,0.8344709897610921,0.5927783350050151,0.5894080996884735,High,Mid,Mid,1.0894460541788156,0.9702121419413271,1.3421145932155294
2024-10-14,0.5302030299515078,0.6244092775011029,0.6262032665820467,0.8281449893390191,0.5949874686716792,0.5921544209215442,High,Mid,Mid,1.0891882546540446,0.9711918367892036,1.3438059907439701
2024-10-15,0.5286228153642339,0.6270689742953811,0.6275915441092184,0.8231031543052003,0.6042084168336673,0.596764156813939,High,Mid,Mid,1.0898723905883254,0.9687321465402341,1.3390276872572082
2024-10-16,0.5272507411826262,0.6271402553754782,0.6273983371012224,0.8206220707285897,0.6049073610415624,0.5963930348258707,High,Mid,Mid,1.0728458235048,0.9542944473000319,1.331611959269427
2024-10-17,0.5229792971576297,0.6272970461062961,0.6276951767964699,0.8091993185689949,0.6061061061061062,0.598508390304537,High,Mid,Mid,1.0732358737236947,0.955744858098823,1.3301414293394693
2024-10-18,0.5219157489414519,0.6352681368133052,0.6334190260576525,0.8037462750106428,0.6398199099549775,0.6260869565217392,High,Mid,Mid,1.0740168154636922,0.9560659213214728,1.330691166528355
2024-10-21,0.526588455833786,0.6452714110141123,0.6422644649476182,0.8191489361702128,0.6815,0.6629422718808193,High,Mid,Mid,1.0757392072241023,0.9596337849167513,1.3318893398047984
2024-10-22,0.5220948173569071,0.6491589014477501,0.6493415992421969,0.8043385793279455,0.6931534232883558,0.6978908188585607,High,Mid,Mid,1.0711087328852276,0.9378372257173968,1.3285570890596128
2024-10-23,0.5030548316948287,0.653297531466514,0.6503200429770765,0.7508503401360545,0.7107892107892108,0.7024178549287042,Mid,Mid,Mid,1.0819422352686532,0.9373245012792293,1.333286134700698
2024-10-24,0.5021353813012672,0.6528845844248377,0.6500399745365141,0.7479813004674883,0.707938092860709,0.7007434944237918,Mid,Mid,Mid,1.0760158811439233,0.9382864975524536,1.3162850916398008
2024-10-25,0.5029064256682696,0.6528034325921038,0.6493595067852511,0.7506372132540357,0.7070858283433133,0.6972136222910217,Mid,Mid,Mid,1.0788456260839467,0.9436829997006536,1.321787315354885
2024-10-28,0.5064138069912116,0.6623764977384794,0.6590465788703628,0.7575371549893843,0.7546134663341646,0.7568069306930693,Mid,Mid,Mid,1.0811572968910603,0.9469004462767572,1.3290654859196611
2024-10-29,0.4696842575763845,0.6148397918992775,0.6107200647467639,0.6668081494057725,0.5573280159521435,0.5250463821892394,Mid,Mid,Mid,1.0638497666466775,0.9387865952884619,1.3233191889117115
2024-10-30,0.48290519272280497,0.6208936236354693,0.6195138061132361,0.7098005939753924,0.5819631290483308,0.5562422744128553,Mid,Mid,Mid,1.0604679140851578,0.930235697767256,1.3224912097312909
2024-10-31,0.47718996621050785,0.615845109293237,0.6172345322053839,0.6967769296013571,0.5612549800796812,0.5521927115503397,Mid,Mid,Mid,1.060446188118205,0.9360361479166152,1.3294929889425553
2024-11-01,0.4785604932943982,0.6156291083488713,0.616871596370449,0.7007206443408224,0.5594823295171727,0.5518518518518518,Mid,Mid,Mid,1.0625853633737306,0.9287731094319843,1.3272711650038929
2024-11-04,0.4863625150019194,0.6346322810026833,0.6371915958671402,0.7186440677966102,0.6373134328358209,0.6415792720542874,Mid,Mid,Mid,1.0689698792099338,0.92861114450263,1.3268665887198225
2024-11-05,0.4856538891946481,0.6378562429467146,0.6402191250934832,0.7166454891994918,0.6464445549477872,0.6528976572133169,Mid,Mid,Mid,1.069537458466853,0.9331728701088369,1.3287833927337458
2024-11-06,0.4839219517462915,0.6253856835338841,0.6381216247291394,0.7125317527519052,0.5944333996023857,0.6444855206407887,Mid,Mid,Mid,1.0695443357836398,0.9263812346400943,1.3297196924424308
2024-11-07,0.5706842511269169,0.6455238635671259,0.65529773063307,0.9263647905205248,0.6835568802781917,0.7327586206896551,High,Mid,Mid,1.066467752162709,0.9218735587973238,1.32802739866172
2024-11-08,0.5581652640561395,0.6396830877331435,0.646843412139931,0.9035532994923858,0.6529294935451837,0.6855384615384615,High,Mid,Mid,1.0679580596501033,0.9217426401143177,1.3269914397869336
2024-11-11,0.5635239160029158,0.6129046902251589,0.6207843601909488,0.9154334038054969,0.5498759305210918,0.5621156211562116,High,Mid,Mid,1.0610691862077613,0.9039161859860129,1.3122198673093686
2024-11-12,0.5566654931940846,0.6115396829187639,0.6185265402536356,0.8989856297548605,0.5466269841269841,0.5519360786724032,High,Mid,Mid,1.0569720692736855,0.8773612609376442,1.302913997346389
2024-11-13,0.5493700255595683,0.6006550409133895,0.6097511408389,0.8880439374735952,0.5171046108081309,0.519041769041769,High,Mid,Mid,1.068098747097495,0.8756749238554756,1.3027372031128064
2024-11-14,0.5566037757008095,0.6117439551639025,0.6185257184654612,0.8986486486486487,0.5475718533201189,0.5518723143032536,High,Mid,Mid,1.0534602316657857,0.8789260143733998,1.3410415463886294
2024-11-15,0.5563705176419971,0.6085900844948481,0.6151683383493108,0.8982693119459688,0.5373947498761763,0.5404907975460123,High,Mid,Mid,1.0495184682425145,0.9030988585853275,1.2747557796901339
2024-11-18,0.5306780268006316,0.6030090726923253,0.6097955728692867,0.8299578059071729,0.5247524752475248,0.5187001839362354,High,Mid,Mid,1.0579028886938122,0.9012094520847839,1.2807304100260215
2024-11-19,0.5207465116306489,0.5981112793805804,0.6043053447015739,0.7971320118093631,0.5116279069767442,0.5,Mid,Mid,Mid,1.0516708294964654,0.8728449849017921,1.2317553299991226
2024-11-20,0.5254048930783758,0.597283305814526,0.6040921486930424,0.8149241146711635,0.509891196834817,0.49969381506429883,High,Mid,Mid,1.0529512093934295,0.8733997037387973,1.2322507775444642
2024-11-21,0.5207116647195716,0.6019924207281449,0.6091892089244962,0.7964601769911505,0.5215027187345527,0.5159118727050184,Mid,Mid,Mid,1.0538576197066627,0.874748233517195,1.2308364933348526
2024-11-22,0.48541664697977016,0.5905963141246819,0.598026228901869,0.7131423757371524,0.4925889328063241,0.48623853211009177,Mid,Mid,Mid,1.0534777187207254,0.8742320689232101,1.2287031308869425
2024-11-25,0.4744353184573972,0.5585613428075114,0.5670794588500019,0.6825263157894736,0.3797530864197531,0.4015892420537897,Mid,Mid,Mid,1.0614403072174061,0.8764330487745352,1.2383033499296896
2024-11-26,0.470763295954917,0.5542989021188474,0.563765530079729,0.6666666666666666,0.36327739387956565,0.3927916921197312,Mid,Mid,Mid,1.0726154428752308,0.8494250615610754,1.1958086284044405
2024-11-27,0.4679351075020701,0.5507284181287974,0.5601467619302566,0.6520824568784181,0.3517513566847558,0.3833943833943834,Mid,Mid,Mid,1.0726709263057572,0.8501280892165666,1.2024587782218952
2024-11-28,0.4705080873542754,0.5523406896995889,0.5620682400149356,0.6648444070647603,0.35749506903353057,0.3886516168395363,Mid,Mid,Mid,1.0741453762035318,0.8432434068843092,1.1928093707897676
2024-11-29,0.47011836968022,0.554066066480975,0.5644912007914018,0.662463219840269,0.3637259733859044,0.3957317073170732,Mid,Mid,Mid,1.0703408327631518,0.8347801607713511,1.1659746864248477
2024-12-02,0.4828937209364332,0.5641821817948584,0.5748827200105185,0.7058823529411765,0.3955665024630542,0.4283973187081048,Mid,Mid,Mid,1.081062688130084,0.8393078069290617,1.1777220543395264
2024-12-03,0.479677515698168,0.5633078437221394,0.5740848203424905,0.6997060058798824,0.39389463318562284,0.42630937880633374,Mid,Mid,Mid,1.081581863108676,0.8398419731480372,1.1781185089196609
2024-12-04,0.46911260775994384,0.5646583463122328,0.5755441293787036,0.6570109151973131,0.39763779527559057,0.4303104077906269,Mid,Mid,Mid,1.0743292701311926,0.8403387973308852,1.1870169551704894
2024-12-05,0.4727091035122248,0.5639132380325536,0.5744795803746141,0.6764582459085187,0.39498278406296117,0.42700729927007297,Mid,Mid,Mid,1.073558375792933,0.8324100447348859,1.1565637691196977
2024-12-06,0.4729854962536484,0.5639073969805675,0.5749289311169871,0.6774328859060402,0.39478859390363813,0.4291793313069909,Mid,Mid,Mid,1.0732917224159555,0.8353580362303639,1.1637744543569397
2024-12-09,0.4695050747076307,0.5615610077773748,0.5699307795898149,0.6587002096436059,0.3877149877149877,0.4113001215066829,Mid,Mid,Mid,1.0752941428915834,0.8292928518648457,1.142420029098342
2024-12-10,0.4773255389755383,0.5700337892705929,0.5779546053091583,0.69279128248114,0.4194499017681729,0.43594414086217365,Mid,Mid,Mid,1.060091022314992,0.8584053168816888,1.1691706067048524
2024-12-11,0.5004460287088345,0.5832891028225173,0.5892891592826746,0.7415165479681609,0.4644084437898871,0.46237864077669905,Mid,Mid,Mid,1.0646800927825217,0.8735141880872228,1.1910503457751438
2024-12-12,0.5041552621639561,0.5881274910247349,0.5946975781549063,0.7520938023450586,0.486261040235525,0.48211036992116435,Mid,Mid,Mid,1.0842329392337955,0.8980262465582085,1.20102757905759
2024-12-13,0.5073897207709358,0.5958613740112634,0.6013359458597997,0.7576391795730432,0.5090730750367828,0.49818181818181817,Mid,Mid,Mid,1.0708804574826092,0.8913727166748795,1.1939781094525759
2024-12-16,0.507139800663724,0.6012426146954911,0.6067784697371006,0.7573221757322176,0.5240196078431373,0.5118110236220472,Mid,Mid,Mid,1.0699747160983715,0.8931974757061881,1.1884867245888762
2024-12-17,0.502350293250047,0.5944844897140525,0.6000848507211994,0.7469677959012966,0.5056344928956394,0.49455205811138014,Mid,Mid,Mid,1.0710922598419503,0.8939715359985086,1.1887647347182246
2024-12-18,0.47432017106617286,0.592589510589701,0.5977718122630858,0.6797658862876255,0.5019588638589618,0.48880822746521474,Mid,Mid,Mid,1.0653107901444026,0.8951077030607595,1.1972527898484273
2024-12-19,0.47312085368702617,0.6032947906339047,0.608693847162756,0.6757208524864187,0.531081742535487,0.5199516324062878,Mid,Mid,Mid,1.0663856850859779,0.9009489921578655,1.1965196358018728
2024-12-20,0.4765148887653966,0.5992486262851185,0.6039738352055459,0.6892230576441103,0.5171232876712328,0.5033232628398792,Mid,Mid,Mid,1.0464705578685443,0.8934232776245087,1.1881761603964944
2024-12-23,0.47303238261934155,0.6012806561061653,0.6066118118537872,0.6751565762004176,0.5246943765281173,0.5120772946859904,Mid,Mid,Mid,1.042586687192696,0.8919280182489314,1.1685311464542754
2024-12-24,0.46561170940721075,0.5951203145862111,0.5992316213231111,0.6381469115191987,0.5063538611925709,0.4930597465298733,Mid,Mid,Mid,1.0676066773652253,0.8938452226226384,1.1899482866889226
2024-12-26,0.4431453305518012,0.5860104202333023,0.5917059697467152,0.5778055903212349,0.46995603321934537,0.46682750301568154,Mid,Mid,Mid,1.0641905115374712,0.893055048728919,1.1989722939263823
2024-12-27,0.4445234746399489,0.5896929112697431,0.5947091614486985,0.5829858215179317,0.490234375,0.4804098854731766,Mid,Mid,Mid,1.0620921957078782,0.8929474678478465,1.1849905078058718
2024-12-30,0.4453369699250782,0.5916513843329887,0.5965658553016252,0.5856606919549813,0.49829184968277207,0.48373493975903614,Mid,Mid,Mid,1.0659149320593153,0.9000272898968394,1.189688906943181
2025-01-02,0.4451437994132691,0.5932707165913498,0.5978414090767524,0.585,0.5029268292682927,0.48886213124623723,Mid,Mid,Mid,1.0670421364739453,0.899994703190882,1.1897789248290394
2025-01-03,0.45061293693047544,0.5957426491768757,0.6005872154182504,0.6018325697625989,0.5090199902486592,0.4969915764139591,Mid,Mid,Mid,1.0692025079182896,0.9017548672248242,1.2011916090740142
2025-01-06,0.4517087328280652,0.597306077300049,0.6032687124572308,0.6057452123230641,0.5151072124756335,0.5039085989176187,Mid,Mid,Mid,1.0391555939791168,0.8868360192589498,1.1790071449027755
2025-01-07,0.45848326142126294,0.5991208398045557,0.6043449672896405,0.622555139409072,0.5182659522649781,0.5072115384615384,Mid,Mid,Mid,1.0319565610854307,0.8776079373861919,1.176473509173565
2025-01-08,0.4481147120336577,0.5922584055428843,0.5981250484290052,0.5948419301164726,0.5,0.4894894894894895,Mid,Mid,Mid,1.0324240022168523,0.8789848833153285,1.1812906872363214
2025-01-09,0.4466595423787214,0.5909393355244077,0.596726952112868,0.59002079002079,0.4944038929440389,0.4831932773109244,Mid,Mid,Mid,1.030945772009935,0.8791501048903128,1.18545233466273
2025-01-10,0.44716675802187716,0.5893988626504861,0.5953262099677045,0.5914380714879468,0.4883268482490272,0.48050389922015596,Mid,Mid,Mid,1.0246487739439674,0.8771082736572304,1.1923255011211262
2025-01-13,0.44753581053838065,0.5834221471558171,0.5890118587154461,0.5928541753219776,0.46037919299951385,0.4556354916067146,Mid,Mid,Mid,1.0289654393085907,0.8749557925801225,1.1913725731065774
2025-01-14,0.44746605107188603,0.5795215559103609,0.5850092432973014,0.5921926910299004,0.4465500485908649,0.4457759137207909,Mid,Mid,Mid,1.019316649127912,0.8666979197177542,1.1898506661785724
2025-01-15,0.433332013168808,0.5782122255656216,0.5827189267763125,0.547945205479452,0.4419621175327829,0.4425149700598802,Mid,Mid,Mid,1.0173160513376085,0.8688539194888334,1.1974844703524488
2025-01-16,0.432556105356699,0.5762263289549256,0.5802893542506679,0.5452282157676348,0.43640776699029127,0.43686415320167565,Mid,Mid,Mid,1.016125850171748,0.8678508880113723,1.196533900670134
2025-01-17,0.4358198958158228,0.5747465456537023,0.5785306567518486,0.5545416839485691,0.4294032023289665,0.4312200956937799,Mid,Mid,Mid,1.0120623766012034,0.872816177347088,1.190882701447797
2025-01-20,0.43570488693142045,0.5737377446859949,0.5777491791069123,0.5543117744610282,0.4248302618816683,0.42916915720263,Mid,Mid,Mid,1.011344295605876,0.8706839688557627,1.1904322366028797
2025-01-21,0.4358964849930782,0.5752565943816413,0.5790082277774605,0.5553253211769581,0.433349491032477,0.43428912783751494,Mid,Mid,Mid,1.0125300551825027,0.8719136170525179,1.1882023852227053
2025-01-22,0.45097870356185943,0.5958388209156439,0.6002226670071411,0.6043910521955261,0.5116279069767442,0.49791044776119403,Mid,Mid,Mid,1.0117282706006978,0.8712032324877576,1.1863450679917813
2025-01-23,0.45834265894919496,0.5958863760183611,0.6003701278474248,0.6227743271221532,0.5123486682808717,0.4988066825775656,Mid,Mid,Mid,0.9990400288612846,0.8596511257048958,1.1732007997988465
2025-01-24,0.45542153257175777,0.5858671845021479,0.5915217592134145,0.6175496688741722,0.46853823814133594,0.46511627906976744,Mid,Mid,Mid,1.0163795980405381,0.8709937543120697,1.1784378219900418
2025-01-31,0.45526765676887226,0.585743638191856,0.5913213712727786,0.6168804302854779,0.4683115626511853,0.464839094159714,Mid,Mid,Mid,1.0093645922394487,0.865915640465195,1.1880937617452618
2025-02-03,0.4583331489746791,0.5866734520549994,0.5920902809820917,0.6228287841191067,0.47437137330754353,0.467540202501489,Mid,Mid,Mid,0.9896617646443011,0.8666361400848347,1.180756195588685
2025-02-04,0.45664048573780003,0.5878086338687336,0.5936482845904671,0.6196775527077305,0.48429192846785885,0.4744047619047619,Mid,Mid,Mid,0.9924918132383898,0.8571435404097328,1.1648383757764145
2025-02-05,0.46312654984347323,0.5884615787738703,0.5942444928995853,0.6363636363636364,0.48695652173913045,0.47828673408685307,Mid,Mid,Mid,0.974405665421814,0.8480633951958829,1.1733928797750008
2025-02-06,0.46704513266299746,0.5782245338702828,0.585019454472821,0.647666253614209,0.44181554804442297,0.44589774078478,Mid,Mid,Mid,0.9633146312459839,0.8465687368615676,1.1633100776485419
2025-02-07,0.46556188163241635,0.5800936774025334,0.5861915820883864,0.6407927332782825,0.4483590733590734,0.4503862150920974,Mid,Mid,Mid,0.9653100261177358,0.8351608183529725,1.1681248040583907
2025-02-10,0.4236663267500737,0.5247784032662169,0.5314962569868186,0.5113495666529096,0.2841292812349252,0.30760095011876487,Mid,Mid,Mid,0.9648430913127702,0.8358484383806748,1.1656617144918047
2025-02-11,0.42890825914397224,0.5280057481456999,0.5360256486697378,0.5292904290429042,0.29026036644165865,0.31810089020771515,Mid,Mid,Mid,0.9651122069199041,0.8360006181940249,1.1663591469818078
2025-02-12,0.44730590732976916,0.5807701938336306,0.5857498536546583,0.5905154639175257,0.45156626506024095,0.4489916963226572,Mid,Mid,Mid,0.9659296220054733,0.836194744860413,1.1819025507161325
2025-02-13,0.44418545665640374,0.5732660250685534,0.5800430133879322,0.5787304204451772,0.42196531791907516,0.4350918790752816,Mid,Mid,Mid,0.9791702559853329,0.8480671017429954,1.1981653114945543
2025-02-14,0.45380007636123443,0.5849264142365741,0.5918547594787481,0.6118665018541409,0.4665382763601348,0.46800947867298576,Mid,Mid,Mid,0.9766594278062773,0.8407733338246335,1.2122980976136604
2025-02-17,0.4477667371695824,0.5677646553826061,0.5755663633456684,0.592668863261944,0.4008662175168431,0.4221432800473653,Mid,Mid,Mid,0.9730782412617395,0.8369303341091507,1.2121502867812501
2025-02-18,0.44840140936633277,0.5673787127672841,0.5738668958979987,0.5973651708522025,0.3992303992303992,0.41597633136094675,Mid,Mid,Mid,0.9758848248381055,0.8546839117693655,1.2202853696316698
2025-02-19,0.42878661104897997,0.5040531747386109,0.5046009817668439,0.5275720164609053,0.25240384615384615,0.2554701360141928,Mid,Mid,Mid,0.9738036169222459,0.8651993961401542,1.2312252724737451
2025-02-20,0.47776024049430105,0.5531848597787049,0.5546238271987171,0.69765528589058,0.35271504084574723,0.3640661938534279,Mid,Mid,Mid,0.9873217019478525,0.917053059033514,1.2219144974460525
2025-02-21,0.47871909172583293,0.5553079105764486,0.5569381531841434,0.7006578947368421,0.36023054755043227,0.3668044890726521,Mid,Mid,Mid,0.9999676214780611,0.9329125405811033,1.2336056042878942
2025-02-24,0.475367020432357,0.5397196536821623,0.5416792270730749,0.689272503082614,0.31925108017282766,0.33234946871310506,Mid,Mid,Mid,1.0024435792283106,0.9365803213468232,1.232432505064688
2025-02-25,0.4801713897738442,0.5616029409510449,0.5632567768150273,0.7041906327033689,0.3824376199616123,0.3834808259587021,Mid,Mid,Mid,1.0044757134954272,0.9319570746610986,1.2349370001500821
2025-02-26,0.49238508936146214,0.5967031442314121,0.5974151796437862,0.7338809034907597,0.5199040767386092,0.49292452830188677,Mid,Mid,Mid,1.0058535732059788,0.921722678511346,1.2258599436016544
2025-02-27,0.49252121617649686,0.5972627698980925,0.597796524687943,0.7348111658456487,0.5210930009587728,0.4955804360636417,Mid,Mid,Mid,0.9963766374721783,0.9165860153668773,1.2181521272393199
2025-02-28,0.4878190654671514,0.5836665553131865,0.5814594858474157,0.7238407878539187,0.4638236703402012,0.43992932862190814,Mid,Mid,Mid,1.0021853138349575,0.914789049338541,1.2117373675668481
2025-03-04,0.5058329564050366,0.5900453010753447,0.5867381812155315,0.7588187038556193,0.4976053639846743,0.45556209535020603,Mid,Mid,Mid,0.9797517390970832,0.9546600940064514,1.1863358836164066
2025-03-05,0.4902609182204006,0.5498261043294358,0.5436546986938834,0.7285772857728577,0.340832934418382,0.33588235294117647,Mid,Mid,Mid,0.9818493209013391,0.9581504501307821,1.1868236077004855
2025-03-06,0.4823593643010507,0.5335094940477787,0.5281893173308467,0.7069672131147541,0.3004784688995215,0.29747207524985303,Mid,Mid,Mid,0.9929492294888718,0.9693866483335735,1.1599887581768271
2025-03-07,0.4848553077829202,0.5273634314526675,0.5227868379452221,0.7156902908643998,0.28742228598756575,0.28672150411280845,Mid,Mid,Mid,0.9884236925618485,0.9678968915320594,1.1554723955697184
2025-03-10,0.49384938662627587,0.5298673066105314,0.5251390243092601,0.7366912366912367,0.29206500956022946,0.2947739283617146,Mid,Mid,Mid,0.9976792371260333,0.9687502094440589,1.1575952763652944
2025-03-11,0.4953311468081094,0.5301390200912193,0.5257434141391804,0.738436348751535,0.2928810320114668,0.29518779342723006,Mid,Mid,Mid,0.9978023166900971,0.9671493314569583,1.156399882532159
2025-03-12,0.4923088380372672,0.5262042772875305,0.5219639954300317,0.7328150572831423,0.2851002865329513,0.28621700879765394,Mid,Mid,Mid,1.0123172103662166,0.9715314152156574,1.17123527763644
2025-03-13,0.49053186353146305,0.5297252426886822,0.5267292729205856,0.7288343558282209,0.2916467780429594,0.2977725674091442,Mid,Mid,Mid,1.0030347805631068,0.9773566564783406,1.1401480003176794
2025-03-14,0.48734638259333973,0.5272589750211857,0.5239901327986699,0.7207686017988553,0.28673664122137404,0.2888107791446983,Mid,Mid,Mid,1.0030121455110164,0.9686891566039204,1.1427698150617114
2025-03-17,0.47629200995545656,0.5223567271020725,0.518320769869921,0.6890069472823867,0.27801621363853124,0.2786885245901639,Mid,Mid,Mid,1.0003978705402583,0.9660694294086918,1.1392188019991472
2025-03-18,0.47340073504511115,0.5253231458985302,0.5212502424941161,0.6764705882352942,0.2831267874165872,0.28554710356933877,Mid,Mid,Mid,1.012867368974142,0.9878972580556976,1.1554946724296733
2025-03-19,0.4773137770788763,0.5292161320477012,0.5254276284519904,0.6921192323397305,0.29156741305383516,0.2964912280701754,Mid,Mid,Mid,1.0200482474436336,0.9929141143372049,1.1534270368663868
2025-03-20,0.48527532528400663,0.5473261354367337,0.5440334253246425,0.7155102040816327,0.34,0.3407364114552893,Mid,Mid,Mid,1.0189770435774173,0.9891701846316148,1.147797696737499
2025-03-21,0.48920084277736586,0.5480662532428088,0.5440752363730611,0.7258261933904528,0.3407900999524036,0.3411214953271028,Mid,Mid,Mid,1.0145937764606014,0.9854671891817197,1.1409572126454766
2025-03-24,0.5186289137520051,0.5483538486071817,0.5446285657268711,0.797716150081566,0.34157944814462415,0.3426736719206071,Mid,Mid,Mid,1.0241424830755443,0.9923356182726571,1.147650941777953
2025-03-25,0.5278411401894912,0.5557993885151529,0.5511093763739189,0.8259274357929066,0.3651925820256776,0.3570595099183197,High,Mid,Mid,1.029707633708247,1.001966959553639,1.1654482985779333
2025-03-26,0.5259003746828859,0.5564998415911693,0.5523788650374966,0.8215158924205379,0.3669201520912547,0.360932944606414,High,Mid,Mid,1.0347078951223003,1.009895958305183,1.1803588549272126
2025-03-27,0.5321420252751851,0.5615842275474382,0.5560574901739219,0.8407331975560082,0.3862232779097387,0.3712121212121212,High,Mid,Mid,1.033498887737306,1.0098713944917788,1.18436205464256
2025-03-28,0.5335563520370984,0.5582519639925809,0.5535458275644024,0.8452768729641694,0.37701804368471037,0.36633663366336633,High,Mid,Mid,1.0395576831930338,0.9838491470434605,1.171116622599979
2025-03-31,0.5362586601702197,0.552241846703078,0.546948097561885,0.8591778591778592,0.35263407688656856,0.3469150174621653,High,Mid,Mid,1.0505535663211045,0.9730687414934893,1.1750107037233901
2025-04-01,0.5343205305657711,0.5502336246157312,0.5449548675861663,0.8478437754271766,0.34629981024667933,0.34322280395578825,High,Mid,Mid,1.0277592182517312,0.970358202824256,1.1381272394245945
2025-04-02,0.5332819224441813,0.5478707670622183,0.5426931465218713,0.843432289548597,0.33902323376007587,0.3354651162790698,High,Mid,Mid,1.0253399985613074,0.9732513028379912,1.135884535211123
2025-04-03,0.5359802582141364,0.5496090393745457,0.5442368502590101,0.8573170731707317,0.34360189573459715,0.34049970947123764,High,Mid,Mid,1.0198157403279713,0.9749309286301535,1.1270418714032697
2025-04-04,0.5271751403589685,0.5443063127653758,0.5393290893198469,0.822429906542056,0.3297015632401705,0.32694541231126595,High,Mid,Mid,1.0331538838584506,0.9857432596385564,1.1203621634356316
2025-04-07,0.5284160580652049,0.5490433768477914,0.5433066341753716,0.8253452477660439,0.34232954545454547,0.3372025536854324,High,Mid,Mid,1.0346441264240485,0.990191787503425,1.1266233502494882
2025-04-08,0.5442229075939716,0.5514078481341564,0.5455802073403863,0.879415347137637,0.3516327496450544,0.3451276102088167,High,Mid,Mid,1.0767814041904349,1.0160161514784363,1.177673587904366
2025-04-09,0.5448639399390858,0.5489627608702795,0.5431678814725536,0.8831168831168831,0.3415326395458846,0.3368115942028985,High,Mid,Mid,1.0798831806740163,1.0183549925664295,1.1889451921991008
2025-04-10,0.5441988390662755,0.5477703658147347,0.5411809921064895,0.8787018255578093,0.33853427895981086,0.3308227114716107,High,Mid,Mid,1.0659395524383766,1.0176748589959992,1.177240549481906
2025-04-11,0.561198556550322,0.5596718349338257,0.5530393438966298,0.9148418491484185,0.3837429111531191,0.36595251881876084,High,Mid,Mid,1.0890403642637307,1.017004904160389,1.1505000306113515
2025-04-14,0.5606562344915151,0.5594405174297535,0.5537427556341092,0.9132549655451966,0.382144544166273,0.37094907407407407,High,Mid,Mid,1.0852991599396857,1.012941790184426,1.1442149506488077
2025-04-15,0.5642117910153999,0.561940084115006,0.5563668328052597,0.9209886547811994,0.3904627006610009,0.3765182186234818,High,Mid,Mid,1.0870686830136624,1.0095771973823724,1.1474808713527849
2025-04-16,0.565396878360082,0.5493999890237987,0.5434318660457464,0.9226407452409883,0.34355828220858897,0.33815028901734107,High,Mid,Mid,1.0847584929681962,1.008220051476108,1.1425722511007537
2025-04-17,0.5680978788594665,0.549964572826756,0.5442547691216909,0.9238866396761134,0.3462264150943396,0.34257654534950893,High,Mid,Mid,1.0872511011975163,1.0141892711035125,1.145768092386608
2025-04-18,0.570343751018493,0.5529924017914843,0.5473688600864915,0.9287737757992716,0.35737859500235736,0.3504618937644342,High,Mid,Mid,1.0900084380102222,1.02113428344069,1.169477143488468
2025-04-21,0.574075031349345,0.5551796843583447,0.5498631502945999,0.9328478964401294,0.3661639962299717,0.35891517599538375,High,Mid,Mid,1.0859804953518892,1.0167147836610395,1.1809219060879446
2025-04-22,0.5750737816307657,0.5501684650869919,0.5449867231990714,0.9348968863728265,0.3462081959491286,0.34544405997693195,High,Mid,Mid,1.0852966446942063,1.0155006915841251,1.1808790637276125
2025-04-23,0.5667604404084087,0.53907108757119,0.5339535006899715,0.9219886822958772,0.3154425612052731,0.3089337175792507,High,Mid,Mid,1.085170563909109,1.017740431573525,1.1823655383146117
2025-04-24,0.5387161979147603,0.5276499113601705,0.523361998552773,0.8622222222222222,0.2856470588235294,0.28456221198156684,High,Mid,Mid,1.0830755884839725,1.0166612074198453,1.17893770721099
2025-04-25,0.5402936901048607,0.5318224125474699,0.5272391421062911,0.8651050080775444,0.2958607714016933,0.2964881980426022,High,Mid,Mid,1.0849622213517127,1.0270550022315181,1.1975438022123115
2025-04-28,0.540291784373688,0.5276732405777557,0.522844866655698,0.8647557529269277,0.2858486130700517,0.28308400460299193,High,Mid,Mid,1.0958127796624797,1.0280136514489318,1.2207591202431771
2025-04-29,0.533500443380811,0.5145283361343509,0.5106780663950875,0.8385794995964487,0.2617481203007519,0.2576193214491087,High,Mid,Mid,1.0793378535345288,1.0225202708734877,1.220687387471809
2025-04-30,0.5315663317813556,0.5088889962836364,0.5049606773658873,0.8301734570391287,0.25270079849694693,0.24885057471264369,High,Mid,Mid,1.0819269595796615,1.019404636409392,1.2032174849958959
2025-05-02,0.525903681227661,0.5071375180410259,0.5037910429088082,0.8133064516129033,0.2516431924882629,0.2469844916714532,High,Mid,Mid,1.0648052917305035,0.9888516915211848,1.1515409832267882
2025-05-07,0.5297116358801486,0.5142060912517024,0.5100024852090697,0.822652156388553,0.2618488972313468,0.25774971297359356,High,Mid,Mid,1.0697749376360748,0.9972725025527079,1.1502160895266933
2025-05-08,0.5340170902291693,0.5111703691673922,0.5074398822104377,0.8404512489927478,0.2598499061913696,0.25301204819277107,High,Mid,Mid,1.0759299113594174,1.0089527788125419,1.16294037415213
2025-05-09,0.5337607255642013,0.5041667072651567,0.5004228447766241,0.8397100281917036,0.24706985466479137,0.23910550458715596,High,Mid,Mid,1.0795265236861262,1.009127832891849,1.1667874167388248
2025-05-12,0.5491791396332184,0.5248202439745357,0.5203498554921661,0.8884863123993558,0.2802249297094658,0.2808022922636103,High,Mid,Mid,1.0765239530738644,1.0186800751302287,1.1833671144916573
2025-05-13,0.5403053403608731,0.4886112511800477,0.4834805440073778,0.8655935613682093,0.20327868852459016,0.19473081328751432,High,Mid,Low,1.0621992037728283,1.0082415012935848,1.1520491543161628
2025-05-14,0.5417856712039505,0.49718810802496843,0.49054039010353767,0.8692679002413516,0.22191011235955055,0.21293646250715512,High,Mid,Mid,1.062813282617061,1.0015483242099343,1.1567959061707653
2025-05-15,0.544134744352523,0.49665730908651934,0.48943317040972306,0.87535182951347,0.22087037903603182,0.21052631578947367,High,Mid,Mid,1.0597455959122302,1.0143222762103568,1.1571018337757777
2025-05-16,0.5422083043522047,0.49482905998018284,0.4874772750240328,0.8701768488745981,0.21702525724976612,0.20411663807890223,High,Mid,Mid,1.059067079679167,1.016124133856213,1.1559748733968354
2025-05-19,0.5406420670429147,0.4954681385505853,0.4885038346178412,0.8666130976295701,0.2187938288920056,0.2057142857142857,High,Mid,Mid,1.0573615669024354,1.0162729144038767,1.1541181740152238
2025-05-20,0.5616980891071444,0.5469216784533151,0.5423278023374659,0.9132530120481928,0.3411214953271028,0.33923472301541974,High,Mid,Mid,1.054912660093941,1.0181136887620705,1.1581985511091801
2025-05-21,0.5264140156327376,0.5120549620728784,0.5076379388193645,0.8101164191087916,0.2629612330686595,0.2557077625570776,High,Mid,Mid,1.0522418441722723,1.019072031172599,1.153935087485571
2025-05-22,0.5262500722596735,0.5125680299106034,0.5079293384738862,0.8097913322632424,0.26330532212885155,0.25613234455219624,High,Mid,Mid,1.0607343911252947,1.0269152692780332,1.1552183152228996
2025-05-23,0.5309267569824541,0.5300079316771255,0.5245648094573586,0.825511432009627,0.296313579094727,0.29646522234891676,High,Mid,Mid,1.0612573231532922,1.038486423765168,1.1625416584720563
2025-05-26,0.5320754936101587,0.5026551872593162,0.49482452612369593,0.830793905372895,0.24300373134328357,0.22621082621082622,High,Mid,Mid,1.0621704146257027,1.038809526881818,1.1679004122808543
2025-05-27,0.5012680649247929,0.4628358749495111,0.45615475842219894,0.7350701402805612,0.15804195804195803,0.15432801822323464,Mid,Low,Low,1.0634212330204411,1.049542191312577,1.1726242179360211
2025-05-28,0.516211055616661,0.48717066546508825,0.4813075908801341,0.7736378205128205,0.20083876980428705,0.18782014797951052,Mid,Mid,Low,1.0637785545278984,1.044715506340133,1.1734921181041789
2025-05-29,0.5258896539394058,0.5018814941403197,0.499701903407779,0.8081698037645174,0.24219841639496972,0.24118316268486917,High,Mid,Mid,1.0526850512398098,1.0303631184481528,1.1602514686494756
2025-05-30,0.5063541967946238,0.4700287124653267,0.46944517539011427,0.7477982385908727,0.16992551210428306,0.17509948834565095,Mid,Low,Low,1.0696678687641052,1.0305389366196578,1.1538145271930056
2025-06-02,0.5254657505294502,0.5113934160686119,0.5127630841210039,0.8071228491396558,0.26337831549557933,0.26988636363636365,High,Mid,Mid,1.0693062751302853,1.0224207742923779,1.1582799627735125
2025-06-04,0.5245807176564425,0.5005850889061636,0.5023602182178347,0.8036,0.2372093023255814,0.24645088018171493,High,Mid,Mid,1.0688037138996502,1.0218893659240535,1.1581944187855635
2025-06-05,0.5250316181640666,0.5132336093544598,0.5147968978869998,0.8064774090363854,0.26638772663877264,0.2763904653802497,High,Mid,Mid,1.077661558051512,1.007243086754873,1.1298453513214628
2025-06-09,0.5361601632075891,0.517046497366938,0.5188936840978992,0.8521183053557154,0.27137546468401486,0.2824730572887124,High,Mid,Mid,1.0628629658000575,0.9993086071781565,1.1282930437463354
2025-06-10,0.5331189680621746,0.535807483934387,0.5375551877264068,0.8349980023971234,0.31630283325592196,0.3321995464852608,High,Mid,Mid,1.0760369755227577,0.9986182745569686,1.1218164713768246
2025-06-11,0.5333253725528241,0.5375816713694176,0.5399537454951319,0.8354632587859425,0.3203342618384401,0.33824362606232294,High,Mid,Mid,1.0873103542536409,1.0086065914198932,1.139019000036791
2025-06-12,0.5320049498855796,0.5432968944090826,0.5455286922224873,0.8295409181636727,0.3336426914153132,0.35730464326160816,High,Mid,Mid,1.0836550647972762,1.0057443188410289,1.1359177132681522
2025-06-13,0.5344805037557542,0.5472753023959509,0.5496179930985876,0.8411811652035116,0.3464749536178108,0.36955291454442557,High,Mid,Mid,1.0863000816843367,1.0063314920659656,1.1439860699933513
2025-06-16,0.533012388819124,0.5461804007939652,0.5484580361372896,0.8340646190666134,0.3426054705609643,0.36481900452488686,High,Mid,Mid,1.0746280718302201,1.0054743135752362,1.13556114754496
2025-06-17,0.5207696109049904,0.5124336871904362,0.5144152850329196,0.7874800637958532,0.2645968489341983,0.27473148671565856,Mid,Mid,Mid,1.0842646748117388,1.0057464285214701,1.128710128891802
2025-06-18,0.5163396889774521,0.5079732919865189,0.5098245327386918,0.7712235950577919,0.2547475683186661,0.26101694915254237,Mid,Mid,Mid,1.0857817969944186,0.9950488320284299,1.1213175564169267
2025-06-19,0.5011103201012135,0.4618222585205965,0.46418793854672274,0.7306772908366533,0.15694444444444444,0.16487859966120835,Mid,Low,Low,1.08331067458904,0.990549741374186,1.113754966921775
2025-06-20,0.4956508920780577,0.47539052030378914,0.47901213829032363,0.7220230983671844,0.17538176770013883,0.1845372460496614,Mid,Low,Low,1.087128365908968,0.9954720288078273,1.1229101155687573
2025-06-23,0.4939247409800377,0.4794003682616716,0.48270719975559806,0.7197452229299363,0.18501387604070305,0.19176536943034406,Mid,Low,Low,1.0739940065449396,0.9810093741429798,1.1048825339491666
2025-06-24,0.4786898870148269,0.46358167663343447,0.46816460482925276,0.6796657381615598,0.15903837263060563,0.17249154453213078,Mid,Low,Low,1.0744983596643976,0.9820786212278918,1.1062665057114105
2025-06-25,0.5051707617108929,0.49345476913071185,0.4964162044469435,0.7422434367541766,0.21534195933456562,0.23211267605633804,Mid,Mid,Mid,1.0798531150344888,0.9781596518553989,1.0909869786252822
2025-06-26,0.4815090656208089,0.49186566350958594,0.4951822626257582,0.6854870775347912,0.21016166281755197,0.22804054054054054,Mid,Mid,Mid,1.081032417562408,0.9807771879852675,1.0834217256060945
2025-06-27,0.4790050697993129,0.48829937641267446,0.4905912921340941,0.6812400635930048,0.203601108033241,0.21553179516038268,Mid,Mid,Mid,1.084132099627696,0.9894764872369028,1.0935938669671732
2025-06-30,0.4771115947278172,0.4788271961697683,0.4810663558259896,0.6730234406038935,0.18458698661744347,0.18785151856017998,Mid,Low,Low,1.0819637840166274,0.9900997461691576,1.0944685852144929
2025-07-01,0.4759183004219441,0.48439130970427113,0.4863638101518976,0.6683876092136616,0.19787822878228783,0.20179876335019675,Mid,Low,Mid,1.0807147047038987,0.9913703366785691,1.0946990399457712
2025-07-02,0.48005411124584524,0.48435516835572523,0.48603379688469855,0.6832076220722509,0.19778699861687413,0.2,Mid,Low,Low,1.0799711069746025,0.9924444031695885,1.0972602174028394
2025-07-03,0.480315844518437,0.4821011180676429,0.48306843896408597,0.6837301587301587,0.19216589861751152,0.19427288040426727,Mid,Low,Low,1.077642060176566,0.9920475138136722,1.094678149888711
2025-07-04,0.4886141462242426,0.48461682555162294,0.4851831914604115,0.7076556921856406,0.19944725932749885,0.19977553310886645,Mid,Low,Low,1.0601667442205225,0.9844470069536874,1.0937169568379463
2025-07-07,0.48804698624605286,0.4789931556755615,0.4813735468900842,0.7053925455987312,0.18462246777163904,0.18844643858665172,Mid,Low,Low,1.0867280495203024,0.9916561822910606,1.107296917960223
2025-07-08,0.4463230140645088,0.45616687834078523,0.4575877915250785,0.5636147443519619,0.14910262310170272,0.15414798206278027,Mid,Low,Low,1.0909422329626763,0.9942148885203094,1.1093775565520076
2025-07-09,0.4472814878110204,0.456326678909803,0.4575375712404626,0.5685419968304279,0.14949402023919042,0.15406162464985995,Mid,Low,Low,1.0904307685445143,1.0103246007131876,1.115766870957122
2025-07-10,0.4500306159193969,0.4583697826587762,0.46110652348445286,0.5786138613861386,0.15172413793103448,0.1606942889137738,Mid,Low,Low,1.0941766325327322,1.0120036282442035,1.1235355951099495
2025-07-11,0.4047420901927241,0.4302406386596811,0.4322093024498998,0.4330958036421219,0.11167279411764706,0.11863458310016788,Mid,Low,Low,1.0925535951501397,1.008311880979565,1.1154940207082602
2025-07-14,0.4045560740276704,0.434183744866286,0.43599499240237843,0.43213296398891965,0.12034910427193385,0.12304250559284116,Mid,Low,Low,1.09409266583519,1.0109792572193446,1.114535303633866
2025-07-15,0.4072835864782925,0.43434591630817043,0.4364326469639355,0.4410601265822785,0.12121212121212122,0.12353269983230855,Mid,Low,Low,1.0941481537620947,1.007194840390337,1.1096731688032775
2025-07-16,0.40955276617518094,0.43633948287083824,0.4383931550227473,0.4468169236852511,0.12482790270766407,0.12513966480446928,Mid,Low,Low,1.0922829352020929,1.009276003402945,1.1093363999965598
2025-07-17,0.4003543094446892,0.4362358335743283,0.43922181870112365,0.4209486166007905,0.12477064220183487,0.12618648799553323,Mid,Low,Low,1.0902438389949871,1.011737556087145,1.111815721187466
2025-07-18,0.3994989139264459,0.4373481236052796,0.43971824737337806,0.41801659423152904,0.1265474552957359,0.12779017857142858,Mid,Low,Low,1.0892877189097396,1.014302868033137,1.1154954629805671
2025-07-21,0.3970410730508239,0.44381708598213526,0.44598077893644916,0.41113744075829384,0.13519706691109074,0.13608477412158393,Mid,Low,Low,1.100889913976953,1.0178162020607053,1.1213258864368043
2025-07-22,0.39425294825832863,0.4422674503480764,0.445508739855845,0.4034741413343861,0.13330279431974348,0.1354515050167224,Mid,Low,Low,1.1045981068125768,1.022087973210941,1.1269587980723383
2025-07-23,0.4013486998071145,0.4487106151125478,0.4515994629550199,0.4234411996842936,0.1391941391941392,0.14707520891364903,Mid,Low,Low,1.104882096592756,1.0176804769357175,1.1192352482768249
2025-07-24,0.3954800417160461,0.44436259942801737,0.44822040212695463,0.40907297830374756,0.13592677345537757,0.1403118040089087,Mid,Low,Low,1.1036656756891465,1.0153548189318025,1.115868837986446
2025-07-25,0.38268930385337163,0.42109760383295525,0.42476112085031253,0.3714511041009464,0.10064043915827996,0.10461880912632164,Mid,Low,Low,1.1027387794132406,1.0176961051056106,1.1192052757445816
2025-07-28,0.378094004943307,0.3950437603204228,0.3995698322491685,0.36105636578636185,0.0695016003657979,0.06395995550611791,Mid,Low,Low,1.1043950931917117,1.0212004511734505,1.1207976841096188
2025-07-29,0.38882621630278213,0.42356777535588214,0.428058736753556,0.38849487785658,0.10283363802559416,0.10894941634241245,Mid,Low,Low,1.1034361215176338,1.0196662303188782,1.1266780435254369
2025-07-30,0.38848603225020717,0.43001595707916024,0.43456992188031224,0.3883418668767231,0.11146642302421197,0.12222222222222222,Mid,Low,Low,1.0980598569542,1.0184639074456818,1.1238779437086255
2025-07-31,0.39411466401291684,0.40582278192078003,0.41187595073625644,0.4035433070866142,0.08584474885844749,0.09050527484730705,Mid,Low,Low,1.1021382923393739,1.0313734084582364,1.1314485614353766
2025-08-01,0.38233932190851516,0.3951898443455643,0.4043464716303648,0.3707201889020071,0.07120036513007759,0.07491675915649279,Mid,Low,Low,1.1000805352220662,1.033732828260849,1.1173894324219162
2025-08-04,0.34448515767984345,0.40121333142326393,0.4100986392782553,0.27143981117230526,0.07846715328467153,0.08652246256239601,Mid,Low,Low,1.1018983495386225,1.0136538151779462,1.047838443105893
2025-08-05,0.341013105611647,0.40284959015336336,0.41093579951434744,0.25796303578450647,0.08071135430916553,0.08980044345898004,Mid,Low,Low,1.11735099795376,1.0171883269971675,1.0445312673161178
2025-08-06,0.3103763541824568,0.37719440845037705,0.3849863829754665,0.1580188679245283,0.04421148587055606,0.039889196675900275,Low,Low,Low,1.1281790158024576,1.0254506057247113,1.0419043456668564
2025-08-07,0.30245762693192746,0.3817491056201919,0.3893110222075172,0.13280943025540276,0.0510250569476082,0.04706533776301218,Low,Low,Low,1.1284986295370738,1.0271280512325474,1.0394941834857485
2025-08-08,0.300122697915862,0.37983001139355405,0.38749565274263004,0.12922230950510605,0.048724954462659384,0.043718871057000556,Low,Low,Low,1.1294848515460882,1.0262377896945452,1.0296332030606232
2025-08-11,0.2899014078185169,0.37591571740481106,0.38188733908977257,0.1071849234393404,0.0432407828857533,0.03761061946902655,Low,Low,Low,1.1182059487568083,1.0165895918920465,1.0209340216028142
2025-08-12,0.2962960453356856,0.38062092391722674,0.3861150592748884,0.12127158555729985,0.049590536851683346,0.04256495301271421,Low,Low,Low,1.1171144495635903,1.0212442835597533,1.0353975806406166
2025-08-13,0.3029339465525975,0.37663437743712724,0.3819231559948291,0.13456257355825815,0.04411095952705776,0.03812154696132597,Low,Low,Low,1.1190224761662064,1.0209259687056758,1.0399848859335676
2025-08-14,0.30006869758174776,0.37385877758055136,0.3793713720841234,0.12980392156862744,0.042272727272727274,0.0353395913859746,Low,Low,Low,1.1266111280080158,1.0223313747963585,1.04179463584825
2025-08-18,0.29608206179059515,0.3634641803937912,0.37140826983493264,0.12073696589572716,0.029532030895047707,0.025938189845474614,Low,Low,Low,1.1257239586160912,1.0226511543629861,1.039537253881211
2025-08-19,0.32151249288603234,0.3719249168171404,0.37935352896713775,0.19670846394984326,0.04223433242506812,0.035852178709321565,Low,Low,Low,1.1224469435625002,1.0133717811552194,1.0184854861911923
2025-08-20,0.32805964135472326,0.36911329448640945,0.37658896760854743,0.21856639247943596,0.038129822968679075,0.03252480705622933,Mid,Low,Low,1.0100407559109938,0.9653636127625432,0.9086407454152433
2025-08-21,0.33337885325164723,0.3712490249409539,0.3802230268267286,0.23962411902897415,0.0426497277676951,0.03801652892561983,Mid,Low,Low,0.9565323505576212,0.934525996180127,0.8660094165998601
2025-08-22,0.34691151502832956,0.40096027200394596,0.4104064042151909,0.2845401174168297,0.08299319727891157,0.09306167400881057,Mid,Low,Low,0.9623516535135922,0.9494513495662641,0.8621540089816453
2025-08-25,0.329039709062806,0.3765067693023754,0.38500274741353796,0.2222222222222222,0.04623753399818677,0.04402861860209136,Mid,Low,Low,0.97371615115581,0.9586389819643027,0.8686892337978871
2025-08-26,0.31852197924645803,0.34690484750944034,0.3565621387791353,0.18967540086038326,0.011780697779791573,0.019801980198019802,Low,Low,Low,0.985195296550375,0.9601117028571872,0.8693516550033369
2025-08-27,0.3413205246856003,0.3716204841864666,0.38031829947674484,0.26348709929632524,0.043478260869565216,0.03903243540406817,Mid,Low,Low,1.0067640243834388,0.9486125049599641,0.8899023610825091
2025-08-28,0.3341443621549445,0.30979146367487753,0.3170684509566628,0.24384525205158264,0.0004526935264825713,0.005494505494505495,Mid,Low,Low,1.0095349197886425,0.9516706391186316,0.8910480867089873
2025-08-29,0.33940891943322327,0.31504675192148324,0.32145596566764234,0.25859375,0.0018099547511312218,0.007138934651290499,Mid,Low,Low,1.015281825707642,0.952588615890955,0.8907910701695124
2025-09-01,0.33135169212265797,0.30568845821537455,0.3110537899368267,0.22881686841077703,0.0004522840343735866,0.0043907793633369925,Mid,Low,Low,1.0298697523607787,0.9602224102067589,0.8916413007615082
2025-09-02,0.3100460451526109,0.2926077970430289,0.29719179913609844,0.15807962529274006,0.0004520795660036166,0.0021941854086670325,Low,Low,Low,1.0223268765096996,0.9661168426066711,0.87070187287667
2025-09-03,0.3036010594060392,0.2812053723710842,0.2860216745456929,0.13811939133827547,0.00045187528242205153,0.0010964912280701754,Low,Low,Low,1.0182160695896945,0.9600701762250231,0.8739016113397146
2025-09-04,0.29923132692135945,0.27646839667406514,0.2809393774898951,0.12753510140405616,0.00045167118337850043,0.000547945205479452,Low,Low,Low,1.0174406049558409,0.9599042913792469,0.8693618168702413
2025-09-05,0.2929373239562517,0.2660999293934481,0.2710001848222509,0.11345029239766082,0.0004514672686230248,0.000547645125958379,Low,Low,Low,1.0216827672523632,0.9605532790794599,0.871031022027888
2025-09-08,0.2933489378843096,0.2617744620156068,0.2664619296275707,0.1141855027279813,0.0004512635379061372,0.0005473453749315818,Low,Low,Low,1.0209771483969998,0.9596908123653652,0.872028245204928
2025-09-09,0.3076437883313972,0.2765041155558198,0.2807115701852449,0.15192832099727308,0.0018042399639152007,0.0016411378555798686,Low,Low,Low,1.0177387160593843,0.9574232934864066,0.868693600825363
2025-09-10,0.31020179757508803,0.29211826255159196,0.29665438199121397,0.16004672897196262,0.002705139765554554,0.004920721705850191,Low,Low,Low,1.0058958816519898,0.9513349342924718,0.8625619019018922
2025-09-11,0.30596464239501153,0.29384445266624093,0.2983283075789963,0.14558193849746984,0.003605227579990987,0.007103825136612022,Low,Low,Low,0.9981357466867001,0.9535574121584632,0.8565436599136167
2025-09-12,0.31446599521259266,0.3116267723676227,0.31462522459028136,0.17821011673151751,0.004954954954954955,0.009830693610049153,Low,Low,Low,0.9998266932828518,0.9571852610887724,0.8618456076230526
2025-09-15,0.3198407163180409,0.3083825054709722,0.3093171438295385,0.19486581096849476,0.004502476361999099,0.007641921397379912,Low,Low,Low,0.9847106132559501,0.9422353445365839,0.8525643813959709
2025-09-16,0.32225059148140106,0.3076199689587404,0.30803849686452794,0.19984447900466562,0.004500450045004501,0.007637752318603383,Low,Low,Low,0.9859582400792363,0.9420692325793851,0.8502334844480267
2025-09-17,0.3258632418295419,0.31296768735333164,0.3125412862905324,0.21453556160124368,0.006297795771479982,0.010359869138495093,Mid,Low,Low,0.9855773775843194,0.9391482993751554,0.8463288743978115
2025-09-18,0.3109905210074836,0.28093886073741275,0.27943965956188116,0.16433566433566432,0.0022482014388489208,0.0016348773841961854,Low,Low,Low,0.9841948912335375,0.9360102138681182,0.8256275255696967
2025-09-19,0.3205976422371824,0.2811102438628805,0.27951225592080703,0.19689320388349515,0.002696629213483146,0.002178649237472767,Low,Low,Low,0.9711550544898622,0.9274251276925334,0.8118237878596376
2025-09-22,0.3230359195105731,0.2893583825557151,0.28737828796130854,0.2045807453416149,0.0035938903863432167,0.004899292324442025,Mid,Low,Low,0.9812799456265802,0.9225733082464761,0.7964135862271666
2025-09-23,0.32916138627417424,0.2942307814662675,0.2924124764821617,0.22739619712844392,0.005388414907947912,0.005984766050054407,Mid,Low,Low,0.978399503527418,0.9227041472887679,0.7895534848907955
2025-09-24,0.32719483533193794,0.29543376385470044,0.2929752371688726,0.2195500387897595,0.0058348294434470375,0.0065252854812398045,Mid,Low,Low,0.979650951684747,0.9252363256797865,0.7870244956080067
2025-09-25,0.31917602529711064,0.2860414367774086,0.28377260126342474,0.19387359441644048,0.003589053387169134,0.0038043478260869567,Low,Low,Low,0.9778054522661689,0.919129409750424,0.7837172993645027
2025-09-26,0.30821372971837246,0.2675151883943097,0.2650828326957581,0.15465116279069768,0.0013452914798206279,0.0005431830526887561,Low,Low,Low,1.0027903706507693,0.9192591924007238,0.7724543518897382
2025-09-29,0.29733107201218373,0.24868094982785496,0.2469822989408076,0.12437039907012785,0.00044822949350067237,0.0005428881650380022,Low,Low,Low,0.9968380545646378,0.9398984620012103,0.7792313195161192
2025-09-30,0.3110507445093892,0.2562672290374201,0.2543285899696868,0.1653756777691712,0.0008960573476702509,0.0010851871947911015,Low,Low,Low,0.992851689628298,0.9426623916871093,0.7736219347066579
2025-10-01,0.3141757041645784,0.2613568645461424,0.26045013895512253,0.17808749516066588,0.0013434841021047917,0.0016268980477223427,Low,Low,Low,0.9874977124307599,0.9399732408608792,0.7685705802468923
2025-10-02,0.32985706533428905,0.27244083400264424,0.268750004056465,0.2306501547987616,0.003133393017009848,0.0032520325203252032,Mid,Low,Low,0.9883280156594566,0.9359594778521044,0.766851172011433
2025-10-10,0.3350805286885694,0.2669774677207079,0.2621943666865625,0.2541586073500967,0.0026845637583892616,0.0021668472372697724,Mid,Low,Low,0.9669008170725153,0.9195483157948843,0.7623532648922132
2025-10-13,0.3305574949823088,0.261159710990647,0.2561851636230716,0.23395204949729312,0.0013416815742397137,0.0016242555495397943,Mid,Low,Low,0.9675168796377391,0.9202242411903467,0.7456095178960993
2025-10-14,0.34560945502281626,0.2852871989913785,0.28073247710901206,0.2895245458059528,0.006705409029950827,0.007034632034632035,Mid,Low,Low,0.97817214888427,0.9372747127428159,0.7671903398291651
2025-10-15,0.347907305836893,0.28118665867729525,0.2772141257292698,0.29675425038639874,0.006255585344057194,0.005408328826392645,Mid,Low,Low,0.9662106066226277,0.9316874401604578,0.7678455126039456
2025-10-16,0.35183864949945703,0.2726914023996731,0.26706472220733907,0.3078408651989185,0.0044662795891022775,0.004324324324324324,Mid,Low,Low,1.001130835784389,0.9262639101032756,0.7708934686166763
2025-10-17,0.35863828852658197,0.2683053712562789,0.26283022270968887,0.3293436293436293,0.0040178571428571425,0.0032414910858995136,Mid,Low,Low,0.9721017746383463,0.9362757872187509,0.7819741768598806
2025-10-20,0.3574424132243426,0.25964883998519034,0.2536047520668449,0.3253570050173678,0.0013386880856760374,0.0010799136069114472,Mid,Low,Low,0.9720329294612039,0.9361781633478625,0.7821842914842699
2025-10-21,0.39016265564783337,0.27823732832310427,0.2733201200052811,0.40316358024691357,0.006690454950936664,0.007015650296815974,Mid,Low,Low,0.9771916152846789,0.9367832636525999,0.8100954447779914
2025-10-22,0.3848230312208446,0.2821790763206214,0.2777304445701903,0.3891245661396066,0.008916629514043692,0.008090614886731391,Mid,Low,Low,0.9797182029323043,0.9353345469192939,0.8102589408247411
2025-10-23,0.3773972729948964,0.2663420139818183,0.26168207006814903,0.37047031611410947,0.0035650623885918,0.003234501347708895,Mid,Low,Low,0.9928602858157037,0.9351481688216742,0.8393851528103121
2025-10-24,0.37659490637427695,0.2588138518118665,0.2541176798221945,0.36801541425818884,0.0013363028953229399,0.0016163793103448276,Mid,Low,Low,0.999134471281509,0.9334623895088551,0.8307032313152579
2025-10-27,0.3713725727607529,0.27250799859714103,0.27222419189775465,0.3532357473035439,0.006233303650934996,0.008077544426494346,Mid,Low,Low,0.9836487622159591,0.9430680346354998,0.8203342183317293
2025-10-28,0.37386738299442035,0.2757934876163198,0.27567456721917627,0.3615710435117443,0.007120605251446373,0.00914962325080732,Mid,Low,Low,1.0006582309896586,1.031271841492622,0.824165843344718
2025-10-29,0.3773178361379665,0.27776652400620655,0.2770728612477588,0.37028483448806776,0.008451957295373666,0.009682625067240451,Mid,Low,Low,1.004833430444185,1.019738704783463,0.8373830518339327
2025-10-30,0.3719605917178094,0.27283483676666775,0.27227093946323827,0.3555213543670643,0.007114273010226767,0.008602150537634409,Mid,Low,Low,0.9997941255165192,1.012922298129709,0.831057667682695
2025-10-31,0.370064802863949,0.27401602691614163,0.27289093923565916,0.3496153846153846,0.007555555555555556,0.009134873723804407,Mid,Low,Low,0.9984067526242831,1.0095790442038404,0.8270508869638343
2025-11-03,0.3906820049152503,0.291946178199074,0.2870894532413516,0.4075355632449058,0.013771657041314972,0.01664876476906552,Mid,Low,Low,0.9998333720450135,1.0076939834028313,0.8245991345963074
2025-11-04,0.3964509109367204,0.2851650766266487,0.28066474069958647,0.425826287471176,0.012433392539964476,0.013419216317767043,Mid,Low,Low,0.9884594505274141,0.977953435528739,0.8078247302224256
2025-11-05,0.40567434823874987,0.2932466801646081,0.29150305807663207,0.4517864003073377,0.015534842432312472,0.018776824034334765,Mid,Low,Low,1.0048428182374718,0.9700995425206123,0.8120548013619612
2025-11-06,0.4157691679019577,0.30859197819909645,0.3065442965252559,0.47887864823348697,0.018633540372670808,0.02359249329758713,Mid,Low,Low,1.0319663352667017,0.9828760931159141,0.8484111991444658
2025-11-07,0.4174545078163912,0.31837133899280695,0.31643811853906506,0.4863723608445297,0.022172949002217297,0.028938906752411574,Mid,Low,Low,1.0296839225832526,0.9775131984117064,0.8450134997652882
2025-11-10,0.4191302813408516,0.32014283552967365,0.3179072046846104,0.4911742133537989,0.022606382978723406,0.029994643813604713,Mid,Low,Low,1.038829115580129,0.9748766401672637,0.8302578997425688
2025-11-11,0.4366979563533201,0.3383351742964831,0.3365773684266889,0.5492903720751822,0.02968542312804608,0.03747323340471092,Mid,Low,Low,1.0311639536816877,0.9723908428259748,0.8248777513781017
2025-11-12,0.43467277819694966,0.33339157919967805,0.3317370530480393,0.5417944785276073,0.02967227635075288,0.03584804708400214,Mid,Low,Low,1.0275878387121082,0.9645660176400704,0.8118822761016501
2025-11-13,0.43363070507941137,0.34100089235280945,0.3392593588392452,0.5389037945573016,0.03098716246126605,0.039037433155080216,Mid,Low,Low,1.0269388554732233,0.9651543381056951,0.7998172572327901
2025-11-14,0.4487808087187413,0.35028024421821,0.3462909290442635,0.5900383141762452,0.03716814159292035,0.04168893639764832,Mid,Low,Low,1.025901205649197,0.9635479733976852,0.8014264881924213
2025-11-17,0.4468235566215866,0.3528805096677912,0.347186421032397,0.5802374569130602,0.04201680672268908,0.042735042735042736,Mid,Low,Low,1.0126632437286542,0.943861152970753,0.7924409296185757
2025-11-18,0.42937840230423074,0.34481636198810167,0.33868036184478106,0.524885145482389,0.033156498673740056,0.03844100373731981,Mid,Low,Low,1.0093746748788548,0.9354014373768241,0.7923686277396456
2025-11-19,0.4302400306105856,0.34508583669762055,0.33901610710631885,0.5269804822043628,0.033583738400353516,0.03948772678762007,Mid,Low,Low,1.007628203321406,0.9453499167661628,0.7956366603885604
2025-11-20,0.4237512141728293,0.3426145282152338,0.3370453383726833,0.5053557765876052,0.03180212014134275,0.0384,Mid,Low,Low,1.0119680193525344,0.94712887718304,0.808843161254781
2025-11-21,0.4242886878384763,0.3398919760677055,0.33363669194347484,0.5066921606118547,0.03090507726269316,0.03624733475479744,Mid,Low,Low,1.017007452884003,0.9571257673348897,0.8121279820275
2025-11-24,0.423819496541018,0.3329745002314421,0.3268385118500052,0.5057339449541285,0.029567519858781994,0.03356419818859883,Mid,Low,Low,1.0149431298677924,0.9871720686014586,0.8352104377604219
2025-11-25,0.4347687671542955,0.3673915911940737,0.36061940833834716,0.5429881543752388,0.06043228936921041,0.051118210862619806,Mid,Low,Low,1.0057411791629685,0.9867686082313575,0.8355136302679175
2025-11-26,0.4324288434233142,0.33533854867590435,0.32804700406832016,0.5355233002291826,0.03042328042328042,0.03512506652474721,Mid,Low,Low,1.0132359479484487,0.9826961738079767,0.7943485217368825
2025-11-27,0.45017393010538864,0.42082607264497734,0.4119208320036831,0.5941198930889653,0.13177611282503304,0.12925531914893618,Mid,Low,Low,1.0090337940655905,0.9807757578867151,0.7895011270026709
2025-11-28,0.4474588919092942,0.42309048355223333,0.41469585010874116,0.583587786259542,0.13392070484581498,0.1318447634237108,Mid,Low,Low,1.0068618580200916,0.9806840941864962,0.7853989254674576
2025-12-01,0.45462024607897655,0.43122133639070864,0.42274996935257,0.6077832888210607,0.14707177454865697,0.14240170031880978,Mid,Low,Low,1.0158130137499681,1.0029755309671393,0.8110406826752048
2025-12-02,0.45777788267062897,0.4404276146975256,0.43248736223563117,0.6147978642257819,0.1624119718309859,0.15878916622411046,Mid,Low,Low,1.0174909357686397,1.0042623803799975,0.8126647873876935
2025-12-03,0.47126006453869074,0.44111927870170486,0.43352387126320197,0.658787647731605,0.16410030796304442,0.1602972399150743,Mid,Low,Low,1.0181427507121976,1.0009207022214908,0.8092521423461336
2025-12-04,0.472027213343862,0.446220818859074,0.43824062873430547,0.6642530487804879,0.17150395778364116,0.16551724137931034,Mid,Low,Low,1.0187035876213564,0.999793913584583,0.8078842736731146
2025-12-05,0.4921307396506516,0.4677438389717623,0.4608257427279197,0.7260952380952381,0.20351648351648352,0.2046659597030753,Mid,Mid,Mid,1.0186091746316306,0.9986925849430383,0.8020096205182036
2025-12-08,0.4941472370804926,0.46688960871759405,0.45991999437366116,0.7322924600152323,0.20210896309314588,0.20402755696873343,Mid,Mid,Mid,1.0080720615495526,1.0092187875342225,0.8083634533774006
2025-12-09,0.49487409192174275,0.47090641910275105,0.46440865246030844,0.7331556909021698,0.20816864295125165,0.21027542372881355,Mid,Mid,Mid,1.0087844385972673,1.0093159705550603,0.8098168417197293
2025-12-10,0.5361559470794375,0.4759461557367959,0.4694991537482556,0.85882800608828,0.21466198419666374,0.22022233986236103,High,Mid,Mid,1.0045598415588404,1.0069116627839116,0.8113946136595672
2025-12-11,0.5335151401773734,0.46905030561843647,0.4627532485941069,0.8432864206922784,0.20579201404124617,0.20846560846560847,High,Mid,Mid,1.0053900891147445,1.0093067917095655,0.8132089714879142
2025-12-12,0.5257495702892202,0.46541066443978,0.45969682869547174,0.8144486692015209,0.20043859649122808,0.20306716023268112,High,Mid,Mid,0.9961789534054177,1.0113246155412459,0.8047091608806917
2025-12-15,0.4543911908424851,0.4568737939530079,0.45161162139544286,0.605093120486507,0.1867601928978518,0.1876321353065539,Mid,Low,Low,0.9918991825343244,1.0086067108107877,0.7998812724387977
2025-12-16,0.45595307928359513,0.4596616271139384,0.45442436720059315,0.6098024316109423,0.19237510955302367,0.19387216059165346,Mid,Low,Low,1.0009315165781454,1.01239269962419,0.7909157758595983
2025-12-17,0.46546572852978124,0.46103440221983627,0.45534374466907696,0.6312191416635017,0.19316688567674112,0.1958817317845829,Mid,Low,Low,1.0080538273921142,1.020428850994192,0.7999684101056457
2025-12-18,0.45011240032222216,0.4571152847865024,0.4515599233287388,0.5907365223993926,0.18695271453590193,0.18680738786279683,Mid,Low,Low,1.0040646952524068,1.0093065223129092,0.7872741500973158
2025-12-19,0.45596823541276144,0.4844443951927613,0.4799279830502285,0.6098671726755218,0.23851203501094093,0.23364978902953587,Mid,Mid,Mid,1.0064589305924456,1.0110805050690093,0.7975314552940683
2025-12-22,0.463644850693471,0.48862270625547705,0.4820963141388217,0.627845220030349,0.2458442694663167,0.2382709541381128,Mid,Mid,Mid,1.0210498572471813,0.9945249042872101,0.771992954441624
2025-12-23,0.46781155450607687,0.4835246513955582,0.47829277535674936,0.6408797876374668,0.23567993003935286,0.23076923076923078,Mid,Mid,Mid,1.0007709488830203,0.968171217921356,0.7436917306329345
2025-12-24,0.47003250411528236,0.4900574739991515,0.4856198686485696,0.6516300227445034,0.24825174825174826,0.24960505529225907,Mid,Mid,Mid,0.9896909471097539,0.9586596549368469,0.7400903654048026
2025-12-26,0.4762415310168047,0.498004531317906,0.4931922791404902,0.6813186813186813,0.2686762778505898,0.27421052631578946,Mid,Mid,Mid,0.9998715778109918,0.9663669632881644,0.7483120398002657
2025-12-29,0.476626400422223,0.5013466543775135,0.49703983307159083,0.6829545454545455,0.2838427947598253,0.2856391372961599,Mid,Mid,Mid,0.9977642799236591,0.9634236480553144,0.7451693527903467
2025-12-30,0.480331779895951,0.5039398218882234,0.499501337624324,0.6951912154486937,0.29070274989087735,0.29232386961093587,Mid,Mid,Mid,0.9948720789214476,0.9644321514886365,0.7317142192140949
2026-01-02,0.464372529593198,0.4876929623003035,0.48101820491497244,0.6279333838001514,0.24345549738219896,0.2348922753547031,Mid,Mid,Mid,1.0010899873714494,0.9650294899903235,0.7213376368095752
2026-01-05,0.4685529974815689,0.4890251939009527,0.48058580294530745,0.6435868331441543,0.24683820322721325,0.2342436974789916,Mid,Mid,Mid,0.9773582253923626,0.9541470730097759,0.7186221092631784
2026-01-06,0.4585983185843794,0.4826597126931378,0.4765559359146538,0.6145990922844176,0.23234524847428073,0.2283464566929134,Mid,Mid,Mid,0.9869647115499876,0.9475518998804424,0.7211659026176671
2026-01-07,0.45540086931481394,0.4877511705154615,0.4818344164981026,0.6056710775047259,0.2440087145969499,0.23924449108079748,Mid,Mid,Mid,0.9926002305453867,0.9476888436583498,0.7352623043607621
2026-01-08,0.46704586415642696,0.5032318988353787,0.49893788586004617,0.6375661375661376,0.29006968641114983,0.29260618772941793,Mid,Mid,Mid,0.9739674408396172,0.9454092935993627,0.7198750404553662
2026-01-09,0.46932730506975445,0.5113154324583422,0.5077075915871558,0.6479032867397053,0.30692207226817586,0.31027253668763105,Mid,Mid,Mid,0.9720362273936372,0.9426898288736668,0.7168310252080233
2026-01-12,0.44994454110774296,0.49469556604850795,0.4902437941705681,0.5872356495468278,0.2606614447345518,0.26610790990047145,Mid,Mid,Mid,0.9838126098812723,0.9546018864020269,0.7269618740372111
2026-01-13,0.4522386687170817,0.5093603448144244,0.5073229769938644,0.5964514911287279,0.30100043497172685,0.3094240837696335,Mid,Mid,Mid,0.9810470332114165,0.9465381089164706,0.7307409809336113
2026-01-14,0.46903761621103746,0.5202128162766577,0.5178006549876486,0.6464150943396226,0.3226086956521739,0.3338566195709053,Mid,Mid,Mid,0.9828651648188588,0.9498448347122818,0.7353219574586253
2026-01-15,0.4820820061327957,0.5362730693953809,0.5358645279178265,0.6993587325537532,0.35984354628422427,0.37447698744769875,Mid,Mid,Mid,0.977110813688135,0.9486426872782348,0.730906863188705
2026-01-16,0.4547533584802153,0.5202595799278543,0.5200708796488168,0.6029411764705882,0.3227628149435274,0.3387349712493466,Mid,Mid,Mid,0.99812157391951,0.9705127753804933,0.7497305969892255
2026-01-19,0.45656756935909243,0.5158404314802595,0.5167060211656028,0.6083678854127403,0.3139383412939644,0.33176593521421105,Mid,Mid,Mid,1.0001371142609503,0.9741999695604455,0.7459607407705103
2026-01-20,0.45725070971624154,0.5229980399622114,0.5230094780331901,0.6096458176337604,0.3268229166666667,0.3456919060052219,Mid,Mid,Mid,1.000925509790123,0.9879088313289764,0.749279496506499
2026-01-21,0.4646662476087214,0.5318754215318607,0.5320279452155258,0.6297551789077213,0.3475054229934924,0.36691022964509395,Mid,Mid,Mid,0.999849449949714,0.9917165204328922,0.7471108434489616
2026-01-22,0.47271993580744387,0.5586388703295043,0.5559927130569936,0.6671686746987951,0.4306157849089332,0.4360980699008868,Mid,Mid,Mid,0.9991326774495264,0.990934062611373,0.7452887887167234
2026-01-23,0.49007922421034417,0.5855368688799564,0.5838536168764388,0.7229958599924727,0.5197225834416992,0.5083420229405631,Mid,Mid,Mid,0.997101065464284,0.989950077441364,0.7410676319497238
2026-01-26,0.4760421741355512,0.5823663935840454,0.581160400716073,0.6813393528969149,0.5095320623916811,0.5023449713392392,Mid,Mid,Mid,0.9960942107584638,0.9796404263177568,0.7443950515430364
2026-01-27,0.47580988303054395,0.5934233530489065,0.5916562801207425,0.6795787890184279,0.5560848852317021,0.5302083333333333,Mid,Mid,Mid,1.0007405643993441,0.9819654795137337,0.7441707664341881
2026-01-28,0.4760733509245008,0.6085768825508786,0.6054438576728687,0.6815789473684211,0.5952380952380952,0.5767829255596044,Mid,Mid,Mid,0.99168936263415,0.9807217807072718,0.7387441030182237
2026-01-29,0.4731444575558599,0.6107107005416291,0.6077433082743214,0.6681698609545283,0.6010385114668975,0.5837669094693028,Mid,Mid,Mid,0.9863247555034327,0.9716979746152322,0.7407766398336195
2026-01-30,0.48380395180190283,0.6192766647169782,0.6156812376788029,0.7066115702479339,0.6301903114186851,0.6141445657826313,Mid,Mid,Mid,0.9846290285724303,0.9697418036640981,0.7361604227673494
2026-02-02,0.47780452249672645,0.6061745125158292,0.6002083661812967,0.6883214419827263,0.5905750108084739,0.5602910602910602,Mid,Mid,Mid,0.9859196875938635,0.9701293232312707,0.7394582921383291
2026-02-03,0.47068156262451494,0.5984907466084052,0.5861738376562349,0.6539039039039038,0.5695764909248056,0.5142857142857142,Mid,Mid,Mid,0.9614592318561008,0.9925959053626882,0.7422395009290382
2026-02-04,0.47551598184940214,0.5925997601588231,0.5807198626175535,0.6776735459662289,0.5529157667386609,0.5005192107995846,Mid,Mid,Mid,0.936904093760488,0.9711916901651465,0.7556646065052708
2026-02-05,0.4764861342961197,0.5903695038901042,0.5772183698378334,0.6830457614403601,0.5444732297063903,0.48988064348728594,Mid,Mid,Mid,0.9228499133502652,0.9633011909637069,0.7509910483173897
2026-02-06,0.4694459642990741,0.5844325597341752,0.5704379876296991,0.6460442444694413,0.514889943892965,0.4704356846473029,Mid,Mid,Mid,0.9232361814273425,0.9649362905525825,0.7656978643345955
2026-02-09,0.4732518256424571,0.5894035954852964,0.5714556812336692,0.6679160419790104,0.5405522001725626,0.4738206324520477,Mid,Mid,Mid,0.9336363726005931,0.970222420697506,0.7767762299522117
2026-02-10,0.47253930899505486,0.5877115610844669,0.5698682739772352,0.6631697264893218,0.5329883570504528,0.46735751295336786,Mid,Mid,Mid,0.8975248859796283,0.9633201679440696,0.7756153623348
2026-02-11,0.447522285016456,0.5725762712311544,0.5581925376791746,0.5741573033707865,0.4724137931034483,0.4360435007767996,Mid,Mid,Mid,0.8960327341735929,0.960585454473097,0.7683401630952242
2026-02-12,0.4575176100635315,0.5746580339480384,0.5583366587072942,0.6076375889180082,0.4803963808703145,0.43685300207039335,Mid,Mid,Mid,0.9028562006971731,0.9610685361158323,0.7696335924713916
2026-02-13,0.4628264970964892,0.5720021753005462,0.5569287770594401,0.6205089820359282,0.4698535745047373,0.4345576823590274,Mid,Mid,Mid,0.8976614204244531,0.954691479581715,0.7625254777021373
2026-02-19,0.47526159640243093,0.5859084354018738,0.5740754783582028,0.6771417882528994,0.5208781747739991,0.4824198552223371,Mid,Mid,Mid,0.8963662748375243,0.954744502782844,0.7650611373535242
2026-02-20,0.4843742885244806,0.5824768742040445,0.5717970895142998,0.7086761406133134,0.5077452667814114,0.475968992248062,Mid,Mid,Mid,0.9113236853580197,0.9602069449822107,0.7889868032178902
2026-02-23,0.48323664840245145,0.5612303960117215,0.5523423421100789,0.7057943925233645,0.4344086021505376,0.42045454545454547,Mid,Mid,Mid,0.9273894015387419,0.9594368011818251,0.7995462024894275
2026-02-24,0.49748744311580695,0.5860747724193328,0.5755600509556598,0.7402840059790733,0.5223559759243336,0.48838409912235414,Mid,Mid,Mid,0.9291583899485559,0.9584171184199508,0.7976661097072791
2026-02-25,0.49597669290742613,0.5799530737775075,0.5685627261719647,0.7373926036608144,0.4984959174903309,0.4628482972136223,Mid,Mid,Mid,0.9142383272916832,0.9525859405395183,0.7749052415100038
2026-02-26,0.514583571221226,0.6004431309771826,0.5842323139568651,0.777445855115758,0.5764604810996563,0.5105724600309438,Mid,Mid,Mid,0.9150078080464978,0.9467422731398734,0.7688030218875195
2026-02-27,0.5196779861722396,0.6053669695650382,0.5884965479256027,0.7969391564016424,0.5916702447402319,0.5221649484536083,Mid,Mid,Mid,0.8783419009064882,0.9229179046560522,0.7455119949651831
2026-03-03,0.522918161799479,0.6188040000711054,0.5926683800909355,0.8074626865671641,0.6317596566523606,0.5373518804739825,High,Mid,Mid,0.8762130505126118,0.9184143877490507,0.7423358828202143
2026-03-04,0.5374206475239819,0.6218524464815612,0.6141347668964895,0.86609474076837,0.6400686400686401,0.6101956745623069,High,Mid,Mid,0.8218305063738459,0.8538780199627111,0.7292733784642857
2026-03-05,0.5504475895808087,0.5998652820066096,0.6005722343267476,0.8974645786726324,0.5741852487135506,0.5661348430262481,High,Mid,Mid,0.8774824674042044,0.9343845194346753,0.8923586420160775
2026-03-06,0.5585358211529288,0.5959994657225511,0.5967236515629547,0.9120387625792024,0.5632233176168024,0.551440329218107,High,Mid,Mid,0.8655763457091683,1.004177877021492,0.9336576221567526
2026-03-09,0.5868429362150044,0.6137370826384972,0.6090928441978247,0.9575260804769001,0.6131105398457584,0.5917737789203085,High,Mid,Mid,0.8653326769128217,1.0069699515962496,0.9311054197677823
2026-03-10,0.6028987205222521,0.6274207489410205,0.6171403715057943,0.9709497206703911,0.6586723768736616,0.6228160328879754,High,Mid,Mid,0.839881618640602,0.9516018443728609,0.9150605932060154
2026-03-11,0.6071965247673528,0.6340077578246479,0.625421647021977,0.9728220402084885,0.6836472602739726,0.6517719568567026,High,Mid,Mid,0.8214223987013968,0.9119107774166404,0.8926491767186165
2026-03-12,0.6117423567685438,0.6323820671239537,0.6246412517144414,0.9758094529214738,0.6747967479674797,0.6483572895277208,High,Mid,Mid,0.8222004006337016,0.915538163864989,0.9025312568946733
2026-03-13,0.6121423024692288,0.631957614712828,0.6233722259490827,0.9761904761904762,0.6727972626176218,0.6413545407901488,High,Mid,Mid,0.8271555101670396,0.8930977881144757,0.9138032430802182
2026-03-16,0.6167912796297328,0.6402329604516988,0.6304162528561452,0.9806619561175158,0.7028644719965798,0.6753846153846154,High,Mid,Mid,0.8339162726587058,0.8920681243725701,0.9175861738974033
2026-03-17,0.6232653387167312,0.6386202679573736,0.628696311977802,0.9858736059479554,0.6974358974358974,0.6683751922091236,High,Mid,Mid,0.8268614058201306,0.8819956902428234,0.9191953505693833
2026-03-18,0.6234348271431761,0.6489311882148231,0.6354181435496444,0.9858788554440728,0.7351559162750961,0.6936475409836066,High,Mid,Mid,0.8294843905766827,0.8823079093887406,0.9186395903910689
2026-03-19,0.6211896261383881,0.649261604956055,0.6355956298464212,0.9829123328380386,0.7361229718189581,0.6943164362519201,High,Mid,Mid,0.810838627693523,0.8597199068847102,0.8982585628850844
2026-03-20,0.616507616112945,0.6472388810491317,0.6331841633639753,0.9788340141106573,0.7298335467349552,0.6842374616171955,High,Mid,Mid,0.8123461252562021,0.8586839232944581,0.8972093557259045
2026-03-23,0.6225396775518132,0.6484847008893287,0.6357947028847973,0.9844097995545658,0.7333617747440273,0.6961636828644501,High,Mid,Mid,0.8027383756154508,0.8569165848994582,0.8954545565695952
2026-03-24,0.6255171982914095,0.635818769115648,0.6235063542148458,0.9877551020408163,0.6874200426439232,0.6400817995910021,High,Mid,Mid,0.8352083748573809,0.879906392590164,0.9206602122648619
2026-03-25,0.6209319005396988,0.6338180209661922,0.6217917649418695,0.9818249258160238,0.6811594202898551,0.6346448645886561,High,Mid,Mid,0.8388482158254736,0.8771295385530085,0.9227731393502533
2026-03-26,0.6193978692601569,0.653464952979984,0.6367072899892846,0.9807193177604746,0.7541542394546229,0.6996935648621042,High,Mid,Mid,0.8389896818547601,0.8786531676669548,0.9242303055851758
2026-03-27,0.6173806231793331,0.6502253059221524,0.6328068359932968,0.9785025945144552,0.7406303236797275,0.6830015313935681,High,Mid,Mid,0.8390203459425625,0.873006958222215,0.9097540629052898
2026-03-30,0.6140825840621461,0.6473838707810246,0.6298637703317688,0.9740644683216005,0.73009791400596,0.6709183673469388,High,Mid,Mid,0.8406863152884904,0.8747318073503633,0.9124650617713584
2026-03-31,0.6162098569787436,0.6640911355130396,0.6438074093095619,0.9762962962962963,0.7982978723404255,0.7251402345741969,High,Mid,Mid,0.8502084786725758,0.8851820742981609,0.917172966761687
2026-04-01,0.5768454778074105,0.6571830169950353,0.6371294669171031,0.9344687152906331,0.7711612079965972,0.700815494393476,High,Mid,Mid,0.8385955714738912,0.8701393963490249,0.8935033205041144
2026-04-02,0.5692094838938018,0.649076415858607,0.6294521675964878,0.9248704663212435,0.7346938775510204,0.6678553234844625,High,Mid,Mid,0.8472872079741708,0.892086343320831,0.8797907525737864
2026-04-03,0.575160120964597,0.649588367383681,0.6327900178254808,0.9337772844987051,0.7369315767105822,0.6822810590631364,High,Mid,Mid,0.8555239499907683,0.8779274284403283,0.8888568776943866
2026-04-06,0.5891636503122514,0.6562925567496497,0.6390202416001923,0.9545118343195266,0.77017841971113,0.7073791348600509,High,Mid,Mid,0.8641135960119636,0.8773489398221377,0.8943669590554408
2026-04-07,0.5960006130198024,0.6537193404574562,0.6365888319217138,0.9619223659889095,0.7549893842887474,0.6983723296032553,High,Mid,Mid,0.8626693459085962,0.8736643039752314,0.8878779983679349
2026-04-08,0.5795179812084829,0.6497407923820697,0.6305770595165846,0.9416112342941612,0.7372665534804754,0.6736146415861718,High,Mid,Mid,0.8567413710595949,0.8716164370817786,0.8829006757638745
2026-04-09,0.5642338493297995,0.632578092044843,0.6138245088950312,0.9172515700036942,0.6703436571913449,0.6026422764227642,High,Mid,Mid,0.8514171920946184,0.8730776287579669,0.8820393309719234
2026-04-10,0.591005777008421,0.6662923611248828,0.6443960250831194,0.9571639586410635,0.8091603053435115,0.728796343321483,High,High,Mid,0.8557316209665821,0.8718633782369015,0.8930085592165874
2026-04-13,0.5933680696836043,0.6632882276726164,0.6415978114258709,0.9590254706533776,0.79482831708351,0.7147208121827411,High,Mid,Mid,0.8555120649453879,0.8690685282689828,0.8899151902154507
2026-04-14,0.5806394304493537,0.6575515845514485,0.6345339692146973,0.9428044280442804,0.7741525423728813,0.6889903602232369,High,Mid,Mid,0.8576272803886175,0.8711587278707529,0.8926679326282483
2026-04-15,0.5710949941364419,0.6516994711139544,0.6279225005007233,0.9269642198450756,0.7429055484963998,0.657707910750507,High,Mid,Mid,0.85838302204484,0.8700701515942457,0.8978767613757774
2026-04-16,0.5624888533344166,0.6469807028498501,0.6241362858698851,0.911504424778761,0.7252328535139713,0.6401419158641662,High,Mid,Mid,0.8566956008670625,0.8671577533350017,0.8947482959585505
2026-04-17,0.5783431590820193,0.6527519904945035,0.6296606288253335,0.9362329524511611,0.7469318662716885,0.6676798378926039,High,Mid,Mid,0.8360264456921094,0.8548136982989071,0.8745651641405445
2026-04-20,0.5722108237415947,0.6565837279804877,0.6331296115479831,0.9281503316138541,0.7703045685279187,0.6825316455696202,High,Mid,Mid,0.8337126470342315,0.8539312309423696,0.8764427278440252
2026-04-21,0.5624715059989355,0.6516990601186895,0.6285610376239937,0.9104972375690608,0.7420718816067653,0.6614372469635628,High,Mid,Mid,0.839828694401707,0.8540998152552993,0.881772000412987
2026-04-22,0.5822479442820429,0.6574918206976489,0.6350841967731743,0.9444035346097202,0.7734573119188504,0.6919575113808801,High,Mid,Mid,0.8236282850277115,0.8538430936611334,0.8766095392964872
2026-04-23,0.5718697772369876,0.6353138771579663,0.6143880170990565,0.9267574530732425,0.6810308407266582,0.6031344792719919,High,Mid,Mid,0.8273699515347754,0.857596316283383,0.8821174309597478
2026-04-24,0.5795438636455024,0.6369724950308225,0.6151746310958573,0.9403973509933775,0.684543918918919,0.605356240525518,High,Mid,Mid,0.8261512824300806,0.8608244962726522,0.8804337363286892
2026-04-27,0.5984066731150842,0.6376435941669066,0.614888139356152,0.9632217727105553,0.6876319121992401,0.6035353535353535,High,Mid,Mid,0.8252633199823287,0.8604838303671554,0.8809168105657512
2026-04-28,0.6011557411621468,0.6385719827393874,0.6160323664095068,0.9636029411764706,0.6911392405063291,0.6113074204946997,High,Mid,Mid,0.8249147027673264,0.8542708689133313,0.8743554746477115
2026-04-29,0.5960700104505601,0.6363326804335033,0.6136569701794669,0.9614112458654906,0.6824124841838887,0.5973763874873865,High,Mid,Mid,0.8245160434460832,0.8533662889943879,0.8743401125663649
2026-04-30,0.5903719565434283,0.6331985849393171,0.6100834659813267,0.9548126377663483,0.6686340640809444,0.5854765506807866,High,Mid,Mid,0.8247610526130692,0.8531499552876938,0.8737950486237991
2026-05-04,0.6074580627018631,0.6488504630826104,0.6222403913776359,0.9684171869261844,0.7307206068268015,0.6305443548387096,High,Mid,Mid,0.8261183237808567,0.8537263421583583,0.8722226337247924
2026-05-06,0.6470736808552434,0.6855783432938823,0.6561821890509695,0.9981644640234949,0.8828980623420387,0.7869017632241814,High,High,Mid,0.8176604326656769,0.8348966949889581,0.8587531148459312
2026-05-07,0.6346896897762372,0.6778973928483655,0.6498239096360751,0.9941284403669725,0.8547368421052631,0.7547834843907352,High,High,Mid,0.7728352931506276,0.8012583030964332,0.8207396879713429
2026-05-08,0.6403736833764695,0.6834695491270767,0.6570334616039637,0.9955979457079971,0.875,0.7896326119778561,High,High,Mid,0.7781203400792691,0.8060944661017505,0.8204043812020372
2026-05-11,0.6375015052670531,0.6823979907877483,0.6574231130993092,0.9944994499449945,0.8716870004206984,0.7927565392354124,High,High,Mid,0.7767273100130561,0.807612949041434,0.8169182961098111
2026-05-12,0.6178592870199444,0.6774170152127009,0.6561873841390357,0.9772727272727273,0.8519764507989908,0.7863247863247863,High,High,Mid,0.7819717370612068,0.817355713190999,0.8171321024519487
2026-05-13,0.6148608077522404,0.6821352005412473,0.6595875340355599,0.9732502748259436,0.8709541824295922,0.8050251256281407,High,High,High,0.7821412175869015,0.8304114289327226,0.8292347370986716
2026-05-14,0.6125004813330979,0.6857927149833453,0.66229321183765,0.96996336996337,0.8840336134453781,0.8171772978402813,High,High,High,0.7780073384603434,0.8230363657753462,0.8250290244928166
2026-05-15,0.6141391345332186,0.6875279695855451,0.6611819888470393,0.9721713658000732,0.8929021419571609,0.8127510040160643,High,High,High,0.7720750547727355,0.8185928697905441,0.8229751171290631
2026-05-18,0.6135804277656137,0.6865799961292957,0.6604478873368403,0.9707174231332357,0.8866498740554156,0.8073256397390868,High,High,High,0.7723019939143364,0.8068383102287103,0.805749454822186
2026-05-19,0.610624037571096,0.6860981691851111,0.6588946143771497,0.9667032564946945,0.8850188837599664,0.7993981945837513,High,High,Mid,0.772941233168759,0.8065494006029874,0.8059623311765104
2026-05-20,0.6000245043238907,0.6879745679763277,0.660231021562078,0.9594001463057791,0.8930369127516778,0.806015037593985,High,High,High,0.7718557473755672,0.8090206048329429,0.8075263660376198
2026-05-21,0.6052926804397173,0.7106985889239023,0.6787698807503245,0.9630712979890311,0.9354297693920336,0.8682364729458918,High,High,High,0.7738374993887291,0.8133158212387682,0.810984268918632
2026-05-22,0.5947505380294896,0.6999271715680203,0.6694979257250623,0.9554093567251462,0.914501257334451,0.8432648973460191,High,High,High,0.7609655936339637,0.7938347939827778,0.7885623242156852
2026-05-26,0.5839433617764281,0.6956747943247218,0.6692969357109444,0.9393496529046401,0.9069962295768748,0.8423423423423423,High,High,High,0.7603510857776686,0.7929426758995038,0.7874143261707846
2026-05-27,0.5778647907009328,0.6889882919626986,0.6626582380955096,0.9276844411979547,0.8944723618090452,0.8184092046023012,High,High,High,0.7673401055348523,0.7943366028470216,0.8020561319512346
2026-05-28,0.5798956041101008,0.6926355573028248,0.6686135183702788,0.9346476816356335,0.9003767266638761,0.8405,High,High,High,0.763780399464931,0.7878481170860852,0.800178346609256
2026-05-29,0.5851986569579236,0.6863357002575047,0.6656715901098459,0.9416058394160584,0.8836820083682009,0.8310844577711144,High,High,High,0.7689456097681209,0.7891952413363523,0.8037038678271077
2026-06-01,0.5677574262294532,0.6854982946831094,0.6516714595980989,0.9102517329441809,0.8787118360518611,0.7572427572427572,High,High,Mid,0.766318793282779,0.779117697347596,0.7953157786790419
2026-06-02,0.5595762227179403,0.6876960749546596,0.649049882273062,0.8949671772428884,0.8908862876254181,0.7438841737393909,High,High,Mid,0.7487757588829946,0.7679732399929151,0.7914040534030691
2026-06-04,0.5582178757967888,0.693461702646199,0.6549453085495084,0.8909952606635071,0.902632678646051,0.7744510978043913,High,High,Mid,0.750043491306072,0.7657958918579534,0.7916839362418505
2026-06-05,0.5391181255702068,0.6855221790017492,0.6449057403672592,0.8498542274052479,0.8780284043441938,0.7256857855361596,High,High,Mid,0.7492627829422892,0.7587220775580731,0.7895982232723273
2026-06-08,0.5272197824419237,0.6780867513064623,0.6355972264107463,0.8036429872495446,0.8505219206680584,0.6879361914257228,High,High,Mid,0.7293615370178784,0.7467316257761905,0.7782756946808396
2026-06-09,0.5550471496388226,0.7014345355173098,0.6474109677414271,0.8849235251274581,0.917779632721202,0.7379172894867962,High,High,Mid,0.7245280578977545,0.7491311638096696,0.7872994610427724
2026-06-10,0.5671405796483439,0.7260261829271513,0.6718912505510554,0.9097196942118675,0.9578639966624948,0.851593625498008,High,High,High,0.7027734677722319,0.7164690566174134,0.7532498270410548
2026-06-11,0.5589284127880633,0.7282645701000341,0.6755943933758042,0.8926491994177583,0.9599666388657214,0.8596316575410652,High,High,High,0.6660674467436005,0.7023976236881194,0.7160484060546156
2026-06-12,0.5505601507667227,0.7303428275855399,0.6824080412398246,0.8766824299745362,0.9608170070862859,0.8781094527363185,High,High,High,0.6683339484962842,0.7069364351272346,0.7166285807289068
2026-06-15,0.5576769275638414,0.730795224513319,0.6897065097660883,0.8898181818181818,0.9616666666666667,0.8896071606166086,High,High,High,0.676184438860424,0.7151234693283351,0.728918227713628
2026-06-16,0.55346354817995,0.7117883246074442,0.6699526628040217,0.88113413304253,0.9350270720533111,0.8449304174950298,High,High,High,0.6798057422371501,0.7254205447251946,0.7504632135831871
2026-06-17,0.5558078355246733,0.7056967974723691,0.6644566699199633,0.8840843023255814,0.924646128226478,0.8226527570789866,High,High,High,0.6846754306841892,0.7230832130481046,0.7534054815935098
2026-06-18,0.5713380418389983,0.7190442343454478,0.6786599899219365,0.9182709771158736,0.9450686641697877,0.8679245283018868,High,High,High,0.683421412908022,0.7255335920869153,0.7575165093303957
2026-06-19,0.5668500226012264,0.7168843889864897,0.6749884037845378,0.9092229484386347,0.9413477537437605,0.8555831265508684,High,High,High,0.6784107651528405,0.7189014257876122,0.7488925114090695
2026-06-22,0.5765496652915859,0.7277829957920477,0.6892883013164243,0.9237749546279492,0.9584199584199584,0.8888888888888888,High,High,High,0.6786459076290405,0.7192050362573768,0.7478837714017803
2026-06-23,0.5782048383835507,0.7267016461753313,0.687384787824263,0.9277939042089985,0.9567747298420615,0.8849776896380763,High,High,High,0.6780022293368482,0.7185816329361056,0.7468246300880532
2026-06-24,0.5765429163718603,0.7269605684432712,0.688545566349602,0.9231048240841494,0.9567926879933527,0.8875123885034688,High,High,High,0.6889618441575885,0.7192870961397716,0.7645842316468948
2026-06-25,0.5894360439042764,0.7349093767416773,0.6936092562813769,0.9488759970993473,0.9647009966777409,0.9034175334323923,High,High,High,0.6842286730891544,0.716917251052424,0.7635298479074694
2026-06-26,0.5884072843128975,0.7327098615253783,0.6907064448632833,0.9459949256977166,0.9622249896222499,0.8950495049504951,High,High,High,0.6727226039775683,0.6967373299099342,0.7527760453529097
2026-06-29,0.6093791937324721,0.741050608678053,0.704610353323536,0.9666666666666667,0.9697095435684647,0.9272637308263236,High,High,High,0.67764094544554,0.6938170996072294,0.7619529715942479
2026-06-30,0.6312470168931633,0.7510885804419223,0.7161787305706028,0.9909453096704093,0.9805060141020323,0.9446092977250248,High,High,High,0.6760325572578713,0.6910657542251457,0.7585088200627436
2026-07-01,0.6440254475054724,0.7681788428974551,0.7363089708674799,0.997465604634323,0.9879767827529021,0.9747899159663865,High,High,High,0.6757797785083222,0.6919375452232934,0.7578182302087687
2026-07-02,0.6410389719696319,0.7783637447343011,0.73881728780405,0.995656894679696,0.9925404061334439,0.9752964426877471,High,High,High,0.6702390153675266,0.686701976188949,0.7503338094928712
2026-07-03,0.6383783521796582,0.7770343820457851,0.7346940643606238,0.9945730824891461,0.9913007456503728,0.9723456790123457,High,High,High,0.6364762848674449,0.6762658127971378,0.7186857130559842
2026-07-06,0.6291843917220475,0.77164989834128,0.7300911858681897,0.9884267631103074,0.989648033126294,0.9664363277393879,High,High,High,0.6232789951692195,0.6717909735950834,0.7129841776341874
2026-07-07,0.6100713953428694,0.6977706524531776,0.6612340818064536,0.9649313087490962,0.9043874172185431,0.8041440552540701,High,High,High,0.622593702754811,0.6707956839517264,0.7073505094499863
2026-07-08,0.6091475408853215,0.6983469727833942,0.6646511804583282,0.9638597759306108,0.9052544476623914,0.8185404339250493,High,High,High,0.6175835248221595,0.6759121794730415,0.7606707135811746
2026-07-09,0.610156099571383,0.6986701813382142,0.6648570057164682,0.9649566473988439,0.9052936311000828,0.8201084277969443,High,High,High,0.624047859814606,0.6819059307829767,0.7739432056487263
2026-07-10,0.605140179960471,0.6984766841292194,0.6661435971080848,0.9599133261105092,0.9049193881769326,0.8270935960591133,High,High,High,0.6236130676009032,0.6817667448942196,0.7734973543175705
2026-07-13,0.6075422768695878,0.7128717035304386,0.6755272791122362,0.9620938628158845,0.9309917355371901,0.8537666174298375,High,High,High,0.6241550900843565,0.6869116182008672,0.7743489607351315
2026-07-14,0.6113392789346358,0.7146051253065974,0.6775409963469045,0.9657163478888487,0.9330855018587361,0.8607283464566929,High,High,High,0.598358760213061,0.6654860814336216,0.7558881220699879
2026-07-15,0.6117241918888161,0.7120346095819471,0.6759714653235215,0.9664502164502164,0.9298100743187449,0.8558780127889818,High,High,High,0.5907653877565573,0.6622545500572738,0.7513665377339396
2026-07-16,0.6335318378535583,0.7402921725713543,0.7021825091784003,0.9906238730616661,0.9673957903425505,0.9203539823008849,High,High,High,0.5879006257576245,0.6590126287614105,0.7578903266884451
2026-07-20,0.6356342105143998,0.7393345685521139,0.7009712343834793,0.9931506849315068,0.9661716171617162,0.9164619164619164,High,High,High,0.5565281275593265,0.6346423183372997,0.7216211141769651
2026-07-21,0.6388153225686405,0.7425041890186077,0.7030295070042949,0.9945945945945946,0.9698969072164948,0.9209233791748527,High,High,High,0.5593881489300572,0.6415335875164698,0.723045113459534
2026-07-22,0.632146592277112,0.7418092388051586,0.7020543950646784,0.989193083573487,0.9690849134377576,0.9185076092292587,High,High,High,0.55584297473863,0.6405579831108608,0.7174838250854738
2026-07-23,0.6437969742298205,0.7574254697787652,0.7253299274337314,0.9971191933741448,0.9835187474248043,0.9563297350343474,High,High,High,0.5560359910001313,0.6403332526858814,0.717693832564172
2026-07-24,0.6494533373442987,0.7604573667433319,0.7265892054503986,0.9989200863930886,0.9835255354200988,0.9597842079450711,High,High,High,0.5661140203235185,0.6533162317743548,0.7258195558863662
2026-07-27,0.6479740157510503,0.7601236123444038,0.7263141652829738,0.9982007916516733,0.9831206257719226,0.9588235294117647,High,High,High,0.5633977031953475,0.651477771466793,0.7201090411516126
2026-07-28,0.6502689655388548,0.762367918960881,0.7279085983998445,0.9992805755395684,0.9835390946502057,0.9622733953944145,High,High,High,0.5645432470990227,0.650920666334411,0.7206531222065473
2026-07-29,0.6514572733833689,0.7620636633075936,0.7293898379553427,0.9996404171161453,0.9831345125462773,0.9657198824681684,High,High,High,0.5658782819069288,0.6584274904590378,0.7250932701276807
2026-07-30,0.6639993885037354,0.7726861722419146,0.7426456096489688,1.0,0.9905427631578947,0.9769946157611356,High,High,High,0.5709564351514338,0.6643645838371043,0.7343120397330384
2026-07-31,0.6775357505785204,0.7866935060828505,0.7462806475241898,1.0,0.998766954377312,0.9799412915851272,High,High,High,0.5635420329430075,0.6594230216425051,0.728738084946167
2026-08-03,0.663091532785225,0.7780895093043894,0.7344928897921656,0.9992816091954023,0.9909613804437141,0.9711491442542787,High,High,High,0.5256049489253337,0.6085284088220736,0.6941099608592448
2026-08-04,0.6736489070423094,0.7824503515449891,0.741409434864395,0.999640933572711,0.9963039014373717,0.9755620723362659,High,High,High,0.5284952258839939,0.606346779440359,0.6919757192779823
2026-08-05,0.6710682512785903,0.7805748195724186,0.7397234927574075,0.9992821249102656,0.9946633825944171,0.9741084513922814,High,High,High,0.528875513554081,0.6077209209475791,0.6943929523592771
2026-08-06,0.6757820506966304,0.7838592965338007,0.7424311945342668,0.9996411912450663,0.9971276159212146,0.97607421875,High,High,High,0.5342244071934898,0.6079694353055837,0.6977138666607717
2026-08-07,0.6895488001505448,0.7872879806485803,0.746409991076788,1.0,0.9987694831829368,0.9799902391410444,High,High,High,0.5278530191656462,0.6036723453072834,0.6937838215763754
2026-08-10,0.6963258615187972,0.7849060803596505,0.7448165040805566,1.0,0.997129971299713,0.9780487804878049,High,High,High,0.5281509896159127,0.6035751677476925,0.6942173712993582
2026-08-11,0.7058813016973393,0.7863567875027188,0.7474706216373385,1.0,0.9979508196721312,0.9800097513408094,High,High,High,0.5279564071511746,0.6036995945955899,0.6945732666753824
2026-08-12,0.7009600794681871,0.7837932313879911,0.7441804065836793,0.9996417054819061,0.9954936501433839,0.9766081871345029,High,High,High,0.5280112270965281,0.6032997881363283,0.6967087194221244
2026-08-13,0.7046535779157511,0.7845014891018138,0.7438897938966046,0.9996418338108882,0.9959049959049959,0.9761324890404286,High,High,High,0.5166438674862471,0.6003777203588242,0.7070210621523327
2026-08-14,0.7033141383467586,0.7828932956686829,0.7433081383415147,0.9992839240959541,0.9938600081866558,0.9751703992210321,High,High,High,0.5121881711455483,0.5991759324723152,0.7057460912617411
2026-08-18,0.716170725687776,0.7844335693311967,0.746648477772152,1.0,0.9954991816693944,0.9795620437956204,High,High,High,0.5120476523986134,0.5972614092047375,0.7085701110040206
2026-08-19,0.7152200044190402,0.7824286510772723,0.7448836891611853,0.9996422182468694,0.992638036809816,0.9771400778210116,High,High,High,0.513287371894707,0.599756971508052,0.7110405141407427
2026-08-20,0.7180329872512687,0.7877053533836186,0.7469412850190779,1.0,0.9987735077677842,0.9795819154107924,High,High,High,0.5101243704855962,0.5986651045312433,0.7077363945537583
2026-08-21,0.7344222200187364,0.7925851896210375,0.7501227573507644,1.0,0.9991826726604005,0.9810495626822158,High,High,High,0.5010747812052492,0.5935083603742808,0.7012507284671322
2026-08-24,0.7371380519592726,0.7947622903667572,0.7528595639771095,1.0,1.0,0.9815444390480816,High,High,High,0.5003597773668639,0.5927549341744935,0.6988256406242974
2026-08-25,0.73407863776421,0.7931303424081282,0.749810296160856,0.9992854590925331,0.9987750102082482,0.9800970873786408,High,High,High,0.4959442676548921,0.5905429447698868,0.6963006300677437
2026-08-26,0.7300227116004955,0.7930060048219927,0.7504637610985264,0.9989285714285714,0.9983673469387755,0.9805919456574479,High,High,High,0.4946111939513038,0.59054701604318,0.6962865000886096
2026-08-27,0.747817717322144,0.793769964094231,0.7528763621204188,1.0,0.9991840065279478,0.9815712900096993,High,High,High,0.49439671733351154,0.5906410443428182,0.6964187151828405
2026-08-28,0.7498199602730574,0.7982990403117501,0.7580297737572578,1.0,1.0,0.9859428017450315,High,High,High,0.49313816636683894,0.5929852182797959,0.699637577906465
2026-08-31,0.7561656142634995,0.801791055051682,0.7629853597822462,1.0,1.0,0.9888565891472868,High,High,High,0.49221760750487215,0.590278506126909,0.6985494963673733
2026-09-01,0.7547671973341062,0.8004092701646579,0.7624410827535494,0.9996433666191156,0.9995925020374898,0.9883777239709443,High,High,High,0.4917499266389189,0.5909151324991072,0.6985074288188996
2026-09-02,0.7547486663547066,0.801382383145293,0.765120502476576,0.9992869875222816,0.9995926680244399,0.9888673765730881,High,High,High,0.4916769722693911,0.5908905444885754,0.698500103980785
2026-09-03,0.7379746728407487,0.7916356924648441,0.757093417299212,0.9982181040627227,0.9955211726384365,0.9825834542815675,High,High,High,0.4987160205093937,0.594358789721443,0.7037960282166493
2026-09-04,0.7289645728069378,0.7820417803215166,0.7465400844794879,0.9964374777342359,0.9873829873829874,0.9738878143133463,High,High,High,0.4980413316950042,0.5940487534633068,0.7035698217139351
2026-09-07,0.7360418701575312,0.7825010900532409,0.7442046283473052,0.9975071225071225,0.9886086248982913,0.9700338327694539,High,High,High,0.49597074401868313,0.5948246617087024,0.7008848759353178
2026-09-08,0.7424903810768914,0.7819113878863053,0.7405412255094058,0.9982200071199715,0.9865799105327369,0.9637681159420289,High,High,High,0.4943027264821121,0.5912214744081797,0.6973996873635886
2026-09-09,0.7394717181881231,0.7826915889867658,0.7377829865585128,0.997864768683274,0.9886178861788618,0.9623370352486721,High,High,High,0.4949353993436977,0.5911299190800321,0.6976126913428263
2026-09-10,0.7449591962286174,0.7922795666699392,0.7506605203022612,0.9982212735681252,0.995530272247054,0.9777992277992278,High,High,High,0.49570812103673356,0.5913633195367497,0.6987983288234507
2026-09-11,0.7420681505980933,0.7952894530874605,0.7541660394948154,0.9975106685633002,0.9983753046303818,0.9797395079594791,High,High,High,0.4977185301516222,0.5907000208535363,0.7024910053935184
2026-09-14,0.7305927912360223,0.7851597852195785,0.7386853650589348,0.9950231070031994,0.9918798213560698,0.9614271938283511,High,High,High,0.4939986686135914,0.5894745999062203,0.7001645044298237
2026-09-15,0.73577212217924,0.7865018645679488,0.7399242760438355,0.9957356076759062,0.9926948051948052,0.9624096385542169,High,High,High,0.4933005603071073,0.5827068073481485,0.6975165362280296
2026-09-16,0.7297606628049476,0.7808354331623418,0.7288725726229588,0.9939609236234458,0.983367139959432,0.9489402697495183,High,High,High,0.4953517441735126,0.5846783658514033,0.6981335742534084
2026-09-17,0.7342378495326636,0.7831525556194664,0.7317291414768942,0.9950284090909091,0.9874290348742903,0.9528165623495426,High,High,High,0.4945794291373821,0.5834832550702496,0.696982910209415
