idx,tdate,firm,clean,h,원 수익률,KOSPI 초과,시장모형 초과,alpha,beta
0,2017-09-26,HD KSOE(Hold),True,1,-0.03401001845504881,-0.03219251743480822,-0.03320060045524941,0.0011110808688063482,1.0566700360649728
0,2017-09-26,HD KSOE(Hold),True,2,-0.03740888265011655,-0.03583119079226871,-0.03796394467539775,0.0011110808688063482,1.0566700360649728
0,2017-09-26,HD KSOE(Hold),True,3,-0.01360258228172806,-0.020998801711318738,-0.02475118833955714,0.0011110808688063482,1.0566700360649728
0,2017-09-26,HD KSOE(Hold),True,4,-0.003398864195067741,-0.0273461230080545,-0.03314753850386909,0.0011110808688063482,1.0566700360649728
0,2017-09-26,HD KSOE(Hold),True,5,0.006804853891592577,-0.02738688405168621,-0.034879935418087656,0.0011110808688063482,1.0566700360649728
0,2017-09-26,HD KSOE(Hold),True,6,0.017008571978252895,-0.024167081922432665,-0.03316699292682144,0.0011110808688063482,1.0566700360649728
0,2017-09-26,HD KSOE(Hold),True,7,0.03401714395650601,-0.006678891619393612,-0.0167627035048257,0.0011110808688063482,1.0566700360649728
0,2017-09-26,HD KSOE(Hold),True,8,0.04422086204316633,0.0008196108283433645,-0.010528586593716381,0.0011110808688063482,1.0566700360649728
0,2017-09-26,HD KSOE(Hold),True,9,0.013609707783185154,-0.0316090444518784,-0.044171320591109654,0.0011110808688063482,1.0566700360649728
0,2017-09-26,HD KSOE(Hold),True,10,0.0,-0.04460450420507467,-0.05824305175509996,0.0011110808688063482,1.0566700360649728
1,2018-05-03,HD KSOE(Hold),True,1,0.03750000000000009,0.04759061038339485,0.04742300739233128,0.00027507797042928466,1.0106509889176354
1,2018-05-03,HD KSOE(Hold),True,2,0.05833333333333335,0.07307712674326783,0.07268400678262238,0.00027507797042928466,1.0106509889176354
1,2018-05-03,HD KSOE(Hold),True,3,0.03750000000000009,0.054588482869288635,0.05394525819966078,0.00027507797042928466,1.0106509889176354
1,2018-05-03,HD KSOE(Hold),True,4,0.04583333333333339,0.054805892825303903,0.053801147575298566,0.00027507797042928466,1.0106509889176354
1,2018-05-03,HD KSOE(Hold),True,5,0.06666666666666665,0.07018973350439228,0.06885186779809056,0.00027507797042928466,1.0106509889176354
1,2018-05-03,HD KSOE(Hold),True,6,0.0708333333333333,0.07499988269849744,0.07339379274703488,0.00027507797042928466,1.0106509889176354
1,2018-05-03,HD KSOE(Hold),True,7,0.03333333333333344,0.04456612520293168,0.04276021975164389,0.00027507797042928466,1.0106509889176354
1,2018-05-03,HD KSOE(Hold),True,8,0.02083333333333326,0.03155133918098063,0.029464872779048797,0.00027507797042928466,1.0106509889176354
1,2018-05-03,HD KSOE(Hold),True,9,0.02499999999999991,0.040290753558257175,0.03797791347108491,0.00027507797042928466,1.0106509889176354
1,2018-05-03,HD KSOE(Hold),True,10,0.0625,0.07288419928653866,0.07024402157376526,0.00027507797042928466,1.0106509889176354
2,2018-07-17,HD KSOE(Hold),True,1,-0.02857142857142858,-0.018341415346316392,-0.01592426208778156,-0.001154090413238253,1.1234663941778753
2,2018-07-17,HD KSOE(Hold),True,2,-0.026530612244897944,-0.012920848135950624,-0.00893231880933093,-0.001154090413238253,1.1234663941778753
2,2018-07-17,HD KSOE(Hold),True,3,-0.011224489795918391,-0.0005968588197667879,0.004177567695226503,-0.001154090413238253,1.1234663941778753
2,2018-07-17,HD KSOE(Hold),True,4,0.015306122448979664,0.034525754393244124,0.041515094699781374,-0.001154090413238253,1.1234663941778753
2,2018-07-17,HD KSOE(Hold),True,5,0.0020408163265306367,0.016553864239469807,0.02411619000000241,-0.001154090413238253,1.1234663941778753
2,2018-07-17,HD KSOE(Hold),True,6,0.00612244897959191,0.023734322191392487,0.03283333915100094,-0.001154090413238253,1.1234663941778753
2,2018-07-17,HD KSOE(Hold),True,7,0.06632653061224492,0.07701034670539131,0.08640807184713942,-0.001154090413238253,1.1234663941778753
2,2018-07-17,HD KSOE(Hold),True,8,0.08163265306122458,0.08975356343299734,0.09998894625994786,-0.001154090413238253,1.1234663941778753
2,2018-07-17,HD KSOE(Hold),True,9,0.09693877551020402,0.10569933182930091,0.11716777984815628,-0.001154090413238253,1.1234663941778753
2,2018-07-17,HD KSOE(Hold),True,10,0.08673469387755106,0.09473891208325769,0.10726806817571172,-0.001154090413238253,1.1234663941778753
3,2018-09-28,HD KSOE(Hold),False,1,0.011111111111111072,0.01569053604429227,0.017379587427260403,1.7408608149531087e-05,1.3726363060901265
3,2018-09-28,HD KSOE(Hold),False,2,0.04814814814814805,0.06520182445600786,0.07152182618432638,1.7408608149531087e-05,1.3726363060901265
3,2018-09-28,HD KSOE(Hold),False,3,0.04444444444444451,0.07642806746754593,0.08829410078180498,1.7408608149531087e-05,1.3726363060901265
3,2018-09-28,HD KSOE(Hold),False,4,0.040740740740740744,0.07569077563970394,0.08864479310957649,1.7408608149531087e-05,1.3726363060901265
3,2018-09-28,HD KSOE(Hold),False,5,-0.011111111111111072,0.029665348261388558,0.04477309441664328,1.7408608149531087e-05,1.3726363060901265
3,2018-09-28,HD KSOE(Hold),False,6,0.0037037037037037646,0.05521372225973775,0.07430377365219494,1.7408608149531087e-05,1.3726363060901265
3,2018-09-28,HD KSOE(Hold),False,7,-0.05555555555555558,0.03806304133588301,0.07282686920580256,1.7408608149531087e-05,1.3726363060901265
3,2018-09-28,HD KSOE(Hold),False,8,-0.04814814814814816,0.0317747336550217,0.061417632237036474,1.7408608149531087e-05,1.3726363060901265
3,2018-09-28,HD KSOE(Hold),False,9,-0.022222222222222254,0.06482089927724144,0.0970996490700099,1.7408608149531087e-05,1.3726363060901265
3,2018-09-28,HD KSOE(Hold),False,10,-0.029629629629629672,0.05741349186983402,0.08967483305445294,1.7408608149531087e-05,1.3726363060901265
4,2018-10-10,HD KSOE(Hold),False,1,-0.015444015444015413,0.0059193034295966784,0.014613893300147233,0.00024776503674053796,1.4185845354925943
4,2018-10-10,HD KSOE(Hold),False,2,-0.007722007722007707,-0.0011462044722466702,0.00111079500306417,0.00024776503674053796,1.4185845354925943
4,2018-10-10,HD KSOE(Hold),False,3,0.019305019305019266,0.03356867638905714,0.038795927553783166,0.00024776503674053796,1.4185845354925943
4,2018-10-10,HD KSOE(Hold),False,4,0.01158301158301156,0.025846668667049433,0.030826154795034925,0.00024776503674053796,1.4185845354925943
4,2018-10-10,HD KSOE(Hold),False,5,0.02316602316602312,0.02714091471811475,0.027565917668377772,0.00024776503674053796,1.4185845354925943
4,2018-10-10,HD KSOE(Hold),False,6,-0.030888030888030937,-0.01809025866540026,-0.014219899344693601,0.00024776503674053796,1.4185845354925943
4,2018-10-10,HD KSOE(Hold),False,7,-0.027027027027026973,-0.017882478832041526,-0.015789067630737667,0.00024776503674053796,1.4185845354925943
4,2018-10-10,HD KSOE(Hold),False,8,-0.027027027027026973,-0.020386890272376612,-0.019589552007248292,0.00024776503674053796,1.4185845354925943
4,2018-10-10,HD KSOE(Hold),False,9,-0.07335907335907332,-0.041164749412304746,-0.029918588608213358,0.00024776503674053796,1.4185845354925943
4,2018-10-10,HD KSOE(Hold),False,10,-0.084942084942085,-0.04883260769776476,-0.036195389305975954,0.00024776503674053796,1.4185845354925943
5,2018-12-13,HD KSOE(Hold),True,1,-0.010600706713780883,0.001930071473312256,0.005144278019978889,0.0010182119962045752,1.3377618276916476
5,2018-12-13,HD KSOE(Hold),True,2,-0.028268551236749095,-0.016553752893522344,-0.014633365186484143,0.0010182119962045752,1.3377618276916476
5,2018-12-13,HD KSOE(Hold),True,3,-0.03180212014134276,-0.015802234664829773,-0.013452720092039423,0.0010182119962045752,1.3377618276916476
5,2018-12-13,HD KSOE(Hold),True,4,-0.060070671378091856,-0.052054027298001904,-0.053419158926375596,0.0010182119962045752,1.3377618276916476
5,2018-12-13,HD KSOE(Hold),True,5,-0.09540636042402828,-0.07845688436898068,-0.07782305833923486,0.0010182119962045752,1.3377618276916476
5,2018-12-13,HD KSOE(Hold),True,6,-0.1024734982332155,-0.0861777604156514,-0.0867829542040345,0.0010182119962045752,1.3377618276916476
5,2018-12-13,HD KSOE(Hold),True,7,-0.1024734982332155,-0.083085626270474,-0.08366462717471881,0.0010182119962045752,1.3377618276916476
5,2018-12-13,HD KSOE(Hold),True,8,-0.12014134275618371,-0.08786957852186872,-0.08511510442088914,0.0010182119962045752,1.3377618276916476
5,2018-12-13,HD KSOE(Hold),True,9,-0.0848056537102474,-0.052739077389887146,-0.051072119929949734,0.0010182119962045752,1.3377618276916476
5,2018-12-13,HD KSOE(Hold),True,10,-0.09187279151943462,-0.06581869825914188,-0.06720074006274251,0.0010182119962045752,1.3377618276916476
6,2019-05-23,HD KSOE(Hold),True,1,0.004524886877828038,0.005496898795964156,0.005029561877617988,0.0006794881220967183,1.2182598791148174
6,2019-05-23,HD KSOE(Hold),True,2,0.0,0.00150930493821122,0.00047974940737916124,0.0006794881220967183,1.2182598791148174
6,2019-05-23,HD KSOE(Hold),True,3,0.03167420814479649,0.0309268823986919,0.028725306805397567,0.0006794881220967183,1.2182598791148174
6,2019-05-23,HD KSOE(Hold),True,4,0.004524886877828038,0.016237874715467893,0.01607639753659762,0.0006794881220967183,1.2182598791148174
6,2019-05-23,HD KSOE(Hold),True,5,0.045248868778280604,0.04940067847886187,0.046909411351734875,0.0006794881220967183,1.2182598791148174
6,2019-05-23,HD KSOE(Hold),True,6,0.06334841628959276,0.06606418828197291,0.0625800036161529,0.0006794881220967183,1.2182598791148174
6,2019-05-23,HD KSOE(Hold),True,7,0.045248868778280604,0.03521125826687532,0.02826403375537736,0.0006794881220967183,1.2182598791148174
6,2019-05-23,HD KSOE(Hold),True,8,0.07239819004524883,0.06279041394990381,0.05525751692399783,0.0006794881220967183,1.2182598791148174
6,2019-05-23,HD KSOE(Hold),True,9,0.0678733031674208,0.05722024792392921,0.048779720275410804,0.0006794881220967183,1.2182598791148174
6,2019-05-23,HD KSOE(Hold),True,10,0.05429864253393668,0.04207278408622517,0.0326094884783856,0.0006794881220967183,1.2182598791148174
7,2019-08-26,HD KSOE(Hold),False,1,-0.014018691588784993,-0.011748061514859853,-0.012468472193240432,0.0011062106509842431,1.1699087742358443
7,2019-08-26,HD KSOE(Hold),False,2,-0.028037383177570097,-0.034315312445888035,-0.03759440901457575,0.0011062106509842431,1.1699087742358443
7,2019-08-26,HD KSOE(Hold),False,3,-0.014018691588784993,-0.01631524209734403,-0.02002407813217673,0.0011062106509842431,1.1699087742358443
7,2019-08-26,HD KSOE(Hold),False,4,0.028037383177569986,0.00791794181477723,7.462959057819712e-05,0.0011062106509842431,1.1699087742358443
7,2019-08-26,HD KSOE(Hold),False,5,0.032710280373831724,0.011865066841291183,0.002792228906371569,0.0011062106509842431,1.1699087742358443
7,2019-08-26,HD KSOE(Hold),False,6,0.028037383177569986,0.009006600069398907,-0.0008641608671641106,0.0011062106509842431,1.1699087742358443
7,2019-08-26,HD KSOE(Hold),False,7,0.05607476635514019,0.02520352870622733,0.012214760001267394,0.0011062106509842431,1.1699087742358443
7,2019-08-26,HD KSOE(Hold),False,8,0.07009345794392519,0.030813631299791977,0.0152899588946169,0.0011062106509842431,1.1699087742358443
7,2019-08-26,HD KSOE(Hold),False,9,0.10747663551401865,0.06592617879596041,0.04891049576719744,0.0011062106509842431,1.1699087742358443
7,2019-08-26,HD KSOE(Hold),False,10,0.12149532710280364,0.07454305180705156,0.05550334175412398,0.0011062106509842431,1.1699087742358443
8,2019-09-02,HD KSOE(Hold),False,1,-0.013452914798206317,-0.013041015484705154,-0.013515883298078077,0.000551000998841235,1.184834455831394
8,2019-09-02,HD KSOE(Hold),False,2,0.013452914798206317,0.002250270506317209,-0.0009223661529292552,0.000551000998841235,1.184834455831394
8,2019-09-02,HD KSOE(Hold),False,3,0.026905829596412634,0.007455028681080833,0.002206847481886997,0.000551000998841235,1.184834455831394
8,2019-09-02,HD KSOE(Hold),False,4,0.06278026905829592,0.04110216074403206,0.03489129539494614,0.000551000998841235,1.184834455831394
8,2019-09-02,HD KSOE(Hold),False,5,0.07623318385650224,0.049256321410532156,0.04151506272608674,0.000551000998841235,1.184834455831394
8,2019-09-02,HD KSOE(Hold),False,6,0.07623318385650224,0.042884594993039205,0.03341462072466872,0.000551000998841235,1.184834455831394
8,2019-09-02,HD KSOE(Hold),False,7,0.094170403587444,0.05211599219664831,0.04048588096003237,0.000551000998841235,1.184834455831394
8,2019-09-02,HD KSOE(Hold),False,8,0.12107623318385641,0.07240092171678292,0.0589960390186129,0.000551000998841235,1.184834455831394
8,2019-09-02,HD KSOE(Hold),False,9,0.12107623318385641,0.07234498477297424,0.05837876200139323,0.000551000998841235,1.184834455831394
8,2019-09-02,HD KSOE(Hold),False,10,0.11210762331838575,0.059104826471195304,0.04379807336999059,0.000551000998841235,1.184834455831394
9,2019-09-06,HD KSOE(Hold),False,1,0.0,-0.003064498505001456,-0.003717583052540444,9.48796893803072e-05,1.182152106534774
9,2019-09-06,HD KSOE(Hold),False,2,0.0,-0.009287864188578299,-0.01116942759449734,9.48796893803072e-05,1.182152106534774
9,2019-09-06,HD KSOE(Hold),False,3,0.016666666666666607,-0.0011243116881396453,-0.004649614940923096,9.48796893803072e-05,1.182152106534774
9,2019-09-06,HD KSOE(Hold),False,4,0.04166666666666674,0.017408950785909205,0.012610837980985952,9.48796893803072e-05,1.182152106534774
9,2019-09-06,HD KSOE(Hold),False,5,0.04166666666666674,0.01735431629068218,0.012451372007983554,9.48796893803072e-05,1.182152106534774
9,2019-09-06,HD KSOE(Hold),False,6,0.03333333333333344,0.004848894230928602,-0.0009088844913177699,9.48796893803072e-05,1.182152106534774
9,2019-09-06,HD KSOE(Hold),False,7,0.012499999999999956,-0.020762474048614754,-0.027485461590790322,9.48796893803072e-05,1.182152106534774
9,2019-09-06,HD KSOE(Hold),False,8,0.03333333333333344,-0.0054770253669615965,-0.013305451474632989,9.48796893803072e-05,1.182152106534774
9,2019-09-06,HD KSOE(Hold),False,9,0.03750000000000009,-0.0013997606015752062,-0.00933935114327332,9.48796893803072e-05,1.182152106534774
9,2019-09-06,HD KSOE(Hold),False,10,0.054166666666666696,0.010627940743095365,0.0017484732064736025,9.48796893803072e-05,1.182152106534774
10,2019-09-09,HD KSOE(Hold),False,1,0.0,-0.0036003733720533226,-0.004437961446516088,0.0001926467810579918,1.1791317807233304
10,2019-09-09,HD KSOE(Hold),False,2,0.016666666666666607,0.00461109547162919,0.0020662659737092654,0.0001926467810579918,1.1791317807233304
10,2019-09-09,HD KSOE(Hold),False,3,0.04166666666666674,0.02318079899643921,0.019291452259281538,0.0001926467810579918,1.1791317807233304
10,2019-09-09,HD KSOE(Hold),False,4,0.04166666666666674,0.023126472374912943,0.01903474723224259,0.0001926467810579918,1.1791317807233304
10,2019-09-09,HD KSOE(Hold),False,5,0.03333333333333344,0.010644560670489467,0.005617046515677449,0.0001926467810579918,1.1791317807233304
10,2019-09-09,HD KSOE(Hold),False,6,0.012499999999999956,-0.014939882654497527,-0.021011118383584833,0.0001926467810579918,1.1791317807233304
10,2019-09-09,HD KSOE(Hold),False,7,0.03333333333333344,0.00037682920204074044,-0.006875255536819454,0.0001926467810579918,1.1791317807233304
10,2019-09-09,HD KSOE(Hold),False,8,0.03750000000000009,0.004454597760755519,-0.0030060582355430285,0.0001926467810579918,1.1791317807233304
10,2019-09-09,HD KSOE(Hold),False,9,0.054166666666666696,0.0165084403814717,0.008028834218600671,0.0001926467810579918,1.1791317807233304
10,2019-09-09,HD KSOE(Hold),False,10,0.03333333333333344,0.009330844186310916,0.0031047677530324433,0.0001926467810579918,1.1791317807233304
11,2019-09-24,HD KSOE(Hold),False,1,-0.01195219123505975,-0.0023604607588647575,-0.00037823810994445234,-0.00017341211187774842,1.188580208913471
11,2019-09-24,HD KSOE(Hold),False,2,-0.01195219123505975,-0.002900234436061022,-0.0008463903080746307,-0.00017341211187774842,1.188580208913471
11,2019-09-24,HD KSOE(Hold),False,3,-0.0239043824701195,-0.003106377244346037,0.0013359512617470252,-0.00017341211187774842,1.188580208913471
11,2019-09-24,HD KSOE(Hold),False,4,-0.01195219123505975,0.002578707225390886,0.006012595540274095,-0.00017341211187774842,1.188580208913471
11,2019-09-24,HD KSOE(Hold),False,5,0.003984063745019917,0.014039139767126674,0.01680238866340514,-0.00017341211187774842,1.188580208913471
11,2019-09-24,HD KSOE(Hold),False,6,-0.01195219123505975,0.01745353227662172,0.02403934243097286,-0.00017341211187774842,1.188580208913471
11,2019-09-24,HD KSOE(Hold),False,7,-0.0239043824701195,0.010860863747882088,0.018630785925745325,-0.00017341211187774842,1.188580208913471
11,2019-09-24,HD KSOE(Hold),False,8,-0.027888446215139417,0.006380017149513417,0.014229668024985265,-0.00017341211187774842,1.188580208913471
11,2019-09-24,HD KSOE(Hold),False,9,0.003984063745019917,0.026539915990335006,0.03235421232587764,-0.00017341211187774842,1.188580208913471
11,2019-09-24,HD KSOE(Hold),False,10,0.015936254980079667,0.04713803957694507,0.054756199753472554,-0.00017341211187774842,1.188580208913471
12,2019-10-10,HD KSOE(Hold),False,1,-0.019305019305019266,-0.01761074954993158,-0.01743569477392296,0.0002325654721544741,1.2405875728697062
12,2019-10-10,HD KSOE(Hold),False,2,0.0,-0.009433225264638079,-0.012167872979699495,0.0002325654721544741,1.2405875728697062
12,2019-10-10,HD KSOE(Hold),False,3,-0.02316602316602312,-0.03297521030715056,-0.03603287524972257,0.0002325654721544741,1.2405875728697062
12,2019-10-10,HD KSOE(Hold),False,4,-0.027027027027026973,-0.04399413768676674,-0.04900647554762315,0.0002325654721544741,1.2405875728697062
12,2019-10-10,HD KSOE(Hold),False,5,-0.050193050193050204,-0.06477255880599497,-0.0694430347575887,0.0002325654721544741,1.2405875728697062
12,2019-10-10,HD KSOE(Hold),False,6,-0.06563706563706562,-0.0717940516922978,-0.07467073885644558,0.0002325654721544741,1.2405875728697062
12,2019-10-10,HD KSOE(Hold),False,7,-0.061776061776061764,-0.0699593358669176,-0.07355608822364548,0.0002325654721544741,1.2405875728697062
12,2019-10-10,HD KSOE(Hold),False,8,-0.027027027027026973,-0.04693835861563689,-0.053589301332380254,0.0002325654721544741,1.2405875728697062
12,2019-10-10,HD KSOE(Hold),False,9,-0.038610038610038644,-0.054498089858036836,-0.060413646794812495,0.0002325654721544741,1.2405875728697062
12,2019-10-10,HD KSOE(Hold),False,10,-0.038610038610038644,-0.056958931231420595,-0.06369910149359048,0.0002325654721544741,1.2405875728697062
13,2019-12-06,HD KSOE(Hold),False,1,-0.004115226337448541,-0.0025425234874624225,-0.0019166129856386356,-7.237579189585503e-05,1.3519639516980706
13,2019-12-06,HD KSOE(Hold),False,2,0.004115226337448652,0.0012183937323071437,0.00034356466498543193,-7.237579189585503e-05,1.3519639516980706
13,2019-12-06,HD KSOE(Hold),False,3,0.012345679012345734,0.005806294517570532,0.0037217942848039257,-7.237579189585503e-05,1.3519639516980706
13,2019-12-06,HD KSOE(Hold),False,4,0.012345679012345734,-0.009361444518921846,-0.016712066329401542,-7.237579189585503e-05,1.3519639516980706
13,2019-12-06,HD KSOE(Hold),False,5,0.028806584362139898,-0.008627567668989089,-0.021441160786852327,-7.237579189585503e-05,1.3519639516980706
13,2019-12-06,HD KSOE(Hold),False,6,0.028806584362139898,-0.007623714786019198,-0.020011612084373,-7.237579189585503e-05,1.3519639516980706
13,2019-12-06,HD KSOE(Hold),False,7,0.03292181069958855,-0.01666852171912314,-0.033615900539962856,-7.237579189585503e-05,1.3519639516980706
13,2019-12-06,HD KSOE(Hold),False,8,0.020576131687242816,-0.028574417563691723,-0.04529463277101445,-7.237579189585503e-05,1.3519639516980706
13,2019-12-06,HD KSOE(Hold),False,9,0.03703703703703698,-0.012973957542157466,-0.029924642695538836,-7.237579189585503e-05,1.3519639516980706
13,2019-12-06,HD KSOE(Hold),False,10,0.03292181069958855,-0.020731735769239368,-0.038892092088065544,-7.237579189585503e-05,1.3519639516980706
14,2019-12-18,HD KSOE(Hold),False,1,0.016129032258064502,0.017429375075716513,0.01853210451693072,-0.000609117797298175,1.3796011614901158
14,2019-12-18,HD KSOE(Hold),False,2,0.012096774193548487,0.009932567266267789,0.010329267397563431,-0.000609117797298175,1.3796011614901158
14,2019-12-18,HD KSOE(Hold),False,3,0.02016129032258074,0.018210776096102776,0.019297712022123274,-0.000609117797298175,1.3796011614901158
14,2019-12-18,HD KSOE(Hold),False,4,0.012096774193548487,0.016343348290355886,0.020391823939050514,-0.000609117797298175,1.3796011614901158
14,2019-12-18,HD KSOE(Hold),False,5,0.0040322580645162365,0.004709709392593742,0.008012459690075859,-0.000609117797298175,1.3796011614901158
14,2019-12-18,HD KSOE(Hold),False,6,0.02016129032258074,0.017983443435674262,0.02081143701164598,-0.000609117797298175,1.3796011614901158
14,2019-12-18,HD KSOE(Hold),False,7,0.02016129032258074,0.020956954634081093,0.025522814311970086,-0.000609117797298175,1.3796011614901158
14,2019-12-18,HD KSOE(Hold),False,8,0.012096774193548487,0.02312240822433842,0.03218069408697663,-0.000609117797298175,1.3796011614901158
14,2019-12-18,HD KSOE(Hold),False,9,0.04435483870967749,0.054793954476561546,0.06423871512228409,-0.000609117797298175,1.3796011614901158
14,2019-12-18,HD KSOE(Hold),False,10,0.02822580645161299,0.048390213431634965,0.06213582371499246,-0.000609117797298175,1.3796011614901158
15,2019-12-19,HD KSOE(Hold),False,1,-0.007905138339920903,-0.007274915767071066,-0.006305140832231593,-0.0007520765470041831,1.3454309591782279
15,2019-12-19,HD KSOE(Hold),False,2,0.0,0.0008433194140290423,0.002638781142119082,-0.0007520765470041831,1.3454309591782279
15,2019-12-19,HD KSOE(Hold),False,3,-0.007905138339920903,-0.0008820105316897919,0.0038002248845513155,-0.0007520765470041831,1.3454309591782279
15,2019-12-19,HD KSOE(Hold),False,4,-0.015810276679841917,-0.012346319516840842,-0.008141455283456356,-0.0007520765470041831,1.3454309591782279
15,2019-12-19,HD KSOE(Hold),False,5,0.0,0.000616620646817001,0.004590003243317013,-0.0007520765470041831,1.3454309591782279
15,2019-12-19,HD KSOE(Hold),False,6,0.0,0.0035818405219513183,0.009331578411097505,-0.0007520765470041831,1.3454309591782279
15,2019-12-19,HD KSOE(Hold),False,7,-0.007905138339920903,0.005878146706575049,0.015903855909842356,-0.0007520765470041831,1.3454309591782279
15,2019-12-19,HD KSOE(Hold),False,8,0.02371541501976293,0.03691381724685172,0.04748956636380852,-0.0007520765470041831,1.3454309591782279
15,2019-12-19,HD KSOE(Hold),False,9,0.007905138339920903,0.030801713828343402,0.04547958878424353,-0.0007520765470041831,1.3454309591782279
15,2019-12-19,HD KSOE(Hold),False,10,0.007905138339920903,0.02152066629867999,0.033744656651233954,-0.0007520765470041831,1.3454309591782279
16,2019-12-20,HD KSOE(Hold),False,1,0.003968253968253954,0.006010622935114007,0.007384155864157894,-0.0006936696224811691,1.3328797673654156
16,2019-12-20,HD KSOE(Hold),False,2,-0.003968253968253954,0.004246507242132602,0.008368374287770857,-0.0006936696224811691,1.3328797673654156
16,2019-12-20,HD KSOE(Hold),False,3,-0.011904761904761862,-0.007244900115628505,-0.003612717539863298,-0.0006936696224811691,1.3328797673654156
16,2019-12-20,HD KSOE(Hold),False,4,0.003968253968253954,0.005784196220384508,0.009163365144747432,-0.0006936696224811691,1.3328797673654156
16,2019-12-20,HD KSOE(Hold),False,5,0.003968253968253954,0.008745857649046451,0.013804573363278656,-0.0006936696224811691,1.3328797673654156
16,2019-12-20,HD KSOE(Hold),False,6,-0.003968253968253954,0.01099855187536658,0.020142716457681342,-0.0006936696224811691,1.3328797673654156
16,2019-12-20,HD KSOE(Hold),False,7,0.02777777777777768,0.04216040269739607,0.051803774892110854,-0.0006936696224811691,1.3328797673654156
16,2019-12-20,HD KSOE(Hold),False,8,0.011904761904761862,0.035973921680508725,0.04953541496718971,-0.0006936696224811691,1.3328797673654156
16,2019-12-20,HD KSOE(Hold),False,9,0.011904761904761862,0.026704011979482578,0.037873409503868735,-0.0006936696224811691,1.3328797673654156
16,2019-12-20,HD KSOE(Hold),False,10,-0.015873015873015928,0.009898872797496905,0.025414509327516294,-0.0006936696224811691,1.3328797673654156
17,2019-12-26,HD KSOE(Hold),False,1,0.007968127490039834,-0.0014241883042542813,-0.003940075731951013,-0.0007669721092195279,1.3495261029138965
17,2019-12-26,HD KSOE(Hold),False,2,0.007968127490039834,0.0015707285799331228,0.0008686148885369716,-0.0007669721092195279,1.3495261029138965
17,2019-12-26,HD KSOE(Hold),False,3,0.0,0.0039062142235654074,0.00757245438593364,-0.0007669721092195279,1.3495261029138965
17,2019-12-26,HD KSOE(Hold),False,4,0.031872509960159334,0.035187983697394176,0.039414716748961354,-0.0007669721092195279,1.3495261029138965
17,2019-12-26,HD KSOE(Hold),False,5,0.015936254980079667,0.02904703026972555,0.03746444900899293,-0.0007669721092195279,1.3495261029138965
17,2019-12-26,HD KSOE(Hold),False,6,0.015936254980079667,0.019673032009891345,0.025580965777896755,-0.0007669721092195279,1.3495261029138965
17,2019-12-26,HD KSOE(Hold),False,7,-0.01195219123505975,0.0028804322938131843,0.013433626156385804,-0.0007669721092195279,1.3495261029138965
17,2019-12-26,HD KSOE(Hold),False,8,0.031872509960159334,0.030613179466043805,0.036308787459911195,-0.0007669721092195279,1.3495261029138965
17,2019-12-26,HD KSOE(Hold),False,9,0.043824701195219085,0.0334340797728625,0.036705035343228304,-0.0007669721092195279,1.3495261029138965
17,2019-12-26,HD KSOE(Hold),False,10,0.047808764940239,0.026945093190456237,0.027322416403475193,-0.0007669721092195279,1.3495261029138965
18,2019-12-30,HD KSOE(Hold),False,1,-0.015686274509803977,-0.0038564172949085984,0.0008308336372785455,-0.0004873360219583811,1.3550266781699196
18,2019-12-30,HD KSOE(Hold),False,2,0.015686274509803866,0.026930090411058205,0.031896617064351415,-0.0004873360219583811,1.3550266781699196
18,2019-12-30,HD KSOE(Hold),False,3,0.0,0.020961198613489773,0.029864991393572116,-0.0004873360219583811,1.3550266781699196
18,2019-12-30,HD KSOE(Hold),False,4,0.0,0.011661767845866589,0.017751350633606906,-0.0004873360219583811,1.3550266781699196
18,2019-12-30,HD KSOE(Hold),False,5,-0.027450980392156876,-0.004781630352860278,0.005703273797654236,-0.0004873360219583811,1.3550266781699196
18,2019-12-30,HD KSOE(Hold),False,6,0.015686274509803866,0.022391677447279212,0.02769629050971219,-0.0004873360219583811,1.3550266781699196
18,2019-12-30,HD KSOE(Hold),False,7,0.027450980392156765,0.02509772922575282,0.027673614434953604,-0.0004873360219583811,1.3550266781699196
18,2019-12-30,HD KSOE(Hold),False,8,0.031372549019607954,0.01862955766485297,0.01800414394989335,-0.0004873360219583811,1.3550266781699196
18,2019-12-30,HD KSOE(Hold),False,9,0.0117647058823529,-0.005348609067152177,-0.007038268228525161,-0.0004873360219583811,1.3550266781699196
18,2019-12-30,HD KSOE(Hold),False,10,0.0117647058823529,-0.0017596738905900633,-0.0016878292961026442,-0.0004873360219583811,1.3550266781699196
19,2020-01-03,HD KSOE(Hold),False,1,-0.011627906976744207,-0.01167431133504171,-0.011190717164037543,-0.000500145518639699,1.3566765761401367
19,2020-01-03,HD KSOE(Hold),False,2,-0.011627906976744207,-0.021173283478505223,-0.02357760464984246,-0.000500145518639699,1.3566765761401367
19,2020-01-03,HD KSOE(Hold),False,3,-0.03875968992248058,-0.03706129040879835,-0.03495507452942101,-0.000500145518639699,1.3566765761401367
19,2020-01-03,HD KSOE(Hold),False,4,0.003875968992248069,-0.010732122999751903,-0.013941905160839804,-0.000500145518639699,1.3566765761401367
19,2020-01-03,HD KSOE(Hold),False,5,0.015503875968992276,-0.008357245067495578,-0.014367220428456961,-0.000500145518639699,1.3566765761401367
19,2020-01-03,HD KSOE(Hold),False,6,0.019379844961240345,-0.015093952817847311,-0.024389075864401553,-0.000500145518639699,1.3566765761401367
19,2020-01-03,HD KSOE(Hold),False,7,0.0,-0.03893789704729089,-0.04932511421773785,-0.000500145518639699,1.3566765761401367
19,2020-01-03,HD KSOE(Hold),False,8,0.0,-0.035271952741801504,-0.043851467930406375,-0.000500145518639699,1.3566765761401367
19,2020-01-03,HD KSOE(Hold),False,9,-0.007751937984496138,-0.05094511468765228,-0.06184979939899264,-0.000500145518639699,1.3566765761401367
19,2020-01-03,HD KSOE(Hold),False,10,-0.007751937984496138,-0.05211450451674504,-0.06293613766985962,-0.000500145518639699,1.3566765761401367
20,2020-01-21,HD KSOE(Hold),True,1,0.007905138339920903,-0.004924709819362105,-0.009265690407298698,-0.00024507823863840014,1.357452307279004
20,2020-01-21,HD KSOE(Hold),True,2,-0.011857707509881465,-0.015252792677379667,-0.015976217226633824,-0.00024507823863840014,1.357452307279004
20,2020-01-21,HD KSOE(Hold),True,3,-0.059288537549407105,-0.03167666725952922,-0.02107150580020859,-0.00024507823863840014,1.357452307279004
20,2020-01-21,HD KSOE(Hold),True,4,-0.06324110671936756,-0.039453174460251095,-0.029969810234279665,-0.00024507823863840014,1.357452307279004
20,2020-01-21,HD KSOE(Hold),True,5,-0.07905138339920947,-0.03860966495004858,-0.02292828818687616,-0.00024507823863840014,1.357452307279004
20,2020-01-21,HD KSOE(Hold),True,6,-0.09881422924901184,-0.045422047772775254,-0.02486641988160479,-0.00024507823863840014,1.357452307279004
20,2020-01-21,HD KSOE(Hold),True,7,-0.10671936758893286,-0.05326911228746267,-0.032447647534831536,-0.00024507823863840014,1.357452307279004
20,2020-01-21,HD KSOE(Hold),True,8,-0.09881422924901184,-0.0627950559522501,-0.04795929344193313,-0.00024507823863840014,1.357452307279004
20,2020-01-21,HD KSOE(Hold),True,9,-0.13043478260869568,-0.09786876830466573,-0.08402226720506359,-0.00024507823863840014,1.357452307279004
20,2020-01-21,HD KSOE(Hold),True,10,-0.02371541501976282,-0.018984631871893365,-0.014842820134066797,-0.00024507823863840014,1.357452307279004
21,2020-03-16,HD KSOE(Hold),True,1,0.11965811965811968,0.10039969104838309,0.09218615890527797,-0.00021819394060210997,1.437820045164243
21,2020-03-16,HD KSOE(Hold),True,2,0.024216524216524205,0.05446932156422413,0.06815099054654303,-0.00021819394060210997,1.437820045164243
21,2020-03-16,HD KSOE(Hold),True,3,-0.05555555555555558,0.05609457486544822,0.10563182183077208,-0.00021819394060210997,1.437820045164243
21,2020-03-16,HD KSOE(Hold),True,4,0.09686609686609682,0.14238546499461624,0.16318753256690086,-0.00021819394060210997,1.437820045164243
21,2020-03-16,HD KSOE(Hold),True,5,-0.022792022792022748,0.07373170895513104,0.11708270325110176,-0.00021819394060210997,1.437820045164243
21,2020-03-16,HD KSOE(Hold),True,6,0.05270655270655267,0.07152008723764647,0.08106619341936167,-0.00021819394060210997,1.437820045164243
21,2020-03-16,HD KSOE(Hold),True,7,0.12535612535612528,0.0864004684974431,0.07087225863638687,-0.00021819394060210997,1.437820045164243
21,2020-03-16,HD KSOE(Hold),True,8,0.1068376068376069,0.07916885180969424,0.06880046775855203,-0.00021819394060210997,1.437820045164243
21,2020-03-16,HD KSOE(Hold),True,9,0.10113960113960108,0.05427945633572007,0.03572689108670089,-0.00021819394060210997,1.437820045164243
21,2020-03-16,HD KSOE(Hold),True,10,0.08689458689458696,0.04040620289614716,0.022234595920358674,-0.00021819394060210997,1.437820045164243
22,2020-05-07,HD KSOE(Hold),True,1,-0.015662650602409678,-0.016115106719307826,-0.01665874637409587,0.00032369709123890333,1.4861080563060531
22,2020-05-07,HD KSOE(Hold),True,2,-0.03734939759036149,-0.032444361959442336,-0.0307073788052621,0.00032369709123890333,1.4861080563060531
22,2020-05-07,HD KSOE(Hold),True,3,-0.05783132530120483,-0.0461240232764637,-0.04140410071834558,0.00032369709123890333,1.4861080563060531
22,2020-05-07,HD KSOE(Hold),True,4,-0.06024096385542166,-0.057916984709535435,-0.0580820680889885,0.00032369709123890333,1.4861080563060531
22,2020-05-07,HD KSOE(Hold),True,5,-0.07590361445783134,-0.06563080398552879,-0.06225559351023184,0.00032369709123890333,1.4861080563060531
22,2020-05-07,HD KSOE(Hold),True,6,-0.055421686746988,-0.04634171512832619,-0.04387005032089779,0.00032369709123890333,1.4861080563060531
22,2020-05-07,HD KSOE(Hold),True,7,-0.055421686746988,-0.0513958556159505,-0.05170474630849779,0.00032369709123890333,1.4861080563060531
22,2020-05-07,HD KSOE(Hold),True,8,-0.01927710843373498,-0.03761700580846117,-0.04912175440405303,0.00032369709123890333,1.4861080563060531
22,2020-05-07,HD KSOE(Hold),True,9,-0.032530120481927716,-0.05551283460164358,-0.06959819091216647,0.00032369709123890333,1.4861080563060531
22,2020-05-07,HD KSOE(Hold),True,10,-0.009638554216867434,-0.037078989397387185,-0.05365497691957091,0.00032369709123890333,1.4861080563060531
23,2020-07-31,HD KSOE(Hold),False,1,-0.03575418994413404,-0.03548327750214697,-0.03498380951965721,-0.0003833804539019333,1.4285057110568715
23,2020-07-31,HD KSOE(Hold),False,2,-0.02681564245810053,-0.039393085666414196,-0.0440158310038662,-0.0003833804539019333,1.4285057110568715
23,2020-07-31,HD KSOE(Hold),False,3,-0.03351955307262566,-0.06025994345301344,-0.07056821208519404,-0.0003833804539019333,1.4285057110568715
23,2020-07-31,HD KSOE(Hold),False,4,-0.027932960893854775,-0.0683300030629308,-0.0841068445265774,-0.0003833804539019333,1.4285057110568715
23,2020-07-31,HD KSOE(Hold),False,5,-0.03910614525139666,-0.08352690336211543,-0.10064454963252462,-0.0003833804539019333,1.4285057110568715
23,2020-07-31,HD KSOE(Hold),False,6,-0.025698324022346397,-0.08553444420088219,-0.10887428070145849,-0.0003833804539019333,1.4285057110568715
23,2020-07-31,HD KSOE(Hold),False,7,0.024581005586592264,-0.049595709266959664,-0.0786971920318302,-0.0003833804539019333,1.4285057110568715
23,2020-07-31,HD KSOE(Hold),False,8,0.02905027932960902,-0.05120198012456889,-0.08252348799468648,-0.0003833804539019333,1.4285057110568715
23,2020-07-31,HD KSOE(Hold),False,9,0.00893854748603351,-0.07361424713124709,-0.1055381670033394,-0.0003833804539019333,1.4285057110568715
23,2020-07-31,HD KSOE(Hold),False,10,0.07150837988826808,0.0022969127419532054,-0.023526791661848415,-0.0003833804539019333,1.4285057110568715
24,2020-08-13,HD KSOE(Hold),False,1,0.05384615384615388,0.062232174399318274,0.06658449650614061,-0.0007001222694206169,1.4355104801196303
24,2020-08-13,HD KSOE(Hold),False,2,0.005494505494505475,0.03828483438632335,0.053965610804120774,-0.0007001222694206169,1.4355104801196303
24,2020-08-13,HD KSOE(Hold),False,3,0.00439560439560438,0.03211972244243588,0.04629423321216663,-0.0007001222694206169,1.4355104801196303
24,2020-08-13,HD KSOE(Hold),False,4,-0.038461538461538436,0.02481667065352222,0.055175482964015116,-0.0007001222694206169,1.4355104801196303
24,2020-08-13,HD KSOE(Hold),False,5,-0.036263736263736246,0.01450546282187437,0.04011659243804083,-0.0007001222694206169,1.4355104801196303
24,2020-08-13,HD KSOE(Hold),False,6,-0.038461538461538436,0.001911631215336107,0.02369530334178674,-0.0007001222694206169,1.4355104801196303
24,2020-08-13,HD KSOE(Hold),False,7,-0.005494505494505475,0.019680031647410168,0.03554466229081964,-0.0007001222694206169,1.4355104801196303
24,2020-08-13,HD KSOE(Hold),False,8,-0.020879120879120916,0.003228628775923559,0.01932878455816077,-0.0007001222694206169,1.4355104801196303
24,2020-08-13,HD KSOE(Hold),False,9,-0.042857142857142816,-0.008505762005772244,0.012755724786365982,-0.0007001222694206169,1.4355104801196303
24,2020-08-13,HD KSOE(Hold),False,10,-0.03736263736263734,-0.0068624005275775835,0.01342199495442789,-0.0007001222694206169,1.4355104801196303
25,2020-08-25,HD KSOE(Hold),False,1,-0.01980198019801982,-0.020469283195815313,-0.019473340366817412,-0.0012826267232169334,1.429615774492431
25,2020-08-25,HD KSOE(Hold),False,2,-0.04180418041804179,-0.03196779635560254,-0.02517667715197883,-0.0012826267232169334,1.429615774492431
25,2020-08-25,HD KSOE(Hold),False,3,-0.0363036303630363,-0.030416159610335614,-0.024038929133461773,-0.0012826267232169334,1.429615774492431
25,2020-08-25,HD KSOE(Hold),False,4,-0.0517051705170517,-0.03414834417632184,-0.02147514773745234,-0.0012826267232169334,1.429615774492431
25,2020-08-25,HD KSOE(Hold),False,5,-0.03190319031903188,-0.024220758970995515,-0.014507131661339275,-0.0012826267232169334,1.429615774492431
25,2020-08-25,HD KSOE(Hold),False,6,-0.034103410341034146,-0.03268011217485045,-0.024372880491550186,-0.0012826267232169334,1.429615774492431
25,2020-08-25,HD KSOE(Hold),False,7,-0.0363036303630363,-0.04819682809589565,-0.044327946388571106,-0.0012826267232169334,1.429615774492431
25,2020-08-25,HD KSOE(Hold),False,8,-0.05280528052805278,-0.0530206757994931,-0.04285219922011947,-0.0012826267232169334,1.429615774492431
25,2020-08-25,HD KSOE(Hold),False,9,-0.03300330033003296,-0.039963524003240325,-0.03141010537829346,-0.0012826267232169334,1.429615774492431
25,2020-08-25,HD KSOE(Hold),False,10,-0.03520352035203522,-0.04963500353853367,-0.043008729132606366,-0.0012826267232169334,1.429615774492431
26,2020-09-29,HD KSOE(Hold),True,1,0.0023952095808383866,-0.009383126005181985,-0.012372188486153058,-0.0018677507026481112,1.4123514012780978
26,2020-09-29,HD KSOE(Hold),True,2,-0.004790419161676662,-0.01995851253019476,-0.022477595680124,-0.0018677507026481112,1.4123514012780978
26,2020-09-29,HD KSOE(Hold),True,3,0.007185628742514938,-0.01701037649230086,-0.021384381048265007,-0.0018677507026481112,1.4123514012780978
26,2020-09-29,HD KSOE(Hold),True,4,-0.005988023952095856,-0.03233802717022016,-0.03573248511030366,-0.0018677507026481112,1.4123514012780978
26,2020-09-29,HD KSOE(Hold),True,5,-0.0023952095808382756,-0.03379552281162057,-0.03740473245966429,-0.0018677507026481112,1.4123514012780978
26,2020-09-29,HD KSOE(Hold),True,6,-0.004790419161676662,-0.0359418640995669,-0.03758070185565478,-0.0018677507026481112,1.4123514012780978
26,2020-09-29,HD KSOE(Hold),True,7,-0.028742514970059863,-0.05016664232197232,-0.04592665633815707,-0.0018677507026481112,1.4123514012780978
26,2020-09-29,HD KSOE(Hold),True,8,-0.04431137724550893,-0.057467070107708795,-0.04794983287303629,-0.0018677507026481112,1.4123514012780978
26,2020-09-29,HD KSOE(Hold),True,9,-0.04670658682634732,-0.0514179210607556,-0.03655089001037033,-0.0018677507026481112,1.4123514012780978
26,2020-09-29,HD KSOE(Hold),True,10,-0.03473053892215572,-0.04167739695995776,-0.025864436579844333,-0.0018677507026481112,1.4123514012780978
27,2020-11-02,HD KSOE(Hold),False,1,0.02015113350125941,0.008276238756008247,0.005956195453679224,-0.002417743975611019,1.3989750965864107
27,2020-11-02,HD KSOE(Hold),False,2,0.049118387909319994,0.031193774059306234,0.028877787468444917,-0.002417743975611019,1.3989750965864107
27,2020-11-02,HD KSOE(Hold),False,3,0.055415617128463435,0.013106446687019657,0.003479373250486764,-0.002417743975611019,1.3989750965864107
27,2020-11-02,HD KSOE(Hold),False,4,0.044080604534004975,0.0006012171922109566,-0.007074999669555201,-0.002417743975611019,1.3989750965864107
27,2020-11-02,HD KSOE(Hold),False,5,0.13476070528967243,0.07802461726863452,0.06747705094856092,-0.002417743975611019,1.3989750965864107
27,2020-11-02,HD KSOE(Hold),False,6,0.17128463476070532,0.1121174319245486,0.10301765531191132,-0.002417743975611019,1.3989750965864107
27,2020-11-02,HD KSOE(Hold),False,7,0.17884130982367763,0.10540696071904465,0.09303269202154063,-0.002417743975611019,1.3989750965864107
27,2020-11-02,HD KSOE(Hold),False,8,0.17758186397984876,0.10857361200753668,0.10038298981651225,-0.002417743975611019,1.3989750965864107
27,2020-11-02,HD KSOE(Hold),False,9,0.16246851385390437,0.08557964991428935,0.07666260377806122,-0.002417743975611019,1.3989750965864107
27,2020-11-02,HD KSOE(Hold),False,10,0.24559193954659952,0.1474750819460191,0.13250633896418262,-0.002417743975611019,1.3989750965864107
28,2020-11-09,HD KSOE(Hold),False,1,0.010869565217391353,0.011325972234649151,0.013545058123785432,-0.0020402315673438425,1.3918746097880752
28,2020-11-09,HD KSOE(Hold),False,2,0.017391304347825987,0.004383704355976015,0.003366819319578121,-0.0020402315673438425,1.3918746097880752
28,2020-11-09,HD KSOE(Hold),False,3,0.016304347826086918,0.007473687054677436,0.01013387001274201,-0.0020402315673438425,1.3918746097880752
28,2020-11-09,HD KSOE(Hold),False,4,0.003260869565217428,-0.01300678054990323,-0.011220733321559704,-0.0020402315673438425,1.3918746097880752
28,2020-11-09,HD KSOE(Hold),False,5,0.07499999999999996,0.03869934187738111,0.03467519347724874,-0.0020402315673438425,1.3918746097880752
28,2020-11-09,HD KSOE(Hold),False,6,0.08695652173913038,0.05223698792629783,0.05087267356543325,-0.0020402315673438425,1.3918746097880752
28,2020-11-09,HD KSOE(Hold),False,7,0.07934782608695645,0.041983576611620776,0.041623096899856216,-0.0020402315673438425,1.3918746097880752
28,2020-11-09,HD KSOE(Hold),False,8,0.02717391304347827,-0.010915697584285233,-0.009520196347269042,-0.0020402315673438425,1.3918746097880752
28,2020-11-09,HD KSOE(Hold),False,9,0.04130434782608705,0.0007370991046378172,0.003201908447838686,-0.0020402315673438425,1.3918746097880752
28,2020-11-09,HD KSOE(Hold),False,10,0.10869565217391308,0.048123920883544447,0.04478971299338151,-0.0020402315673438425,1.3918746097880752
29,2020-11-17,HD KSOE(Hold),False,1,-0.016831683168316847,-0.015572291678036865,-0.013162195305378032,-0.0019125124425680784,1.395098691654756
29,2020-11-17,HD KSOE(Hold),False,2,-0.0643564356435643,-0.06379539831300352,-0.05974870831259332,-0.0019125124425680784,1.395098691654756
29,2020-11-17,HD KSOE(Hold),False,3,-0.05148514851485153,-0.05330950067366835,-0.04829276249703018,-0.0019125124425680784,1.395098691654756
29,2020-11-17,HD KSOE(Hold),False,4,0.00990099009900991,-0.011183028183745058,-0.011863246451814191,-0.0019125124425680784,1.395098691654756
29,2020-11-17,HD KSOE(Hold),False,5,0.01980198019801982,-0.007233741794251403,-0.008352957968499084,-0.0019125124425680784,1.395098691654756
29,2020-11-17,HD KSOE(Hold),False,6,0.05940594059405946,0.038733872798779156,0.04204144051447396,-0.0019125124425680784,1.395098691654756
29,2020-11-17,HD KSOE(Hold),False,7,0.07425742574257432,0.04402418329990421,0.04546665586430075,-0.0019125124425680784,1.395098691654756
29,2020-11-17,HD KSOE(Hold),False,8,0.044554455445544594,0.011363016169008144,0.013549221477254937,-0.0019125124425680784,1.395098691654756
29,2020-11-17,HD KSOE(Hold),False,9,0.01980198019801982,0.0031317171382083675,0.013757929996848956,-0.0019125124425680784,1.395098691654756
29,2020-11-17,HD KSOE(Hold),False,10,0.02970297029702973,-0.0038023360175827303,0.0020848857197028337,-0.0019125124425680784,1.395098691654756
30,2020-12-14,HD KSOE(Hold),False,1,-0.022522522522522515,-0.020051153137832012,-0.016852859689292617,-0.002218091867159592,1.3966228551069297
30,2020-12-14,HD KSOE(Hold),False,2,-0.013513513513513487,-0.016458893717229528,-0.01319091508868363,-0.002218091867159592,1.3966228551069297
30,2020-12-14,HD KSOE(Hold),False,3,-0.0045045045045044585,-0.006957781873201618,-0.0012765321460647258,-0.002218091867159592,1.3966228551069297
30,2020-12-14,HD KSOE(Hold),False,4,-0.027027027027026973,-0.030113524955491133,-0.022465333107521843,-0.002218091867159592,1.3966228551069297
30,2020-12-14,HD KSOE(Hold),False,5,-0.009009009009009028,-0.014436613807011667,-0.005498866582589583,-0.002218091867159592,1.3966228551069297
30,2020-12-14,HD KSOE(Hold),False,6,-0.013513513513513487,-0.0026691591271040815,0.014940510874382525,-0.002218091867159592,1.3966228551069297
30,2020-12-14,HD KSOE(Hold),False,7,-0.03153153153153154,-0.030145683106441612,-0.014069380877219859,-0.002218091867159592,1.3966228551069297
30,2020-12-14,HD KSOE(Hold),False,8,-0.027027027027026973,-0.04266214724847317,-0.031118658333366515,-0.002218091867159592,1.3966228551069297
30,2020-12-14,HD KSOE(Hold),False,9,-0.04054054054054057,-0.056805262918555144,-0.04329339674120852,-0.002218091867159592,1.3966228551069297
30,2020-12-14,HD KSOE(Hold),False,10,-0.036036036036036,-0.0566102766236648,-0.04258957199559109,-0.002218091867159592,1.3966228551069297
31,2020-12-15,HD KSOE(Hold),False,1,-0.022321428571428603,-0.025270437849048033,-0.024169880764490226,-0.002264982203685402,1.3948529860399663
31,2020-12-15,HD KSOE(Hold),False,2,-0.013392857142857095,-0.01584976180482467,-0.012289913539647276,-0.002264982203685402,1.3948529860399663
31,2020-12-15,HD KSOE(Hold),False,3,-0.0357142857142857,-0.0388044132272759,-0.033229612691968134,-0.002264982203685402,1.3948529860399663
31,2020-12-15,HD KSOE(Hold),False,4,-0.017857142857142905,-0.023288385710770743,-0.016372999354692316,-0.002264982203685402,1.3948529860399663
31,2020-12-15,HD KSOE(Hold),False,5,-0.022321428571428603,-0.011480653361922277,0.004124770118966347,-0.002264982203685402,1.3948529860399663
31,2020-12-15,HD KSOE(Hold),False,6,-0.0401785714285714,-0.03879633640519653,-0.02466066355669553,-0.002264982203685402,1.3948529860399663
31,2020-12-15,HD KSOE(Hold),False,7,-0.0357142857142857,-0.051353080926397454,-0.041673230488169496,-0.002264982203685402,1.3948529860399663
31,2020-12-15,HD KSOE(Hold),False,8,-0.049107142857142905,-0.06537554250398558,-0.053679311053149735,-0.002264982203685402,1.3948529860399663
31,2020-12-15,HD KSOE(Hold),False,9,-0.044642857142857095,-0.06522079059294483,-0.05296120922907507,-0.002264982203685402,1.3948529860399663
31,2020-12-15,HD KSOE(Hold),False,10,-0.03125,-0.07099106613017603,-0.06403312272323378,-0.002264982203685402,1.3948529860399663
32,2020-12-16,HD KSOE(Hold),False,1,0.00454545454545463,0.004350500955239811,0.006462587380785097,-0.002189332346438016,1.3962272292991023
32,2020-12-16,HD KSOE(Hold),False,2,-0.018181818181818188,-0.019008565814395584,-0.014957481045305285,-0.002189332346438016,1.3962272292991023
32,2020-12-16,HD KSOE(Hold),False,3,0.0,-0.003162580463484277,0.0021523160813479254,-0.002189332346438016,1.3962272292991023
32,2020-12-16,HD KSOE(Hold),False,4,-0.004545454545454519,0.008527266753947327,0.022464364279560743,-0.002189332346438016,1.3962272292991023
32,2020-12-16,HD KSOE(Hold),False,5,-0.022727272727272707,-0.01909174929493429,-0.006704594186096799,-0.002189332346438016,1.3962272292991023
32,2020-12-16,HD KSOE(Hold),False,6,-0.018181818181818188,-0.03152891860818896,-0.023681409150678623,-0.002189332346438016,1.3962272292991023
32,2020-12-16,HD KSOE(Hold),False,7,-0.03181818181818186,-0.0457934660352447,-0.03600552775417287,-0.002189332346438016,1.3962272292991023
32,2020-12-16,HD KSOE(Hold),False,8,-0.027272727272727226,-0.04554782122952716,-0.035274252301706645,-0.002189332346438016,1.3962272292991023
32,2020-12-16,HD KSOE(Hold),False,9,-0.013636363636363669,-0.051031350440893686,-0.046144271334186956,-0.002189332346438016,1.3962272292991023
32,2020-12-16,HD KSOE(Hold),False,10,0.0,-0.063020553162761,-0.06609768886695841,-0.002189332346438016,1.3962272292991023
33,2020-12-21,HD KSOE(Hold),False,1,-0.022321428571428603,-0.008486801962048318,-0.0009475504734293878,-0.001949323492468013,1.4040534055585412
33,2020-12-21,HD KSOE(Hold),False,2,-0.0401785714285714,-0.035773857193876935,-0.030095470421900427,-0.001949323492468013,1.4040534055585412
33,2020-12-21,HD KSOE(Hold),False,3,-0.0357142857142857,-0.048279084796546745,-0.04750796417848911,-0.001949323492468013,1.4040534055585412
33,2020-12-21,HD KSOE(Hold),False,4,-0.049107142857142905,-0.06229964077383199,-0.05983282051502212,-0.001949323492468013,1.4040534055585412
33,2020-12-21,HD KSOE(Hold),False,5,-0.044642857142857095,-0.062131845357270454,-0.0594517131427373,-0.001949323492468013,1.4040534055585412
33,2020-12-21,HD KSOE(Hold),False,6,-0.03125,-0.06784412055425082,-0.0709341586328076,-0.001949323492468013,1.4040534055585412
33,2020-12-21,HD KSOE(Hold),False,7,-0.017857142857142905,-0.0800570468985854,-0.0915438655046686,-0.001949323492468013,1.4040534055585412
33,2020-12-21,HD KSOE(Hold),False,8,0.049107142857142794,-0.02973038776121273,-0.045990372553640926,-0.001949323492468013,1.4040534055585412
33,2020-12-21,HD KSOE(Hold),False,9,0.0535714285714286,-0.0171998112780678,-0.02825126032264505,-0.001949323492468013,1.4040534055585412
33,2020-12-21,HD KSOE(Hold),False,10,0.05803571428571419,-0.03563210316214871,-0.05398566886851333,-0.001949323492468013,1.4040534055585412
34,2020-12-22,HD KSOE(Hold),False,1,-0.02714932126696834,-0.035214367619069153,-0.03673650580839484,-0.0017574659562885624,1.4066441781527965
34,2020-12-22,HD KSOE(Hold),False,2,-0.022624434389140302,-0.04787153601310756,-0.05462319099114874,-0.0017574659562885624,1.4066441781527965
34,2020-12-22,HD KSOE(Hold),False,3,-0.03619909502262442,-0.06208175736455612,-0.06733439345213159,-0.0017574659562885624,1.4066441781527965
34,2020-12-22,HD KSOE(Hold),False,4,-0.03167420814479638,-0.061907174021760825,-0.06717136975876632,-0.0017574659562885624,1.4066441781527965
34,2020-12-22,HD KSOE(Hold),False,5,-0.018099547511312264,-0.06767693616034387,-0.0790499628410483,-0.0017574659562885624,1.4066441781527965
34,2020-12-22,HD KSOE(Hold),False,6,-0.004524886877828038,-0.08002876964244421,-0.10018718825887528,-0.0017574659562885624,1.4066441781527965
34,2020-12-22,HD KSOE(Hold),False,7,0.06334841628959276,-0.029001478148885873,-0.054252763381298585,-0.0017574659562885624,1.4066441781527965
34,2020-12-22,HD KSOE(Hold),False,8,0.0678733031674208,-0.016309270780434204,-0.03648189672793822,-0.0017574659562885624,1.4066441781527965
34,2020-12-22,HD KSOE(Hold),False,9,0.07239819004524883,-0.03496773951709087,-0.06281027609898249,-0.0017574659562885624,1.4066441781527965
34,2020-12-22,HD KSOE(Hold),False,10,0.07239819004524883,-0.07898214556003147,-0.12296541815784959,-0.0017574659562885624,1.4066441781527965
35,2020-12-23,HD KSOE(Hold),False,1,-0.013698630136986356,-0.02971976964324874,-0.03444184338629579,-0.001761144344217372,1.4046664773582578
35,2020-12-23,HD KSOE(Hold),False,2,-0.0273972602739726,-0.04404824123393791,-0.04726404635513175,-0.001761144344217372,1.4046664773582578
35,2020-12-23,HD KSOE(Hold),False,3,-0.022831050228310557,-0.04379318734551918,-0.04699242849798866,-0.001761144344217372,1.4046664773582578
35,2020-12-23,HD KSOE(Hold),False,4,-0.0091324200913242,-0.04926490398331007,-0.058460597490647526,-0.001761144344217372,1.4046664773582578
35,2020-12-23,HD KSOE(Hold),False,5,0.004566210045662045,-0.06125946142324401,-0.07909118229522134,-0.001761144344217372,1.4046664773582578
35,2020-12-23,HD KSOE(Hold),False,6,0.0730593607305936,-0.009460729039912463,-0.032286977013326126,-0.001761144344217372,1.4046664773582578
35,2020-12-23,HD KSOE(Hold),False,7,0.07762557077625565,0.0031993056636805406,-0.01459049845283543,-0.001761144344217372,1.4046664773582578
35,2020-12-23,HD KSOE(Hold),False,8,0.08219178082191791,-0.015209218236939659,-0.04053498266352357,-0.001761144344217372,1.4046664773582578
35,2020-12-23,HD KSOE(Hold),False,9,0.08219178082191791,-0.05882754879510954,-0.10004304505269873,-0.001761144344217372,1.4046664773582578
35,2020-12-23,HD KSOE(Hold),False,10,0.05022831050228316,-0.08944084174559919,-0.12834882213919022,-0.001761144344217372,1.4046664773582578
36,2021-01-05,HD KSOE(Hold),False,1,-0.024793388429752095,-0.01639808418766797,-0.010993716242491097,-0.0019295282577852161,1.4139027707861882
36,2021-01-05,HD KSOE(Hold),False,2,-0.02066115702479343,-0.033469591749883065,-0.03491198185646126,-0.0019295282577852161,1.4139027707861882
36,2021-01-05,HD KSOE(Hold),False,3,-0.02066115702479343,-0.07372562681439288,-0.08990057311725241,-0.0019295282577852161,1.4139027707861882
36,2021-01-05,HD KSOE(Hold),False,4,-0.04958677685950408,-0.10140514697449265,-0.11513480091156977,-0.0019295282577852161,1.4139027707861882
36,2021-01-05,HD KSOE(Hold),False,5,-0.04132231404958675,-0.08562399711933477,-0.09431294520346895,-0.0019295282577852161,1.4139027707861882
36,2021-01-05,HD KSOE(Hold),False,6,-0.04132231404958675,-0.09308723216780923,-0.10293570565975037,-0.0019295282577852161,1.4139027707861882
36,2021-01-05,HD KSOE(Hold),False,7,-0.02066115702479343,-0.07297395810986895,-0.08111967362207191,-0.0019295282577852161,1.4139027707861882
36,2021-01-05,HD KSOE(Hold),False,8,-0.05785123966942152,-0.08877321979864172,-0.08613568699003969,-0.0019295282577852161,1.4139027707861882
36,2021-01-05,HD KSOE(Hold),False,9,-0.08677685950413228,-0.0936554633379767,-0.07913678220387846,-0.0019295282577852161,1.4139027707861882
36,2021-01-05,HD KSOE(Hold),False,10,-0.08677685950413228,-0.11995718649672238,-0.11439533319669501,-0.0019295282577852161,1.4139027707861882
37,2021-01-11,HD KSOE(Hold),False,1,0.01754385964912286,0.023875971274841645,0.028221312335863738,-0.0016796397967924843,1.4209814074348406
37,2021-01-11,HD KSOE(Hold),False,2,0.01754385964912286,0.016774597092183097,0.019810031451860638,-0.0016796397967924843,1.4209814074348406
37,2021-01-11,HD KSOE(Hold),False,3,0.03947368421052633,0.03818310322656959,0.0426787120179123,-0.0016796397967924843,1.4209814074348406
37,2021-01-11,HD KSOE(Hold),False,4,0.0,0.019063089065981642,0.03380685431820425,-0.0016796397967924843,1.4209814074348406
37,2021-01-11,HD KSOE(Hold),False,5,-0.030701754385964897,0.01123894882173282,0.03729340407087875,-0.0016796397967924843,1.4209814074348406
37,2021-01-11,HD KSOE(Hold),False,6,-0.030701754385964897,-0.013787514445980031,0.003410904870400293,-0.0016796397967924843,1.4209814074348406
37,2021-01-11,HD KSOE(Hold),False,7,-0.05701754385964908,-0.047061633411982884,-0.031112901641881748,-0.0016796397967924843,1.4209814074348406
37,2021-01-11,HD KSOE(Hold),False,8,-0.052631578947368474,-0.05739019897934694,-0.04595637116351699,-0.0016796397967924843,1.4209814074348406
37,2021-01-11,HD KSOE(Hold),False,9,-0.07894736842105265,-0.07728169247131544,-0.06146371569453235,-0.0016796397967924843,1.4209814074348406
37,2021-01-11,HD KSOE(Hold),False,10,-0.04385964912280704,-0.06392405102116905,-0.05557439320375493,-0.0016796397967924843,1.4209814074348406
38,2021-01-12,HD KSOE(Hold),False,1,-0.008547008547008517,-0.014949929020370734,-0.016038659226872462,-0.001616995262365382,1.422576772603005
38,2021-01-12,HD KSOE(Hold),False,2,0.012820512820512775,0.005893339247983853,0.0062000671211745175,-0.001616995262365382,1.422576772603005
38,2021-01-12,HD KSOE(Hold),False,3,-0.02564102564102566,-0.012099951689371946,-0.0015268225742073524,-0.001616995262365382,1.422576772603005
38,2021-01-12,HD KSOE(Hold),False,4,-0.05555555555555558,-0.01900808188009373,0.0029040126419377504,-0.001616995262365382,1.422576772603005
38,2021-01-12,HD KSOE(Hold),False,5,-0.05555555555555558,-0.04417542730534607,-0.03128147312573734,-0.001616995262365382,1.422576772603005
38,2021-01-12,HD KSOE(Hold),False,6,-0.08119658119658124,-0.07681395315415507,-0.0652599847662749,-0.001616995262365382,1.422576772603005
38,2021-01-12,HD KSOE(Hold),False,7,-0.07692307692307687,-0.08733781227116166,-0.0804198706855121,-0.001616995262365382,1.422576772603005
38,2021-01-12,HD KSOE(Hold),False,8,-0.10256410256410253,-0.1065183774645263,-0.0952534000910094,-0.001616995262365382,1.422576772603005
38,2021-01-12,HD KSOE(Hold),False,9,-0.06837606837606836,-0.09418274684908523,-0.09053509238852771,-0.001616995262365382,1.422576772603005
38,2021-01-12,HD KSOE(Hold),False,10,-0.09401709401709402,-0.09786907562987557,-0.0833268809642771,-0.001616995262365382,1.422576772603005
39,2021-01-27,HD KSOE(Hold),False,1,-0.017000000000000015,-0.002255122023255396,0.005349705485413601,-0.001631354164325997,1.4051219246279465
39,2021-01-27,HD KSOE(Hold),False,2,-0.06000000000000005,-0.015450757308233198,0.005859825960424864,-0.001631354164325997,1.4051219246279465
39,2021-01-27,HD KSOE(Hold),False,3,-0.0010000000000000009,0.017764165420002587,0.030260002721969187,-0.001631354164325997,1.4051219246279465
39,2021-01-27,HD KSOE(Hold),False,4,-0.010000000000000009,-0.004166896737699766,0.004721637939780851,-0.001631354164325997,1.4051219246279465
39,2021-01-27,HD KSOE(Hold),False,5,-0.01100000000000001,-0.015719131422994637,-0.009474184206020454,-0.001631354164325997,1.4051219246279465
39,2021-01-27,HD KSOE(Hold),False,6,-0.026000000000000023,-0.0171941649705617,-0.003838603149523473,-0.001631354164325997,1.4051219246279465
39,2021-01-27,HD KSOE(Hold),False,7,-0.018000000000000016,-0.01981381581904218,-0.009129153224291177,-0.001631354164325997,1.4051219246279465
39,2021-01-27,HD KSOE(Hold),False,8,0.004999999999999893,0.01262123673346216,0.028759600141575574,-0.001631354164325997,1.4051219246279465
39,2021-01-27,HD KSOE(Hold),False,9,0.010000000000000009,0.019730399553127165,0.03835458522642292,-0.001631354164325997,1.4051219246279465
39,2021-01-27,HD KSOE(Hold),False,10,0.010000000000000009,0.014622822618443831,0.03280917105810137,-0.001631354164325997,1.4051219246279465
40,2021-02-10,HD KSOE(Hold),False,1,0.028846153846153744,0.016525891357010325,0.013749262363236,-0.0017295272969568693,1.3657516465012012
40,2021-02-10,HD KSOE(Hold),False,2,0.019230769230769162,0.0016832413252136913,-0.0012757413043552601,-0.0017295272969568693,1.3657516465012012
40,2021-02-10,HD KSOE(Hold),False,3,0.004807692307692291,-0.003243904822941124,-0.001000207839564034,-0.0017295272969568693,1.3657516465012012
40,2021-02-10,HD KSOE(Hold),False,4,0.0,0.007089780294013526,0.01660098829770822,-0.0017295272969568693,1.3657516465012012
40,2021-02-10,HD KSOE(Hold),False,5,0.009615384615384581,0.009962796716906142,0.01873749974983644,-0.0017295272969568693,1.3657516465012012
40,2021-02-10,HD KSOE(Hold),False,6,0.0,0.00931257438800781,0.0230958275853278,-0.0017295272969568693,1.3657516465012012
40,2021-02-10,HD KSOE(Hold),False,7,0.07692307692307687,0.08934305955247168,0.10599237972738723,-0.0017295272969568693,1.3657516465012012
40,2021-02-10,HD KSOE(Hold),False,8,0.04807692307692313,0.08465813065565375,0.11187398593423165,-0.0017295272969568693,1.3657516465012012
40,2021-02-10,HD KSOE(Hold),False,9,0.09615384615384626,0.09905216377857673,0.11567797389451717,-0.0017295272969568693,1.3657516465012012
40,2021-02-10,HD KSOE(Hold),False,10,0.07692307692307687,0.10772373314593531,0.13628439684233196,-0.0017295272969568693,1.3657516465012012
41,2021-02-22,HD KSOE(Hold),False,1,0.05660377358490565,0.05633335009520457,0.057647198925537435,-0.0014111994797166042,1.359993318225976
41,2021-02-22,HD KSOE(Hold),False,2,0.028301886792452935,0.052503160063534615,0.06403785569311814,-0.0014111994797166042,1.359993318225976
41,2021-02-22,HD KSOE(Hold),False,3,0.07547169811320753,0.0655572561956117,0.06622172179048748,-0.0014111994797166042,1.359993318225976
41,2021-02-22,HD KSOE(Hold),False,4,0.05660377358490565,0.07495021539824187,0.08719960978313099,-0.0014111994797166042,1.359993318225976
41,2021-02-22,HD KSOE(Hold),False,5,0.04245283018867929,0.050725182482066034,0.060759171432279616,-0.0014111994797166042,1.359993318225976
41,2021-02-22,HD KSOE(Hold),False,6,0.05188679245283012,0.047413401472593986,0.054270207488196255,-0.0014111994797166042,1.359993318225976
41,2021-02-22,HD KSOE(Hold),False,7,0.018867924528301883,0.027264085166371133,0.04016504325284424,-0.0014111994797166042,1.359993318225976
41,2021-02-22,HD KSOE(Hold),False,8,0.009433962264151052,0.023443853899268285,0.03977691711471332,-0.0014111994797166042,1.359993318225976
41,2021-02-22,HD KSOE(Hold),False,9,0.04716981132075482,0.07100291767212297,0.09228347202863402,-0.0014111994797166042,1.359993318225976
41,2021-02-22,HD KSOE(Hold),False,10,0.08962264150943389,0.11996871841396473,0.1450050981311335,-0.0014111994797166042,1.359993318225976
42,2021-03-08,HD KSOE(Hold),False,1,0.022123893805309658,0.026752718271188858,0.03053313274064635,-0.002246884389977668,1.331300115349815
42,2021-03-08,HD KSOE(Hold),False,2,0.022123893805309658,0.03277286569791027,0.04079464009424112,-0.002246884389977668,1.331300115349815
42,2021-03-08,HD KSOE(Hold),False,3,0.017699115044247815,0.009759209493672039,0.013869371038832653,-0.002246884389977668,1.331300115349815
42,2021-03-08,HD KSOE(Hold),False,4,0.03982300884955747,0.018274225588243098,0.02012264876803216,-0.002246884389977668,1.331300115349815
42,2021-03-08,HD KSOE(Hold),False,5,0.07964601769911495,0.06100028330801943,0.06605737130335582,-0.002246884389977668,1.331300115349815
42,2021-03-08,HD KSOE(Hold),False,6,0.0752212389380531,0.04939815100376643,0.05432426533231485,-0.002246884389977668,1.331300115349815
42,2021-03-08,HD KSOE(Hold),False,7,0.04867256637168138,0.029428161764261995,0.03878067902782911,-0.002246884389977668,1.331300115349815
42,2021-03-08,HD KSOE(Hold),False,8,0.04867256637168138,0.023237443493783205,0.03278585947022017,-0.002246884389977668,1.331300115349815
42,2021-03-08,HD KSOE(Hold),False,9,0.04424778761061954,0.02766897050269823,0.04239836599227943,-0.002246884389977668,1.331300115349815
42,2021-03-08,HD KSOE(Hold),False,10,0.03539823008849563,0.020180635204283037,0.03760788816357333,-0.002246884389977668,1.331300115349815
43,2021-03-09,HD KSOE(Hold),False,1,0.004347826086956497,0.01194320444683794,0.016730721367815407,-0.0022858185987143873,1.3293711259306016
43,2021-03-09,HD KSOE(Hold),False,2,0.0,-0.011050872931735345,-0.010119074194348248,-0.0022858185987143873,1.3293711259306016
43,2021-03-09,HD KSOE(Hold),False,3,0.021739130434782705,-0.0029626234803261653,-0.004241212183663058,-0.0022858185987143873,1.3293711259306016
43,2021-03-09,HD KSOE(Hold),False,4,0.0608695652173914,0.03907982032011703,0.04104618190441874,-0.0022858185987143873,1.3293711259306016
43,2021-03-09,HD KSOE(Hold),False,5,0.05652173913043468,0.027532488066947636,0.029413358797853957,-0.0022858185987143873,1.3293711259306016
43,2021-03-09,HD KSOE(Hold),False,6,0.0304347826086957,0.008044519722720356,0.014384725218370819,-0.0022858185987143873,1.3293711259306016
43,2021-03-09,HD KSOE(Hold),False,7,0.0304347826086957,0.0018346940406794854,0.008415380858317771,-0.0022858185987143873,1.3293711259306016
43,2021-03-09,HD KSOE(Hold),False,8,0.026086956521739202,0.006370508367577132,0.018163028429403538,-0.0022858185987143873,1.3293711259306016
43,2021-03-09,HD KSOE(Hold),False,9,0.017391304347825987,-0.0009597202230886559,0.013568349540438538,-0.0022858185987143873,1.3293711259306016
43,2021-03-09,HD KSOE(Hold),False,10,0.008695652173912993,0.0006507240347808363,0.02085914298270797,-0.0022858185987143873,1.3293711259306016
44,2021-03-15,HD KSOE(Hold),False,1,-0.01619433198380571,-0.022077784527562705,-0.0216034169309081,-0.0024264739047701223,1.3317960489350629
44,2021-03-15,HD KSOE(Hold),False,2,-0.04048582995951422,-0.039918473610534355,-0.03487727920606437,-0.0024264739047701223,1.3317960489350629
44,2021-03-15,HD KSOE(Hold),False,3,-0.04048582995951422,-0.045988858592972526,-0.040535320036420144,-0.0024264739047701223,1.3317960489350629
44,2021-03-15,HD KSOE(Hold),False,4,-0.04453441295546556,-0.04135328198141641,-0.030591899674001465,-0.0024264739047701223,1.3317960489350629
44,2021-03-15,HD KSOE(Hold),False,5,-0.052631578947368474,-0.048115684770805855,-0.03448495940176291,-0.0024264739047701223,1.3317960489350629
44,2021-03-15,HD KSOE(Hold),False,6,-0.06072874493927127,-0.04613817617273008,-0.026738239675655646,-0.0024264739047701223,1.3317960489350629
44,2021-03-15,HD KSOE(Hold),False,7,-0.04858299595141702,-0.031240912868146786,-0.008501560887423279,-0.0024264739047701223,1.3317960489350629
44,2021-03-15,HD KSOE(Hold),False,8,-0.04048582995951422,-0.027072607605018173,-0.0032103621861479456,-0.0024264739047701223,1.3317960489350629
44,2021-03-15,HD KSOE(Hold),False,9,0.06882591093117418,0.07152167346794569,0.09425438196944474,-0.0024264739047701223,1.3317960489350629
44,2021-03-15,HD KSOE(Hold),False,10,0.08502024291497978,0.08934592513639306,0.11504590845410785,-0.0024264739047701223,1.3317960489350629
45,2021-03-26,HD KSOE(Hold),False,1,0.0037453183520599342,0.007574422827223315,0.011306312142453324,-0.0023930599096780537,1.3496455670603844
45,2021-03-26,HD KSOE(Hold),False,2,0.0074906367041198685,0.00017694872199558453,0.0024058699595391284,-0.0023930599096780537,1.3496455670603844
45,2021-03-26,HD KSOE(Hold),False,3,0.0,-0.004498459499099328,0.001107853807474076,-0.0023930599096780537,1.3496455670603844
45,2021-03-26,HD KSOE(Hold),False,4,-0.03745318352059923,-0.05047607611864835,-0.0454572331471475,-0.0023930599096780537,1.3496455670603844
45,2021-03-26,HD KSOE(Hold),False,5,-0.014981273408239737,-0.03633829228470775,-0.03184037971209948,-0.0023930599096780537,1.3496455670603844
45,2021-03-26,HD KSOE(Hold),False,6,-0.0037453183520599342,-0.02773710234725635,-0.021767363808978736,-0.0023930599096780537,1.3496455670603844
45,2021-03-26,HD KSOE(Hold),False,7,-0.02621722846441943,-0.052259732508439405,-0.04461395923483674,-0.0023930599096780537,1.3496455670603844
45,2021-03-26,HD KSOE(Hold),False,8,-0.0449438202247191,-0.07437575436543453,-0.06552202039032444,-0.0023930599096780537,1.3496455670603844
45,2021-03-26,HD KSOE(Hold),False,9,-0.02621722846441943,-0.057568636570833776,-0.046992978249240064,-0.0023930599096780537,1.3496455670603844
45,2021-03-26,HD KSOE(Hold),False,10,-0.041198501872659166,-0.06881595891417558,-0.054541681245441856,-0.0023930599096780537,1.3496455670603844
46,2021-04-01,HD KSOE(Hold),False,1,0.011538461538461497,0.00893597242511146,0.010224081281764434,-0.0020378300058129088,1.2880784958192815
46,2021-04-01,HD KSOE(Hold),False,2,0.023076923076922995,0.017888049362063008,0.020468906438915753,-0.0020378300058129088,1.2880784958192815
46,2021-04-01,HD KSOE(Hold),False,3,0.0,-0.007201937694864657,-0.0031631710555467245,-0.0020378300058129088,1.2880784958192815
46,2021-04-01,HD KSOE(Hold),False,4,-0.019230769230769273,-0.029759899071785445,-0.02464179493541966,-0.0020378300058129088,1.2880784958192815
46,2021-04-01,HD KSOE(Hold),False,5,0.0,-0.012413357726300811,-0.005800229119095661,-0.0020378300058129088,1.2880784958192815
46,2021-04-01,HD KSOE(Hold),False,6,-0.01538461538461533,-0.024132586216123686,-0.014425708459858109,-0.0020378300058129088,1.2880784958192815
46,2021-04-01,HD KSOE(Hold),False,7,0.011538461538461497,0.0015955359284225423,0.01299600291532987,-0.0020378300058129088,1.2880784958192815
46,2021-04-01,HD KSOE(Hold),False,8,0.023076923076922995,0.002347195436427141,0.012678046725512981,-0.0020378300058129088,1.2880784958192815
46,2021-04-01,HD KSOE(Hold),False,9,0.026923076923076827,0.0019095491331311276,0.013044159724585957,-0.0020378300058129088,1.2880784958192815
46,2021-04-01,HD KSOE(Hold),False,10,0.034615384615384714,0.005752878495670188,0.01781651120525711,-0.0020378300058129088,1.2880784958192815
47,2021-04-12,HD KSOE(Hold),False,1,-0.0037453183520599342,-0.013582136155839697,-0.015064377055684974,-0.0012479180256220756,1.277544931697149
47,2021-04-12,HD KSOE(Hold),False,2,0.0,-0.014074902571848291,-0.015485484393551801,-0.0012479180256220756,1.277544931697149
47,2021-04-12,HD KSOE(Hold),False,3,0.0074906367041198685,-0.010392169099188386,-0.011611697137554729,-0.0012479180256220756,1.277544931697149
47,2021-04-12,HD KSOE(Hold),False,4,0.02621722846441954,0.00696740133366669,0.006616381479968264,-0.0012479180256220756,1.277544931697149
47,2021-04-12,HD KSOE(Hold),False,5,0.04868913857677892,0.029369207788208396,0.03024664904521132,-0.0012479180256220756,1.277544931697149
47,2021-04-12,HD KSOE(Hold),False,6,0.04119850187265928,0.014912816720932698,0.015104866184616435,-0.0012479180256220756,1.277544931697149
47,2021-04-12,HD KSOE(Hold),False,7,0.014981273408239737,0.004322330890052628,0.010099421596233078,-0.0012479180256220756,1.277544931697149
47,2021-04-12,HD KSOE(Hold),False,8,0.05243445692883886,0.03990820788878091,0.046414955159513153,-0.0012479180256220756,1.277544931697149
47,2021-04-12,HD KSOE(Hold),False,9,0.05617977528089879,0.040919483585951655,0.04791532920039766,-0.0012479180256220756,1.277544931697149
47,2021-04-12,HD KSOE(Hold),False,10,0.12734082397003754,0.1020652687968655,0.1075293468189407,-0.0012479180256220756,1.277544931697149
48,2021-04-16,HD KSOE(Hold),False,1,0.01449275362318847,0.015201882644059306,0.016870974963166006,-0.0014837788467958353,1.2613254666736025
48,2021-04-16,HD KSOE(Hold),False,2,0.007246376811594235,0.0011266246006425007,0.002494935191780399,-0.0014837788467958353,1.2613254666736025
48,2021-04-16,HD KSOE(Hold),False,3,-0.018115942028985477,-0.008916008256012908,-0.0020604947290371114,-0.0014837788467958353,1.2613254666736025
48,2021-04-16,HD KSOE(Hold),False,4,0.018115942028985588,0.025485260796538123,0.03334616684971867,-0.0014837788467958353,1.2613254666736025
48,2021-04-16,HD KSOE(Hold),False,5,0.021739130434782705,0.02642812893842683,0.03507237789460263,-0.0014837788467958353,1.2613254666736025
48,2021-04-16,HD KSOE(Hold),False,6,0.0905797101449275,0.08545023943008179,0.09301245118251117,-0.0014837788467958353,1.2613254666736025
48,2021-04-16,HD KSOE(Hold),False,7,0.08695652173913038,0.08248619738289142,0.09170443971188576,-0.0014837788467958353,1.2613254666736025
48,2021-04-16,HD KSOE(Hold),False,8,0.07971014492753614,0.0858455167204456,0.09931907639181041,-0.0014837788467958353,1.2613254666736025
48,2021-04-16,HD KSOE(Hold),False,9,0.0905797101449275,0.09902678006754806,0.11458822417826395,-0.0014837788467958353,1.2613254666736025
48,2021-04-16,HD KSOE(Hold),False,10,0.1123188405797102,0.12895369536445678,0.14813859502208665,-0.0014837788467958353,1.2613254666736025
49,2021-04-19,HD KSOE(Hold),False,1,0.0,-0.007000572177181086,-0.0074685938346290975,-0.0012401021659657397,1.2439977447817072
49,2021-04-19,HD KSOE(Hold),False,2,-0.025179856115107868,-0.01684733050001741,-0.01233400870966805,-0.0012401021659657397,1.2439977447817072
49,2021-04-19,HD KSOE(Hold),False,3,0.010791366906474753,0.017291674881624086,0.022598041865844288,-0.0012401021659657397,1.2439977447817072
49,2021-04-19,HD KSOE(Hold),False,4,0.014388489208633004,0.018206130400387432,0.02409803490542422,-0.0012401021659657397,1.2439977447817072
49,2021-04-19,HD KSOE(Hold),False,5,0.08273381294964022,0.07672438922273428,0.08145861421576024,-0.0012401021659657397,1.2439977447817072
49,2021-04-19,HD KSOE(Hold),False,6,0.07913669064748197,0.07378699033700542,0.07992228852178558,-0.0012401021659657397,1.2439977447817072
49,2021-04-19,HD KSOE(Hold),False,7,0.07194244604316546,0.07720772676954912,0.0871731585541895,-0.0012401021659657397,1.2439977447817072
49,2021-04-19,HD KSOE(Hold),False,8,0.08273381294964022,0.09031281561042037,0.10208289249507121,-0.0012401021659657397,1.2439977447817072
49,2021-04-19,HD KSOE(Hold),False,9,0.10431654676258995,0.12009050238290186,0.13510023147423636,-0.0012401021659657397,1.2439977447817072
49,2021-04-19,HD KSOE(Hold),False,10,0.1007194244604317,0.12295304158947806,0.14077901568696272,-0.0012401021659657397,1.2439977447817072
50,2021-04-23,HD KSOE(Hold),False,1,0.056140350877192935,0.047933766809058476,0.04686582225396274,-0.0006825852429032551,1.2133079711930532
50,2021-04-23,HD KSOE(Hold),False,2,0.05263157894736836,0.04508615915505554,0.044841831453163894,-0.0006825852429032551,1.2133079711930532
50,2021-04-23,HD KSOE(Hold),False,3,0.04561403508771922,0.048706779828173175,0.05141424266288716,-0.0006825852429032551,1.2133079711930532
50,2021-04-23,HD KSOE(Hold),False,4,0.056140350877192935,0.06155187080299207,0.06543653211104808,-0.0006825852429032551,1.2133079711930532
50,2021-04-23,HD KSOE(Hold),False,5,0.07719298245614037,0.09081735341003438,0.09713646655150736,-0.0006825852429032551,1.2133079711930532
50,2021-04-23,HD KSOE(Hold),False,6,0.0736842105263158,0.09378235111929567,0.10216495617135649,-0.0006825852429032551,1.2133079711930532
50,2021-04-23,HD KSOE(Hold),False,7,0.05263157894736836,0.0664094904202921,0.07412652546418173,-0.0006825852429032551,1.2133079711930532
50,2021-04-23,HD KSOE(Hold),False,8,0.0736842105263158,0.07763239530136334,0.08393525652885007,-0.0006825852429032551,1.2133079711930532
50,2021-04-23,HD KSOE(Hold),False,9,0.08421052631578951,0.08237430704739457,0.08812589402671694,-0.0006825852429032551,1.2133079711930532
50,2021-04-23,HD KSOE(Hold),False,10,0.11929824561403501,0.10113659564881661,0.10408842337025004,-0.0006825852429032551,1.2133079711930532
51,2021-04-29,HD KSOE(Hold),False,1,-0.0032467532467532756,0.005747620940620535,0.007918785983263552,-0.0003707022683334063,1.2001765477844004
51,2021-04-29,HD KSOE(Hold),False,2,-0.00649350649350644,0.009005024876616585,0.01284887191868286,-0.0003707022683334063,1.2001765477844004
51,2021-04-29,HD KSOE(Hold),False,3,-0.025974025974025983,-0.016825390556277187,-0.013881941496413917,-0.0003707022683334063,1.2001765477844004
51,2021-04-29,HD KSOE(Hold),False,4,-0.00649350649350644,-0.007220738008131389,-0.0058835036288354065,-0.0003707022683334063,1.2001765477844004
51,2021-04-29,HD KSOE(Hold),False,5,0.0032467532467532756,-0.0032920340081208366,-0.0027474345258311408,-0.0003707022683334063,1.2001765477844004
51,2021-04-29,HD KSOE(Hold),False,6,0.03571428571428581,0.012773437025663581,0.010405430741931333,-0.0003707022683334063,1.2001765477844004
51,2021-04-29,HD KSOE(Hold),False,7,0.04220779220779214,0.031818770570293475,0.0323340479623754,-0.0003707022683334063,1.2001765477844004
51,2021-04-29,HD KSOE(Hold),False,8,-0.0032467532467532756,0.00140312098312112,0.005299534900756275,-0.0003707022683334063,1.2001765477844004
51,2021-04-29,HD KSOE(Hold),False,9,-0.03246753246753242,-0.015366573214534607,-0.008607041812467148,-0.0003707022683334063,1.2001765477844004
51,2021-04-29,HD KSOE(Hold),False,10,-0.0357142857142857,-0.028438822379661666,-0.02327542256247058,-0.0003707022683334063,1.2001765477844004
52,2021-05-03,HD KSOE(Hold),False,1,-0.016393442622950838,-0.02149660767106054,-0.022180929151021052,-0.0003601836983165322,1.2046779142806567
52,2021-05-03,HD KSOE(Hold),False,2,0.003278688524590123,-0.011842391890177772,-0.014216975694509491,-0.0003601836983165322,1.2046779142806567
52,2021-05-03,HD KSOE(Hold),False,3,0.013114754098360715,-0.007901471922671544,-0.011122478135757695,-0.0003601836983165322,1.2046779142806567
52,2021-05-03,HD KSOE(Hold),False,4,0.04590163934426239,0.008247434661996511,0.0019811853769995183,-0.0003601836983165322,1.2046779142806567
52,2021-05-03,HD KSOE(Hold),False,5,0.05245901639344264,0.027537176571510447,0.024237144868303414,-0.0003601836983165322,1.2046779142806567
52,2021-05-03,HD KSOE(Hold),False,6,0.006557377049180246,-0.0031092566182964188,-0.002926700845571525,-0.0003601836983165322,1.2046779142806567
52,2021-05-03,HD KSOE(Hold),False,7,-0.022950819672131195,-0.01998727951903634,-0.01685942241339818,-0.0003601836983165322,1.2046779142806567
52,2021-05-03,HD KSOE(Hold),False,8,-0.02622950819672132,-0.03323278789040385,-0.03178473498469861,-0.0003601836983165322,1.2046779142806567
52,2021-05-03,HD KSOE(Hold),False,9,0.003278688524590123,0.0022791324169191274,0.005316198642443326,-0.0003601836983165322,1.2046779142806567
52,2021-05-03,HD KSOE(Hold),False,10,0.009836065573770592,-0.0034679304152311907,-0.0025891275826929756,-0.0003601836983165322,1.2046779142806567
53,2021-05-11,HD KSOE(Hold),False,1,-0.03459119496855345,-0.01972841858946217,-0.016771321441425863,1.9040109017717563e-05,1.2002410035073128
53,2021-05-11,HD KSOE(Hold),False,2,-0.06289308176100628,-0.03570697612000617,-0.030301283263031928,1.9040109017717563e-05,1.2002410035073128
53,2021-05-11,HD KSOE(Hold),False,3,-0.06603773584905659,-0.04857631051814948,-0.04513693751427378,1.9040109017717563e-05,1.2002410035073128
53,2021-05-11,HD KSOE(Hold),False,4,-0.037735849056603765,-0.014416557982994016,-0.009823240173406148,1.9040109017717563e-05,1.2002410035073128
53,2021-05-11,HD KSOE(Hold),False,5,-0.03144654088050314,-0.020132758693400477,-0.017962476139880466,1.9040109017717563e-05,1.2002410035073128
53,2021-05-11,HD KSOE(Hold),False,6,-0.08176100628930816,-0.06709141484428482,-0.06426820178639736,1.9040109017717563e-05,1.2002410035073128
53,2021-05-11,HD KSOE(Hold),False,7,-0.10062893081761004,-0.08413343015704222,-0.0809636353145386,1.9040109017717563e-05,1.2002410035073128
53,2021-05-11,HD KSOE(Hold),False,8,-0.0691823899371069,-0.04891043540411588,-0.04500347975751688,1.9040109017717563e-05,1.2002410035073128
53,2021-05-11,HD KSOE(Hold),False,9,-0.07861635220125784,-0.06676352173038513,-0.06456146004365498,1.9040109017717563e-05,1.2002410035073128
53,2021-05-11,HD KSOE(Hold),False,10,-0.07861635220125784,-0.06586303066674615,-0.06349969385480128,1.9040109017717563e-05,1.2002410035073128
54,2021-06-01,HD KSOE(Hold),False,1,0.0,5.272298722247548e-05,0.00045033065240338287,-0.0003885390154292703,1.172005613289134
54,2021-06-01,HD KSOE(Hold),False,2,-0.026755852842809347,-0.03389826693535358,-0.03434972422084807,-0.0003885390154292703,1.172005613289134
54,2021-06-01,HD KSOE(Hold),False,3,-0.03344481605351168,-0.03830773628673323,-0.03797856881753683,-0.0003885390154292703,1.172005613289134
54,2021-06-01,HD KSOE(Hold),False,4,-0.04347826086956519,-0.05207520913901065,-0.051999776436794494,-0.0003885390154292703,1.172005613289134
54,2021-06-01,HD KSOE(Hold),False,5,-0.0635451505016722,-0.07081161868179864,-0.07011879692042092,-0.0003885390154292703,1.172005613289134
54,2021-06-01,HD KSOE(Hold),False,6,-0.07692307692307687,-0.0743737654232629,-0.07160403544269674,-0.0003885390154292703,1.172005613289134
54,2021-06-01,HD KSOE(Hold),False,7,-0.07023411371237454,-0.07030854616492377,-0.06760157585656822,-0.0003885390154292703,1.172005613289134
54,2021-06-01,HD KSOE(Hold),False,8,-0.0635451505016722,-0.07127372015804245,-0.06949476539820004,-0.0003885390154292703,1.172005613289134
54,2021-06-01,HD KSOE(Hold),False,9,-0.0735785953177257,-0.08217864493936067,-0.08016105060998355,-0.0003885390154292703,1.172005613289134
54,2021-06-01,HD KSOE(Hold),False,10,-0.08695652173913049,-0.09757245028397599,-0.09551305942967306,-0.0003885390154292703,1.172005613289134
55,2021-06-03,HD KSOE(Hold),False,1,-0.0068728522336769515,-0.004996795218794703,-0.004424567659398436,-0.0002602164105103352,1.1663121890277497
55,2021-06-03,HD KSOE(Hold),False,2,-0.01718213058419249,-0.01901505985160601,-0.01879946550938191,-0.0002602164105103352,1.1663121890277497
55,2021-06-03,HD KSOE(Hold),False,3,-0.037800687285223344,-0.03831205914806468,-0.03761645729045002,-0.0002602164105103352,1.1663121890277497
55,2021-06-03,HD KSOE(Hold),False,4,-0.05154639175257736,-0.04230781213413459,-0.03973045809224288,-0.0002602164105103352,1.1663121890277497
55,2021-06-03,HD KSOE(Hold),False,5,-0.044673539518900296,-0.038041108068914586,-0.035636971823339296,-0.0002602164105103352,1.1663121890277497
55,2021-06-03,HD KSOE(Hold),False,6,-0.037800687285223344,-0.03877106160326582,-0.03737114821721377,-0.0002602164105103352,1.1663121890277497
55,2021-06-03,HD KSOE(Hold),False,7,-0.04810996563573888,-0.049945975456543,-0.04842981139534504,-0.0002602164105103352,1.1663121890277497
55,2021-06-03,HD KSOE(Hold),False,8,-0.061855670103092786,-0.0656940396277943,-0.06425067598166213,-0.0002602164105103352,1.1663121890277497
55,2021-06-03,HD KSOE(Hold),False,9,-0.054982817869415834,-0.06499769694229252,-0.06432134570915782,-0.0002602164105103352,1.1663121890277497
55,2021-06-03,HD KSOE(Hold),False,10,-0.07903780068728528,-0.08482616050824354,-0.08318667119584404,-0.0002602164105103352,1.1663121890277497
56,2021-06-21,HD KSOE(Hold),False,1,-0.02877697841726623,-0.03435035192571867,-0.03530026976015709,0.0006380989739468388,1.055947956837755
56,2021-06-21,HD KSOE(Hold),False,2,-0.0539568345323741,-0.06332281323093436,-0.06512301855079843,0.0006380989739468388,1.055947956837755
56,2021-06-21,HD KSOE(Hold),False,3,-0.046762589928057596,-0.05918175444578677,-0.061790878248026176,0.0006380989739468388,1.055947956837755
56,2021-06-21,HD KSOE(Hold),False,4,-0.03597122302158273,-0.053547837651611196,-0.05708360922407324,0.0006380989739468388,1.055947956837755
56,2021-06-21,HD KSOE(Hold),False,5,-0.021582733812949617,-0.038866661608648045,-0.04302415692468285,0.0006380989739468388,1.055947956837755
56,2021-06-21,HD KSOE(Hold),False,6,-0.03237410071942448,-0.04497195825179712,-0.04950537648494752,0.0006380989739468388,1.055947956837755
56,2021-06-21,HD KSOE(Hold),False,7,-0.03597122302158273,-0.05164999459953434,-0.05699388265267447,0.0006380989739468388,1.055947956837755
56,2021-06-21,HD KSOE(Hold),False,8,-0.05035971223021585,-0.06153418747353101,-0.06726416832370327,0.0006380989739468388,1.055947956837755
56,2021-06-21,HD KSOE(Hold),False,9,-0.025179856115107868,-0.03626806576514696,-0.042631319205576876,0.0006380989739468388,1.055947956837755
56,2021-06-21,HD KSOE(Hold),False,10,-0.043165467625899234,-0.05777516203003508,-0.06497353432143885,0.0006380989739468388,1.055947956837755
57,2021-06-29,HD KSOE(Hold),False,1,-0.011070110701106972,-0.01351793851998584,-0.014510092742015012,0.0008485114205573257,1.058681742385638
57,2021-06-29,HD KSOE(Hold),False,2,-0.02583025830258301,-0.023832465908789846,-0.02541225481131194,0.0008485114205573257,1.058681742385638
57,2021-06-29,HD KSOE(Hold),False,3,0.0,0.0020829342309715004,-0.0003403698207523798,0.0008485114205573257,1.058681742385638
57,2021-06-29,HD KSOE(Hold),False,4,-0.01845018450184499,-0.019842861695691605,-0.02331863210223657,0.0008485114205573257,1.058681742385638
57,2021-06-29,HD KSOE(Hold),False,5,-0.01845018450184499,-0.023491797574765938,-0.028030205317105778,0.0008485114205573257,1.058681742385638
57,2021-06-29,HD KSOE(Hold),False,6,-0.047970479704797064,-0.04697006311795093,-0.05200242545286726,0.0008485114205573257,1.058681742385638
57,2021-06-29,HD KSOE(Hold),False,7,-0.07011070110701112,-0.059179097369284395,-0.06447719175878652,0.0008485114205573257,1.058681742385638
57,2021-06-29,HD KSOE(Hold),False,8,-0.08118081180811809,-0.05968857948037054,-0.06521546920407997,0.0008485114205573257,1.058681742385638
57,2021-06-29,HD KSOE(Hold),False,9,-0.0627306273062731,-0.04991069925112546,-0.0567950063206068,0.0008485114205573257,1.058681742385638
57,2021-06-29,HD KSOE(Hold),False,10,-0.059040590405904037,-0.053795245079734766,-0.06197255328215405,0.0008485114205573257,1.058681742385638
58,2021-07-01,HD KSOE(Hold),False,1,0.018796992481203034,0.01911074807473412,0.018514011169159565,0.0006151754249746679,1.0587671416232034
58,2021-07-01,HD KSOE(Hold),False,2,0.0,-0.00316801764342145,-0.004584543834886542,0.0006151754249746679,1.0587671416232034
58,2021-07-01,HD KSOE(Hold),False,3,0.0,-0.006823422616599739,-0.009069941934788429,0.0006151754249746679,1.0587671416232034
58,2021-07-01,HD KSOE(Hold),False,4,-0.03007518796992481,-0.030845869185103236,-0.03335186161712064,0.0006151754249746679,1.0587671416232034
58,2021-07-01,HD KSOE(Hold),False,5,-0.052631578947368474,-0.04345346629387947,-0.04598997197261151,0.0006151754249746679,1.0587671416232034
58,2021-07-01,HD KSOE(Hold),False,6,-0.06390977443609025,-0.044152310556060614,-0.0466822734279556,0.0006151754249746679,1.0587671416232034
58,2021-07-01,HD KSOE(Hold),False,7,-0.045112781954887216,-0.03404299722777837,-0.037698685595804665,0.0006151754249746679,1.0587671416232034
58,2021-07-01,HD KSOE(Hold),False,8,-0.041353383458646586,-0.03787161022169416,-0.04258839976057564,0.0006151754249746679,1.0587671416232034
58,2021-07-01,HD KSOE(Hold),False,9,-0.041353383458646586,-0.03587027599887893,-0.04108462827102753,0.0006151754249746679,1.0587671416232034
58,2021-07-01,HD KSOE(Hold),False,10,-0.041353383458646586,-0.04239212770519152,-0.04860492598518519,0.0006151754249746679,1.0587671416232034
59,2021-07-02,HD KSOE(Hold),False,1,-0.022058823529411797,-0.024469569612710296,-0.025114321287240803,0.00048680413115299105,1.0655181167654975
59,2021-07-02,HD KSOE(Hold),False,2,-0.022058823529411797,-0.028122215193465805,-0.02949308545881222,0.00048680413115299105,1.0655181167654975
59,2021-07-02,HD KSOE(Hold),False,3,-0.05147058823529416,-0.051485807591880706,-0.052947217128921614,0.00048680413115299105,1.0655181167654975
59,2021-07-02,HD KSOE(Hold),False,4,-0.07352941176470584,-0.06360334739900297,-0.06490022687948098,0.00048680413115299105,1.0655181167654975
59,2021-07-02,HD KSOE(Hold),False,5,-0.0845588235294118,-0.06406139407873923,-0.06515246175836248,0.00048680413115299105,1.0655181167654975
59,2021-07-02,HD KSOE(Hold),False,6,-0.06617647058823528,-0.05436016213449146,-0.05650680464439989,0.00048680413115299105,1.0655181167654975
59,2021-07-02,HD KSOE(Hold),False,7,-0.0625,-0.05826597499764108,-0.06139619857121943,0.00048680413115299105,1.0655181167654975
59,2021-07-02,HD KSOE(Hold),False,8,-0.0625,-0.0562661515421774,-0.05975215458024329,0.00048680413115299105,1.0655181167654975
59,2021-07-02,HD KSOE(Hold),False,9,-0.0625,-0.06278308003250843,-0.06718286408350922,0.00048680413115299105,1.0655181167654975
59,2021-07-02,HD KSOE(Hold),False,10,-0.07352941176470584,-0.07097864760081163,-0.07567956764801027,0.00048680413115299105,1.0655181167654975
60,2021-07-14,HD KSOE(Hold),False,1,-0.011627906976744207,-0.016794103108673353,-0.018003436087489614,0.0008166972026402747,1.076000942695408
60,2021-07-14,HD KSOE(Hold),False,2,-0.023255813953488413,-0.025574331814946172,-0.027383935763353653,0.0008166972026402747,1.076000942695408
60,2021-07-14,HD KSOE(Hold),False,3,-0.046511627906976716,-0.03877609799717874,-0.04063828203970639,0.0008166972026402747,1.076000942695408
60,2021-07-14,HD KSOE(Hold),False,4,-0.050387596899224785,-0.03918346638930381,-0.04159873071902853,0.0008166972026402747,1.076000942695408
60,2021-07-14,HD KSOE(Hold),False,5,-0.007751937984496138,0.008587801350474655,0.005746150930128301,0.0008166972026402747,1.076000942695408
60,2021-07-14,HD KSOE(Hold),False,6,-0.003875968992248069,0.001972324083091448,-0.00248338334586537,0.0008166972026402747,1.076000942695408
60,2021-07-14,HD KSOE(Hold),False,7,0.023255813953488413,0.027816381409205615,0.022446108416584197,0.0008166972026402747,1.076000942695408
60,2021-07-14,HD KSOE(Hold),False,8,0.015503875968992276,0.029078522762066128,0.02357663109397474,0.0008166972026402747,1.076000942695408
60,2021-07-14,HD KSOE(Hold),False,9,0.007751937984496138,0.01900806691611201,0.0125132685022534,0.0008166972026402747,1.076000942695408
60,2021-07-14,HD KSOE(Hold),False,10,0.03100775193798455,0.04093945048172276,0.03352729690721073,0.0008166972026402747,1.076000942695408
61,2021-07-15,HD KSOE(Hold),False,1,0.0,0.0018215657545638253,0.0011579687506722077,0.0007778671307128743,1.0627318154916778
61,2021-07-15,HD KSOE(Hold),False,2,-0.023809523809523836,-0.011975438598018195,-0.012788799209442979,0.0007778671307128743,1.0627318154916778
61,2021-07-15,HD KSOE(Hold),False,3,-0.02777777777777779,-0.012489419045075834,-0.013863953938024016,0.0007778671307128743,1.0627318154916778
61,2021-07-15,HD KSOE(Hold),False,4,0.015873015873015817,0.03627577076276234,0.034444204095176345,0.0007778671307128743,1.0627318154916778
61,2021-07-15,HD KSOE(Hold),False,5,0.01984126984126977,0.02979591346320043,0.02653105067661242,0.0007778671307128743,1.0627318154916778
61,2021-07-15,HD KSOE(Hold),False,6,0.04761904761904767,0.05629128458099275,0.05216810696571235,0.0007778671307128743,1.0627318154916778
61,2021-07-15,HD KSOE(Hold),False,7,0.039682539682539764,0.05733162326438379,0.05299371240424711,0.0007778671307128743,1.0627318154916778
61,2021-07-15,HD KSOE(Hold),False,8,0.031746031746031855,0.04708617412058591,0.041825552055939505,0.0007778671307128743,1.0627318154916778
61,2021-07-15,HD KSOE(Hold),False,9,0.05555555555555558,0.0695767381111696,0.06345550817180765,0.0007778671307128743,1.0627318154916778
61,2021-07-15,HD KSOE(Hold),False,10,0.0714285714285714,0.08368606406463286,0.07667632752394013,0.0007778671307128743,1.0627318154916778
62,2021-07-23,HD KSOE(Hold),False,1,-0.015037593984962405,-0.002471725748991127,-0.0023216523206738247,0.00039724946888537277,1.0435563135729768
62,2021-07-23,HD KSOE(Hold),False,2,-0.022556390977443663,-0.012311411660299476,-0.012659677066384028,0.00039724946888537277,1.0435563135729768
62,2021-07-23,HD KSOE(Hold),False,3,0.0,0.008919194486204707,0.008115933311408087,0.00039724946888537277,1.0435563135729768
62,2021-07-23,HD KSOE(Hold),False,4,0.015037593984962516,0.022183972265361285,0.020906244283111955,0.00039724946888537277,1.0435563135729768
62,2021-07-23,HD KSOE(Hold),False,5,-0.018796992481203034,0.0006978620651978407,-0.00043926128154641447,0.00039724946888537277,1.0435563135729768
62,2021-07-23,HD KSOE(Hold),False,6,-0.022556390977443663,-0.009405707723667667,-0.01121640925347954,0.00039724946888537277,1.0435563135729768
62,2021-07-23,HD KSOE(Hold),False,7,-0.02631578947368418,-0.017482327031974387,-0.019878320254125774,0.00039724946888537277,1.0435563135729768
62,2021-07-23,HD KSOE(Hold),False,8,-0.003759398496240629,-0.008165413211533745,-0.011535318721163184,0.00039724946888537277,1.0435563135729768
62,2021-07-23,HD KSOE(Hold),False,9,-0.022556390977443663,-0.025661115731652973,-0.02937159131657345,0.00039724946888537277,1.0435563135729768
62,2021-07-23,HD KSOE(Hold),False,10,-0.022556390977443663,-0.023894423243311036,-0.027925197685107643,0.00039724946888537277,1.0435563135729768
63,2021-08-06,HD KSOE(Hold),False,1,-0.03100775193798455,-0.0317198233906717,-0.03221373450269604,0.0004872281088836359,1.009385298505486
63,2021-08-06,HD KSOE(Hold),False,2,-0.03488372093023251,-0.030307434137316402,-0.031238940537485445,0.0004872281088836359,1.009385298505486
63,2021-08-06,HD KSOE(Hold),False,3,-0.06201550387596899,-0.05051186678686792,-0.051865586045538835,0.0004872281088836359,1.009385298505486
63,2021-08-06,HD KSOE(Hold),False,4,-0.06976744186046513,-0.05450701400373892,-0.05631270276851665,0.0004872281088836359,1.009385298505486
63,2021-08-06,HD KSOE(Hold),False,5,-0.07751937984496127,-0.05087501656574944,-0.053061091807303604,0.0004872281088836359,1.009385298505486
63,2021-08-06,HD KSOE(Hold),False,6,-0.10465116279069764,-0.06935144823313344,-0.07194351852815406,0.0004872281088836359,1.009385298505486
63,2021-08-06,HD KSOE(Hold),False,7,-0.0968992248062015,-0.06646123947732885,-0.06958616666129722,0.0004872281088836359,1.009385298505486
63,2021-08-06,HD KSOE(Hold),False,8,-0.14341085271317833,-0.09421960628120873,-0.09765575662065686,0.0004872281088836359,1.009385298505486
63,2021-08-06,HD KSOE(Hold),False,9,-0.15116279069767447,-0.09051701555265135,-0.09433288982977145,0.0004872281088836359,1.009385298505486
63,2021-08-06,HD KSOE(Hold),False,10,-0.10465116279069764,-0.05312112994947116,-0.057509786298095104,0.0004872281088836359,1.009385298505486
64,2021-08-24,HD KSOE(Hold),False,1,-0.02066115702479343,-0.020241860490025076,-0.020444113831259422,0.00022017600922808253,1.042744612720541
64,2021-08-24,HD KSOE(Hold),False,2,-0.03305785123966942,-0.026831932996140728,-0.02700616055044751,0.00022017600922808253,1.042744612720541
64,2021-08-24,HD KSOE(Hold),False,3,-0.02892561983471076,-0.024405476130352932,-0.024872792365953213,0.00022017600922808253,1.042744612720541
64,2021-08-24,HD KSOE(Hold),False,4,-0.02892561983471076,-0.027674083208205524,-0.028501290796712316,0.00022017600922808253,1.042744612720541
64,2021-08-24,HD KSOE(Hold),False,5,-0.02066115702479343,-0.036905721258163604,-0.03870096891127338,0.00022017600922808253,1.042744612720541
64,2021-08-24,HD KSOE(Hold),False,6,-0.05785123966942152,-0.0765575828001055,-0.07867823424801262,0.00022017600922808253,1.042744612720541
64,2021-08-24,HD KSOE(Hold),False,7,-0.05785123966942152,-0.06665646689955484,-0.06857407499201984,0.00022017600922808253,1.042744612720541
64,2021-08-24,HD KSOE(Hold),False,8,-0.06198347107438018,-0.07879662682080746,-0.08127670672562329,0.00022017600922808253,1.042744612720541
64,2021-08-24,HD KSOE(Hold),False,9,-0.05785123966942152,-0.07538545839609401,-0.07811653586797562,0.00022017600922808253,1.042744612720541
64,2021-08-24,HD KSOE(Hold),False,10,-0.037190082644628086,-0.04967050753178337,-0.05240573855245345,0.00022017600922808253,1.042744612720541
65,2021-09-03,HD KSOE(Hold),False,1,0.0,-0.002199418077151627,-0.002743124093013219,0.0005032753882631463,1.0183824203403864
65,2021-09-03,HD KSOE(Hold),False,2,0.021929824561403466,0.02470803686938461,0.02375255635929846,0.0005032753882631463,1.0183824203403864
65,2021-09-03,HD KSOE(Hold),False,3,-0.004385964912280715,0.0060354598601124465,0.004717204706034853,0.0005032753882631463,1.0183824203403864
65,2021-09-03,HD KSOE(Hold),False,4,-0.04824561403508776,-0.022716095529315306,-0.024259902742107108,0.0005032753882631463,1.0183824203403864
65,2021-09-03,HD KSOE(Hold),False,5,0.0,0.022069267590651642,0.019958577202791736,0.0005032753882631463,1.0183824203403864
65,2021-09-03,HD KSOE(Hold),False,6,0.004385964912280604,0.02579822283550437,0.02317217963150696,0.0005032753882631463,1.0183824203403864
65,2021-09-03,HD KSOE(Hold),False,7,0.03947368421052633,0.05432523131186229,0.05107531097554207,0.0005032753882631463,1.0183824203403864
65,2021-09-03,HD KSOE(Hold),False,8,0.030701754385964897,0.044123523306279,0.040344044798178574,0.0005032753882631463,1.0183824203403864
65,2021-09-03,HD KSOE(Hold),False,9,0.03947368421052633,0.06018826043929082,0.05603956599233263,0.0005032753882631463,1.0183824203403864
65,2021-09-03,HD KSOE(Hold),False,10,-0.07456140350877194,-0.05710684667743571,-0.06181874355953838,0.0005032753882631463,1.0183824203403864
66,2021-10-18,HD KSOE(Hold),False,1,0.0,-0.002253303024587705,-0.002942293458959533,0.0004843294265815762,1.0908271127127696
66,2021-10-18,HD KSOE(Hold),False,2,-0.00515995872033026,-0.0021489370575183964,-0.002844113506732745,0.0004843294265815762,1.0908271127127696
66,2021-10-18,HD KSOE(Hold),False,3,0.0041279669762641635,0.009058101347241942,0.008052902937699112,0.0004843294265815762,1.0908271127127696
66,2021-10-18,HD KSOE(Hold),False,4,-0.003095975232198178,0.002221290495426853,0.0007669246826672938,0.0004843294265815762,1.0908271127127696
66,2021-10-18,HD KSOE(Hold),False,5,0.047471620227038214,0.04803080996441755,0.04565995242081445,0.0004843294265815762,1.0908271127127696
66,2021-10-18,HD KSOE(Hold),False,6,0.0732714138286894,0.06438724551588737,0.06067434559969183,0.0004843294265815762,1.0908271127127696
66,2021-10-18,HD KSOE(Hold),False,7,0.07843137254901955,0.07735269885442997,0.07386442005112015,0.0004843294265815762,1.0908271127127696
66,2021-10-18,HD KSOE(Hold),False,8,0.05263157894736836,0.05682715638522051,0.053333593157410854,0.0004843294265815762,1.0908271127127696
66,2021-10-18,HD KSOE(Hold),False,9,0.06295149638802888,0.08000843778560618,0.07719870568522486,0.0004843294265815762,1.0908271127127696
66,2021-10-18,HD KSOE(Hold),False,10,0.07843137254901955,0.09275523274496755,0.08921293334365112,0.0004843294265815762,1.0908271127127696
67,2021-10-25,HD KSOE(Hold),False,1,0.009708737864077666,0.006662504863439445,0.006136336724126668,0.00032160636996332636,1.0671523712423152
67,2021-10-25,HD KSOE(Hold),False,2,0.014563106796116498,0.01927720170963121,0.018950551621408407,0.00032160636996332636,1.0671523712423152
67,2021-10-25,HD KSOE(Hold),False,3,-0.009708737864077666,0.0002490885861726744,-4.703886516354769e-05,0.00032160636996332636,1.0671523712423152
67,2021-10-25,HD KSOE(Hold),False,4,0.0,0.022744767782303055,0.022985707392387214,0.00032160636996332636,1.0671523712423152
67,2021-10-25,HD KSOE(Hold),False,5,0.014563106796116498,0.034590608424502456,0.034327470799091264,0.00032160636996332636,1.0671523712423152
67,2021-10-25,HD KSOE(Hold),False,6,0.004854368932038833,0.013516066006207805,0.012168081283940917,0.00032160636996332636,1.0671523712423152
67,2021-10-25,HD KSOE(Hold),False,7,-0.004854368932038833,0.016235695611256484,0.015400698865248957,0.00032160636996332636,1.0671523712423152
67,2021-10-25,HD KSOE(Hold),False,8,-0.009708737864077666,0.008910785660341647,0.007588279856701862,0.00032160636996332636,1.0671523712423152
67,2021-10-25,HD KSOE(Hold),False,9,-0.004854368932038833,0.01835424210414105,0.01701829803879116,0.00032160636996332636,1.0671523712423152
67,2021-10-25,HD KSOE(Hold),False,10,-0.004854368932038833,0.021337971403902256,0.019880785466213177,0.00032160636996332636,1.0671523712423152
68,2021-11-05,HD KSOE(Hold),False,1,-0.004854368932038833,-0.0031142766666814037,-0.002981766257368345,2.8352589126187184e-05,1.0924450971030573
68,2021-11-05,HD KSOE(Hold),False,2,-0.01941747572815533,-0.01843951689684986,-0.01840581457597941,2.8352589126187184e-05,1.0924450971030573
68,2021-11-05,HD KSOE(Hold),False,3,-0.03786407766990296,-0.025997053092785882,-0.02498506262080849,2.8352589126187184e-05,1.0924450971030573
68,2021-11-05,HD KSOE(Hold),False,4,-0.03883495145631066,-0.02519748416734746,-0.02405017753608424,2.8352589126187184e-05,1.0924450971030573
68,2021-11-05,HD KSOE(Hold),False,5,-0.014563106796116498,-0.015723168306354784,-0.01597217325094522,2.8352589126187184e-05,1.0924450971030573
68,2021-11-05,HD KSOE(Hold),False,6,-0.004854368932038833,-0.01637404951045074,-0.017609103034875354,2.8352589126187184e-05,1.0924450971030573
68,2021-11-05,HD KSOE(Hold),False,7,-0.01941747572815533,-0.030158161513355042,-0.03134955337760457,2.8352589126187184e-05,1.0924450971030573
68,2021-11-05,HD KSOE(Hold),False,8,-0.042718446601941795,-0.04172699868330798,-0.041862164897206754,2.8352589126187184e-05,1.0924450971030573
68,2021-11-05,HD KSOE(Hold),False,9,-0.062135922330097126,-0.056072577576003146,-0.0557672243835773,2.8352589126187184e-05,1.0924450971030573
68,2021-11-05,HD KSOE(Hold),False,10,-0.060194174757281504,-0.06210288061424307,-0.06256285700379292,2.8352589126187184e-05,1.0924450971030573
69,2021-11-09,HD KSOE(Hold),False,1,-0.013930348258706426,-0.008064280525810985,-0.007369285118326628,-9.362376508087574e-05,1.1025169960161114
69,2021-11-09,HD KSOE(Hold),False,2,-0.014925373134328401,-0.00727811074569551,-0.006306888847704122,-9.362376508087574e-05,1.1025169960161114
69,2021-11-09,HD KSOE(Hold),False,3,0.00995024875621886,0.0027101165746115097,0.002248751267836177,-9.362376508087574e-05,1.1025169960161114
69,2021-11-09,HD KSOE(Hold),False,4,0.01990049751243772,0.0022378320309723865,0.0008016036844985981,-9.362376508087574e-05,1.1025169960161114
69,2021-11-09,HD KSOE(Hold),False,5,0.004975124378109541,-0.011903815454831435,-0.01316607483703685,-9.362376508087574e-05,1.1025169960161114
69,2021-11-09,HD KSOE(Hold),False,6,-0.018905472636815968,-0.023981029217736594,-0.023939617441037127,-9.362376508087574e-05,1.1025169960161114
69,2021-11-09,HD KSOE(Hold),False,7,-0.03880597014925369,-0.03877882813545197,-0.03812067926216506,-9.362376508087574e-05,1.1025169960161114
69,2021-11-09,HD KSOE(Hold),False,8,-0.03681592039800996,-0.04480924346261472,-0.044879704810737296,-9.362376508087574e-05,1.1025169960161114
69,2021-11-09,HD KSOE(Hold),False,9,-0.02487562189054726,-0.04719653549073177,-0.04864219461562998,-9.362376508087574e-05,1.1025169960161114
69,2021-11-09,HD KSOE(Hold),False,10,-0.023880597014925398,-0.040800249868568894,-0.0415985642019511,-9.362376508087574e-05,1.1025169960161114
70,2021-12-28,HD KSOE(Hold),False,1,0.01914893617021285,0.022349175938436994,0.0230953823373238,-0.0005472800200786149,1.062159835892102
70,2021-12-28,HD KSOE(Hold),False,2,0.006382978723404209,0.014791517136271803,0.01640875054426532,-0.0005472800200786149,1.062159835892102
70,2021-12-28,HD KSOE(Hold),False,3,0.0,0.004705451396982974,0.006639781543853543,-0.0005472800200786149,1.062159835892102
70,2021-12-28,HD KSOE(Hold),False,4,0.050000000000000044,0.05454893602850597,0.057020817225836025,-0.0005472800200786149,1.062159835892102
70,2021-12-28,HD KSOE(Hold),False,5,0.04680851063829783,0.06310275953103495,0.06685200746858563,-0.0005472800200786149,1.062159835892102
70,2021-12-28,HD KSOE(Hold),False,6,0.0851063829787233,0.11253653383289752,0.11752526762896029,-0.0005472800200786149,1.062159835892102
70,2021-12-28,HD KSOE(Hold),False,7,0.06914893617021267,0.08513681455444133,0.08996157859161817,-0.0005472800200786149,1.062159835892102
70,2021-12-28,HD KSOE(Hold),False,8,0.09042553191489366,0.11579434206508188,0.1217495033014244,-0.0005472800200786149,1.062159835892102
70,2021-12-28,HD KSOE(Hold),False,9,0.06276595744680846,0.08791498005828402,0.09440375935736764,-0.0005472800200786149,1.062159835892102
70,2021-12-28,HD KSOE(Hold),False,10,0.06914893617021267,0.07927914363632882,0.0853816358707617,-0.0005472800200786149,1.062159835892102
71,2022-01-04,HD KSOE(Hold),False,1,-0.008064516129032251,0.00201574392022974,0.0033576304129306744,-0.00046223787382737726,1.087264476766942
71,2022-01-04,HD KSOE(Hold),False,2,0.02822580645161299,0.049512313045001144,0.05229434465272398,-0.00046223787382737726,1.087264476766942
71,2022-01-04,HD KSOE(Hold),False,3,0.013104838709677491,0.02287679293296474,0.025116251026732542,-0.00046223787382737726,1.087264476766942
71,2022-01-04,HD KSOE(Hold),False,4,0.03326612903225801,0.05247827360088131,0.05600376283954257,-0.00046223787382737726,1.087264476766942
71,2022-01-04,HD KSOE(Hold),False,5,0.007056451612903247,0.026047420262892418,0.030015846574568007,-0.00046223787382737726,1.087264476766942
71,2022-01-04,HD KSOE(Hold),False,6,0.013104838709677491,0.01698211958633844,0.020093895716282992,-0.00046223787382737726,1.087264476766942
71,2022-01-04,HD KSOE(Hold),False,7,-0.003024193548387122,0.004334932471619202,0.008212787870008682,-0.00046223787382737726,1.087264476766942
71,2022-01-04,HD KSOE(Hold),False,8,-0.019153225806451624,0.001667470897692147,0.007182281092121462,-0.00046223787382737726,1.087264476766942
71,2022-01-04,HD KSOE(Hold),False,9,-0.05947580645161288,-0.027991749549081013,-0.02108416893253455,-0.00046223787382737726,1.087264476766942
71,2022-01-04,HD KSOE(Hold),False,10,-0.08971774193548387,-0.049567610402835194,-0.041441551444240936,-0.00046223787382737726,1.087264476766942
72,2022-01-10,HD KSOE(Hold),False,1,-0.030097087378640808,-0.028885867731634707,-0.02803544901665648,-0.000748966249375749,1.0837605845093827
72,2022-01-10,HD KSOE(Hold),False,2,-0.024271844660194164,-0.03844823235966155,-0.03813772238084906,-0.000748966249375749,1.0837605845093827
72,2022-01-10,HD KSOE(Hold),False,3,-0.03980582524271847,-0.05043726304573681,-0.04908085974216553,-0.000748966249375749,1.0837605845093827
72,2022-01-10,HD KSOE(Hold),False,4,-0.05533980582524267,-0.052265696242277615,-0.04901234202925957,-0.000748966249375749,1.0837605845093827
72,2022-01-10,HD KSOE(Hold),False,5,-0.09417475728155345,-0.08024402539781694,-0.07533234790571293,-0.000748966249375749,1.0837605845093827
72,2022-01-10,HD KSOE(Hold),False,6,-0.12330097087378644,-0.10054710094171704,-0.09414742600010194,-0.000748966249375749,1.0837605845093827
72,2022-01-10,HD KSOE(Hold),False,7,-0.11359223300970878,-0.08334586069784888,-0.07556964312808884,-0.000748966249375749,1.0837605845093827
72,2022-01-10,HD KSOE(Hold),False,8,-0.12621359223300976,-0.1029274680335236,-0.09498527866461057,-0.000748966249375749,1.0837605845093827
72,2022-01-10,HD KSOE(Hold),False,9,-0.13009708737864079,-0.09712461788943438,-0.08762212832791894,-0.000748966249375749,1.0837605845093827
72,2022-01-10,HD KSOE(Hold),False,10,-0.16893203883495145,-0.12153070205788752,-0.11007067588915706,-0.000748966249375749,1.0837605845093827
73,2022-01-17,HD KSOE(Hold),False,1,-0.036286019210245435,-0.02430249397033335,-0.02115868885272465,-0.0003322097150131526,1.2346217282733551
73,2022-01-17,HD KSOE(Hold),False,2,-0.025613660618996836,-0.006055057248156137,-0.0008017644926501186,-0.0003322097150131526,1.2346217282733551
73,2022-01-17,HD KSOE(Hold),False,3,-0.039487726787620026,-0.026966081243325113,-0.023031601979856826,-0.0003322097150131526,1.2346217282733551
73,2022-01-17,HD KSOE(Hold),False,4,-0.043756670224119554,-0.02144192503788167,-0.014877562096254394,-0.0003322097150131526,1.2346217282733551
73,2022-01-17,HD KSOE(Hold),False,5,-0.08644610458911417,-0.049543469869316126,-0.03922426135845102,-0.0003322097150131526,1.2346217282733551
73,2022-01-17,HD KSOE(Hold),False,6,-0.11419423692636077,-0.052589810541908255,-0.036142815264220404,-0.0003322097150131526,1.2346217282733551
73,2022-01-17,HD KSOE(Hold),False,7,-0.13767342582710784,-0.0722228190619697,-0.05454121658110117,-0.0003322097150131526,1.2346217282733551
73,2022-01-17,HD KSOE(Hold),False,8,-0.16969050160085375,-0.07155598532271445,-0.04587381779016249,-0.0003322097150131526,1.2346217282733551
73,2022-01-17,HD KSOE(Hold),False,9,-0.14941302027748138,-0.06812925840261508,-0.04606843427585572,-0.0003322097150131526,1.2346217282733551
73,2022-01-17,HD KSOE(Hold),False,10,-0.13874066168623267,-0.07280022746454096,-0.05400707167422063,-0.0003322097150131526,1.2346217282733551
74,2022-01-27,HD KSOE(Hold),False,1,0.021794871794871717,0.004425789296504723,-0.0004766992527841761,0.00017319102893671387,1.2722825181351303
74,2022-01-27,HD KSOE(Hold),False,2,0.034615384615384714,0.00025538965765181665,-0.009446618350423507,0.00017319102893671387,1.2722825181351303
74,2022-01-27,HD KSOE(Hold),False,3,0.05384615384615388,0.003274505903360536,-0.011014842831556654,0.00017319102893671387,1.2722825181351303
74,2022-01-27,HD KSOE(Hold),False,4,0.055128205128205154,0.006542904865014076,-0.007378787150745858,0.00017319102893671387,1.2722825181351303
74,2022-01-27,HD KSOE(Hold),False,5,0.06794871794871793,0.018824811872403924,0.004583275880627957,0.00017319102893671387,1.2722825181351303
74,2022-01-27,HD KSOE(Hold),False,6,0.09487179487179498,0.03719895397442419,0.020456501453261056,0.00017319102893671387,1.2722825181351303
74,2022-01-27,HD KSOE(Hold),False,7,0.08333333333333326,0.024483963425736555,0.007247971594073366,0.00017319102893671387,1.2722825181351303
74,2022-01-27,HD KSOE(Hold),False,8,0.0641025641025641,0.014504990502652637,-0.0003850899620174292,0.00017319102893671387,1.2722825181351303
74,2022-01-27,HD KSOE(Hold),False,9,0.04358974358974366,0.01050559502621673,-6.135951544756352e-05,0.00017319102893671387,1.2722825181351303
74,2022-01-27,HD KSOE(Hold),False,10,0.04230769230769238,0.01989634262264306,0.012062213606223733,0.00017319102893671387,1.2722825181351303
75,2022-02-09,HD KSOE(Hold),False,1,-0.010538641686182681,-0.004974396357135147,-0.003885424793230171,0.00020433619990027112,1.2324318370819625
75,2022-02-09,HD KSOE(Hold),False,2,-0.02810304449648715,-0.013849822902479714,-0.01094559282284881,0.00020433619990027112,1.2324318370819625
75,2022-02-09,HD KSOE(Hold),False,3,-0.04683840749414525,-0.017076331897899255,-0.010771686591392368,0.00020433619990027112,1.2324318370819625
75,2022-02-09,HD KSOE(Hold),False,4,-0.04800936768149888,-0.0082237579464014,0.00020633961415223584,0.00020433619990027112,1.2324318370819625
75,2022-02-09,HD KSOE(Hold),False,5,-0.03395784543325531,-0.013236323176273879,-0.00944166269045027,0.00020433619990027112,1.2324318370819625
75,2022-02-09,HD KSOE(Hold),False,6,-0.031615925058548044,-0.01606402080231295,-0.013675280325315065,0.00020433619990027112,1.2324318370819625
75,2022-02-09,HD KSOE(Hold),False,7,-0.016393442622950838,-0.0009958017768698646,0.0011527467724111,0.00020433619990027112,1.2324318370819625
75,2022-02-09,HD KSOE(Hold),False,8,-0.016393442622950838,-0.000737500252890877,0.001266749594229323,0.00020433619990027112,1.2324318370819625
75,2022-02-09,HD KSOE(Hold),False,9,-0.025761124121779888,0.0031722340850335318,0.008058241886891214,0.00020433619990027112,1.2324318370819625
75,2022-02-09,HD KSOE(Hold),False,10,0.042154566744730726,0.0665174229855825,0.07013676441920472,0.00020433619990027112,1.2324318370819625
76,2022-02-21,HD KSOE(Hold),False,1,0.006045949214026569,0.005413805247859171,0.004996622415554565,0.00028597180555494603,1.2075651018947078
76,2022-02-21,HD KSOE(Hold),False,2,0.07617896009673508,0.07083715874520369,0.06915644359226189,0.00028597180555494603,1.2075651018947078
76,2022-02-21,HD KSOE(Hold),False,3,0.048367593712212775,0.06917289337063315,0.07263343209751827,0.00028597180555494603,1.2075651018947078
76,2022-02-21,HD KSOE(Hold),False,4,0.056831922611850105,0.0673011139111831,0.06833026544776455,0.00028597180555494603,1.2075651018947078
76,2022-02-21,HD KSOE(Hold),False,5,0.0665054413542927,0.06868652287498711,0.06770938025529598,0.00028597180555494603,1.2075651018947078
76,2022-02-21,HD KSOE(Hold),False,6,0.10761789600967342,0.1081945887507384,0.10659845920496981,0.00028597180555494603,1.2075651018947078
76,2022-02-21,HD KSOE(Hold),False,7,0.10640870616686815,0.09088236313819609,0.08565783352651296,0.00028597180555494603,1.2075651018947078
76,2022-02-21,HD KSOE(Hold),False,8,0.1281741233373639,0.12508733847333042,0.12215885521406071,0.00028597180555494603,1.2075651018947078
76,2022-02-21,HD KSOE(Hold),False,9,0.11850060459492151,0.13837802041996183,0.1399301320110953,0.00028597180555494603,1.2075651018947078
76,2022-02-21,HD KSOE(Hold),False,10,0.10157194679564685,0.13213666207208963,0.13562111225727774,0.00028597180555494603,1.2075651018947078
77,2022-02-28,HD KSOE(Hold),False,1,0.03269447576099216,0.030763637569679814,0.03055045145009355,-7.918424430289597e-05,1.1514214734329666
77,2022-02-28,HD KSOE(Hold),False,2,0.031567080045095786,0.013492803924116448,0.010914338891249261,-7.918424430289597e-05,1.1514214734329666
77,2022-02-28,HD KSOE(Hold),False,3,0.05186020293122895,0.04625669555068335,0.045645756939637315,-7.918424430289597e-05,1.1514214734329666
77,2022-02-28,HD KSOE(Hold),False,4,0.04284103720405863,0.060259347183267864,0.06321359032224345,-7.918424430289597e-05,1.1514214734329666
77,2022-02-28,HD KSOE(Hold),False,5,0.027057497181510737,0.055189920809633475,0.059845695068158705,-7.918424430289597e-05,1.1514214734329666
77,2022-02-28,HD KSOE(Hold),False,6,0.03269447576099216,0.03936161185728937,0.04084626489438618,-7.918424430289597e-05,1.1514214734329666
77,2022-02-28,HD KSOE(Hold),False,7,0.055242390078917625,0.06896579472849451,0.07159810259117054,-7.918424430289597e-05,1.1514214734329666
77,2022-02-28,HD KSOE(Hold),False,8,0.04735062006764368,0.0668665392911576,0.070455142489804,-7.918424430289597e-05,1.1514214734329666
77,2022-02-28,HD KSOE(Hold),False,9,0.0033821871476888976,0.03183703481159694,0.03685836796990257,-7.918424430289597e-05,1.1514214734329666
77,2022-02-28,HD KSOE(Hold),False,10,0.014656144306651742,0.02913928375319419,0.03212418451115373,-7.918424430289597e-05,1.1514214734329666
78,2022-03-03,HD KSOE(Hold),False,1,0.01413043478260878,0.022589898785122853,0.02397695104760373,-0.00016894477441188076,1.1439934595982661
78,2022-03-03,HD KSOE(Hold),False,2,0.005434782608695565,0.03659411286763192,0.04141874217920487,-0.00016894477441188076,1.1439934595982661
78,2022-03-03,HD KSOE(Hold),False,3,-0.009782608695652173,0.03194100252711485,0.03845576397724976,-0.00016894477441188076,1.1439934595982661
78,2022-03-03,HD KSOE(Hold),False,4,-0.004347826086956497,0.01621068124701497,0.01984675093985737,-0.00016894477441188076,1.1439934595982661
78,2022-03-03,HD KSOE(Hold),False,5,0.017391304347825987,0.044907401081705434,0.04971426291711669,-0.00016894477441188076,1.1439934595982661
78,2022-03-03,HD KSOE(Hold),False,6,0.009782608695652284,0.043010213954771226,0.048808440436668585,-0.00016894477441188076,1.1439934595982661
78,2022-03-03,HD KSOE(Hold),False,7,-0.03260869565217395,0.009432830632458589,0.016669148869857438,-0.00016894477441188076,1.1439934595982661
78,2022-03-03,HD KSOE(Hold),False,8,-0.021739130434782594,0.00652607650234327,0.011947639630775983,-0.00016894477441188076,1.1439934595982661
78,2022-03-03,HD KSOE(Hold),False,9,-0.02717391304347827,-0.01180070999441718,-0.008066566332569334,-0.00016894477441188076,1.1439934595982661
78,2022-03-03,HD KSOE(Hold),False,10,-0.03260869565217395,-0.021806891940972406,-0.0185620551105763,-0.00016894477441188076,1.1439934595982661
79,2022-03-31,HD KSOE(Hold),False,1,-0.02491506228765572,-0.022729946567568993,-0.021320249352028444,-0.000785214999669623,1.2857890820748572
79,2022-03-31,HD KSOE(Hold),False,2,-0.020385050962627438,-0.024773491700468164,-0.02445723015133633,-0.000785214999669623,1.2857890820748572
79,2022-03-31,HD KSOE(Hold),False,3,-0.01245753114382786,-0.01731941362102074,-0.016353241552324656,-0.000785214999669623,1.2857890820748572
79,2022-03-31,HD KSOE(Hold),False,4,-0.028312570781426905,-0.024372078766204064,-0.020105069171571732,-0.000785214999669623,1.2857890820748572
79,2022-03-31,HD KSOE(Hold),False,5,-0.06795016987542468,-0.0497445140675693,-0.0406154614073234,-0.000785214999669623,1.2857890820748572
79,2022-03-31,HD KSOE(Hold),False,6,-0.06681766704416758,-0.05026177360497752,-0.04081899001804451,-0.000785214999669623,1.2857890820748572
79,2022-03-31,HD KSOE(Hold),False,7,-0.04643261608154026,-0.027221807042444923,-0.01623506256355914,-0.000785214999669623,1.2857890820748572
79,2022-03-31,HD KSOE(Hold),False,8,-0.029445073612684003,-0.0006416065624081924,0.013871829843820516,-0.000785214999669623,1.2857890820748572
79,2022-03-31,HD KSOE(Hold),False,9,0.039637599093997666,0.050330098684288505,0.06045283332431012,-0.000785214999669623,1.2857890820748572
79,2022-03-31,HD KSOE(Hold),False,10,0.04190260475651186,0.052514983437066065,0.06340003539550866,-0.000785214999669623,1.2857890820748572
80,2022-04-01,HD KSOE(Hold),False,1,0.011695906432748648,0.0014243174135315506,0.0005747971164066674,-0.0013196388529489588,1.2111804849294074
80,2022-04-01,HD KSOE(Hold),False,2,0.019883040935672502,0.00913523701898833,0.009504788281834698,-0.0013196388529489588,1.2111804849294074
80,2022-04-01,HD KSOE(Hold),False,3,0.0035087719298245723,0.0016149019145124122,0.0051738700851324025,-0.0013196388529489588,1.2111804849294074
80,2022-04-01,HD KSOE(Hold),False,4,-0.037426900584795364,-0.024972049420266762,-0.01706327249982218,-0.0013196388529489588,1.2111804849294074
80,2022-04-01,HD KSOE(Hold),False,5,-0.03625730994152043,-0.02546188453508924,-0.016583907097995062,-0.0013196388529489588,1.2111804849294074
80,2022-04-01,HD KSOE(Hold),False,6,-0.01520467836257311,-0.0017387863388061975,0.009022780386473691,-0.0013196388529489588,1.2111804849294074
80,2022-04-01,HD KSOE(Hold),False,7,0.002339181286549641,0.025453919771307065,0.03957277342417729,-0.0013196388529489588,1.2111804849294074
80,2022-04-01,HD KSOE(Hold),False,8,0.0736842105263158,0.07858189758719081,0.09017330433933055,-0.0013196388529489588,1.2111804849294074
80,2022-04-01,HD KSOE(Hold),False,9,0.07602339181286544,0.0808404886603229,0.09373451518506151,-0.0013196388529489588,1.2111804849294074
80,2022-04-01,HD KSOE(Hold),False,10,0.1426900584795321,0.15507164581368116,0.17088278396059214,-0.0013196388529489588,1.2111804849294074
81,2022-04-15,HD KSOE(Hold),False,1,-0.042813455657492394,-0.04585624086739615,-0.04596111468306015,-0.0005740678096505179,1.223131630555018
81,2022-04-15,HD KSOE(Hold),False,2,-0.007135575942915362,-0.019742464480888677,-0.021407324457290995,-0.0005740678096505179,1.223131630555018
81,2022-04-15,HD KSOE(Hold),False,3,-0.014271151885830835,-0.026803553637760102,-0.02787772544648709,-0.0005740678096505179,1.223131630555018
81,2022-04-15,HD KSOE(Hold),False,4,-0.022426095820591185,-0.038504068588222196,-0.039795301629280806,-0.0005740678096505179,1.223131630555018
81,2022-04-15,HD KSOE(Hold),False,5,-0.01834862385321101,-0.025674399260653735,-0.024438672424143694,-0.0005740678096505179,1.223131630555018
81,2022-04-15,HD KSOE(Hold),False,6,-0.031600407747196746,-0.021205776754734895,-0.015441998934466052,-0.0005740678096505179,1.223131630555018
81,2022-04-15,HD KSOE(Hold),False,7,-0.04791029561671767,-0.041679475964124024,-0.03627070834779293,-0.0005740678096505179,1.223131630555018
81,2022-04-15,HD KSOE(Hold),False,8,-0.04587155963302747,-0.028747047521476055,-0.020333484734362292,-0.0005740678096505179,1.223131630555018
81,2022-04-15,HD KSOE(Hold),False,9,-0.030581039755351647,-0.024044824279976895,-0.017419777576442926,-0.0005740678096505179,1.223131630555018
81,2022-04-15,HD KSOE(Hold),False,10,-0.06422018348623848,-0.0679482471277485,-0.06303941795038633,-0.0005740678096505179,1.223131630555018
82,2022-04-21,HD KSOE(Hold),False,1,0.0020811654526535772,0.002084862693033318,0.00268772388808038,-0.0006022874492263111,1.1551821796317587
82,2022-04-21,HD KSOE(Hold),False,2,-0.01144640998959412,0.006148756977781278,0.010083788237215934,-0.0006022874492263111,1.1551821796317587
82,2022-04-21,HD KSOE(Hold),False,3,-0.02809573361082207,-0.014634081388041231,-0.010738210506986458,-0.0006022874492263111,1.1551821796317587
82,2022-04-21,HD KSOE(Hold),False,4,-0.026014568158168605,-0.0017384878245296775,0.00443787703146533,-0.0006022874492263111,1.1551821796317587
82,2022-04-21,HD KSOE(Hold),False,5,-0.010405827263267442,0.0033589986706554775,0.008506491607464951,-0.0006022874492263111,1.1551821796317587
82,2022-04-21,HD KSOE(Hold),False,6,-0.04474505723204991,-0.04116982578480233,-0.03700128888077257,-0.0006022874492263111,1.1551821796317587
82,2022-04-21,HD KSOE(Hold),False,7,-0.0457856399583767,-0.03940050582249577,-0.03419363464546444,-0.0006022874492263111,1.1551821796317587
82,2022-04-21,HD KSOE(Hold),False,8,-0.06139438085327786,-0.05242487569193033,-0.046214668736963616,-0.0006022874492263111,1.1551821796317587
82,2022-04-21,HD KSOE(Hold),False,9,-0.08012486992715917,-0.07008686229605521,-0.06310855534966348,-0.0006022874492263111,1.1551821796317587
82,2022-04-21,HD KSOE(Hold),False,10,-0.07700312174817903,-0.05474203742152062,-0.04526463934248027,-0.0006022874492263111,1.1551821796317587
83,2022-04-26,HD KSOE(Hold),False,1,0.02857142857142847,0.025347804883876668,0.02554377230111462,-0.0007145415157712252,1.1608668221839216
83,2022-04-26,HD KSOE(Hold),False,2,0.04505494505494512,0.031023818839433837,0.030195759185025473,-0.0007145415157712252,1.1608668221839216
83,2022-04-26,HD KSOE(Hold),False,3,0.00879120879120876,-0.015716694408846044,-0.017515578367716347,-0.0007145415157712252,1.1608668221839216
83,2022-04-26,HD KSOE(Hold),False,4,0.007692307692307665,-0.01392649880663921,-0.014546081444449004,-0.0007145415157712252,1.1608668221839216
83,2022-04-26,HD KSOE(Hold),False,5,-0.00879120879120876,-0.027752806613742242,-0.027230391020126643,-0.0007145415157712252,1.1608668221839216
83,2022-04-26,HD KSOE(Hold),False,6,-0.02857142857142858,-0.04643440935893561,-0.04502072121832697,-0.0007145415157712252,1.1608668221839216
83,2022-04-26,HD KSOE(Hold),False,7,-0.025274725274725296,-0.0305701354124136,-0.026420200603025468,-0.0007145415157712252,1.1608668221839216
83,2022-04-26,HD KSOE(Hold),False,8,-0.027472527472527486,-0.01995707460661955,-0.013031755460638094,-0.0007145415157712252,1.1608668221839216
83,2022-04-26,HD KSOE(Hold),False,9,-0.0461538461538461,-0.03322133697336116,-0.02471005167669113,-0.0007145415157712252,1.1608668221839216
83,2022-04-26,HD KSOE(Hold),False,10,-0.05274725274725278,-0.03818392450785313,-0.02869575301584729,-0.0007145415157712252,1.1608668221839216
84,2022-05-17,HD KSOE(Hold),True,1,-0.025302530253025313,-0.021973941202830805,-0.019750710581473447,-0.001818294543862574,1.121653971514183
84,2022-05-17,HD KSOE(Hold),True,2,-0.04950495049504955,-0.033408546661668814,-0.02781376612051678,-0.001818294543862574,1.121653971514183
84,2022-05-17,HD KSOE(Hold),True,3,-0.030803080308030806,-0.03252620394404948,-0.02728094514619339,-0.001818294543862574,1.121653971514183
84,2022-05-17,HD KSOE(Hold),True,4,-0.028602860286028653,-0.03339648396949002,-0.026706469153077245,-0.001818294543862574,1.121653971514183
84,2022-05-17,HD KSOE(Hold),True,5,-0.04840484048404836,-0.037443648720123845,-0.027018703490201006,-0.001818294543862574,1.121653971514183
84,2022-05-17,HD KSOE(Hold),True,6,-0.047304730473047285,-0.040651347799169235,-0.02893217010971287,-0.001818294543862574,1.121653971514183
84,2022-05-17,HD KSOE(Hold),True,7,-0.02310231023102305,-0.014638509111372211,-0.0008807922840224844,-0.001818294543862574,1.121653971514183
84,2022-05-17,HD KSOE(Hold),True,8,-0.014301430143014326,-0.015553920891662298,-0.0011599350146195044,-0.001818294543862574,1.121653971514183
84,2022-05-17,HD KSOE(Hold),True,9,-0.00990099009900991,-0.02315082404910007,-0.00839806807626883,-0.001818294543862574,1.121653971514183
84,2022-05-17,HD KSOE(Hold),True,10,0.005500550055005604,-0.013913056549036629,0.0019081465447934043,-0.001818294543862574,1.121653971514183
85,2022-06-03,HD KSOE(Hold),False,1,0.017621145374449254,0.030004242991464425,0.03278225152389175,-0.0007092942494914422,1.167059515067808
85,2022-06-03,HD KSOE(Hold),False,2,0.029735682819383324,0.04219022861578603,0.04568946749590576,-0.0007092942494914422,1.167059515067808
85,2022-06-03,HD KSOE(Hold),False,3,0.02753303964757703,0.040254576009059684,0.04450771245300079,-0.0007092942494914422,1.167059515067808
85,2022-06-03,HD KSOE(Hold),False,4,0.014317180616740144,0.0381583099492262,0.04497837445214598,-0.0007092942494914422,1.167059515067808
85,2022-06-03,HD KSOE(Hold),False,5,-0.022026431718061623,0.03616999060836623,0.04943872794835784,-0.0007092942494914422,1.167059515067808
85,2022-06-03,HD KSOE(Hold),False,6,-0.03634361233480177,0.026192346781797937,0.040895339283066004,-0.0007092942494914422,1.167059515067808
85,2022-06-03,HD KSOE(Hold),False,7,-0.052863436123347984,0.02681632561577585,0.045092647719072454,-0.0007092942494914422,1.167059515067808
85,2022-06-03,HD KSOE(Hold),False,8,-0.05396475770925113,0.024199550540757397,0.04293199596854602,-0.0007092942494914422,1.167059515067808
85,2022-06-03,HD KSOE(Hold),False,9,-0.0319383259911894,0.05016691341661805,0.07026702314203563,-0.0007092942494914422,1.167059515067808
85,2022-06-03,HD KSOE(Hold),False,10,-0.026431718061673992,0.07443806951160736,0.09838226980350698,-0.0007092942494914422,1.167059515067808
86,2022-06-07,HD KSOE(Hold),False,1,0.008629989212513456,0.011432311570717113,0.012624358492374116,-0.0007243560479068231,1.166894030724566
86,2022-06-07,HD KSOE(Hold),False,2,0.006472491909385036,0.009544414386060907,0.01150581200608038,-0.0007243560479068231,1.166894030724566
86,2022-06-07,HD KSOE(Hold),False,3,-0.006472491909385147,0.00782770592394133,0.012387391724224362,-0.0007243560479068231,1.166894030724566
86,2022-06-07,HD KSOE(Hold),False,4,-0.04207119741100329,0.006920080455586453,0.01799385648071613,-0.0007243560479068231,1.166894030724566
86,2022-06-07,HD KSOE(Hold),False,5,-0.056094929881337685,-0.002721700793383297,0.009807752781425177,-0.0007243560479068231,1.166894030724566
86,2022-06-07,HD KSOE(Hold),False,6,-0.07227615965480039,-0.001591565213119428,0.014551407950824907,-0.0007243560479068231,1.166894030724566
86,2022-06-07,HD KSOE(Hold),False,7,-0.0733549083063646,-0.00420057932587059,0.01241135771508449,-0.0007243560479068231,1.166894030724566
86,2022-06-07,HD KSOE(Hold),False,8,-0.05177993527508096,0.02135384334145285,0.03935428282013885,-0.0007243560479068231,1.166894030724566
86,2022-06-07,HD KSOE(Hold),False,9,-0.04638619201726002,0.045695538587669504,0.06758263419558125,-0.0007243560479068231,1.166894030724566
86,2022-06-07,HD KSOE(Hold),False,10,-0.011866235167206085,0.07341853470441118,0.09489561418677064,-0.0007243560479068231,1.166894030724566
87,2022-06-08,HD KSOE(Hold),False,1,-0.002139037433155133,-0.004628613288851335,-0.004147061147157869,-0.0008507090464673305,1.148281043105887
87,2022-06-08,HD KSOE(Hold),False,2,-0.0149732620320856,-0.006171924075981439,-0.0031654344101882167,-0.0008507090464673305,1.148281043105887
87,2022-06-08,HD KSOE(Hold),False,3,-0.05026737967914441,-0.006581432800278342,0.0024484921113902755,-0.0008507090464673305,1.148281043105887
87,2022-06-08,HD KSOE(Hold),False,4,-0.06417112299465244,-0.016078779585918967,-0.0055447605539961226,-0.0008507090464673305,1.148281043105887
87,2022-06-08,HD KSOE(Hold),False,5,-0.0802139037433155,-0.014713621184092585,-0.0007476257301440303,-0.0008507090464673305,1.148281043105887
87,2022-06-08,HD KSOE(Hold),False,6,-0.08128342245989306,-0.017321942155034464,-0.002733412858029402,-0.0008507090464673305,1.148281043105887
87,2022-06-08,HD KSOE(Hold),False,7,-0.059893048128342286,0.008070081711439081,0.024102688822094015,-0.0008507090464673305,1.148281043105887
87,2022-06-08,HD KSOE(Hold),False,8,-0.054545454545454564,0.032471330999731984,0.05217994309983215,-0.0008507090464673305,1.148281043105887
87,2022-06-08,HD KSOE(Hold),False,9,-0.02032085561497321,0.059861051430679324,0.07940688966383393,-0.0008507090464673305,1.148281043105887
87,2022-06-08,HD KSOE(Hold),False,10,-0.05026737967914441,0.05516157576813929,0.07930178172009991,-0.0008507090464673305,1.148281043105887
88,2022-06-15,HD KSOE(Hold),False,1,-0.014908256880733939,-0.002718835283899601,-0.00048136874869876903,-0.0007458674978776189,1.1223683195690426
88,2022-06-15,HD KSOE(Hold),False,2,0.008027522935779796,0.024439924312277816,0.027940017284567756,-0.0007458674978776189,1.1223683195690426
88,2022-06-15,HD KSOE(Hold),False,3,0.013761467889908285,0.050281377950109785,0.05698786046862207,-0.0007458674978776189,1.1223683195690426
88,2022-06-15,HD KSOE(Hold),False,4,0.050458715596330306,0.07976571171989277,0.08633542957866003,-0.0007458674978776189,1.1223683195690426
88,2022-06-15,HD KSOE(Hold),False,5,0.0183486238532109,0.07429907637289523,0.08487497671624461,-0.0007458674978776189,1.1223683195690426
88,2022-06-15,HD KSOE(Hold),False,6,0.0034403669724769603,0.07087103837790709,0.08359762131246758,-0.0007458674978776189,1.1223683195690426
88,2022-06-15,HD KSOE(Hold),False,7,0.010321100917431103,0.05668522815484478,0.0675798009783157,-0.0007458674978776189,1.1223683195690426
88,2022-06-15,HD KSOE(Hold),False,8,0.04587155963302747,0.0780032779183687,0.08790212227283273,-0.0007458674978776189,1.1223683195690426
88,2022-06-15,HD KSOE(Hold),False,9,0.050458715596330306,0.07446280963016239,0.08411295776075828,-0.0007458674978776189,1.1223683195690426
88,2022-06-15,HD KSOE(Hold),False,10,0.04587155963302747,0.08764601705265795,0.10021656218678285,-0.0007458674978776189,1.1223683195690426
89,2022-06-27,HD KSOE(Hold),False,1,0.002188183807439792,-0.0048341012416206475,-0.00498492100128434,-0.0004754276758510143,1.089180007809352
89,2022-06-27,HD KSOE(Hold),False,2,-0.002188183807439792,0.009124804717423052,0.01108455247411946,-0.0004754276758510143,1.089180007809352
89,2022-06-27,HD KSOE(Hold),False,3,0.027352297592997843,0.05752026699263191,0.061636929766836615,-0.0004754276758510143,1.089180007809352
89,2022-06-27,HD KSOE(Hold),False,4,0.01641137855579866,0.05789649413870224,0.06349784777376151,-0.0004754276758510143,1.089180007809352
89,2022-06-27,HD KSOE(Hold),False,5,-0.03063457330415753,0.012962632749393022,0.019227770304969666,-0.0004754276758510143,1.089180007809352
89,2022-06-27,HD KSOE(Hold),False,6,-0.017505470459518557,0.008862399156313594,0.014066452029675568,-0.0004754276758510143,1.089180007809352
89,2022-06-27,HD KSOE(Hold),False,7,-0.10175054704595188,-0.05469001153954922,-0.04716515888461884,-0.0004754276758510143,1.089180007809352
89,2022-06-27,HD KSOE(Hold),False,8,-0.0940919037199125,-0.06460163264058438,-0.05816826862862188,-0.0004754276758510143,1.089180007809352
89,2022-06-27,HD KSOE(Hold),False,9,-0.0886214442013129,-0.0659247869586721,-0.05962184980586808,-0.0004754276758510143,1.089180007809352
89,2022-06-27,HD KSOE(Hold),False,10,-0.10393873085339167,-0.07694305481813479,-0.06978130345998171,-0.0004754276758510143,1.089180007809352
90,2022-07-07,HD KSOE(Hold),False,1,-0.007151370679380209,-0.006352217441747077,-0.005691807103807374,-0.0005452558352832737,1.1440956467841934
90,2022-07-07,HD KSOE(Hold),False,2,-0.023837902264600697,-0.01864340621998417,-0.016804390282150673,-0.0005452558352832737,1.1440956467841934
90,2022-07-07,HD KSOE(Hold),False,3,-0.0274135876042908,-0.012650506783543625,-0.008887443598300921,-0.0005452558352832737,1.1440956467841934
90,2022-07-07,HD KSOE(Hold),False,4,-0.04171632896305122,-0.031565382519070706,-0.02792165198462053,-0.0005452558352832737,1.1440956467841934
90,2022-07-07,HD KSOE(Hold),False,5,-0.042908224076281254,-0.03008351493830419,-0.025509251003831862,-0.0005452558352832737,1.1440956467841934
90,2022-07-07,HD KSOE(Hold),False,6,-0.05005959475566146,-0.04091609148891018,-0.03632701746011462,-0.0005452558352832737,1.1440956467841934
90,2022-07-07,HD KSOE(Hold),False,7,-0.010727056019070313,-0.020401911172546083,-0.017979224836446647,-0.0005452558352832737,1.1440956467841934
90,2022-07-07,HD KSOE(Hold),False,8,-0.023837902264600697,-0.031693408557932345,-0.028463306135821084,-0.0005452558352832737,1.1440956467841934
90,2022-07-07,HD KSOE(Hold),False,9,-0.022646007151370662,-0.037251807813647786,-0.034449137589330145,-0.0005452558352832737,1.1440956467841934
90,2022-07-07,HD KSOE(Hold),False,10,-0.008343265792610244,-0.03243263492914228,-0.030451249802661312,-0.0005452558352832737,1.1440956467841934
91,2022-08-10,HD KSOE(Hold),True,1,0.0032017075773747017,-0.003194489795558919,-0.0038236671319501698,0.00012969115505115426,1.0780911144883896
91,2022-08-10,HD KSOE(Hold),True,2,-0.0010672358591248265,-0.009122297388629574,-0.010010708430843462,0.00012969115505115426,1.0780911144883896
91,2022-08-10,HD KSOE(Hold),True,3,-0.008537886872998945,-0.018818059458673875,-0.020009923058175682,0.00012969115505115426,1.0780911144883896
91,2022-08-10,HD KSOE(Hold),True,4,-0.01707577374599789,-0.020556995882264006,-0.021347613018871295,0.00012969115505115426,1.0780911144883896
91,2022-08-10,HD KSOE(Hold),True,5,-0.01707577374599789,-0.017199391026896382,-0.017857500213387542,0.00012969115505115426,1.0780911144883896
91,2022-08-10,HD KSOE(Hold),True,6,-0.018143009605122717,-0.012141590000219638,-0.012451079385067211,0.00012969115505115426,1.0780911144883896
91,2022-08-10,HD KSOE(Hold),True,7,-0.028815368196371427,-0.010775220493659088,-0.010274283339377199,0.00012969115505115426,1.0780911144883896
91,2022-08-10,HD KSOE(Hold),True,8,0.009605122732123883,0.03847573930321968,0.039692748686814286,0.00012969115505115426,1.0780911144883896
91,2022-08-10,HD KSOE(Hold),True,9,0.05442902881536815,0.0784705961229838,0.07918080851262274,0.00012969115505115426,1.0780911144883896
91,2022-08-10,HD KSOE(Hold),True,10,0.057630736392742854,0.06978510646300518,0.06943734321718474,0.00012969115505115426,1.0780911144883896
92,2022-09-05,HD KSOE(Hold),False,1,0.0032679738562091387,0.003143478064166816,0.0032734229498986565,-0.00013287630064802748,1.0235462971727607
92,2022-09-05,HD KSOE(Hold),False,2,-0.03812636165577343,-0.02432392817802509,-0.02373317937635471,-0.00013287630064802748,1.0235462971727607
92,2022-09-05,HD KSOE(Hold),False,3,-0.04030501089324623,-0.029747767728065422,-0.029100554841228896,-0.00013287630064802748,1.0235462971727607
92,2022-09-05,HD KSOE(Hold),False,4,-0.03812636165577343,-0.054651103119512046,-0.05450869439012816,-0.00013287630064802748,1.0235462971727607
92,2022-09-05,HD KSOE(Hold),False,5,-0.05882352941176472,-0.059529005566670845,-0.058881235414622424,-0.00013287630064802748,1.0235462971727607
92,2022-09-05,HD KSOE(Hold),False,6,-0.05882352941176472,-0.05554929008105414,-0.05467493606487032,-0.00013287630064802748,1.0235462971727607
92,2022-09-05,HD KSOE(Hold),False,7,-0.08278867102396514,-0.07160894889857317,-0.0704155737345636,-0.00013287630064802748,1.0235462971727607
92,2022-09-05,HD KSOE(Hold),False,8,-0.10566448801742923,-0.08323034629141957,-0.0816390949183389,-0.00013287630064802748,1.0235462971727607
92,2022-09-05,HD KSOE(Hold),False,9,-0.08823529411764708,-0.07085983140828667,-0.0692548168939856,-0.00013287630064802748,1.0235462971727607
92,2022-09-05,HD KSOE(Hold),False,10,-0.07843137254901966,-0.05249059934715394,-0.05055102718597135,-0.00013287630064802748,1.0235462971727607
93,2022-09-14,HD KSOE(Hold),False,1,-0.008036739380022917,-0.0021675583749772853,-0.0020581973753072526,0.00015115985120366308,1.0443879394160327
93,2022-09-14,HD KSOE(Hold),False,2,-0.033295063145809434,-0.01954098100210966,-0.019232785339599302,0.00015115985120366308,1.0443879394160327
93,2022-09-14,HD KSOE(Hold),False,3,-0.057405281285878296,-0.032426080040850236,-0.031770784322936035,0.00015115985120366308,1.0443879394160327
93,2022-09-14,HD KSOE(Hold),False,4,-0.03903559127439726,-0.01910189894696468,-0.018821722824411417,0.00015115985120366308,1.0443879394160327
93,2022-09-14,HD KSOE(Hold),False,5,-0.028702640642939148,-0.00022593731803566275,0.0002822856079001748,0.00015115985120366308,1.0443879394160327
93,2022-09-14,HD KSOE(Hold),False,6,-0.02066590126291623,0.013977995078572558,0.0146088071432919,0.00015115985120366308,1.0443879394160327
93,2022-09-14,HD KSOE(Hold),False,7,-0.03444316877152698,0.01771307230363417,0.01897006141422078,0.00015115985120366308,1.0443879394160327
93,2022-09-14,HD KSOE(Hold),False,8,-0.08381171067738236,-0.003071150828706126,-0.0006965225593558305,0.00015115985120366308,1.0443879394160327
93,2022-09-14,HD KSOE(Hold),False,9,-0.09529276693455802,-0.015760811354903925,-0.013590990389828597,0.00015115985120366308,1.0443879394160327
93,2022-09-14,HD KSOE(Hold),False,10,-0.1274397244546498,-0.025320941833716804,-0.022299698009536448,0.00015115985120366308,1.0443879394160327
94,2022-10-05,HD KSOE(Hold),False,1,0.03511053315994794,0.03177933693321133,0.03097789982004201,0.0007334997742863216,1.020394277088131
94,2022-10-05,HD KSOE(Hold),False,2,0.041612483745123496,0.04053197460563007,0.03904293885427034,0.0007334997742863216,1.020394277088131
94,2022-10-05,HD KSOE(Hold),False,3,-0.0039011703511053764,0.013297307072530296,0.011447558263742922,0.0007334997742863216,1.020394277088131
94,2022-10-05,HD KSOE(Hold),False,4,0.005201560468140354,0.01773725986242758,0.015058917292222902,0.0007334997742863216,1.020394277088131
94,2022-10-05,HD KSOE(Hold),False,5,-0.03771131339401823,-0.007421189964903707,-0.010470943666088268,0.0007334997742863216,1.020394277088131
94,2022-10-05,HD KSOE(Hold),False,6,-0.01950585175552666,-0.011489460297377518,-0.015726970434451027,0.0007334997742863216,1.020394277088131
94,2022-10-05,HD KSOE(Hold),False,7,-0.0273081924577373,-0.022501944335178048,-0.027538422799216516,0.0007334997742863216,1.020394277088131
94,2022-10-05,HD KSOE(Hold),False,8,-0.03641092327698314,-0.045162598962837475,-0.051209081256050816,0.0007334997742863216,1.020394277088131
94,2022-10-05,HD KSOE(Hold),False,9,-0.05071521456436934,-0.05385810629376697,-0.06052370126713119,0.0007334997742863216,1.020394277088131
94,2022-10-05,HD KSOE(Hold),False,10,-0.052015604681404426,-0.04648303921196595,-0.05370520428163721,0.0007334997742863216,1.020394277088131
95,2022-10-11,HD KSOE(Hold),False,1,0.009138381201044377,0.00406388374513833,0.002882403717131155,0.0012070889535479817,0.9949534065662006
95,2022-10-11,HD KSOE(Hold),False,2,-0.03394255874673624,-0.020946004111465744,-0.02342577034584608,0.0012070889535479817,0.9949534065662006
95,2022-10-11,HD KSOE(Hold),False,3,-0.015665796344647487,-0.02534019796921705,-0.028912642058146504,0.0012070889535479817,0.9949534065662006
95,2022-10-11,HD KSOE(Hold),False,4,-0.023498694516971286,-0.03644048838832914,-0.04120353223054829,0.0012070889535479817,0.9949534065662006
95,2022-10-11,HD KSOE(Hold),False,5,-0.03263707571801566,-0.05937858209536295,-0.06527907335260903,0.0012070889535479817,0.9949534065662006
95,2022-10-11,HD KSOE(Hold),False,6,-0.04699738903394257,-0.06803008577339553,-0.075166476025423,0.0012070889535479817,0.9949534065662006
95,2022-10-11,HD KSOE(Hold),False,7,-0.04830287206266315,-0.060505395621200164,-0.06889343712076974,0.0012070889535479817,0.9949534065662006
95,2022-10-11,HD KSOE(Hold),False,8,-0.06657963446475201,-0.07651414971790649,-0.0861207258868458,0.0012070889535479817,0.9949534065662006
95,2022-10-11,HD KSOE(Hold),False,9,-0.06527415143603132,-0.0857227333604158,-0.09648333826307753,0.0012070889535479817,0.9949534065662006
95,2022-10-11,HD KSOE(Hold),False,10,-0.09007832898172319,-0.11002950063390127,-0.1219997047175246,0.0012070889535479817,0.9949534065662006
96,2022-11-11,HD KSOE(Hold),True,1,-0.01913265306122447,-0.014895535427894235,-0.01506330584342171,0.0002847373101620439,1.0276052979304795
96,2022-11-11,HD KSOE(Hold),True,2,-0.012755102040816313,-0.010803533140374522,-0.011319134119770055,0.0002847373101620439,1.0276052979304795
96,2022-11-11,HD KSOE(Hold),True,3,0.01658163265306123,0.019692071333559213,0.018923723989542715,0.0002847373101620439,1.0276052979304795
96,2022-11-11,HD KSOE(Hold),True,4,-0.010204081632653073,0.006808770555115973,0.006139466167758373,0.0002847373101620439,1.0276052979304795
96,2022-11-11,HD KSOE(Hold),True,5,-0.003826530612244916,0.012550552737854437,0.011578960452156005,0.0002847373101620439,1.0276052979304795
96,2022-11-11,HD KSOE(Hold),True,6,-0.01913265306122447,0.007296016089500923,0.006317163514340508,0.0002847373101620439,1.0276052979304795
96,2022-11-11,HD KSOE(Hold),True,7,-0.0012755102040816757,0.030879102339074094,0.029773578827032736,0.0002847373101620439,1.0276052979304795
96,2022-11-11,HD KSOE(Hold),True,8,-0.0025510204081632404,0.02447720289960509,0.022945426575251213,0.0002847373101620439,1.0276052979304795
96,2022-11-11,HD KSOE(Hold),True,9,-0.010204081632653073,0.007440515539382742,0.00536496410972169,0.0002847373101620439,1.0276052979304795
96,2022-11-11,HD KSOE(Hold),True,10,-0.0025510204081632404,0.016489853894704032,0.014168109801071055,0.0002847373101620439,1.0276052979304795
97,2022-12-01,HD KSOE(Hold),False,1,-0.041450777202072575,-0.02641132747518604,-0.025737274429309495,0.00033007626911866,1.0667663600218091
97,2022-12-01,HD KSOE(Hold),False,2,-0.04404145077720212,-0.022928766172711,-0.022179301609617962,0.00033007626911866,1.0667663600218091
97,2022-12-01,HD KSOE(Hold),False,3,-0.03497409326424872,-0.003276743476670285,-0.002150655616371594,0.00033007626911866,1.0667663600218091
97,2022-12-01,HD KSOE(Hold),False,4,-0.04404145077720212,-0.008156360750902314,-0.007080748987265989,0.00033007626911866,1.0667663600218091
97,2022-12-01,HD KSOE(Hold),False,5,-0.05699481865284972,-0.016363623022665585,-0.01530120733269745,0.00033007626911866,1.0667663600218091
97,2022-12-01,HD KSOE(Hold),False,6,-0.04663212435233166,-0.013267770720933658,-0.013020611889196745,0.00033007626911866,1.0667663600218091
97,2022-12-01,HD KSOE(Hold),False,7,-0.04663212435233166,-0.006785877134043217,-0.0064360221305795745,0.00033007626911866,1.0667663600218091
97,2022-12-01,HD KSOE(Hold),False,8,-0.03497409326424872,0.005123013755779615,0.0051595414859625585,0.00033007626911866,1.0667663600218091
97,2022-12-01,HD KSOE(Hold),False,9,-0.03497409326424872,-0.005740834109889015,-0.006759722226646128,0.00033007626911866,1.0667663600218091
97,2022-12-01,HD KSOE(Hold),False,10,-0.05440414507772018,-0.009682316228842858,-0.009997165194271587,0.00033007626911866,1.0667663600218091
98,2022-12-09,HD KSOE(Hold),False,1,0.0,0.00023593053530945873,-1.7844123988961473e-05,0.00025608922454506243,1.0098103674609407
98,2022-12-09,HD KSOE(Hold),False,2,0.012228260869565188,0.012725400211824445,0.012218098882361174,0.00025608922454506243,1.0098103674609407
98,2022-12-09,HD KSOE(Hold),False,3,0.012228260869565188,0.0014133736527870422,0.0005390079615066323,0.00025608922454506243,1.0098103674609407
98,2022-12-09,HD KSOE(Hold),False,4,-0.008152173913043459,-0.0028395238233055453,-0.0038117616719140664,0.00025608922454506243,1.0098103674609407
98,2022-12-09,HD KSOE(Hold),False,5,-0.010869565217391353,-0.005156675826682,-0.0063810764052207435,0.00025608922454506243,1.0098103674609407
98,2022-12-09,HD KSOE(Hold),False,6,-0.021739130434782594,-0.012719000504466393,-0.014167045062574936,0.00025608922454506243,1.0098103674609407
98,2022-12-09,HD KSOE(Hold),False,7,-0.028532608695652217,-0.011558249289186029,-0.01318434915780996,0.00025608922454506243,1.0098103674609407
98,2022-12-09,HD KSOE(Hold),False,8,-0.016304347826086918,0.0024984732290281864,0.0006342220165206774,0.00025608922454506243,1.0098103674609407
98,2022-12-09,HD KSOE(Hold),False,9,0.005434782608695565,0.01253376389434846,0.010298604488453494,0.00025608922454506243,1.0098103674609407
98,2022-12-09,HD KSOE(Hold),False,10,-0.020380434782608647,0.00485149335969115,0.002538135601064539,0.00025608922454506243,1.0098103674609407
99,2022-12-14,HD KSOE(Hold),False,1,-0.02144772117962468,-0.011858111182267428,-0.01199369181511739,0.00015381572962904137,1.001901547277116
99,2022-12-14,HD KSOE(Hold),False,2,-0.024128686327077764,-0.014140557978999269,-0.014429196539993578,0.00015381572962904137,1.001901547277116
99,2022-12-14,HD KSOE(Hold),False,3,-0.034852546916890104,-0.02157139851285128,-0.022007590970153732,0.00015381572962904137,1.001901547277116
99,2022-12-14,HD KSOE(Hold),False,4,-0.041554959785522816,-0.020353783527148672,-0.020928731406679068,0.00015381572962904137,1.001901547277116
99,2022-12-14,HD KSOE(Hold),False,5,-0.029490616621983934,-0.006468840740314508,-0.007194142393217553,0.00015381572962904137,1.001901547277116
99,2022-12-14,HD KSOE(Hold),False,6,-0.008042895442359255,0.0033253648782172185,0.0024240877849011078,0.00015381572962904137,1.001901547277116
99,2022-12-14,HD KSOE(Hold),False,7,-0.03351206434316356,-0.004088825269907503,-0.005109585697167109,0.00015381572962904137,1.001901547277116
99,2022-12-14,HD KSOE(Hold),False,8,-0.034852546916890104,-0.006876558696253587,-0.008053886869060337,0.00015381572962904137,1.001901547277116
99,2022-12-14,HD KSOE(Hold),False,9,-0.014745308310991967,0.006665614447761814,0.0053219867629728905,0.00015381572962904137,1.001901547277116
99,2022-12-14,HD KSOE(Hold),False,10,-0.018766756032171594,0.02460043038632309,0.023144737845282946,0.00015381572962904137,1.001901547277116
100,2022-12-22,HD KSOE(Hold),False,1,-0.016371077762619368,-0.011138604612902725,-0.011196054481222396,4.9861555454139514e-05,0.9985497655413784
100,2022-12-22,HD KSOE(Hold),False,2,-0.017735334242837686,-0.013986183391109575,-0.0140913436497736,4.9861555454139514e-05,0.9985497655413784
100,2022-12-22,HD KSOE(Hold),False,3,0.0027285129604366354,-0.0002510300903058038,-0.0003962937206650895,4.9861555454139514e-05,0.9985497655413784
100,2022-12-22,HD KSOE(Hold),False,4,-0.0013642564802183177,0.018159704549250533,0.017931944006380256,4.9861555454139514e-05,0.9985497655413784
100,2022-12-22,HD KSOE(Hold),False,5,-0.03547066848567526,0.002992523623910004,0.0026874352000534063,4.9861555454139514e-05,0.9985497655413784
100,2022-12-22,HD KSOE(Hold),False,6,-0.03137789904502042,0.011698640385555792,0.011336999970990566,4.9861555454139514e-05,0.9985497655413784
100,2022-12-22,HD KSOE(Hold),False,7,-0.05184174624829463,-0.005759866857445561,-0.006175727275035188,4.9861555454139514e-05,0.9985497655413784
100,2022-12-22,HD KSOE(Hold),False,8,0.01500682128240105,0.04505162191528522,0.044609157466471885,4.9861555454139514e-05,0.9985497655413784
100,2022-12-22,HD KSOE(Hold),False,9,0.0013642564802183177,0.02768140368598304,0.027194483653165367,4.9861555454139514e-05,0.9985497655413784
100,2022-12-22,HD KSOE(Hold),False,10,0.009549795361528002,0.024980646745532353,0.024459652838588006,4.9861555454139514e-05,0.9985497655413784
101,2023-01-17,HD KSOE(Hold),False,1,-0.013106159895150737,-0.008048101450209622,-0.007531608402445683,-0.0002921351134798063,1.044356532595729
101,2023-01-17,HD KSOE(Hold),False,2,-0.014416775884665833,-0.01440837379422577,-0.013823730879667682,-0.0002921351134798063,1.044356532595729
101,2023-01-17,HD KSOE(Hold),False,3,0.0,-0.006259557377875646,-0.005660804298302804,-0.0002921351134798063,1.044356532595729
101,2023-01-17,HD KSOE(Hold),False,4,-0.001310615989515096,-0.021563854995379828,-0.02129367799759333,-0.0002921351134798063,1.044356532595729
101,2023-01-17,HD KSOE(Hold),False,5,0.007863695937090354,-0.029227332310737708,-0.029411886146822566,-0.0002921351134798063,1.044356532595729
101,2023-01-17,HD KSOE(Hold),False,6,0.03276539973787673,-0.010782635013169228,-0.010961464155205096,-0.0002921351134798063,1.044356532595729
101,2023-01-17,HD KSOE(Hold),False,7,0.010484927916120546,-0.018968600121655133,-0.018230110703763302,-0.0002921351134798063,1.044356532595729
101,2023-01-17,HD KSOE(Hold),False,8,0.04325032765399728,0.024463253429930498,0.025967004867570753,-0.0002921351134798063,1.044356532595729
101,2023-01-17,HD KSOE(Hold),False,9,0.051114023591087854,0.0219419655830555,0.023277210262455977,-0.0002921351134798063,1.044356532595729
101,2023-01-17,HD KSOE(Hold),False,10,0.04062909567496731,0.0034414433870781913,0.00471327921100987,-0.0002921351134798063,1.044356532595729
102,2023-01-19,HD KSOE(Hold),False,1,0.013280212483399723,0.0068684477775173836,0.006718216504572086,-0.0001209359541044501,1.0422921363288598
102,2023-01-19,HD KSOE(Hold),False,2,0.01195219123505975,-0.008455371790150323,-0.009076579319543403,-0.0001209359541044501,1.0422921363288598
102,2023-01-19,HD KSOE(Hold),False,3,0.021248339973439556,-0.01599955918622431,-0.017212044553135082,-0.0001209359541044501,1.0422921363288598
102,2023-01-19,HD KSOE(Hold),False,4,0.04648074369189903,0.002774861338957768,0.0014101900205318735,-0.0001209359541044501,1.0422921363288598
102,2023-01-19,HD KSOE(Hold),False,5,0.0239043824701195,-0.005704861227359359,-0.006352419627885315,-0.0001209359541044501,1.0422921363288598
102,2023-01-19,HD KSOE(Hold),False,6,0.05710491367861881,0.03816373720803057,0.03808829011513416,-0.0001209359541044501,1.0422921363288598
102,2023-01-19,HD KSOE(Hold),False,7,0.06507304116865864,0.035745310076221504,0.03535152935337517,-0.0001209359541044501,1.0422921363288598
102,2023-01-19,HD KSOE(Hold),False,8,0.05444887118193886,0.01710433336681283,0.016492440715232863,-0.0001209359541044501,1.0422921363288598
102,2023-01-19,HD KSOE(Hold),False,9,0.10225763612217786,0.06007276217259805,0.0593770973194467,-0.0001209359541044501,1.0422921363288598
102,2023-01-19,HD KSOE(Hold),False,10,0.08233731739707828,0.057887737565145425,0.05806307214275448,-0.0001209359541044501,1.0422921363288598
103,2023-01-20,HD KSOE(Hold),False,1,-0.012953367875647714,-0.013773452109425488,-0.013658853250492865,-0.00014952645468406628,1.042590253918853
103,2023-01-20,HD KSOE(Hold),False,2,-0.0038860103626943143,-0.02122316800843449,-0.02166250904542961,-0.00014952645468406628,1.042590253918853
103,2023-01-20,HD KSOE(Hold),False,3,0.020725388601036343,-0.0029457864684030444,-0.0035053684611158903,-0.00014952645468406628,1.042590253918853
103,2023-01-20,HD KSOE(Hold),False,4,-0.0012953367875647714,-0.011140468619196042,-0.010961669465033536,-0.00014952645468406628,1.042590253918853
103,2023-01-20,HD KSOE(Hold),False,5,0.031088082901554515,0.031706236846613,0.03248019645351431,-0.00014952645468406628,1.042590253918853
103,2023-01-20,HD KSOE(Hold),False,6,0.03886010362694292,0.029291080557437565,0.02978069216325637,-0.00014952645468406628,1.042590253918853
103,2023-01-20,HD KSOE(Hold),False,7,0.02849740932642497,0.011065468075775797,0.011369722454400585,-0.00014952645468406628,1.042590253918853
103,2023-01-20,HD KSOE(Hold),False,8,0.07512953367875652,0.052950170130058316,0.05320175704223323,-0.00014952645468406628,1.042590253918853
103,2023-01-20,HD KSOE(Hold),False,9,0.05569948186528495,0.05091497033053227,0.05205693486154607,-0.00014952645468406628,1.042590253918853
103,2023-01-20,HD KSOE(Hold),False,10,0.03497409326424861,0.024617954171368917,0.02567214812462487,-0.00014952645468406628,1.042590253918853
104,2023-02-01,HD KSOE(Hold),False,1,-0.018541409147095234,-0.013279396366770224,-0.013378318383414873,0.00021342629420006542,1.0217605472156122
104,2023-02-01,HD KSOE(Hold),False,2,0.02595797280593315,0.02657845517053503,0.026165104617926274,0.00021342629420006542,1.0217605472156122
104,2023-02-01,HD KSOE(Hold),False,3,0.007416563658838138,0.025043903562300796,0.024787205241955542,0.00021342629420006542,1.0217605472156122
104,2023-02-01,HD KSOE(Hold),False,4,-0.012360939431396822,-0.00018095119638705803,-0.0007696131641137891,0.00021342629420006542,1.0217605472156122
104,2023-02-01,HD KSOE(Hold),False,5,-0.01606922126081578,-0.016754169325635893,-0.01783620564134098,0.00021342629420006542,1.0217605472156122
104,2023-02-01,HD KSOE(Hold),False,6,-0.0012360939431397266,-0.0010668714800664558,-0.0023437468718692,0.00021342629420006542,1.0217605472156122
104,2023-02-01,HD KSOE(Hold),False,7,0.01606922126081578,0.020988760008730734,0.019601827804533314,0.00021342629420006542,1.0217605472156122
104,2023-02-01,HD KSOE(Hold),False,8,0.040791100123609425,0.05257220683851804,0.051121159813839454,0.00021342629420006542,1.0217605472156122
104,2023-02-01,HD KSOE(Hold),False,9,0.03831891223732997,0.04488635544707731,0.043108429957328276,0.00021342629420006542,1.0217605472156122
104,2023-02-01,HD KSOE(Hold),False,10,0.04820766378244756,0.06998095403120452,0.06832048979970118,0.00021342629420006542,1.0217605472156122
105,2023-02-14,HD KSOE(Hold),False,1,-0.0011778563015312216,0.017094830903544245,0.017048374954430193,0.00029350170938828005,1.0135199468748968
105,2023-02-14,HD KSOE(Hold),False,2,0.005889281507656108,0.004922879152707393,0.004322810025432151,0.00029350170938828005,1.0135199468748968
105,2023-02-14,HD KSOE(Hold),False,3,0.002355712603062443,0.01120294420401513,0.010442053177085079,0.00029350170938828005,1.0135199468748968
105,2023-02-14,HD KSOE(Hold),False,4,-0.017667844522968212,-0.010401631000613532,-0.01147739901736276,0.00029350170938828005,1.0135199468748968
105,2023-02-14,HD KSOE(Hold),False,5,-0.0011778563015312216,0.0045356438137093,0.003145381484795668,0.00029350170938828005,1.0135199468748968
105,2023-02-14,HD KSOE(Hold),False,6,0.007067137809187329,0.02947230705090531,0.02801421349244673,0.00029350170938828005,1.0135199468748968
105,2023-02-14,HD KSOE(Hold),False,7,0.004711425206124886,0.01845940849828165,0.016590768536310616,0.00029350170938828005,1.0135199468748968
105,2023-02-14,HD KSOE(Hold),False,8,0.005889281507656108,0.02589664072224196,0.023819125480823895,0.00029350170938828005,1.0135199468748968
105,2023-02-14,HD KSOE(Hold),False,9,-0.021201413427561877,0.007285216658686644,0.00502883899960304,0.00029350170938828005,1.0135199468748968
105,2023-02-14,HD KSOE(Hold),False,10,-0.04240282685512364,-0.01804463528101985,-0.02065033091885221,0.00029350170938828005,1.0135199468748968
106,2023-02-17,HD KSOE(Hold),False,1,-0.018823529411764683,-0.019585783564419312,-0.02024275253803367,0.000624980756317163,1.0419652909541954
106,2023-02-17,HD KSOE(Hold),False,2,-0.0023529411764705577,-0.004680465888587171,-0.00602810265296855,0.000624980756317163,1.0419652909541954
106,2023-02-17,HD KSOE(Hold),False,3,0.00588235294117645,0.02038148674327578,0.019115004842913196,0.000624980756317163,1.0419652909541954
106,2023-02-17,HD KSOE(Hold),False,4,0.003529411764705781,0.009301346952721667,0.007043644866986861,0.000624980756317163,1.0419652909541954
106,2023-02-17,HD KSOE(Hold),False,5,0.004705882352941115,0.016787814483787855,0.014169932499361866,0.000624980756317163,1.0419652909541954
106,2023-02-17,HD KSOE(Hold),False,6,-0.022352941176470575,-0.001723164349812012,-0.004607314300864144,0.000624980756317163,1.0419652909541954
106,2023-02-17,HD KSOE(Hold),False,7,-0.04352941176470593,-0.027061461087033445,-0.03074524403964572,0.000624980756317163,1.0419652909541954
106,2023-02-17,HD KSOE(Hold),False,8,-0.02117647058823524,-0.010822858033460947,-0.015388211720710136,0.000624980756317163,1.0419652909541954
106,2023-02-17,HD KSOE(Hold),False,9,-0.0505882352941176,-0.04195478986458545,-0.047217311622052435,0.000624980756317163,1.0419652909541954
106,2023-02-17,HD KSOE(Hold),False,10,-0.05294117647058827,-0.05676059968469205,-0.06317069045432075,0.000624980756317163,1.0419652909541954
107,2023-02-22,HD KSOE(Hold),False,1,-0.004667444574095736,-0.008404054711502518,-0.00909975617477991,0.0005280532192363654,1.0448663997249055
107,2023-02-22,HD KSOE(Hold),False,2,-0.003500583430571802,-0.0008668494130162907,-0.0018047896882882949,0.0005280532192363654,1.0448663997249055
107,2023-02-22,HD KSOE(Hold),False,3,-0.03033838973162195,-0.01907506159716965,-0.020153876272565638,0.0005280532192363654,1.0448663997249055
107,2023-02-22,HD KSOE(Hold),False,4,-0.05134189031505254,-0.04428019098048175,-0.04607557083234526,0.0005280532192363654,1.0448663997249055
107,2023-02-22,HD KSOE(Hold),False,5,-0.029171528588098017,-0.0282826433571729,-0.030883028373274474,0.0005280532192363654,1.0448663997249055
107,2023-02-22,HD KSOE(Hold),False,6,-0.058343057176196034,-0.0591907903130966,-0.062397144362295015,0.0005280532192363654,1.0448663997249055
107,2023-02-22,HD KSOE(Hold),False,7,-0.0606767794632439,-0.07409647732456937,-0.07839494338765761,0.0005280532192363654,1.0448663997249055
107,2023-02-22,HD KSOE(Hold),False,8,-0.07001166861143526,-0.08373177675913823,-0.08857177436945293,0.0005280532192363654,1.0448663997249055
107,2023-02-22,HD KSOE(Hold),False,9,-0.09101516919486585,-0.0917970589813274,-0.09658461853415488,0.0005280532192363654,1.0448663997249055
107,2023-02-22,HD KSOE(Hold),False,10,-0.1038506417736289,-0.09935683310617482,-0.10443574428257724,0.0005280532192363654,1.0448663997249055
108,2023-03-02,HD KSOE(Hold),False,1,-0.030048076923076872,-0.027317147299871447,-0.027286735117015487,6.465778497929104e-05,1.0348123097085384
108,2023-03-02,HD KSOE(Hold),False,2,-0.03245192307692313,-0.04224800546406726,-0.04271834528801746,6.465778497929104e-05,1.0348123097085384
108,2023-03-02,HD KSOE(Hold),False,3,-0.04206730769230771,-0.05216272620932272,-0.05270814440031223,6.465778497929104e-05,1.0348123097085384
108,2023-03-02,HD KSOE(Hold),False,4,-0.06370192307692313,-0.060905385534841705,-0.061066662743732375,6.465778497929104e-05,1.0348123097085384
108,2023-03-02,HD KSOE(Hold),False,5,-0.07692307692307687,-0.06886970488107147,-0.06891263732424355,6.465778497929104e-05,1.0348123097085384
108,2023-03-02,HD KSOE(Hold),False,6,-0.10096153846153844,-0.08286195384167483,-0.08261981220616799,6.465778497929104e-05,1.0348123097085384
108,2023-03-02,HD KSOE(Hold),False,7,-0.09615384615384615,-0.0846191539164931,-0.08467020913278873,6.465778497929104e-05,1.0348123097085384
108,2023-03-02,HD KSOE(Hold),False,8,-0.125,-0.0881939575106715,-0.08742991644022169,6.465778497929104e-05,1.0348123097085384
108,2023-03-02,HD KSOE(Hold),False,9,-0.11418269230769229,-0.0899856717273082,-0.08972523761765361,6.465778497929104e-05,1.0348123097085384
108,2023-03-02,HD KSOE(Hold),False,10,-0.13100961538461542,-0.10607040522194877,-0.1058487915636726,6.465778497929104e-05,1.0348123097085384
109,2023-03-20,HD KSOE(Hold),False,1,0.009485094850948617,0.012902521641237952,0.01297492648427443,0.0001371827907506846,1.0613290778847726
109,2023-03-20,HD KSOE(Hold),False,2,0.0027100271002709064,-0.005810590122892423,-0.006607517301699511,0.0001371827907506846,1.0613290778847726
109,2023-03-20,HD KSOE(Hold),False,3,-0.004065040650406471,-0.01572351495085622,-0.016850066801498177,0.0001371827907506846,1.0613290778847726
109,2023-03-20,HD KSOE(Hold),False,4,-0.009485094850948506,-0.01717117561738679,-0.018191287026343074,0.0001371827907506846,1.0613290778847726
109,2023-03-20,HD KSOE(Hold),False,5,-0.006775067750677488,-0.012066028886314584,-0.0130764326076408,0.0001371827907506846,1.0613290778847726
109,2023-03-20,HD KSOE(Hold),False,6,0.02981029810298108,0.013787198133858869,0.011981419443392968,0.0001371827907506846,1.0613290778847726
109,2023-03-20,HD KSOE(Hold),False,7,0.02981029810298108,0.010040129443163126,0.007867363694375268,0.0001371827907506846,1.0613290778847726
109,2023-03-20,HD KSOE(Hold),False,8,0.04065040650406515,0.01702467941417729,0.014478273031391698,0.0001371827907506846,1.0613290778847726
109,2023-03-20,HD KSOE(Hold),False,9,0.050135501355013545,0.01662051725293301,0.013330429065873436,0.0001371827907506846,1.0613290778847726
109,2023-03-20,HD KSOE(Hold),False,10,0.06910569105691056,0.037476759347028654,0.03416515822327431,0.0001371827907506846,1.0613290778847726
110,2023-03-29,HD KSOE(Hold),False,1,0.009198423127463773,0.009120966004058317,0.008800409796877443,0.00031701498191761743,1.0457185228106065
110,2023-03-29,HD KSOE(Hold),False,2,0.018396846254927768,0.008657632159361883,0.007578339713741139,0.00031701498191761743,1.0457185228106065
110,2023-03-29,HD KSOE(Hold),False,3,0.036793692509855536,0.028897142613199422,0.027585079070871203,0.00031701498191761743,1.0457185228106065
110,2023-03-29,HD KSOE(Hold),False,4,0.05650459921156381,0.04527739300847111,0.043496041797905165,0.00031701498191761743,1.0457185228106065
110,2023-03-29,HD KSOE(Hold),False,5,0.0341655716162943,0.016945630076038887,0.014573284876345322,0.00031701498191761743,1.0457185228106065
110,2023-03-29,HD KSOE(Hold),False,6,0.018396846254927768,0.015844837873251638,0.013826073928335413,0.00031701498191761743,1.0457185228106065
110,2023-03-29,HD KSOE(Hold),False,7,0.014454664914586024,-0.00080846508700394,-0.0037253777175662063,0.00031701498191761743,1.0457185228106065
110,2023-03-29,HD KSOE(Hold),False,8,0.005256241787122251,-0.01884107697340065,-0.022478890646169012,0.00031701498191761743,1.0457185228106065
110,2023-03-29,HD KSOE(Hold),False,9,0.006570302233902758,-0.03211341587108851,-0.036735113156929185,0.00031701498191761743,1.0457185228106065
110,2023-03-29,HD KSOE(Hold),False,10,0.036793692509855536,-0.003023345611279371,-0.00801387159604744,0.00031701498191761743,1.0457185228106065
111,2023-04-13,HD KSOE(Hold),True,1,0.03221809169764556,0.03555517165578681,0.034948544546563556,0.0005831813281121357,0.9929741626196522
111,2023-04-13,HD KSOE(Hold),True,2,0.038413878562577386,0.040037846625830764,0.0388600742340832,0.0005831813281121357,0.9929741626196522
111,2023-04-13,HD KSOE(Hold),True,3,0.04213135068153662,0.045623463390346286,0.04384938439000394,0.0005831813281121357,0.9929741626196522
111,2023-04-13,HD KSOE(Hold),True,4,0.057001239157373096,0.05894690017826376,0.05660050496788516,0.0005831813281121357,0.9929741626196522
111,2023-04-13,HD KSOE(Hold),True,5,0.06567534076827752,0.07226035685292531,0.06929818496020693,0.0005831813281121357,0.9929741626196522
111,2023-04-13,HD KSOE(Hold),True,6,0.060718711276332105,0.07455538427350272,0.07095908209046674,0.0005831813281121357,0.9929741626196522
111,2023-04-13,HD KSOE(Hold),True,7,0.07434944237918217,0.09628657659878603,0.09205018056438329,0.0005831813281121357,0.9929741626196522
111,2023-04-13,HD KSOE(Hold),True,8,0.06319702602230493,0.0984979833495403,0.09358451393909145,0.0005831813281121357,0.9929741626196522
111,2023-04-13,HD KSOE(Hold),True,9,0.07187112763320935,0.1087960530236981,0.10328799254961382,0.0005831813281121357,0.9929741626196522
111,2023-04-13,HD KSOE(Hold),True,10,0.04213135068153662,0.07480062706617285,0.06873928476183941,0.0005831813281121357,0.9929741626196522
112,2023-05-02,HD KSOE(Hold),True,1,-0.0011918951132300348,0.0023098318476773017,0.0027901866136760337,-0.0005003427257510744,0.9942919707974137
112,2023-05-02,HD KSOE(Hold),True,2,-0.015494636471990453,-0.01180965645055776,-0.010830004972628895,-0.0005003427257510744,0.9942919707974137
112,2023-05-02,HD KSOE(Hold),True,3,0.0023837902264600697,0.001180694046489572,0.002688589531871587,-0.0005003427257510744,0.9942919707974137
112,2023-05-02,HD KSOE(Hold),True,4,0.05363528009535168,0.05368706900376108,0.055688144294163806,-0.0005003427257510744,0.9942919707974137
112,2023-05-02,HD KSOE(Hold),True,5,0.03933253873659126,0.044782325406126144,0.047252931493423946,-0.0005003427257510744,0.9942919707974137
112,2023-05-02,HD KSOE(Hold),True,6,0.05005959475566146,0.05770443438931472,0.06066285377594319,-0.0005003427257510744,0.9942919707974137
112,2023-05-02,HD KSOE(Hold),True,7,0.023837902264600697,0.037689443383002064,0.041112777462054925,-0.0005003427257510744,0.9942919707974137
112,2023-05-02,HD KSOE(Hold),True,8,0.04648390941597147,0.0587698319955372,0.06270244539668092,-0.0005003427257510744,0.9942919707974137
112,2023-05-02,HD KSOE(Hold),True,9,0.03694874851013119,0.04888011625520239,0.05331509619144639,-0.0005003427257510744,0.9942919707974137
112,2023-05-02,HD KSOE(Hold),True,10,0.035756853396901045,0.0419436360707226,0.04691174899206112,-0.0005003427257510744,0.9942919707974137
113,2023-06-01,HD KSOE(Hold),True,1,0.01750772399588052,0.011673066361526763,0.011788986165448868,-5.034631618653155e-05,0.9887613820990141
113,2023-06-01,HD KSOE(Hold),True,2,0.06900102986611745,0.057733838118929404,0.057961158414166256,-5.034631618653155e-05,0.9887613820990141
113,2023-06-01,HD KSOE(Hold),True,3,0.0751802265705459,0.06383956994923423,0.06411806220430703,-5.034631618653155e-05,0.9887613820990141
113,2023-06-01,HD KSOE(Hold),True,4,0.08135942327497436,0.0718553885067561,0.07216358598677991,-5.034631618653155e-05,0.9887613820990141
113,2023-06-01,HD KSOE(Hold),True,5,0.06797116374871259,0.046747548271596884,0.047237803957354295,-5.034631618653155e-05,0.9887613820990141
113,2023-06-01,HD KSOE(Hold),True,6,0.0875386199794026,0.07088142641492556,0.07137070814581867,-5.034631618653155e-05,0.9887613820990141
113,2023-06-01,HD KSOE(Hold),True,7,0.07621009268795054,0.056227646926293895,0.05680464621224205,-5.034631618653155e-05,0.9887613820990141
113,2023-06-01,HD KSOE(Hold),True,8,0.09268795056642642,0.0800017267769535,0.08054707292822204,-5.034631618653155e-05,0.9887613820990141
113,2023-06-01,HD KSOE(Hold),True,9,0.11946446961894952,0.11085361305718289,0.11140350402955956,-5.034631618653155e-05,0.9887613820990141
113,2023-06-01,HD KSOE(Hold),True,10,0.17404737384140057,0.15876668002366312,0.15944187706460794,-5.034631618653155e-05,0.9887613820990141
114,2023-07-03,HD KSOE(Hold),False,1,0.023235800344234114,0.027616309573633036,0.02771586155271885,-9.552447692404365e-05,1.000919414148187
114,2023-07-03,HD KSOE(Hold),False,2,0.04561101549053359,0.055485397381869195,0.05568552498213278,-9.552447692404365e-05,1.000919414148187
114,2023-07-03,HD KSOE(Hold),False,3,0.03528399311531838,0.05387716243870044,0.05418083069240813,-9.552447692404365e-05,1.000919414148187
114,2023-07-03,HD KSOE(Hold),False,4,0.03614457831325302,0.06609405464852125,0.06650368852849087,-9.552447692404365e-05,1.000919414148187
114,2023-07-03,HD KSOE(Hold),False,5,0.047332185886402645,0.07958901195599932,0.08009629172288354,-9.552447692404365e-05,1.000919414148187
114,2023-07-03,HD KSOE(Hold),False,6,0.06712564543889843,0.0833385205271997,0.08392657373548293,-9.552447692404365e-05,1.000919414148187
114,2023-07-03,HD KSOE(Hold),False,7,0.10154905335628217,0.11306660610667374,0.11374586684609325,-9.552447692404365e-05,1.000919414148187
114,2023-07-03,HD KSOE(Hold),False,8,0.11015490533562833,0.11533396488905434,0.11610292240507442,-9.552447692404365e-05,1.000919414148187
114,2023-07-03,HD KSOE(Hold),False,9,0.11359724612736666,0.10454444966555876,0.10539584668872751,-9.552447692404365e-05,1.000919414148187
114,2023-07-03,HD KSOE(Hold),False,10,0.10154905335628217,0.09606669824709568,0.09701690246148335,-9.552447692404365e-05,1.000919414148187
115,2023-07-07,HD KSOE(Hold),False,1,0.011637572734829682,0.014556784152189972,0.014625969993647646,0.00011244458625280438,1.0622190042935358
115,2023-07-07,HD KSOE(Hold),False,2,0.03075644222776397,0.017145322326495016,0.01607356282641252,0.00011244458625280438,1.0622190042935358
115,2023-07-07,HD KSOE(Hold),False,3,0.06400665004156281,0.045557866775210565,0.04407266809119247,0.00011244458625280438,1.0622190042935358
115,2023-07-07,HD KSOE(Hold),False,4,0.07231920199501252,0.047339770964348826,0.045335797292790664,0.00011244458625280438,1.0622190042935358
115,2023-07-07,HD KSOE(Hold),False,5,0.07564422277639227,0.03600148995148156,0.03297273565637693,0.00011244458625280438,1.0622190042935358
115,2023-07-07,HD KSOE(Hold),False,6,0.06400665004156281,0.02804259827104927,0.025130283262009917,0.00011244458625280438,1.0622190042935358
115,2023-07-07,HD KSOE(Hold),False,7,0.03740648379052369,0.005943871847863713,0.0031991873565478737,0.00011244458625280438,1.0622190042935358
115,2023-07-07,HD KSOE(Hold),False,8,0.05153782211138824,0.019829964765101682,0.01695757676271182,0.00011244458625280438,1.0622190042935358
115,2023-07-07,HD KSOE(Hold),False,9,0.040731504571903665,0.012192059617629925,0.009404362493209598,0.00011244458625280438,1.0622190042935358
115,2023-07-07,HD KSOE(Hold),False,10,0.04322527015793853,0.010916166015664475,0.0077814798637879865,0.00011244458625280438,1.0622190042935358
116,2023-08-03,HD KSOE(Hold),True,1,0.008298755186721962,0.00959184044209671,0.008149388811111227,0.001395009259076309,0.9633107162022158
116,2023-08-03,HD KSOE(Hold),True,2,0.0008298755186721962,0.010599000326340202,0.0074505596156630785,0.001395009259076309,0.9633107162022158
116,2023-08-03,HD KSOE(Hold),True,3,0.01991701244813271,0.032268470718314624,0.027630276783294504,0.001395009259076309,0.9633107162022158
116,2023-08-03,HD KSOE(Hold),True,4,0.014937759336099532,0.015340649400830575,0.009745830616601114,0.001395009259076309,0.9633107162022158
116,2023-08-03,HD KSOE(Hold),True,5,-0.009128630705394158,-0.00735975146881318,-0.014399696676509654,0.001395009259076309,0.9633107162022158
116,2023-08-03,HD KSOE(Hold),True,6,-0.01576763485477184,-0.010046595935591651,-0.018626552310573474,0.001395009259076309,0.9633107162022158
116,2023-08-03,HD KSOE(Hold),True,7,-0.03319502074688796,-0.01965024047545505,-0.029912253576346443,0.001395009259076309,0.9633107162022158
116,2023-08-03,HD KSOE(Hold),True,8,-0.053941908713692976,-0.02304215927294273,-0.03533592302206531,0.001395009259076309,0.9633107162022158
116,2023-08-03,HD KSOE(Hold),True,9,-0.06473029045643153,-0.031608890087307384,-0.04537917387691699,0.001395009259076309,0.9633107162022158
116,2023-08-03,HD KSOE(Hold),True,10,-0.053941908713692976,-0.014930639303025184,-0.03031202742850808,0.001395009259076309,0.9633107162022158
117,2023-08-21,HD KSOE(Hold),True,1,-0.003527336860670194,0.0014758469835943755,-3.973835841733888e-05,0.001345465618352208,0.965997706869292
117,2023-08-21,HD KSOE(Hold),True,2,-0.0008818342151675207,0.008171357737023377,0.005172597213792,0.001345465618352208,0.965997706869292
117,2023-08-21,HD KSOE(Hold),True,3,-0.0008818342151675207,-0.004556109149018717,-0.00846757223073172,0.001345465618352208,0.965997706869292
117,2023-08-21,HD KSOE(Hold),True,4,-0.014109347442680775,-0.010450892853001159,-0.01595715117177366,0.001345465618352208,0.965997706869292
117,2023-08-21,HD KSOE(Hold),True,5,0.06172839506172845,0.05578785582529733,0.04926251969000789,0.001345465618352208,0.965997706869292
117,2023-08-21,HD KSOE(Hold),True,6,0.08818342151675496,0.07878218199278919,0.07102905198476182,0.001345465618352208,0.965997706869292
117,2023-08-21,HD KSOE(Hold),True,7,0.08465608465608465,0.07167153717725427,0.06269478223833361,0.001345465618352208,0.965997706869292
117,2023-08-21,HD KSOE(Hold),True,8,0.09082892416225752,0.07980214427466104,0.06941335512986922,0.001345465618352208,0.965997706869292
117,2023-08-21,HD KSOE(Hold),True,9,0.06525573192239853,0.05128636801888664,0.03965216786001351,0.001345465618352208,0.965997706869292
117,2023-08-21,HD KSOE(Hold),True,10,0.07583774250440922,0.053625979287500236,0.04092657398782937,0.001345465618352208,0.965997706869292
118,2023-09-07,HD KSOE(Hold),True,1,-0.010000000000000009,-0.010632347107502715,-0.011911154883861238,0.0012950951941275086,0.9742429156775777
118,2023-09-07,HD KSOE(Hold),True,2,0.006666666666666599,0.002420907516289761,-5.9924495516304466e-05,0.0012950951941275086,0.9742429156775777
118,2023-09-07,HD KSOE(Hold),True,3,-0.005833333333333357,-0.0021060202586731247,-0.006087310558215741,0.0012950951941275086,0.9742429156775777
118,2023-09-07,HD KSOE(Hold),True,4,-0.005833333333333357,-0.0013676273629553704,-0.006663031704703575,0.0012950951941275086,0.9742429156775777
118,2023-09-07,HD KSOE(Hold),True,5,0.0,-0.010533881629334552,-0.01673803552260291,0.0012950951941275086,0.9742429156775777
118,2023-09-07,HD KSOE(Hold),True,6,0.020000000000000018,-0.0016843998790292414,-0.008896444127629015,0.0012950951941275086,0.9742429156775777
118,2023-09-07,HD KSOE(Hold),True,7,0.008333333333333304,-0.0029193030827903144,-0.011695134336663218,0.0012950951941275086,0.9742429156775777
118,2023-09-07,HD KSOE(Hold),True,8,0.004999999999999893,-0.00016089502645266762,-0.010388726971097228,0.0012950951941275086,0.9742429156775777
118,2023-09-07,HD KSOE(Hold),True,9,0.0,-0.005369058981096186,-0.016886624423335612,0.0012950951941275086,0.9742429156775777
118,2023-09-07,HD KSOE(Hold),True,10,-0.01666666666666672,-0.004451762913038393,-0.01771733516028596,0.0012950951941275086,0.9742429156775777
119,2023-10-26,HD KSOE(Hold),False,1,-0.02871794871794875,-0.02491969729793042,-0.027396245966346672,0.0018514377190939181,0.8354213873184525
119,2023-10-26,HD KSOE(Hold),False,2,-0.043076923076923124,-0.04262701630279797,-0.046403936773707355,0.0018514377190939181,0.8354213873184525
119,2023-10-26,HD KSOE(Hold),False,3,-0.0738461538461539,-0.059310704220571386,-0.06725724151193403,0.0018514377190939181,0.8354213873184525
119,2023-10-26,HD KSOE(Hold),False,4,-0.05641025641025643,-0.052071251655953055,-0.060191109915210615,0.0018514377190939181,0.8354213873184525
119,2023-10-26,HD KSOE(Hold),False,5,-0.043076923076923124,-0.05671688518092932,-0.06372922773629269,0.0018514377190939181,0.8354213873184525
119,2023-10-26,HD KSOE(Hold),False,6,-0.012307692307692353,-0.03685789368423409,-0.04392608191519374,0.0018514377190939181,0.8354213873184525
119,2023-10-26,HD KSOE(Hold),False,7,0.05230769230769239,-0.030224244584230453,-0.02960131694229419,0.0018514377190939181,0.8354213873184525
119,2023-10-26,HD KSOE(Hold),False,8,0.042051282051281946,-0.015212333036168646,-0.02059946846069724,0.0018514377190939181,0.8354213873184525
119,2023-10-26,HD KSOE(Hold),False,9,0.011282051282051286,-0.03631722021505657,-0.04514633761925549,0.0018514377190939181,0.8354213873184525
119,2023-10-26,HD KSOE(Hold),False,10,0.00512820512820511,-0.044833076933060045,-0.05512489563456472,0.0018514377190939181,0.8354213873184525
120,2023-10-30,HD KSOE(Hold),False,1,-0.04140127388535031,-0.02397538781786379,-0.028788961903680334,0.0020160575132908707,0.8394620186490649
120,2023-10-30,HD KSOE(Hold),False,2,-0.023354564755838636,-0.016095216673764456,-0.021292732787366167,0.0020160575132908707,0.8394620186490649
120,2023-10-30,HD KSOE(Hold),False,3,-0.009554140127388533,-0.020221025336520815,-0.02455675765761718,0.0020160575132908707,0.8394620186490649
120,2023-10-30,HD KSOE(Hold),False,4,0.022292993630573354,0.000747869643668464,-0.0038575496966816968,0.0020160575132908707,0.8394620186490649
120,2023-10-30,HD KSOE(Hold),False,5,0.08917197452229297,0.009815179505061167,0.012474671617153155,0.0020160575132908707,0.8394620186490649
120,2023-10-30,HD KSOE(Hold),False,6,0.07855626326963905,0.024393676301958767,0.020992483598749397,0.0020160575132908707,0.8394620186490649
120,2023-10-30,HD KSOE(Hold),False,7,0.04670912951167727,0.002182539938740957,-0.004781653847814343,0.0020160575132908707,0.8394620186490649
120,2023-10-30,HD KSOE(Hold),False,8,0.04033970276008492,-0.00654196943484342,-0.015144140524640325,0.0020160575132908707,0.8394620186490649
120,2023-10-30,HD KSOE(Hold),False,9,0.030785562632696495,-0.008582274530162248,-0.020406759041502416,0.0020160575132908707,0.8394620186490649
120,2023-10-30,HD KSOE(Hold),False,10,0.015923566878981,-0.02089940078392316,-0.03514849102087847,0.0020160575132908707,0.8394620186490649
121,2023-11-10,HD KSOE(Hold),False,1,-0.025458248472505107,-0.014155374219037897,-0.017617705010815006,0.001805267931088625,0.8533945593369605
121,2023-11-10,HD KSOE(Hold),False,2,-0.029531568228105876,-0.030358306847082295,-0.033847638329711355,0.001805267931088625,0.8533945593369605
121,2023-11-10,HD KSOE(Hold),False,3,0.012219959266802416,-0.01057910623063929,-0.012652442979947227,0.001805267931088625,0.8533945593369605
121,2023-11-10,HD KSOE(Hold),False,4,0.009164969450101923,-0.014255178293436366,-0.018042728937455944,0.001805267931088625,0.8533945593369605
121,2023-11-10,HD KSOE(Hold),False,5,0.0,-0.015880785113769225,-0.022578915269533175,0.001805267931088625,0.8533945593369605
121,2023-11-10,HD KSOE(Hold),False,6,0.027494908350305547,0.002832596114573871,-0.004383382318868964,0.001805267931088625,0.8533945593369605
121,2023-11-10,HD KSOE(Hold),False,7,0.029531568228105876,-0.003036174981120743,-0.010898442154151734,0.001805267931088625,0.8533945593369605
121,2023-11-10,HD KSOE(Hold),False,8,0.048879837067209886,0.015785613543411348,0.006195263317809958,0.001805267931088625,0.8533945593369605
121,2023-11-10,HD KSOE(Hold),False,9,0.044806517311609007,0.010371414236634902,-0.0008276236825789582,0.001805267931088625,0.8533945593369605
121,2023-11-10,HD KSOE(Hold),False,10,0.0386965376782078,0.011800797233002758,-0.0023088201979554746,0.001805267931088625,0.8533945593369605
122,2023-11-14,HD KSOE(Hold),False,1,0.02263374485596703,0.020836958927298532,0.019256701167524412,0.0018345703319689358,0.8584625090072501
122,2023-11-14,HD KSOE(Hold),False,2,0.019547325102880597,0.01714221030598595,0.013813483555950084,0.0018345703319689358,0.8584625090072501
122,2023-11-14,HD KSOE(Hold),False,3,0.010288065843621297,0.015267499493473724,0.009059011952201932,0.0018345703319689358,0.8584625090072501
122,2023-11-14,HD KSOE(Hold),False,4,0.0380658436213992,0.03444407108805203,0.0276184063574927,0.0018345703319689358,0.8584625090072501
122,2023-11-14,HD KSOE(Hold),False,5,0.04012345679012341,0.02875858435789569,0.02119428822756119,0.0018345703319689358,0.8584625090072501
122,2023-11-14,HD KSOE(Hold),False,6,0.05967078189300401,0.0477902399565846,0.03846436006208594,0.0018345703319689358,0.8584625090072501
122,2023-11-14,HD KSOE(Hold),False,7,0.05555555555555558,0.042361667850647544,0.03138710528905777,0.0018345703319689358,0.8584625090072501
122,2023-11-14,HD KSOE(Hold),False,8,0.04938271604938271,0.04357337679122164,0.029719053438395954,0.0018345703319689358,0.8584625090072501
122,2023-11-14,HD KSOE(Hold),False,9,0.09053497942386834,0.08511642096185268,0.06937221714364349,0.0018345703319689358,0.8584625090072501
122,2023-11-14,HD KSOE(Hold),False,10,0.11111111111111116,0.09517772916518386,0.07908719674915023,0.0018345703319689358,0.8584625090072501
123,2023-11-17,HD KSOE(Hold),False,1,0.0264496439471007,0.01570603006803939,0.015136832992307094,0.001534653497673187,0.9101367163033931
123,2023-11-17,HD KSOE(Hold),False,2,0.028484231943031624,0.009942572038458275,0.008539479487322574,0.001534653497673187,0.9101367163033931
123,2023-11-17,HD KSOE(Hold),False,3,0.047812817904374416,0.028751829232233073,0.025860751771795962,0.001534653497673187,0.9101367163033931
123,2023-11-17,HD KSOE(Hold),False,4,0.04374364191251279,0.02335998778547199,0.01905311588837102,0.001534653497673187,0.9101367163033931
123,2023-11-17,HD KSOE(Hold),False,5,0.03763987792472023,0.024693174039491783,0.018183339875300096,0.001534653497673187,0.9101367163033931
123,2023-11-17,HD KSOE(Hold),False,6,0.07833163784333674,0.0657784877897809,0.05769863408829055,0.001534653497673187,0.9101367163033931
123,2023-11-17,HD KSOE(Hold),False,7,0.09867751780264489,0.07553492959789931,0.0668720240835038,0.001534653497673187,0.9101367163033931
123,2023-11-17,HD KSOE(Hold),False,8,0.0935910478128179,0.07123962452741428,0.060970968837747955,0.001534653497673187,0.9101367163033931
123,2023-11-17,HD KSOE(Hold),False,9,0.13631739572736512,0.10768534015918685,0.09644642921246838,0.001534653497673187,0.9101367163033931
123,2023-11-17,HD KSOE(Hold),False,10,0.1322482197355035,0.11590153532510383,0.10202396708704262,0.001534653497673187,0.9101367163033931
124,2023-12-01,HD KSOE(Hold),False,1,0.015971606033717833,0.018853987427886465,0.017358358136837396,0.0012331488233416478,0.9089362468691874
124,2023-12-01,HD KSOE(Hold),False,2,0.010647737355811815,0.021725280155408866,0.018250219885927052,0.0012331488233416478,0.9089362468691874
124,2023-12-01,HD KSOE(Hold),False,3,-0.022182786157941448,-0.011541367090612042,-0.016209861119545792,0.0012331488233416478,0.9089362468691874
124,2023-12-01,HD KSOE(Hold),False,4,-0.028393966282165062,-0.016440211256830373,-0.022461360346810254,0.0012331488233416478,0.9089362468691874
124,2023-12-01,HD KSOE(Hold),False,5,-0.029281277728482658,-0.027548677083019557,-0.03387219831718054,0.0012331488233416478,0.9089362468691874
124,2023-12-01,HD KSOE(Hold),False,6,-0.04347826086956519,-0.04472319588712925,-0.05200872037207578,0.0012331488233416478,0.9089362468691874
124,2023-12-01,HD KSOE(Hold),False,7,-0.0053238686779059075,-0.010497882047080798,-0.018658758734326264,0.0012331488233416478,0.9089362468691874
124,2023-12-01,HD KSOE(Hold),False,8,-0.01685891748003554,-0.012275653530023245,-0.0225582133336337,0.0012331488233416478,0.9089362468691874
124,2023-12-01,HD KSOE(Hold),False,9,0.010647737355811815,0.0019411217552693927,-0.008364360561152761,0.0012331488233416478,0.9089362468691874
124,2023-12-01,HD KSOE(Hold),False,10,0.007985803016858917,-0.008404519793998144,-0.01924344371723241,0.0012331488233416478,0.9089362468691874
125,2023-12-15,HD KSOE(Hold),False,1,-0.01838879159369522,-0.017645245071429727,-0.0191494767239253,0.00141417546227442,0.8788829111233493
125,2023-12-15,HD KSOE(Hold),False,2,-0.030647985989492144,-0.030562341887451216,-0.03340106577631871,0.00141417546227442,0.8788829111233493
125,2023-12-15,HD KSOE(Hold),False,3,-0.013134851138353776,-0.030859287347122955,-0.032955081618360194,0.00141417546227442,0.8788829111233493
125,2023-12-15,HD KSOE(Hold),False,4,-0.03327495621716292,-0.04544031162072193,-0.049623581038190714,0.00141417546227442,0.8788829111233493
125,2023-12-15,HD KSOE(Hold),False,5,-0.019264448336252182,-0.031231265139625042,-0.03685275643665244,0.00141417546227442,0.8788829111233493
125,2023-12-15,HD KSOE(Hold),False,6,-0.003502626970227629,-0.016668461202175244,-0.023558906461015716,0.00141417546227442,0.8788829111233493
125,2023-12-15,HD KSOE(Hold),False,7,0.022767075306479923,0.0053540721960418924,-0.0024361437945427285,0.00141417546227442,0.8788829111233493
125,2023-12-15,HD KSOE(Hold),False,8,0.0586690017513134,0.024991405080533102,0.017756933851464637,0.00141417546227442,0.8788829111233493
125,2023-12-15,HD KSOE(Hold),False,9,0.0376532399299474,-0.0016807603892714518,-0.009644319937204195,0.00141417546227442,0.8788829111233493
125,2023-12-15,HD KSOE(Hold),False,10,-0.0061295971978984065,-0.021132886709999466,-0.0334574865834644,0.00141417546227442,0.8788829111233493
126,2024-01-05,HD KSOE(Hold),False,1,0.004488330341113178,0.010838384322376382,0.00901752708258413,0.0013043381691394379,0.9186591055482548
126,2024-01-05,HD KSOE(Hold),False,2,-0.006283662477558294,0.00261260449558276,-0.0007197021555729287,0.0013043381691394379,0.9186591055482548
126,2024-01-05,HD KSOE(Hold),False,3,-0.004488330341113067,0.011860833626490486,0.006617963498409056,0.0013043381691394379,0.9186591055482548
126,2024-01-05,HD KSOE(Hold),False,4,-0.025134649910233398,-0.008123780134710268,-0.014724812174211229,0.0013043381691394379,0.9186591055482548
126,2024-01-05,HD KSOE(Hold),False,5,-0.02064631956912033,0.0022541188593476758,-0.006130314131458221,0.0013043381691394379,0.9186591055482548
126,2024-01-05,HD KSOE(Hold),False,6,0.012567324955116588,0.035104018670459314,0.025444834830831684,0.0013043381691394379,0.9186591055482548
126,2024-01-05,HD KSOE(Hold),False,7,-0.018850987432674993,0.014675440168583354,0.0028180033757492576,0.0013043381691394379,0.9186591055482548
126,2024-01-05,HD KSOE(Hold),False,8,-0.0628366247755835,-0.005438482969320146,-0.020542004516825224,0.0013043381691394379,0.9186591055482548
126,2024-01-05,HD KSOE(Hold),False,9,-0.05655296229802509,-0.0007568450793564718,-0.01703439468311234,0.0013043381691394379,0.9186591055482548
126,2024-01-05,HD KSOE(Hold),False,10,0.017055655296229766,0.06019810004766457,0.04364547331135348,0.0013043381691394379,0.9186591055482548
127,2024-01-08,HD KSOE(Hold),False,1,-0.02294792586054717,-0.00868096002506169,-0.010918091518952578,0.0013046850965602445,0.934642978185914
127,2024-01-08,HD KSOE(Hold),False,2,-0.02118270079435125,0.0004967754806121105,-0.003529500716329119,0.0013046850965602445,0.934642978185914
127,2024-01-08,HD KSOE(Hold),False,3,-0.04148278905560454,-0.01914519269489312,-0.024519166757195118,0.0013046850965602445,0.934642978185914
127,2024-01-08,HD KSOE(Hold),False,4,-0.03706972639011474,-0.008874476400698605,-0.015935974355551462,0.0013046850965602445,0.934642978185914
127,2024-01-08,HD KSOE(Hold),False,5,-0.0044130626654897975,0.023420413709538623,0.015077875104132821,0.0013046850965602445,0.934642978185914
127,2024-01-08,HD KSOE(Hold),False,6,-0.035304501323918824,0.003459156592188095,-0.0069024312231901405,0.0013046850965602445,0.934642978185914
127,2024-01-08,HD KSOE(Hold),False,7,-0.07855251544571928,-0.016046501921544,-0.029264504486876793,0.0013046850965602445,0.934642978185914
127,2024-01-08,HD KSOE(Hold),False,8,-0.07237422771403357,-0.011461557555353497,-0.025880109040150534,0.0013046850965602445,0.934642978185914
127,2024-01-08,HD KSOE(Hold),False,9,0.0,0.048327566764550856,0.03342685506025621,0.0013046850965602445,0.934642978185914
127,2024-01-08,HD KSOE(Hold),False,10,0.011473962930273585,0.06303055163600924,0.046614115577706165,0.0013046850965602445,0.934642978185914
128,2024-01-10,HD KSOE(Hold),False,1,-0.029490616621983934,-0.02840529714089235,-0.029819279791681766,0.0013274900879450525,0.9203068180833045
128,2024-01-10,HD KSOE(Hold),False,2,-0.02502234137622883,-0.017952035481292428,-0.021170470831074383,0.0013274900879450525,0.9203068180833045
128,2024-01-10,HD KSOE(Hold),False,3,0.008042895442359255,0.014743563543010985,0.010227095717267192,0.0013274900879450525,0.9203068180833045
128,2024-01-10,HD KSOE(Hold),False,4,-0.0232350312779267,-0.005366583009522419,-0.012100536859725635,0.0013274900879450525,0.9203068180833045
128,2024-01-10,HD KSOE(Hold),False,5,-0.06702412868632712,-0.024897217088744705,-0.03489189515800466,0.0013274900879450525,0.9203068180833045
128,2024-01-10,HD KSOE(Hold),False,6,-0.06076854334226989,-0.020269610966324514,-0.03146204027926299,0.0013274900879450525,0.9203068180833045
128,2024-01-10,HD KSOE(Hold),False,7,0.01251117068811447,0.0401514266033024,0.028656256044813942,0.0013274900879450525,0.9203068180833045
128,2024-01-10,HD KSOE(Hold),False,8,0.024128686327077764,0.055068156172105254,0.041982570669778944,0.0013274900879450525,0.9203068180833045
128,2024-01-10,HD KSOE(Hold),False,9,0.014298480786416379,0.03963046664580461,0.025664269296895748,0.0013274900879450525,0.9203068180833045
128,2024-01-10,HD KSOE(Hold),False,10,-0.0044682752457551045,0.024371337342377952,0.008798115970534318,0.0013274900879450525,0.9203068180833045
129,2024-01-15,HD KSOE(Hold),False,1,-0.024977698483496846,-0.017554011836197536,-0.019898390084456215,0.0014617996736496703,0.8811131697038849
129,2024-01-15,HD KSOE(Hold),False,2,-0.06868867082961638,-0.03674853721915328,-0.04346939781063499,0.0014617996736496703,0.8811131697038849
129,2024-01-15,HD KSOE(Hold),False,3,-0.06244424620874223,-0.03214940503510033,-0.04013646169750787,0.0014617996736496703,0.8811131697038849
129,2024-01-15,HD KSOE(Hold),False,4,0.01070472792149868,0.02800414332604595,0.020100271968024858,0.0014617996736496703,0.8811131697038849
129,2024-01-15,HD KSOE(Hold),False,5,0.022301516503122176,0.04293523228084084,0.03317315684654858,0.0014617996736496703,0.8811131697038849
129,2024-01-15,HD KSOE(Hold),False,6,0.012488849241748534,0.02745544662597199,0.016905317260745515,0.0014617996736496703,0.8811131697038849
129,2024-01-15,HD KSOE(Hold),False,7,-0.006244424620874267,0.012267102361524285,-0.00016627212090177847,0.0014617996736496703,0.8811131697038849
129,2024-01-15,HD KSOE(Hold),False,8,0.03389830508474567,0.052151513206290634,0.038287049760787485,0.0014617996736496703,0.8811131697038849
129,2024-01-15,HD KSOE(Hold),False,9,0.03925066904549501,0.05423713711132261,0.03929924636279538,0.0014617996736496703,0.8811131697038849
129,2024-01-15,HD KSOE(Hold),False,10,0.012488849241748534,0.018696450174875645,0.003340451439696253,0.0014617996736496703,0.8811131697038849
130,2024-01-18,HD KSOE(Hold),False,1,0.07291666666666674,0.07117061755852916,0.06954883585501369,0.001814278955405341,0.8897526701896772
130,2024-01-18,HD KSOE(Hold),False,2,0.08522727272727271,0.08688014520086929,0.0830693625133276,0.001814278955405341,0.8897526701896772
130,2024-01-18,HD KSOE(Hold),False,3,0.07481060606060597,0.07068652719266155,0.06569835900956358,0.001814278955405341,0.8897526701896772
130,2024-01-18,HD KSOE(Hold),False,4,0.05492424242424243,0.05441379651327871,0.047212955990353696,0.001814278955405341,0.8897526701896772
130,2024-01-18,HD KSOE(Hold),False,5,0.0975378787878789,0.09676410760538623,0.08777801903511352,0.001814278955405341,0.8897526701896772
130,2024-01-18,HD KSOE(Hold),False,6,0.10321969696969702,0.09911587389187027,0.0886826356957826,0.001814278955405341,0.8897526701896772
130,2024-01-18,HD KSOE(Hold),False,7,0.07481060606060597,0.06175777490882117,0.05049686200193306,0.001814278955405341,0.8897526701896772
130,2024-01-18,HD KSOE(Hold),False,8,0.0577651515151516,0.045457733439694614,0.032300361776130326,0.001814278955405341,0.8897526701896772
130,2024-01-18,HD KSOE(Hold),False,9,0.07481060606060597,0.06319998716519448,0.04815151629721081,0.001814278955405341,0.8897526701896772
130,2024-01-18,HD KSOE(Hold),False,10,0.08617424242424243,0.056183519576116225,0.041347127135150166,0.001814278955405341,0.8897526701896772
131,2024-01-22,HD KSOE(Hold),False,1,-0.023235800344234114,-0.023352815096162827,-0.024972350200907975,0.0016325563727397534,0.8887211417365651
131,2024-01-22,HD KSOE(Hold),False,2,-0.04130808950086062,-0.03782589188311958,-0.04147849960374896,0.0016325563727397534,0.8887211417365651
131,2024-01-22,HD KSOE(Hold),False,3,-0.002581755593803803,0.000638167579959048,-0.004617810912732518,0.0016325563727397534,0.8887211417365651
131,2024-01-22,HD KSOE(Hold),False,4,0.002581755593803692,0.002484915799104037,-0.004034533470066334,0.0016325563727397534,0.8887211417365651
131,2024-01-22,HD KSOE(Hold),False,5,-0.023235800344234114,-0.032245936242746076,-0.03940608047086004,0.0016325563727397534,0.8887211417365651
131,2024-01-22,HD KSOE(Hold),False,6,-0.03872633390705682,-0.04699403137953817,-0.05586934968077148,0.0016325563727397534,0.8887211417365651
131,2024-01-22,HD KSOE(Hold),False,7,-0.023235800344234114,-0.03080947928803468,-0.04139458355149301,0.0016325563727397534,0.8887211417365651
131,2024-01-22,HD KSOE(Hold),False,8,-0.012908777969018903,-0.03878921310249628,-0.048969718811400054,0.0016325563727397534,0.8887211417365651
131,2024-01-22,HD KSOE(Hold),False,9,0.024956970740103168,-0.030318377076159475,-0.038860406835709294,0.0016325563727397534,0.8887211417365651
131,2024-01-22,HD KSOE(Hold),False,10,0.058519793459552494,0.012928425113253539,0.00167621680209986,0.0016325563727397534,0.8887211417365651
132,2024-01-29,HD KSOE(Hold),False,1,-0.024454148471615755,-0.014599491779800688,-0.01738139024266324,0.0017089400948787602,0.8911216898225429
132,2024-01-29,HD KSOE(Hold),False,2,-0.008733624454148492,0.0018025766490022965,-0.00276246731255614,0.0017089400948787602,0.8911216898225429
132,2024-01-29,HD KSOE(Hold),False,3,0.0017467248908296096,-0.005694789088755758,-0.01001138990613286,0.0017089400948787602,0.8911216898225429
132,2024-01-29,HD KSOE(Hold),False,4,0.04017467248908302,0.0038665827154191756,0.0009839857962320661,0.0017089400948787602,0.8911216898225429
132,2024-01-29,HD KSOE(Hold),False,5,0.07423580786026207,0.047437640105237655,0.04181067885186293,0.0017089400948787602,0.8911216898225429
132,2024-01-29,HD KSOE(Hold),False,6,0.051528384279476036,0.030717504928686745,0.02272971773643506,0.0017089400948787602,0.8911216898225429
132,2024-01-29,HD KSOE(Hold),False,7,0.06026200873362453,0.026224412841910905,0.017967788100952523,0.0017089400948787602,0.8911216898225429
132,2024-01-29,HD KSOE(Hold),False,8,0.05764192139738,0.01934863540232512,0.0098464229135787,0.0017089400948787602,0.8911216898225429
132,2024-01-29,HD KSOE(Hold),False,9,0.03493449781659397,-0.014976742911232188,-0.024922952215835042,0.0017089400948787602,0.8911216898225429
132,2024-01-29,HD KSOE(Hold),False,10,-0.0017467248908297206,-0.04007963556096239,-0.05299541397180253,0.0017089400948787602,0.8911216898225429
133,2024-01-31,HD KSOE(Hold),False,1,0.019555555555555548,-0.0007219000712077595,-0.0005359966836129652,0.0017563428770736103,0.9042164707240232
133,2024-01-31,HD KSOE(Hold),False,2,0.058666666666666645,0.009154842498251048,0.010384574003846278,0.0017563428770736103,0.9042164707240232
133,2024-01-31,HD KSOE(Hold),False,3,0.09333333333333327,0.053452598320712585,0.052003487239120585,0.0017563428770736103,0.9042164707240232
133,2024-01-31,HD KSOE(Hold),False,4,0.07022222222222219,0.03640506042393743,0.03261881602277944,0.0017563428770736103,0.9042164707240232
133,2024-01-31,HD KSOE(Hold),False,5,0.07911111111111113,0.031898709478641374,0.02763916554722616,0.0017563428770736103,0.9042164707240232
133,2024-01-31,HD KSOE(Hold),False,6,0.07644444444444454,0.02492213041475666,0.019319062226543678,0.0017563428770736103,0.9042164707240232
133,2024-01-31,HD KSOE(Hold),False,7,0.05333333333333323,-0.00995496128168405,-0.01618738520111518,0.0017563428770736103,0.9042164707240232
133,2024-01-31,HD KSOE(Hold),False,8,0.016000000000000014,-0.035562443567837,-0.044674353761405064,0.0017563428770736103,0.9042164707240232
133,2024-01-31,HD KSOE(Hold),False,9,0.03466666666666662,-0.014239201475697127,-0.025361910716378458,0.0017563428770736103,0.9042164707240232
133,2024-01-31,HD KSOE(Hold),False,10,0.06577777777777771,0.0028426230984728296,-0.008692654441549943,0.0017563428770736103,0.9042164707240232
134,2024-02-20,HD KSOE(Hold),False,1,0.013651877133105783,0.015010593240478265,0.013665216998765594,0.0013236825904235508,0.984033713024075
134,2024-02-20,HD KSOE(Hold),False,2,-0.0034129692832765013,-0.006179330332912958,-0.008782526999362543,0.0013236825904235508,0.984033713024075
134,2024-02-20,HD KSOE(Hold),False,3,-0.018771331058020424,-0.022828660597487005,-0.026734927880974636,0.0013236825904235508,0.984033713024075
134,2024-02-20,HD KSOE(Hold),False,4,-0.04863481228668942,-0.04493127586105372,-0.05028513794814542,0.0013236825904235508,0.984033713024075
134,2024-02-20,HD KSOE(Hold),False,5,-0.029010238907849817,-0.01701514684636518,-0.02382507688063924,0.0013236825904235508,0.984033713024075
134,2024-02-20,HD KSOE(Hold),False,6,-0.016211604095563104,-0.014468984822118669,-0.022438903524069565,0.0013236825904235508,0.984033713024075
134,2024-02-20,HD KSOE(Hold),False,7,-0.04522184300341292,-0.03974181349556172,-0.04909508735228546,0.0013236825904235508,0.984033713024075
134,2024-02-20,HD KSOE(Hold),False,8,-0.08020477815699656,-0.08673489573675042,-0.09722009472887394,0.0013236825904235508,0.984033713024075
134,2024-02-20,HD KSOE(Hold),False,9,-0.059726962457337884,-0.05689661754668951,-0.06885495095958573,0.0013236825904235508,0.984033713024075
134,2024-02-20,HD KSOE(Hold),False,10,-0.04095563139931746,-0.0351481550733459,-0.04847770481120776,0.0013236825904235508,0.984033713024075
135,2024-02-26,HD KSOE(Hold),False,1,0.013357079252003468,0.024548298043909345,0.023682151098619448,0.0011350921786199954,1.0240318090755778
135,2024-02-26,HD KSOE(Hold),False,2,0.026714158504007157,0.027644562759005842,0.025396737699185084,0.0011350921786199954,1.0240318090755778
135,2024-02-26,HD KSOE(Hold),False,3,-0.003561887800534236,0.0011089675686893896,-0.002184059862717777,0.0011350921786199954,1.0240318090755778
135,2024-02-26,HD KSOE(Hold),False,4,-0.040071237756010736,-0.047420301324845426,-0.05213728133189593,0.0011350921786199954,1.0240318090755778
135,2024-02-26,HD KSOE(Hold),False,5,-0.018699910952804988,-0.016680896051269545,-0.022307836363735074,0.0011350921786199954,1.0240318090755778
135,2024-02-26,HD KSOE(Hold),False,6,0.0008904719501334757,0.005889040558972103,-0.0008013878662890836,0.0011350921786199954,1.0240318090755778
135,2024-02-26,HD KSOE(Hold),False,7,0.010685663401602818,0.013375172057752627,0.005494160565944364,0.0011350921786199954,1.0240318090755778
135,2024-02-26,HD KSOE(Hold),False,8,-0.0008904719501335867,-0.010529761377426339,-0.01984214836952724,0.0011350921786199954,1.0240318090755778
135,2024-02-26,HD KSOE(Hold),False,9,0.01602849510240434,0.014114951128561204,0.003853135597544126,0.0011350921786199954,1.0240318090755778
135,2024-02-26,HD KSOE(Hold),False,10,0.01602849510240434,0.005839250123574002,-0.005756537652581491,0.0011350921786199954,1.0240318090755778
136,2024-02-28,HD KSOE(Hold),False,1,-0.022707423580786035,-0.022283739648999212,-0.023676234122745766,0.0014033791332833806,1.0256905176717974
136,2024-02-28,HD KSOE(Hold),False,2,-0.05851528384279481,-0.07016280907468608,-0.07326879829405546,0.0014033791332833806,1.0256905176717974
136,2024-02-28,HD KSOE(Hold),False,3,-0.03755458515283838,-0.039794057363712,-0.04406172796397109,0.0014033791332833806,1.0256905176717974
136,2024-02-28,HD KSOE(Hold),False,4,-0.01834061135371179,-0.01758781579634039,-0.023181992621904013,0.0014033791332833806,1.0256905176717974
136,2024-02-28,HD KSOE(Hold),False,5,-0.008733624454148492,-0.01029974184486071,-0.017356871877779817,0.0014033791332833806,1.0256905176717974
136,2024-02-28,HD KSOE(Hold),False,6,-0.02008733624454151,-0.03403485996327582,-0.04281345386755006,0.0014033791332833806,1.0256905176717974
136,2024-02-28,HD KSOE(Hold),False,7,-0.003493449781659441,-0.00968226149954643,-0.019664909209335897,0.0014033791332833806,1.0256905176717974
136,2024-02-28,HD KSOE(Hold),False,8,-0.003493449781659441,-0.01799327576861609,-0.029592816870639034,0.0014033791332833806,1.0256905176717974
136,2024-02-28,HD KSOE(Hold),False,9,-0.013973799126637543,-0.03292230639735649,-0.046039515557799504,0.0014033791332833806,1.0256905176717974
136,2024-02-28,HD KSOE(Hold),False,10,0.03493449781659397,0.0064568849729180755,-0.008308510975926789,0.0014033791332833806,1.0256905176717974
137,2024-03-06,HD KSOE(Hold),False,1,0.00709849157054121,0.009494892447714398,0.008445925858390858,0.0013589594873162525,1.1293576967633159
137,2024-03-06,HD KSOE(Hold),False,2,-0.004436557231588312,-0.014372577849678825,-0.018375797566460336,0.0013589594873162525,1.1293576967633159
137,2024-03-06,HD KSOE(Hold),False,3,0.012422360248447228,0.010214355666649189,0.005851854817556188,0.0013589594873162525,1.1293576967633159
137,2024-03-06,HD KSOE(Hold),False,4,0.012422360248447228,0.001936222447860958,-0.0048560781352306355,0.0013589594873162525,1.1293576967633159
137,2024-03-06,HD KSOE(Hold),False,5,0.0017746228926354135,-0.013142595775176735,-0.021867050260740917,0.0013589594873162525,1.1293576967633159
137,2024-03-06,HD KSOE(Hold),False,6,0.051464063886424105,0.027055439857606833,0.015744239548179786,0.0013589594873162525,1.1293576967633159
137,2024-03-06,HD KSOE(Hold),False,7,0.0984915705412599,0.09364601782420845,0.08350649187397167,0.0013589594873162525,1.1293576967633159
137,2024-03-06,HD KSOE(Hold),False,8,0.11268855368234254,0.10068394174103168,0.08825937689123628,0.0013589594873162525,1.1293576967633159
137,2024-03-06,HD KSOE(Hold),False,9,0.10470275066548362,0.10387757489173999,0.09154019666837734,0.0013589594873162525,1.1293576967633159
137,2024-03-06,HD KSOE(Hold),False,10,0.13220940550133098,0.11858458541979311,0.10323251520206828,0.0013589594873162525,1.1293576967633159
138,2024-03-12,HD KSOE(Hold),False,1,-0.013973799126637543,-0.013550748037652105,-0.015240021514563152,0.0017405262313589331,1.1211502718756736
138,2024-03-12,HD KSOE(Hold),False,2,0.03493449781659397,0.02600960422878673,0.02144729848144456,0.0017405262313589331,1.1211502718756736
138,2024-03-12,HD KSOE(Hold),False,3,0.08122270742358073,0.09156519325693568,0.08759660953344015,0.0017405262313589331,1.1211502718756736
138,2024-03-12,HD KSOE(Hold),False,4,0.09519650655021827,0.0984881409004823,0.09192481837149637,0.0017405262313589331,1.1211502718756736
138,2024-03-12,HD KSOE(Hold),False,5,0.0873362445414847,0.10163834012876494,0.09466841174076114,0.0017405262313589331,1.1211502718756736
138,2024-03-12,HD KSOE(Hold),False,6,0.11441048034934487,0.11610639567975156,0.10586869889495486,0.0017405262313589331,1.1211502718756736
138,2024-03-12,HD KSOE(Hold),False,7,0.11703056768558961,0.09470905627990955,0.07982111548492293,0.0017405262313589331,1.1211502718756736
138,2024-03-12,HD KSOE(Hold),False,8,0.09956331877729263,0.07957972128442692,0.06323449316424073,0.0017405262313589331,1.1211502718756736
138,2024-03-12,HD KSOE(Hold),False,9,0.08646288209606978,0.07055764554000254,0.0529659857247577,0.0017405262313589331,1.1211502718756736
138,2024-03-12,HD KSOE(Hold),False,10,0.09082969432314414,0.06768063561181714,0.04747085854168461,0.0017405262313589331,1.1211502718756736
139,2024-03-18,HD KSOE(Hold),False,1,-0.0071770334928229484,-0.0006688814713684543,-0.0017633087983917163,0.001792357521575038,1.107239381048723
139,2024-03-18,HD KSOE(Hold),False,2,0.01754385964912286,0.01134615395972638,0.007096800794523274,0.001792357521575038,1.107239381048723
139,2024-03-18,HD KSOE(Hold),False,3,0.019936204146730363,-0.010468834808673888,-0.019106524931738866,0.001792357521575038,1.107239381048723
139,2024-03-18,HD KSOE(Hold),False,4,0.003987240829345984,-0.024061398256221223,-0.03423874703731662,0.001792357521575038,1.107239381048723
139,2024-03-18,HD KSOE(Hold),False,5,-0.00797448165869219,-0.03191251208243262,-0.043441399256475235,0.001792357521575038,1.107239381048723
139,2024-03-18,HD KSOE(Hold),False,6,-0.003987240829346095,-0.03522637053232758,-0.04933058059562632,0.001792357521575038,1.107239381048723
139,2024-03-18,HD KSOE(Hold),False,7,-0.04146730462519932,-0.07196585151194623,-0.08778299945399169,0.001792357521575038,1.107239381048723
139,2024-03-18,HD KSOE(Hold),False,8,-0.04146730462519932,-0.06849109678325027,-0.0857279717004693,0.001792357521575038,1.107239381048723
139,2024-03-18,HD KSOE(Hold),False,9,-0.05582137161084533,-0.08314812946644667,-0.10220985175912503,0.001792357521575038,1.107239381048723
139,2024-03-18,HD KSOE(Hold),False,10,-0.045454545454545414,-0.0732413623323529,-0.09414477859139357,0.001792357521575038,1.107239381048723
140,2024-04-09,HD KSOE(Hold),False,1,-0.0051325919589392255,-0.020724998351975832,-0.023458707870179105,0.0015151574116306743,1.0781503557473202
140,2024-04-09,HD KSOE(Hold),False,2,0.0059880239520957446,-0.000172402250350423,-0.003684156572888052,0.0015151574116306743,1.0781503557473202
140,2024-04-09,HD KSOE(Hold),False,3,0.010265183917878451,0.008378037523341098,0.003685084126368708,0.0015151574116306743,1.0781503557473202
140,2024-04-09,HD KSOE(Hold),False,4,-0.044482463644140324,-0.023558774891983103,-0.027984210818978512,0.0015151574116306743,1.0781503557473202
140,2024-04-09,HD KSOE(Hold),False,5,-0.03934987168520099,-0.008877897497461706,-0.014072288932520091,0.0015151574116306743,1.0781503557473202
140,2024-04-09,HD KSOE(Hold),False,6,0.021385799828913532,0.032903770865155835,0.024712959929341458,0.0015151574116306743,1.0781503557473202
140,2024-04-09,HD KSOE(Hold),False,7,0.020530367835757124,0.0481209733733875,0.03967108713002258,0.0015151574116306743,1.0781503557473202
140,2024-04-09,HD KSOE(Hold),False,8,0.020530367835757124,0.03402177625475611,0.022954875329187878,0.0015151574116306743,1.0781503557473202
140,2024-04-09,HD KSOE(Hold),False,9,0.0718562874251496,0.08775633995009902,0.07536251800664882,0.0015151574116306743,1.0781503557473202
140,2024-04-09,HD KSOE(Hold),False,10,0.1069289991445681,0.10304590467469499,0.08759086534416721,0.0015151574116306743,1.0781503557473202
141,2024-04-17,HD KSOE(Hold),False,1,0.05291005291005302,0.037791345628877426,0.03556068466162625,0.0015165259297461272,1.047235191754405
141,2024-04-17,HD KSOE(Hold),False,2,0.052028218694885275,0.053415256060130756,0.050447721176556395,0.0015165259297461272,1.047235191754405
141,2024-04-17,HD KSOE(Hold),False,3,0.052028218694885275,0.03893612711959604,0.03376814187433264,0.0015165259297461272,1.047235191754405
141,2024-04-17,HD KSOE(Hold),False,4,0.1049382716049383,0.09431972999767013,0.08775205742971418,0.0015165259297461272,1.047235191754405
141,2024-04-17,HD KSOE(Hold),False,5,0.14109347442680775,0.11015868830026365,0.1011148480969642,0.0015165259297461272,1.047235191754405
141,2024-04-17,HD KSOE(Hold),False,6,0.12257495590828915,0.10979880062175051,0.10009616089843004,0.0015165259297461272,1.047235191754405
141,2024-04-17,HD KSOE(Hold),False,7,0.13756613756613767,0.11411364744877894,0.10239018307274433,0.0015165259297461272,1.047235191754405
141,2024-04-17,HD KSOE(Hold),False,8,0.17019400352733682,0.13475519884531506,0.12094903267264384,0.0015165259297461272,1.047235191754405
141,2024-04-17,HD KSOE(Hold),False,9,0.15961199294532635,0.12239315697790643,0.10698638475639446,0.0015165259297461272,1.047235191754405
141,2024-04-17,HD KSOE(Hold),False,10,0.14197530864197527,0.10799674607503151,0.0912265028591816,0.0015165259297461272,1.047235191754405
142,2024-05-03,HD KSOE(Hold),True,1,0.03840125391849525,0.03244504073094623,0.03078532437135477,0.001666877428279879,0.9987977145103891
142,2024-05-03,HD KSOE(Hold),True,2,0.02507836990595602,0.015189363699574576,0.011867498251683421,0.001666877428279879,0.9987977145103891
142,2024-05-03,HD KSOE(Hold),True,3,0.014890282131661436,0.01710868642572705,0.012105386985594567,0.001666877428279879,0.9987977145103891
142,2024-05-03,HD KSOE(Hold),True,4,0.018025078369905856,0.014544795679713562,0.007881470259972208,0.001666877428279879,0.9987977145103891
142,2024-05-03,HD KSOE(Hold),True,5,0.06818181818181812,0.0648560512136005,0.056525662593568816,0.001666877428279879,0.9987977145103891
142,2024-05-03,HD KSOE(Hold),True,6,0.0650470219435737,0.06056974495206835,0.05057386334754893,0.001666877428279879,0.9987977145103891
142,2024-05-03,HD KSOE(Hold),True,7,0.07915360501567403,0.06633983692905687,0.0546871007385355,0.001666877428279879,0.9987977145103891
142,2024-05-03,HD KSOE(Hold),True,8,0.05407523510971779,0.05170231509367773,0.03837014859474199,0.001666877428279879,0.9987977145103891
142,2024-05-03,HD KSOE(Hold),True,9,0.03369905956112862,0.024880626571286202,0.009889331990792082,0.001666877428279879,0.9987977145103891
142,2024-05-03,HD KSOE(Hold),True,10,0.028213166144200663,0.02600211974165778,0.009336003767865628,0.001666877428279879,0.9987977145103891
143,2024-07-02,HD KSOE(Hold),False,1,-0.008227848101265867,-0.007108847979713229,-0.007521069028717056,0.0004578975968111225,1.0408190731417601
143,2024-07-02,HD KSOE(Hold),False,2,0.010759493670886133,0.000820770546551941,-0.000500714113218205,0.0004578975968111225,1.0408190731417601
143,2024-07-02,HD KSOE(Hold),False,3,-0.014556962025316422,-0.03782715944124837,-0.04015072012202586,0.0004578975968111225,1.0408190731417601
143,2024-07-02,HD KSOE(Hold),False,4,0.012658227848101333,-0.009013908691364092,-0.011730135605151234,0.0004578975968111225,1.0408190731417601
143,2024-07-02,HD KSOE(Hold),False,5,0.010759493670886133,-0.014351870079230222,-0.017666380656891176,0.0004578975968111225,1.0408190731417601
143,2024-07-02,HD KSOE(Hold),False,6,0.038607594936708844,0.01327815129069898,0.00949684129700568,0.0004578975968111225,1.0408190731417601
143,2024-07-02,HD KSOE(Hold),False,7,0.057594936708860844,0.023914105574201816,0.019334002086963044,0.0004578975968111225,1.0408190731417601
143,2024-07-02,HD KSOE(Hold),False,8,0.04873417721518991,0.02733374677552658,0.022797020265655832,0.0004578975968111225,1.0408190731417601
143,2024-07-02,HD KSOE(Hold),False,9,0.06835443037974676,0.045552568477946975,0.04050073923790899,0.0004578975968111225,1.0408190731417601
143,2024-07-02,HD KSOE(Hold),False,10,0.12848101265822787,0.10383083426172268,0.09824566085868708,0.0004578975968111225,1.0408190731417601
144,2024-07-04,HD KSOE(Hold),False,1,-0.02504696305572951,-0.03422117794108703,-0.034944689164548605,0.00036848161967576793,1.0386986361473227
144,2024-07-04,HD KSOE(Hold),False,2,0.0018785222291797243,-0.005719645748508917,-0.006750647725815264,0.00036848161967576793,1.0386986361473227
144,2024-07-04,HD KSOE(Hold),False,3,0.0,-0.010990018369584797,-0.012520761950749058,0.00036848161967576793,1.0386986361473227
144,2024-07-04,HD KSOE(Hold),False,4,0.02755165936130255,0.01634656523921718,0.014439016900087023,0.00036848161967576793,1.0386986361473227
144,2024-07-04,HD KSOE(Hold),False,5,0.04633688165309957,0.026895443959839893,0.024300678737988753,0.00036848161967576793,1.0386986361473227
144,2024-07-04,HD KSOE(Hold),False,6,0.037570444583594265,0.030240239838529526,0.02774568119416028,0.00036848161967576793,1.0386986361473227
144,2024-07-04,HD KSOE(Hold),False,7,0.0569818409517846,0.04826951005950231,0.04535298339857642,0.00036848161967576793,1.0386986361473227
144,2024-07-04,HD KSOE(Hold),False,8,0.11646837820914224,0.10593319216861619,0.10257764187988337,0.00036848161967576793,1.0386986361473227
144,2024-07-04,HD KSOE(Hold),False,9,0.1221039448966812,0.11960765583486976,0.11619471827566627,0.00036848161967576793,1.0386986361473227
144,2024-07-04,HD KSOE(Hold),False,10,0.10895428929242335,0.11313592605415823,0.1096129334969432,0.00036848161967576793,1.0386986361473227
145,2024-07-08,HD KSOE(Hold),False,1,-0.003121098626716612,-0.0012935050974420825,-0.0020156952795195903,0.0007156233634586821,0.9964068494916194
145,2024-07-08,HD KSOE(Hold),False,2,0.02434456928838946,0.025959813855215064,0.024522763311461252,0.0007156233634586821,0.9964068494916194
145,2024-07-08,HD KSOE(Hold),False,3,0.04307116104868913,0.03655448469287581,0.03443103000146061,0.0007156233634586821,0.9964068494916194
145,2024-07-08,HD KSOE(Hold),False,4,0.03433208489388262,0.03977309191532297,0.036891048104343044,0.0007156233634586821,0.9964068494916194
145,2024-07-08,HD KSOE(Hold),False,5,0.0536828963795255,0.0577593002324408,0.054166536282570926,0.0007156233634586821,0.9964068494916194
145,2024-07-08,HD KSOE(Hold),False,6,0.11298377028714102,0.11526042965503736,0.1109585090945201,0.0007156233634586821,0.9964068494916194
145,2024-07-08,HD KSOE(Hold),False,7,0.11860174781523103,0.12881538479597698,0.12376932211685643,0.0007156233634586821,0.9964068494916194
145,2024-07-08,HD KSOE(Hold),False,8,0.10549313358302115,0.12230003179128335,0.11651465516877257,0.0007156233634586821,0.9964068494916194
145,2024-07-08,HD KSOE(Hold),False,9,0.0867665418227217,0.11363042613779184,0.10709328988707993,0.0007156233634586821,0.9964068494916194
145,2024-07-08,HD KSOE(Hold),False,10,0.16479400749063666,0.202780103855292,0.19548738045924113,0.0007156233634586821,0.9964068494916194
146,2024-07-15,HD KSOE(Hold),False,1,0.03482298316889154,0.03329242975851798,0.03286745026574291,0.00041752752318745826,1.0048688072804959
146,2024-07-15,HD KSOE(Hold),False,2,0.040046430644225195,0.04648314156182343,0.04567942562042656,0.00041752752318745826,1.0048688072804959
146,2024-07-15,HD KSOE(Hold),False,3,0.02785838653511319,0.04091351790761433,0.039724498256726214,0.00041752752318745826,1.0048688072804959
146,2024-07-15,HD KSOE(Hold),False,4,0.010446894950667529,0.033597388886111745,0.032039994086781876,0.00041752752318745826,1.0048688072804959
146,2024-07-15,HD KSOE(Hold),False,5,0.08299477655252474,0.11730992378966609,0.11538936001242828,0.00041752752318745826,1.0048688072804959
146,2024-07-15,HD KSOE(Hold),False,6,0.10098665118978523,0.13153481994203475,0.12917838794933678,0.00041752752318745826,1.0048688072804959
146,2024-07-15,HD KSOE(Hold),False,7,0.09692396982008122,0.13291643586311142,0.13016898358151252,0.00041752752318745826,1.0048688072804959
146,2024-07-15,HD KSOE(Hold),False,8,0.06674405107370873,0.11953067166070042,0.11644745935782747,0.00041752752318745826,1.0048688072804959
146,2024-07-15,HD KSOE(Hold),False,9,0.15380150899593725,0.19916249945269215,0.1956256056645914,0.00041752752318745826,1.0048688072804959
146,2024-07-15,HD KSOE(Hold),False,10,0.17817759721416127,0.2117868727871578,0.2077752346408852,0.00041752752318745826,1.0048688072804959
147,2024-09-27,HD KSOE(Hold),False,1,0.012951969778737249,0.03995516648897712,0.0427944832246675,0.0024758415042564915,1.1968344080510775
147,2024-09-27,HD KSOE(Hold),False,2,-0.010793308148947633,0.028058727690226215,0.03075446215769627,0.0024758415042564915,1.1968344080510775
147,2024-09-27,HD KSOE(Hold),False,3,0.002698327037236936,0.03854125300262834,0.038168849605075286,0.0024758415042564915,1.1968344080510775
147,2024-09-27,HD KSOE(Hold),False,4,-0.007015650296815945,0.013567861882199717,0.007716039300542444,0.0024758415042564915,1.1968344080510775
147,2024-09-27,HD KSOE(Hold),False,5,-0.0016189962223421839,0.024975231689590593,0.01783068327692887,0.0024758415042564915,1.1968344080510775
147,2024-09-27,HD KSOE(Hold),False,6,0.028062601187264002,0.05285586558371613,0.0428809840793067,0.0024758415042564915,1.1968344080510775
147,2024-09-27,HD KSOE(Hold),False,7,-0.0005396654074474316,0.02509780063688627,0.012813245559856853,0.0024758415042564915,1.1968344080510775
147,2024-09-27,HD KSOE(Hold),False,8,0.013491635186184459,0.029231305910021654,0.012522682645815093,0.0024758415042564915,1.1968344080510775
147,2024-09-27,HD KSOE(Hold),False,9,0.052887209929843415,0.06481484121257963,0.04488003591726011,0.0024758415042564915,1.1968344080510775
147,2024-09-27,HD KSOE(Hold),False,10,0.04101457096600103,0.061605587159664466,0.040900192600749445,0.0024758415042564915,1.1968344080510775
148,2024-10-02,HD KSOE(Hold),False,1,0.01419213973799116,0.01184787168790713,0.009039205100878888,0.002354736266481532,1.193634136902748
148,2024-10-02,HD KSOE(Hold),False,2,0.004366812227074135,-0.013841246438136334,-0.022076420695412033,0.002354736266481532,1.193634136902748
148,2024-10-02,HD KSOE(Hold),False,3,0.009825327510917026,-0.002133950095667414,-0.01151388329244335,0.002354736266481532,1.193634136902748
148,2024-10-02,HD KSOE(Hold),False,4,0.03984716157205237,0.026015590015318057,0.013918380528995081,0.002354736266481532,1.193634136902748
148,2024-10-02,HD KSOE(Hold),False,5,0.01091703056768556,-0.002036903199915896,-0.016318908316908427,0.002354736266481532,1.193634136902748
148,2024-10-02,HD KSOE(Hold),False,6,0.025109170305676942,0.0018654210370416813,-0.016763779889863578,0.002354736266481532,1.193634136902748
148,2024-10-02,HD KSOE(Hold),False,7,0.06495633187772931,0.03774956041460964,0.01599824683906742,0.002354736266481532,1.193634136902748
148,2024-10-02,HD KSOE(Hold),False,8,0.05294759825327522,0.03474734081285691,0.012385259540121436,0.002354736266481532,1.193634136902748
148,2024-10-02,HD KSOE(Hold),False,9,0.07641921397379914,0.05863242144737235,0.033995664829915666,0.002354736266481532,1.193634136902748
148,2024-10-02,HD KSOE(Hold),False,10,0.06441048034934505,0.05266183581215267,0.026839534502600917,0.002354736266481532,1.193634136902748
149,2024-10-15,HD KSOE(Hold),False,1,-0.0020693222969477842,-0.0034733964136471895,-0.00583146271112938,0.0021169533733524947,1.1717237867018635
149,2024-10-15,HD KSOE(Hold),False,2,0.020175892395240647,0.019178462694853016,0.014773273543028556,0.0021169533733524947,1.1717237867018635
149,2024-10-15,HD KSOE(Hold),False,3,0.008794619762027889,0.013735733047024135,0.008233379610789088,0.0021169533733524947,1.1717237867018635
149,2024-10-15,HD KSOE(Hold),False,4,0.01810657009829275,0.018789425816250205,0.010438874892498898,0.0021169533733524947,1.1717237867018635
149,2024-10-15,HD KSOE(Hold),False,5,0.008277289187790915,0.022087854270078866,0.013874689935739412,0.0021169533733524947,1.1717237867018635
149,2024-10-15,HD KSOE(Hold),False,6,0.01810657009829275,0.0208226478978093,0.008587342822404176,0.0021169533733524947,1.1717237867018635
149,2024-10-15,HD KSOE(Hold),False,7,0.012933264355923457,0.022780964513210322,0.009653375261056696,0.0021169533733524947,1.1717237867018635
149,2024-10-15,HD KSOE(Hold),False,8,0.03414381789963783,0.043132194007360125,0.027740085002058795,0.0021169533733524947,1.1717237867018635
149,2024-10-15,HD KSOE(Hold),False,9,-0.014485256078634268,-0.016683437687565195,-0.03611349811748166,0.0021169533733524947,1.1717237867018635
149,2024-10-15,HD KSOE(Hold),False,10,-0.02690118986032075,-0.031159447427359654,-0.05306022527504839,0.0021169533733524947,1.1717237867018635
150,2024-11-07,HD KSOE(Hold),False,1,-0.03482587064676612,-0.024948420613905786,-0.02655327636227371,0.0029340605099218912,1.1345696264857794
150,2024-11-07,HD KSOE(Hold),False,2,-0.035323383084577165,-0.014045306771127586,-0.01705004500913455,0.0029340605099218912,1.1345696264857794
150,2024-11-07,HD KSOE(Hold),False,3,-0.06616915422885572,-0.025913229691800876,-0.02929818649277536,0.0029340605099218912,1.1345696264857794
150,2024-11-07,HD KSOE(Hold),False,4,-0.07661691542288562,-0.011043018179293429,-0.01395500535969392,0.0029340605099218912,1.1345696264857794
150,2024-11-07,HD KSOE(Hold),False,5,-0.040298507462686595,0.024587254318733653,0.018648604496295178,0.0029340605099218912,1.1345696264857794
150,2024-11-07,HD KSOE(Hold),False,6,-0.05671641791044779,0.008942529783525055,0.00017386679062095234,0.0029340605099218912,1.1345696264857794
150,2024-11-07,HD KSOE(Hold),False,7,-0.032835820895522394,0.012639108551262934,-0.001779770748069228,0.0029340605099218912,1.1345696264857794
150,2024-11-07,HD KSOE(Hold),False,8,-0.008955223880596996,0.03540631785211268,0.017903549874041604,0.0029340605099218912,1.1345696264857794
150,2024-11-07,HD KSOE(Hold),False,9,0.014925373134328401,0.05528954369914063,0.03431479046615868,0.0029340605099218912,1.1345696264857794
150,2024-11-07,HD KSOE(Hold),False,10,-0.013432835820895495,0.027573079051335436,0.0037506246001803058,0.0029340605099218912,1.1345696264857794
151,2024-11-18,HD KSOE(Hold),False,1,0.02680412371134011,0.025662021027399007,0.02274984942479311,0.0027936440411748626,1.1037801268639238
151,2024-11-18,HD KSOE(Hold),False,2,0.05154639175257736,0.046216579227517984,0.04007616252515667,0.0027936440411748626,1.1037801268639238
151,2024-11-18,HD KSOE(Hold),False,3,0.02216494845360817,0.017507437508457402,0.008643148308174954,0.0027936440411748626,1.1037801268639238
151,2024-11-18,HD KSOE(Hold),False,4,0.038659793814433074,0.02565521325366893,0.013131020068561261,0.0027936440411748626,1.1037801268639238
151,2024-11-18,HD KSOE(Hold),False,5,0.115979381443299,0.08956926937953558,0.07286020439319345,0.0027936440411748626,1.1037801268639238
151,2024-11-18,HD KSOE(Hold),False,6,0.11340206185567014,0.09265386309740298,0.07373874815102294,0.0027936440411748626,1.1037801268639238
151,2024-11-18,HD KSOE(Hold),False,7,0.09536082474226815,0.0816191424493149,0.06063752062940443,0.0027936440411748626,1.1037801268639238
151,2024-11-18,HD KSOE(Hold),False,8,0.09020618556701021,0.07581245174173579,0.05196951588990435,0.0027936440411748626,1.1037801268639238
151,2024-11-18,HD KSOE(Hold),False,9,0.054123711340206215,0.05947782392237089,0.03489067803481791,0.0027936440411748626,1.1037801268639238
151,2024-11-18,HD KSOE(Hold),False,10,0.0077319587628865705,0.013665222706056857,-0.013655462820952414,0.0027936440411748626,1.1037801268639238
152,2024-11-29,HD KSOE(Hold),False,1,-0.05783132530120483,-0.04793225228041442,-0.05024961170413465,0.003100541387407833,1.0791166972950632
152,2024-11-29,HD KSOE(Hold),False,2,-0.04963855421686747,-0.05814191441565575,-0.06501575496530984,0.003100541387407833,1.0791166972950632
152,2024-11-29,HD KSOE(Hold),False,3,-0.06024096385542166,-0.05418211802118067,-0.06300438631157906,0.003100541387407833,1.0791166972950632
152,2024-11-29,HD KSOE(Hold),False,4,-0.06409638554216868,-0.04910255733586133,-0.06031846071800006,0.003100541387407833,1.0791166972950632
152,2024-11-29,HD KSOE(Hold),False,5,-0.087710843373494,-0.06719467166047832,-0.0810742068504453,0.003100541387407833,1.0791166972950632
152,2024-11-29,HD KSOE(Hold),False,6,-0.09445783132530117,-0.04668088721028796,-0.061504181509504305,0.003100541387407833,1.0791166972950632
152,2024-11-29,HD KSOE(Hold),False,7,-0.055421686746988,-0.030742579680485993,-0.05049383994904793,0.003100541387407833,1.0791166972950632
152,2024-11-29,HD KSOE(Hold),False,8,0.01686746987951815,0.0315950638481024,0.007955931342736818,0.003100541387407833,1.0791166972950632
152,2024-11-29,HD KSOE(Hold),False,9,0.012048192771084265,0.010797698624203766,-0.01720610882935472,0.003100541387407833,1.0791166972950632
152,2024-11-29,HD KSOE(Hold),False,10,0.012048192771084265,0.005819925149201488,-0.025678248688989984,0.003100541387407833,1.0791166972950632
153,2025-01-20,HD KSOE(Hold),False,1,0.008113590263691739,0.014113835010516884,0.011311951459631622,0.003078010454257033,1.0460192733834524
153,2025-01-20,HD KSOE(Hold),False,2,-0.022312373225152116,-0.027771806438875335,-0.03417906649697043,0.003078010454257033,1.0460192733834524
153,2025-01-20,HD KSOE(Hold),False,3,-0.08316430020283971,-0.07616138297858444,-0.08507314517913084,0.003078010454257033,1.0460192733834524
153,2025-01-20,HD KSOE(Hold),False,4,-0.0730223123732252,-0.07443158038284148,-0.0868084756896747,0.003078010454257033,1.0460192733834524
153,2025-01-20,HD KSOE(Hold),False,5,-0.05882352941176472,-0.052562747721985215,-0.0676646833690943,0.003078010454257033,1.0460192733834524
153,2025-01-20,HD KSOE(Hold),False,6,-0.08316430020283971,-0.05186828681281974,-0.06889612974235443,0.003078010454257033,1.0460192733834524
153,2025-01-20,HD KSOE(Hold),False,7,-0.05882352941176472,-0.03847796268470083,-0.05908774766714603,0.003078010454257033,1.0460192733834524
153,2025-01-20,HD KSOE(Hold),False,8,-0.0851926977687627,-0.07573441723363561,-0.09992323767000848,0.003078010454257033,1.0460192733834524
153,2025-01-20,HD KSOE(Hold),False,9,-0.07505070993914809,-0.07644024030157082,-0.10420627956750705,0.003078010454257033,1.0460192733834524
153,2025-01-20,HD KSOE(Hold),False,10,-0.0851926977687627,-0.08072804197359218,-0.11130268630056155,0.003078010454257033,1.0460192733834524
154,2025-01-23,HD KSOE(Hold),False,1,0.0,-0.0029692127039604443,-0.00618525386990511,0.0031081368978544454,1.0363410367826777
154,2025-01-23,HD KSOE(Hold),False,2,0.015317286652078765,0.020030071662892057,0.013985065360609984,0.0031081368978544454,1.0363410367826777
154,2025-01-23,HD KSOE(Hold),False,3,-0.01094091903719907,0.018846096291213255,0.010604176617345935,0.0031081368978544454,1.0363410367826777
154,2025-01-23,HD KSOE(Hold),False,4,0.015317286652078765,0.03413679726572916,0.02238817020175404,0.0031081368978544454,1.0363410367826777
154,2025-01-23,HD KSOE(Hold),False,5,-0.013129102844638973,-0.005213838086544853,-0.020466873648098547,0.0031081368978544454,1.0363410367826777
154,2025-01-23,HD KSOE(Hold),False,6,-0.002188183807439792,-0.0051376281178985295,-0.023893635369200045,0.0031081368978544454,1.0363410367826777
154,2025-01-23,HD KSOE(Hold),False,7,-0.013129102844638973,-0.010215241642483441,-0.03186630719033741,0.0031081368978544454,1.0363410367826777
154,2025-01-23,HD KSOE(Hold),False,8,-0.043763676148796504,-0.04059282583111845,-0.06534268902592691,0.0031081368978544454,1.0363410367826777
154,2025-01-23,HD KSOE(Hold),False,9,-0.03063457330415753,-0.03449336371569611,-0.06260682824066849,0.0031081368978544454,1.0363410367826777
154,2025-01-23,HD KSOE(Hold),False,10,0.024070021881838155,0.01651849556417595,-0.01483730371004402,0.0031081368978544454,1.0363410367826777
155,2025-03-04,HD KSOE(Hold),True,1,0.07725321888412018,0.07345483162912192,0.06980866088565234,0.003666702016750007,0.9945947393190588
155,2025-03-04,HD KSOE(Hold),True,2,0.05793991416309008,0.047066638250280235,0.039792007107544755,0.003666702016750007,0.9945947393190588
155,2025-03-04,HD KSOE(Hold),True,3,0.0021459227467810482,-0.0037517797782833373,-0.01472000720896674,0.003666702016750007,0.9945947393190588
155,2025-03-04,HD KSOE(Hold),True,4,0.0,-0.008609154584159118,-0.023229427926389247,0.003666702016750007,0.9945947393190588
155,2025-03-04,HD KSOE(Hold),True,5,-0.06866952789699576,-0.06441203805022622,-0.0827685609764445,0.003666702016750007,0.9945947393190588
155,2025-03-04,HD KSOE(Hold),True,6,-0.08798283261802575,-0.0983302987248752,-0.12027458007368053,0.003666702016750007,0.9945947393190588
155,2025-03-04,HD KSOE(Hold),True,7,-0.07939914163090134,-0.08928358119220337,-0.11489706733693957,0.003666702016750007,0.9945947393190588
155,2025-03-04,HD KSOE(Hold),True,8,-0.08154506437768239,-0.08857286559018418,-0.11786849462661683,0.003666702016750007,0.9945947393190588
155,2025-03-04,HD KSOE(Hold),True,9,-0.07081545064377681,-0.09523813894450872,-0.12810644609846394,0.003666702016750007,0.9945947393190588
155,2025-03-04,HD KSOE(Hold),True,10,-0.05364806866952787,-0.0787182093432709,-0.11524971886512152,0.003666702016750007,0.9945947393190588
156,2025-04-02,HD KSOE(Hold),False,1,0.03750000000000009,0.01728608616452587,0.01295638138002498,0.00322305097761765,1.0547471318959087
156,2025-04-02,HD KSOE(Hold),False,2,0.020000000000000018,0.008516593297038133,0.0014418077604214166,0.00322305097761765,1.0547471318959087
156,2025-04-02,HD KSOE(Hold),False,3,-0.06899999999999995,-0.024186405353179286,-0.031402142509172955,0.00322305097761765,1.0547471318959087
156,2025-04-02,HD KSOE(Hold),False,4,-0.04049999999999998,0.0018396774471471922,-0.008734550557694211,0.00322305097761765,1.0547471318959087
156,2025-04-02,HD KSOE(Hold),False,5,-0.022499999999999964,0.036467847281768107,0.02358091290643262,0.00322305097761765,1.0547471318959087
156,2025-04-02,HD KSOE(Hold),False,6,0.06499999999999995,0.061869653692618876,0.04235997034474291,0.00322305097761765,1.0547471318959087
156,2025-04-02,HD KSOE(Hold),False,7,0.10499999999999998,0.10693236318581456,0.0844767976846956,0.00322305097761765,1.0547471318959087
156,2025-04-02,HD KSOE(Hold),False,8,0.1299999999999999,0.12242644916982215,0.09622741116266084,0.00322305097761765,1.0547471318959087
156,2025-04-02,HD KSOE(Hold),False,9,0.1299999999999999,0.11359747767115347,0.08369202781923167,0.00322305097761765,1.0547471318959087
156,2025-04-02,HD KSOE(Hold),False,10,0.1299999999999999,0.1258973180768268,0.09344219823227538,0.00322305097761765,1.0547471318959087
157,2025-04-03,HD KSOE(Hold),False,1,0.002457002457002533,-0.0036356565622142067,-0.007187774866762404,0.003216674759635872,1.0550570028380564
157,2025-04-03,HD KSOE(Hold),False,2,-0.08501228501228497,-0.035107980158969876,-0.03879374822430142,0.003216674759635872,1.0550570028380564
157,2025-04-03,HD KSOE(Hold),False,3,-0.057002457002456985,-0.009558884492469333,-0.016596807865047025,0.003216674759635872,1.0550570028380564
157,2025-04-03,HD KSOE(Hold),False,4,-0.039312039312039304,0.024671082430959057,0.015327102307807532,0.003216674759635872,1.0550570028380564
157,2025-04-03,HD KSOE(Hold),False,5,0.04668304668304679,0.0488989300369882,0.03293755613491559,0.003216674759635872,1.0550570028380564
157,2025-04-03,HD KSOE(Hold),False,6,0.08599508599508598,0.09324669689739529,0.07434590030160898,0.003216674759635872,1.0550570028380564
157,2025-04-03,HD KSOE(Hold),False,7,0.11056511056511065,0.10836146966063853,0.08572342047965585,0.003216674759635872,1.0550570028380564
157,2025-04-03,HD KSOE(Hold),False,8,0.11056511056511065,0.09957955257466788,0.07324132260012348,0.003216674759635872,1.0550570028380564
157,2025-04-03,HD KSOE(Hold),False,9,0.11056511056511065,0.1118138404109782,0.08293251889692324,0.003216674759635872,1.0550570028380564
157,2025-04-03,HD KSOE(Hold),False,10,0.13022113022113024,0.12209214377352184,0.08947783854724663,0.003216674759635872,1.0550570028380564
158,2025-04-25,HD KSOE(Hold),False,1,-0.020220588235294157,-0.019291624558949838,-0.022543953549177858,0.0033389548606324025,1.0932500081653085
158,2025-04-25,HD KSOE(Hold),False,2,-0.009191176470588203,-0.014753199494776603,-0.02194976790846261,0.0033389548606324025,1.0932500081653085
158,2025-04-25,HD KSOE(Hold),False,3,0.0,-0.002108786742081259,-0.012322295704896439,0.0033389548606324025,1.0932500081653085
158,2025-04-25,HD KSOE(Hold),False,4,0.020220588235294157,0.01686534390216865,0.00319664789817848,0.0033389548606324025,1.0932500081653085
158,2025-04-25,HD KSOE(Hold),False,5,0.02941176470588225,0.020565051551834967,0.0030453211748219036,0.0033389548606324025,1.0932500081653085
158,2025-04-25,HD KSOE(Hold),False,6,0.05514705882352944,0.044073968588623114,0.023007673670008486,0.0033389548606324025,1.0932500081653085
158,2025-04-25,HD KSOE(Hold),False,7,0.04227941176470584,0.03207257035879585,0.0077480982899259185,0.0033389548606324025,1.0932500081653085
158,2025-04-25,HD KSOE(Hold),False,8,0.003676470588235281,-0.01831292276320684,-0.04707507275783822,0.0033389548606324025,1.0932500081653085
158,2025-04-25,HD KSOE(Hold),False,9,0.040441176470588314,0.018024538221586894,-0.014116407223862877,0.0033389548606324025,1.0932500081653085
158,2025-04-25,HD KSOE(Hold),False,10,0.05882352941176472,0.023805126523746,-0.012849888437821838,0.0033389548606324025,1.0932500081653085
159,2025-04-28,HD KSOE(Hold),False,1,0.0,-0.005948436427801296,-0.009742670941685,0.0032660270723837205,1.08879769463977
159,2025-04-28,HD KSOE(Hold),False,2,0.00927643784786647,0.006782564698175175,2.906036699112588e-05,0.0032660270723837205,1.08879769463977
159,2025-04-28,HD KSOE(Hold),False,3,0.029684601113172615,0.025943791388635784,0.01581353489185972,0.0032660270723837205,1.08879769463977
159,2025-04-28,HD KSOE(Hold),False,4,0.03896103896103886,0.029726650175625702,0.015842549450538784,0.0032660270723837205,1.08879769463977
159,2025-04-28,HD KSOE(Hold),False,5,0.06493506493506485,0.05347344352539918,0.036125542605468436,0.0032660270723837205,1.08879769463977
159,2025-04-28,HD KSOE(Hold),False,6,0.051948051948051965,0.041353012246061915,0.020816034711606042,0.0032660270723837205,1.08879769463977
159,2025-04-28,HD KSOE(Hold),False,7,0.01298701298701288,-0.009395106413045973,-0.03424477652360931,0.0032660270723837205,1.08879769463977
159,2025-04-28,HD KSOE(Hold),False,8,0.05009276437847876,0.027283235900878555,-0.0008704142228222883,0.0032660270723837205,1.08879769463977
159,2025-04-28,HD KSOE(Hold),False,9,0.06864564007421148,0.033229504401238286,0.0006903895489754619,0.0032660270723837205,1.08879769463977
159,2025-04-28,HD KSOE(Hold),False,10,0.07235621521335811,0.04447267438402758,0.009336409516151917,0.0032660270723837205,1.08879769463977
160,2025-05-07,HD KSOE(Hold),False,1,0.030520646319569078,0.031214103416269512,0.028298861538406703,0.0029492537622302427,1.0490468473525854
160,2025-05-07,HD KSOE(Hold),False,2,0.01795332136445249,0.019502946161548462,0.013680442847964925,0.0029492537622302427,1.0490468473525854
160,2025-05-07,HD KSOE(Hold),False,3,-0.019748653500897717,-0.029844459053978145,-0.03918738777453219,0.0029492537622302427,1.0490468473525854
160,2025-05-07,HD KSOE(Hold),False,4,0.016157989228007263,0.005639910917718094,-0.006672982712530168,0.0029492537622302427,1.0490468473525854
160,2025-05-07,HD KSOE(Hold),False,5,0.03411131059245953,0.0111381229755112,-0.004734908261890783,0.0029492537622302427,1.0490468473525854
160,2025-05-07,HD KSOE(Hold),False,6,0.037701974865349985,0.02217086033645521,0.003713585559559529,0.0029492537622302427,1.0490468473525854
160,2025-05-07,HD KSOE(Hold),False,7,0.030520646319569078,0.012854923632674709,-0.008656300706934197,0.0029492537622302427,1.0490468473525854
160,2025-05-07,HD KSOE(Hold),False,8,0.03411131059245953,0.025530263278540355,0.0015153598629673096,0.0029492537622302427,1.0490468473525854
160,2025-05-07,HD KSOE(Hold),False,9,0.0017953321364452268,-0.006158117134650087,-0.03309149260704822,0.0029492537622302427,1.0490468473525854
160,2025-05-07,HD KSOE(Hold),False,10,0.04667863554757634,0.02951266685774545,-0.0008218074105463685,0.0029492537622302427,1.0490468473525854
161,2025-05-30,HD KSOE(Hold),False,1,-0.0031897926634768536,-0.005440146370061849,-0.0088169970643549,0.0032269856220115325,1.066596229669577
161,2025-05-30,HD KSOE(Hold),False,2,0.04465709728867617,0.015718142774785893,0.007336946269558345,0.0032269856220115325,1.066596229669577
161,2025-05-30,HD KSOE(Hold),False,3,0.01754385964912286,-0.026698242760538227,-0.03932555683971156,0.0032269856220115325,1.066596229669577
161,2025-05-30,HD KSOE(Hold),False,4,0.02551834130781505,-0.034958986192918484,-0.051894490673005694,0.0032269856220115325,1.066596229669577
161,2025-05-30,HD KSOE(Hold),False,5,0.07017543859649122,0.0037268755178885282,-0.016833276360165142,0.0032269856220115325,1.066596229669577
161,2025-05-30,HD KSOE(Hold),False,6,0.07336523125996819,-0.00615097982766577,-0.030808373415781604,0.0032269856220115325,1.066596229669577
161,2025-05-30,HD KSOE(Hold),False,7,0.0861244019138756,0.0017844128314330465,-0.026421211805911643,0.0032269856220115325,1.066596229669577
161,2025-05-30,HD KSOE(Hold),False,8,0.11802232854864436,0.04311822852302161,0.01231401289843001,0.0032269856220115325,1.066596229669577
161,2025-05-30,HD KSOE(Hold),False,9,0.1722488038277512,0.07801988418320316,0.04270172281093493,0.0032269856220115325,1.066596229669577
161,2025-05-30,HD KSOE(Hold),False,10,0.16427432216905902,0.06869370491857518,0.0300585399600867,0.0032269856220115325,1.066596229669577
162,2025-06-10,HD KSOE(Hold),False,1,-0.007374631268436627,-0.01420449425556658,-0.017970136597621637,0.003203348977924505,1.0823286448337437
162,2025-06-10,HD KSOE(Hold),False,2,0.004424778761061843,-0.006904065980774865,-0.014243452371751175,0.003203348977924505,1.0823286448337437
162,2025-06-10,HD KSOE(Hold),False,3,0.03392330383480835,0.03139500769859915,0.021576809570193145,0.003203348977924505,1.0823286448337437
162,2025-06-10,HD KSOE(Hold),False,4,0.08407079646017701,0.06351886595022327,0.04901345745092349,0.003203348977924505,1.0823286448337437
162,2025-06-10,HD KSOE(Hold),False,5,0.07669616519174038,0.05488355003304646,0.037071002097128686,0.003203348977924505,1.0823286448337437
162,2025-06-10,HD KSOE(Hold),False,6,0.08702064896755157,0.05762660881959425,0.03598654346047724,0.003203348977924505,1.0823286448337437
162,2025-06-10,HD KSOE(Hold),False,7,0.11799410029498536,0.08667786239963626,0.06167619612694951,0.003203348977924505,1.0823286448337437
162,2025-06-10,HD KSOE(Hold),False,8,0.10766961651917395,0.06107969922562839,0.03161722264853854,0.003203348977924505,1.0823286448337437
162,2025-06-10,HD KSOE(Hold),False,9,0.10766961651917395,0.06363223929739048,0.03117656090736813,0.003203348977924505,1.0823286448337437
162,2025-06-10,HD KSOE(Hold),False,10,0.15634218289085555,0.08142149519430664,0.04321988672699259,0.003203348977924505,1.0823286448337437
163,2025-06-23,HD KSOE(Hold),False,1,0.030223390275952777,0.01633967375204337,0.01090305495842556,0.004113640714753691,1.0952899086196262
163,2025-06-23,HD KSOE(Hold),False,2,-0.04336399474375818,-0.05875368616590804,-0.06844744988471632,0.004113640714753691,1.0952899086196262
163,2025-06-23,HD KSOE(Hold),False,3,-0.047306176084099816,-0.05332354216340374,-0.06623785857149252,0.004113640714753691,1.0952899086196262
163,2025-06-23,HD KSOE(Hold),False,4,-0.04336399474375818,-0.0416652811925976,-0.057957973792551354,0.004113640714753691,1.0952899086196262
163,2025-06-23,HD KSOE(Hold),False,5,-0.03810775295663604,-0.04155744816822393,-0.06245437288347016,0.004113640714753691,1.0952899086196262
163,2025-06-23,HD KSOE(Hold),False,6,-0.04073587385019706,-0.05004939757011839,-0.07561872668283856,0.004113640714753691,1.0952899086196262
163,2025-06-23,HD KSOE(Hold),False,7,-0.09592641261498025,-0.10047373812116434,-0.12970253735638815,0.004113640714753691,1.0952899086196262
163,2025-06-23,HD KSOE(Hold),False,8,-0.13140604467805517,-0.14941567507718756,-0.18404093683022366,0.004113640714753691,1.0952899086196262
163,2025-06-23,HD KSOE(Hold),False,9,-0.19316688567674112,-0.19092589049194075,-0.22773511269834731,0.004113640714753691,1.0952899086196262
163,2025-06-23,HD KSOE(Hold),False,10,-0.17214191852825234,-0.1715963701377834,-0.21268079202904494,0.004113640714753691,1.0952899086196262
164,2025-06-27,HD KSOE(Hold),False,1,-0.005434782608695676,-0.005093069159830543,-0.009208107782536596,0.004145500108206485,1.0891433614965946
164,2025-06-27,HD KSOE(Hold),False,2,-0.008152173913043459,-0.013652133232870955,-0.022433418311147875,0.004145500108206485,1.0891433614965946
164,2025-06-27,HD KSOE(Hold),False,3,-0.06521739130434778,-0.06596916089185079,-0.07847267648457117,0.004145500108206485,1.0891433614965946
164,2025-06-27,HD KSOE(Hold),False,4,-0.10190217391304346,-0.11606538276504907,-0.1339099392445211,0.004145500108206485,1.0891433614965946
164,2025-06-27,HD KSOE(Hold),False,5,-0.1657608695652174,-0.15974996727899182,-0.17994163578460254,0.004145500108206485,1.0891433614965946
164,2025-06-27,HD KSOE(Hold),False,6,-0.1440217391304348,-0.13969987760574187,-0.16418761299074686,0.004145500108206485,1.0891433614965946
164,2025-06-27,HD KSOE(Hold),False,7,-0.12907608695652173,-0.1428097131870969,-0.17305247555227357,0.004145500108206485,1.0891433614965946
164,2025-06-27,HD KSOE(Hold),False,8,-0.11005434782608692,-0.12990301758444667,-0.16483639559359453,0.004145500108206485,1.0891433614965946
164,2025-06-27,HD KSOE(Hold),False,9,-0.10597826086956519,-0.14193302451776302,-0.18244765398503732,0.004145500108206485,1.0891433614965946
164,2025-06-27,HD KSOE(Hold),False,10,-0.12771739130434778,-0.16124436225870464,-0.20568807023243957,0.004145500108206485,1.0891433614965946
165,2025-07-08,HD KSOE(Hold),False,1,0.007692307692307665,0.00432398909803644,0.0004479010479840383,0.003583580124202658,1.0868409319555568
165,2025-07-08,HD KSOE(Hold),False,2,0.012307692307692353,-0.00690645206894458,-0.015742186521745666,0.003583580124202658,1.0868409319555568
165,2025-07-08,HD KSOE(Hold),False,3,-0.012307692307692353,-0.02913327616025474,-0.0413451659153156,0.003583580124202658,1.0868409319555568
165,2025-07-08,HD KSOE(Hold),False,4,0.0,-0.025233573043205615,-0.041759200539656836,0.003583580124202658,1.0868409319555568
165,2025-07-08,HD KSOE(Hold),False,5,0.009230769230769154,-0.020245220292863575,-0.04072284331442136,0.003583580124202658,1.0868409319555568
165,2025-07-08,HD KSOE(Hold),False,6,0.01692307692307682,-0.0032996419375863617,-0.026557282435337518,0.003583580124202658,1.0868409319555568
165,2025-07-08,HD KSOE(Hold),False,7,0.021538461538461506,-0.0005765351636601856,-0.027582082956885107,0.003583580124202658,1.0868409319555568
165,2025-07-08,HD KSOE(Hold),False,8,0.020000000000000018,-0.0007638270759025012,-0.031235618163759166,0.003583580124202658,1.0868409319555568
165,2025-07-08,HD KSOE(Hold),False,9,0.04923076923076919,0.02118599492732587,-0.013501660527492326,0.003583580124202658,1.0868409319555568
165,2025-07-08,HD KSOE(Hold),False,10,0.03846153846153855,0.023502617860364117,-0.013632229987717626,0.003583580124202658,1.0868409319555568
166,2025-09-04,HD KSOE(Hold),False,1,0.013002364066193817,0.014158548719166997,0.012076790579253654,0.002024249386729842,0.9502598888199953
166,2025-09-04,HD KSOE(Hold),False,2,0.0035460992907800915,0.00019285215708952919,-0.0036888557311263535,0.002024249386729842,0.9502598888199953
166,2025-09-04,HD KSOE(Hold),False,3,-0.021276595744680882,-0.03723880003721136,-0.042517586381212474,0.002024249386729842,0.9502598888199953
166,2025-09-04,HD KSOE(Hold),False,4,-0.02009456264775411,-0.053034917855103836,-0.05949345847170078,0.002024249386729842,0.9502598888199953
166,2025-09-04,HD KSOE(Hold),False,5,0.0,-0.04218671603045343,-0.0502095910184286,0.002024249386729842,0.9502598888199953
166,2025-09-04,HD KSOE(Hold),False,6,-0.015366430260047248,-0.07355274739121354,-0.08280404982833336,0.002024249386729842,0.9502598888199953
166,2025-09-04,HD KSOE(Hold),False,7,-0.027186761229314405,-0.08904108196303984,-0.10013418687988956,0.002024249386729842,0.9502598888199953
166,2025-09-04,HD KSOE(Hold),False,8,-0.01654846335697402,-0.09158827537568481,-0.10404978187678622,0.002024249386729842,0.9502598888199953
166,2025-09-04,HD KSOE(Hold),False,9,-0.01654846335697402,-0.08030067210595726,-0.09534787463538054,0.002024249386729842,0.9502598888199953
166,2025-09-04,HD KSOE(Hold),False,10,-0.026004728132387744,-0.10468449614752118,-0.12101344960612988,0.002024249386729842,0.9502598888199953
167,2025-09-08,HD KSOE(Hold),False,1,-0.025882352941176467,-0.03477657850294569,-0.036851050347426646,0.0024944689616161523,0.952778674858382
167,2025-09-08,HD KSOE(Hold),False,2,-0.024705882352941133,-0.05046014300883628,-0.054232930615854574,0.0024944689616161523,0.952778674858382
167,2025-09-08,HD KSOE(Hold),False,3,-0.004705882352941226,-0.03964217753972299,-0.04547584627031288,0.0024944689616161523,0.952778674858382
167,2025-09-08,HD KSOE(Hold),False,4,-0.020000000000000018,-0.07082458817012305,-0.07840245961341745,0.0024944689616161523,0.952778674858382
167,2025-09-08,HD KSOE(Hold),False,5,-0.03176470588235292,-0.08623177960786976,-0.09613211701804542,0.0024944689616161523,0.952778674858382
167,2025-09-08,HD KSOE(Hold),False,6,-0.02117647058823524,-0.08873730504856236,-0.10051380668736914,0.0024944689616161523,0.952778674858382
167,2025-09-08,HD KSOE(Hold),False,7,-0.02117647058823524,-0.077528228853459,-0.09232850688542807,0.0024944689616161523,0.952778674858382
167,2025-09-08,HD KSOE(Hold),False,8,-0.030588235294117694,-0.10176370282895653,-0.11835845462731645,0.0024944689616161523,0.952778674858382
167,2025-09-08,HD KSOE(Hold),False,9,-0.04117647058823526,-0.1073818176456206,-0.1267057340806555,0.0024944689616161523,0.952778674858382
167,2025-09-08,HD KSOE(Hold),False,10,-0.051764705882352935,-0.12521479268925173,-0.14669107187462463,0.0024944689616161523,0.952778674858382
168,2025-09-15,HD KSOE(Hold),False,1,0.003618817852834688,-0.004708839967826783,-0.006715164899691128,0.0023716034046797423,0.9561367096629357
168,2025-09-15,HD KSOE(Hold),False,2,0.003618817852834688,0.005878305215197388,0.0010359898556496607,0.0023716034046797423,0.9561367096629357
168,2025-09-15,HD KSOE(Hold),False,3,-0.006031363088057851,-0.017773097544217076,-0.024372876650745078,0.0023716034046797423,0.9561367096629357
168,2025-09-15,HD KSOE(Hold),False,4,-0.016887816646562137,-0.023935195728912118,-0.03311248811282662,0.0023716034046797423,0.9561367096629357
168,2025-09-15,HD KSOE(Hold),False,5,-0.027744270205066313,-0.04163441761250186,-0.05288316706734361,0.0023716034046797423,0.9561367096629357
168,2025-09-15,HD KSOE(Hold),False,6,-0.03618817852834744,-0.05520528691066551,-0.06860075439239893,0.0023716034046797423,0.9561367096629357
168,2025-09-15,HD KSOE(Hold),False,7,-0.016887816646562137,-0.03179809482950169,-0.04774530480131521,0.0023716034046797423,0.9561367096629357
168,2025-09-15,HD KSOE(Hold),False,8,-0.027744270205066313,-0.04235347827374536,-0.06068549757607225,0.0023716034046797423,0.9561367096629357
168,2025-09-15,HD KSOE(Hold),False,9,-0.04101326899879376,-0.030759347049028607,-0.05255354844672243,0.0023716034046797423,0.9561367096629357
168,2025-09-15,HD KSOE(Hold),False,10,-0.0349819059107358,-0.037928300815343374,-0.06151509628699235,0.0023716034046797423,0.9561367096629357
169,2025-10-20,HD KSOE(Hold),False,1,0.034198113207547065,0.04125340519588261,0.03880090198724652,0.0030619399240236476,1.0863800841120586
169,2025-10-20,HD KSOE(Hold),False,2,0.08962264150943389,0.0811391527623262,0.07428246844274003,0.0030619399240236476,1.0863800841120586
169,2025-10-20,HD KSOE(Hold),False,3,0.05188679245283012,0.05330200560470466,0.044238432063729134,0.0030619399240236476,1.0863800841120586
169,2025-10-20,HD KSOE(Hold),False,4,0.054245283018867996,0.03072418076257688,0.016444666275175532,0.0030619399240236476,1.0863800841120586
169,2025-10-20,HD KSOE(Hold),False,5,0.11556603773584895,0.06575572823262776,0.04614340988797361,0.0030619399240236476,1.0863800841120586
169,2025-10-20,HD KSOE(Hold),False,6,0.08490566037735858,0.04351392158675571,0.02156686016433719,0.0030619399240236476,1.0863800841120586
169,2025-10-20,HD KSOE(Hold),False,7,0.08962264150943389,0.0298616956796387,0.0032659606840792915,0.0030619399240236476,1.0863800841120586
169,2025-10-20,HD KSOE(Hold),False,8,0.08844339622641506,0.027191932324737378,-0.0025944936712654354,0.0030619399240236476,1.0863800841120586
169,2025-10-20,HD KSOE(Hold),False,9,0.11792452830188682,0.05132122163688213,0.01801056308880497,0.0030619399240236476,1.0863800841120586
169,2025-10-20,HD KSOE(Hold),False,10,0.13089622641509435,0.034594217331763044,-0.004343757553251837,0.0030619399240236476,1.0863800841120586
170,2025-10-30,HD KSOE(Hold),False,1,0.0383351588170866,0.03239626210490876,0.029315639179112965,0.002663469526680417,1.070240891420117
170,2025-10-30,HD KSOE(Hold),False,2,0.050383351588170866,0.016434903660662137,0.00872339536254367,0.002663469526680417,1.070240891420117
170,2025-10-30,HD KSOE(Hold),False,3,0.0021905805038335835,-0.007235734318917775,-0.015888255654915744,0.002663469526680417,1.070240891420117
170,2025-10-30,HD KSOE(Hold),False,4,-0.06133625410733845,-0.04203055399100952,-0.051328382512070794,0.002663469526680417,1.070240891420117
170,2025-10-30,HD KSOE(Hold),False,5,-0.08324205914567362,-0.06933157117653133,-0.08167183373489205,0.002663469526680417,1.070240891420117
170,2025-10-30,HD KSOE(Hold),False,6,-0.08981380065717415,-0.05810131672893082,-0.07185462074874738,0.002663469526680417,1.070240891420117
170,2025-10-30,HD KSOE(Hold),False,7,-0.07009857612267256,-0.06764709752106834,-0.08611919016555725,0.002663469526680417,1.070240891420117
170,2025-10-30,HD KSOE(Hold),False,8,-0.08433734939759041,-0.09000440382727282,-0.11171021899558337,0.002663469526680417,1.070240891420117
170,2025-10-30,HD KSOE(Hold),False,9,-0.06681270536692219,-0.0832554899135457,-0.10838167149765321,0.002663469526680417,1.070240891420117
170,2025-10-30,HD KSOE(Hold),False,10,-0.03833515881708649,-0.05973477921750281,-0.08787260289728434,0.002663469526680417,1.070240891420117
171,2025-11-10,HD KSOE(Hold),False,1,-0.02336448598130836,-0.019021930881048976,-0.02121747333634974,0.0024420928351015993,1.0567754177226463
171,2025-11-10,HD KSOE(Hold),False,2,-0.004672897196261627,-0.010998819170899732,-0.016242161703693875,0.0024420928351015993,1.0567754177226463
171,2025-11-10,HD KSOE(Hold),False,3,0.025700934579439227,0.014467513150348221,0.0065034524509522545,0.0024420928351015993,1.0567754177226463
171,2025-11-10,HD KSOE(Hold),False,4,0.009345794392523255,0.036678917589186955,0.02846239573593569,0.0024420928351015993,1.0567754177226463
171,2025-11-10,HD KSOE(Hold),False,5,0.01985981308411211,0.028358224935820298,0.01663026164317212,0.0024420928351015993,1.0567754177226463
171,2025-11-10,HD KSOE(Hold),False,6,-0.004672897196261627,0.036711095238818325,0.024408131685741224,0.0024420928351015993,1.0567754177226463
171,2025-11-10,HD KSOE(Hold),False,7,-0.02336448598130836,0.02386534696003928,0.009452190608543895,0.0024420928351015993,1.0567754177226463
171,2025-11-10,HD KSOE(Hold),False,8,0.012850467289719614,0.04181295789418593,0.02392057271572993,0.0024420928351015993,1.0567754177226463
171,2025-11-10,HD KSOE(Hold),False,9,-0.01869158878504673,0.04702622999632222,0.028778551093541216,0.0024420928351015993,1.0567754177226463
171,2025-11-10,HD KSOE(Hold),False,10,0.014018691588784993,0.08148226116422819,0.0608916051569188,0.0024420928351015993,1.0567754177226463
172,2025-11-18,HD KSOE(Hold),False,1,-0.029036004645760727,-0.01967543751589773,-0.022026451397281616,0.0027596077509839225,1.0436505463751764
172,2025-11-18,HD KSOE(Hold),False,2,0.006968641114982521,-0.002664196752835135,-0.00860389089087671,0.0027596077509839225,1.0436505463751764
172,2025-11-18,HD KSOE(Hold),False,3,-0.024390243902439046,0.004193141532084832,-0.00283800132939771,0.0027596077509839225,1.0436505463751764
172,2025-11-18,HD KSOE(Hold),False,4,0.008130081300812941,0.03852860498836708,0.028817086152391865,0.0027596077509839225,1.0436505463751764
172,2025-11-18,HD KSOE(Hold),False,5,-0.024390243902439046,0.0030536380732379964,-0.009546460238787458,0.0027596077509839225,1.0436505463751764
172,2025-11-18,HD KSOE(Hold),False,6,-0.005807200929152101,-0.004352569301376508,-0.020846720341953028,0.0027596077509839225,1.0436505463751764
172,2025-11-18,HD KSOE(Hold),False,7,-0.008130081300813052,-0.01324019968816359,-0.032780513404700735,0.0027596077509839225,1.0436505463751764
172,2025-11-18,HD KSOE(Hold),False,8,-0.04761904761904767,-0.037522341086566824,-0.0591584763377056,0.0027596077509839225,1.0436505463751764
172,2025-11-18,HD KSOE(Hold),False,9,-0.06387921022067367,-0.05221442591960279,-0.07654172147036777,0.0027596077509839225,1.0436505463751764
172,2025-11-18,HD KSOE(Hold),False,10,-0.04065040650406504,-0.04778238722326311,-0.07568977958823256,0.0027596077509839225,1.0436505463751764
173,2025-11-21,HD KSOE(Hold),False,1,0.02358490566037741,0.04123424821598176,0.039242975018532245,0.002262751103615623,1.0153817574400188
173,2025-11-21,HD KSOE(Hold),False,2,-0.009433962264150941,0.00522188832688486,0.0009218188585220846,0.002262751103615623,1.0153817574400188
173,2025-11-21,HD KSOE(Hold),False,3,0.009433962264151052,-0.002241167232472252,-0.00920900455331699,0.002262751103615623,1.0153817574400188
173,2025-11-21,HD KSOE(Hold),False,4,0.007075471698113178,-0.011250726975759573,-0.020583620533021173,0.002262751103615623,1.0153817574400188
173,2025-11-21,HD KSOE(Hold),False,5,-0.03301886792452835,-0.03593828884219208,-0.04729695018469102,0.002262751103615623,1.0153817574400188
173,2025-11-21,HD KSOE(Hold),False,6,-0.04952830188679247,-0.05085902655704855,-0.0644560020628396,0.002262751103615623,1.0153817574400188
173,2025-11-21,HD KSOE(Hold),False,7,-0.02594339622641506,-0.04631804247331184,-0.06247069806511715,0.002262751103615623,1.0153817574400188
173,2025-11-21,HD KSOE(Hold),False,8,-0.002358490566037763,-0.033299754780016344,-0.051877694629968274,0.002262751103615623,1.0153817574400188
173,2025-11-21,HD KSOE(Hold),False,9,-0.011792452830188704,-0.040744015473861195,-0.06155410132049628,0.002262751103615623,1.0153817574400188
173,2025-11-21,HD KSOE(Hold),False,10,0.018867924528301883,-0.0283561991345882,-0.05171010018624446,0.002262751103615623,1.0153817574400188
174,2025-11-24,HD KSOE(Hold),False,1,-0.04436860068259385,-0.022914446318203052,-0.024907337119875677,0.0023014948022308628,1.0143843469808558
174,2025-11-24,HD KSOE(Hold),False,2,-0.026166097838452806,-0.030861255053927783,-0.03553178142890657,0.0023014948022308628,1.0143843469808558
174,2025-11-24,HD KSOE(Hold),False,3,-0.028441410693970437,-0.03974174856265822,-0.04680878095025492,0.0023014948022308628,1.0143843469808558
174,2025-11-24,HD KSOE(Hold),False,4,-0.06712172923777016,-0.06312158719087435,-0.07227002696862254,0.0023014948022308628,1.0143843469808558
174,2025-11-24,HD KSOE(Hold),False,5,-0.08304891922639368,-0.0774710420157888,-0.08889828190572917,0.0023014948022308628,1.0143843469808558
174,2025-11-24,HD KSOE(Hold),False,6,-0.060295790671217264,-0.07363044301143973,-0.08763122209095575,0.0023014948022308628,1.0143843469808558
174,2025-11-24,HD KSOE(Hold),False,7,-0.03754266211604096,-0.06137102888112589,-0.077824247992278,0.0023014948022308628,1.0143843469808558
174,2025-11-24,HD KSOE(Hold),False,8,-0.04664391353811148,-0.06849630652099481,-0.08722259734186952,0.0023014948022308628,1.0143843469808558
174,2025-11-24,HD KSOE(Hold),False,9,-0.017064846416382284,-0.05706373033362988,-0.0783525413788203,0.0023014948022308628,1.0143843469808558
174,2025-11-24,HD KSOE(Hold),False,10,-0.0011376564277588708,-0.05503684371659101,-0.07882709635084834,0.0023014948022308628,1.0143843469808558
175,2025-12-02,HD KSOE(Hold),False,1,0.01927710843373487,0.01278376386255986,0.01076827253834647,0.001990283846735213,1.0038820483345483
175,2025-12-02,HD KSOE(Hold),False,2,0.009638554216867545,0.005087727088451954,0.001089492864106846,0.001990283846735213,1.0038820483345483
175,2025-12-02,HD KSOE(Hold),False,3,0.04096385542168668,0.018573785949881794,0.012516015077772714,0.001990283846735213,1.0038820483345483
175,2025-12-02,HD KSOE(Hold),False,4,0.05783132530120483,0.02177630642462325,0.01367520371170046,0.001990283846735213,1.0038820483345483
175,2025-12-02,HD KSOE(Hold),False,5,0.07831325301204828,0.0450760065492255,0.034995558718273465,0.001990283846735213,1.0038820483345483
175,2025-12-02,HD KSOE(Hold),False,6,0.06506024096385543,0.03395502584064647,0.02189257081167037,0.001990283846735213,1.0038820483345483
175,2025-12-02,HD KSOE(Hold),False,7,0.0734939759036144,0.048468167103187465,0.03443902877666655,0.001990283846735213,1.0038820483345483
175,2025-12-02,HD KSOE(Hold),False,8,0.08313253012048194,0.044007884835637556,0.02793373029768803,0.001990283846735213,1.0038820483345483
175,2025-12-02,HD KSOE(Hold),False,9,0.053012048192771166,0.03298092801602448,0.014990611618686284,0.001990283846735213,1.0038820483345483
175,2025-12-02,HD KSOE(Hold),False,10,0.01807228915662651,0.0208476703039836,0.0009556060003923054,0.001990283846735213,1.0038820483345483
176,2025-12-19,HD KSOE(Hold),False,1,-0.015294117647058791,-0.017654807642322745,-0.019412981575741194,0.0017042008197321419,1.0228632788695624
176,2025-12-19,HD KSOE(Hold),False,2,0.016470588235294015,0.011329313023271448,0.007803364974889523,0.0017042008197321419,1.0228632788695624
176,2025-12-19,HD KSOE(Hold),False,3,-0.02117647058823524,-0.02419385717990663,-0.029375446990205716,0.0017042008197321419,1.0228632788695624
176,2025-12-19,HD KSOE(Hold),False,4,-0.051764705882352935,-0.05992336768604711,-0.06692670472499598,0.0017042008197321419,1.0228632788695624
176,2025-12-19,HD KSOE(Hold),False,5,-0.034117647058823475,-0.06446240056568098,-0.0736771852259971,0.0017042008197321419,1.0228632788695624
176,2025-12-19,HD KSOE(Hold),False,6,-0.04235294117647059,-0.0711377351104493,-0.08202105479975759,0.0017042008197321419,1.0228632788695624
176,2025-12-19,HD KSOE(Hold),False,7,-0.07411764705882351,-0.1262066257857598,-0.13932695637054945,0.0017042008197321419,1.0228632788695624
176,2025-12-19,HD KSOE(Hold),False,8,-0.05647058823529416,-0.14466323225691402,-0.1603132118292815,0.0017042008197321419,1.0228632788695624
176,2025-12-19,HD KSOE(Hold),False,9,-0.025882352941176467,-0.1306657407144134,-0.14839923990755968,0.0017042008197321419,1.0228632788695624
176,2025-12-19,HD KSOE(Hold),False,10,-0.016470588235294126,-0.12749869680262138,-0.14707917160847767,0.0017042008197321419,1.0228632788695624
177,2025-12-24,HD KSOE(Hold),False,1,-0.028915662650602414,-0.028748607398893844,-0.02990811437407372,0.001160294101319279,1.0047117712933429
177,2025-12-24,HD KSOE(Hold),False,2,-0.010843373493975905,-0.03267918965572436,-0.035102663230120554,0.001160294101319279,1.0047117712933429
177,2025-12-24,HD KSOE(Hold),False,3,-0.01927710843373498,-0.039565847699224554,-0.04314232590243164,0.001160294101319279,1.0047117712933429
177,2025-12-24,HD KSOE(Hold),False,4,-0.051807228915662695,-0.09520769909145821,-0.10005336858622722,0.001160294101319279,1.0047117712933429
177,2025-12-24,HD KSOE(Hold),False,5,-0.03373493975903619,-0.11294091888439317,-0.11911558984969353,0.001160294101319279,1.0047117712933429
177,2025-12-24,HD KSOE(Hold),False,6,-0.002409638554216831,-0.09806934942757672,-0.10548184071511497,0.001160294101319279,1.0047117712933429
177,2025-12-24,HD KSOE(Hold),False,7,0.0072289156626506035,-0.09462394497695326,-0.10322591107109474,0.001160294101319279,1.0047117712933429
177,2025-12-24,HD KSOE(Hold),False,8,0.02289156626506017,-0.0792784572437295,-0.08904221183809262,0.001160294101319279,1.0047117712933429
177,2025-12-24,HD KSOE(Hold),False,9,0.0771084337349397,-0.033281192376038105,-0.04424396995930417,0.001160294101319279,1.0047117712933429
177,2025-12-24,HD KSOE(Hold),False,10,0.08554216867469888,-0.0341613929916893,-0.04632834981045267,0.001160294101319279,1.0047117712933429
178,2025-12-26,HD KSOE(Hold),False,1,0.03011292346298622,0.012247167448245833,0.010636777886293393,0.001346963781489665,1.014744731778797
178,2025-12-26,HD KSOE(Hold),False,2,0.02132998745294845,0.005005297595527036,0.0020706668592279827,0.001346963781489665,1.014744731778797
178,2025-12-26,HD KSOE(Hold),False,3,-0.012547051442910906,-0.051893677979153896,-0.05651472477830029,0.001346963781489665,1.014744731778797
178,2025-12-26,HD KSOE(Hold),False,4,0.006273525721455453,-0.06873949737283191,-0.07523339940423254,0.001346963781489665,1.014744731778797
178,2025-12-26,HD KSOE(Hold),False,5,0.038895859473023764,-0.05250696895012075,-0.060589498046491747,0.001346963781489665,1.014744731778797
178,2025-12-26,HD KSOE(Hold),False,6,0.04893350062735258,-0.04863841579332262,-0.05815887021902666,0.001346963781489665,1.014744731778797
178,2025-12-26,HD KSOE(Hold),False,7,0.06524466750313684,-0.032643179538209166,-0.043515256057665375,0.001346963781489665,1.014744731778797
178,2025-12-26,HD KSOE(Hold),False,8,0.12170639899623592,0.01563088434284321,0.0032911190790637646,0.001346963781489665,1.014744731778797
178,2025-12-26,HD KSOE(Hold),False,9,0.13048933500627347,0.015136071515312377,0.0013125445519222845,0.001346963781489665,1.014744731778797
178,2025-12-26,HD KSOE(Hold),False,10,0.16060225846925968,0.02888571817484098,0.013473955302472002,0.001346963781489665,1.014744731778797
179,2026-01-06,HD KSOE(Hold),False,1,0.014563106796116498,0.017909331562559583,0.016705452996383673,0.0012761083025938456,1.0215854407457257
179,2026-01-06,HD KSOE(Hold),False,2,0.03033980582524265,0.03339914875634287,0.030912969416715293,0.0012761083025938456,1.0215854407457257
179,2026-01-06,HD KSOE(Hold),False,3,0.08495145631067968,0.08057596083728091,0.07665318893122514,0.0012761083025938456,1.0215854407457257
179,2026-01-06,HD KSOE(Hold),False,4,0.09344660194174748,0.08064641623503266,0.0752656853745507,0.0012761083025938456,1.0215854407457257
179,2026-01-06,HD KSOE(Hold),False,5,0.12257281553398047,0.09491390270663946,0.08793633136974448,0.0012761083025938456,1.0215854407457257
179,2026-01-06,HD KSOE(Hold),False,6,0.03762135922330101,0.0032918962398174045,-0.005105770164808232,0.0012761083025938456,1.0215854407457257
179,2026-01-06,HD KSOE(Hold),False,7,0.06796116504854366,0.017327616079347408,0.007301910490170101,0.0012761083025938456,1.0215854407457257
179,2026-01-06,HD KSOE(Hold),False,8,0.06432038834951448,0.004228498564697869,-0.007277477782301728,0.0012761083025938456,1.0215854407457257
179,2026-01-06,HD KSOE(Hold),False,9,0.07888349514563098,0.00479352374621711,-0.008290715664622056,0.0012761083025938456,1.0215854407457257
179,2026-01-06,HD KSOE(Hold),False,10,0.07524271844660202,0.005293919189429008,-0.00897703949810981,0.0012761083025938456,1.0215854407457257
180,2026-01-16,HD KSOE(Hold),False,1,0.004519774011299438,-0.01106394239239461,-0.012291345620217994,0.000888991201013906,1.0217157459775936
180,2026-01-16,HD KSOE(Hold),False,2,0.001129943502824915,-0.010538172619260822,-0.012569536867032913,0.000888991201013906,1.0217157459775936
180,2026-01-16,HD KSOE(Hold),False,3,-0.031638418079096065,-0.04831336734815661,-0.051342449913714505,0.000888991201013906,1.0217157459775936
180,2026-01-16,HD KSOE(Hold),False,4,-0.04067796610169494,-0.06617388692001613,-0.07028351466402727,0.000888991201013906,1.0217157459775936
180,2026-01-16,HD KSOE(Hold),False,5,-0.014689265536723117,-0.047958408701505584,-0.05312582896843372,0.000888991201013906,1.0217157459775936
180,2026-01-16,HD KSOE(Hold),False,6,-0.041807909604519744,-0.0666950591469061,-0.07256944937055838,0.000888991201013906,1.0217157459775936
180,2026-01-16,HD KSOE(Hold),False,7,-0.0361581920903955,-0.08905296162698395,-0.0964245494128812,0.000888991201013906,1.0217157459775936
180,2026-01-16,HD KSOE(Hold),False,8,-0.04519774011299438,-0.11589182219358429,-0.12453892653027678,0.000888991201013906,1.0217157459775936
180,2026-01-16,HD KSOE(Hold),False,9,-0.0485875706214689,-0.12972601432047925,-0.1394889169619894,0.000888991201013906,1.0217157459775936
180,2026-01-16,HD KSOE(Hold),False,10,-0.06553672316384185,-0.14731913919896,-0.15798501738115156,0.000888991201013906,1.0217157459775936
181,2026-01-20,HD KSOE(Hold),False,1,-0.026136363636363624,-0.04713683359440024,-0.048604930038635655,0.0008308765024311171,1.0303431277051225
181,2026-01-20,HD KSOE(Hold),False,2,-0.035227272727272774,-0.06508624372711902,-0.06765401130217313,0.0008308765024311171,1.0303431277051225
181,2026-01-20,HD KSOE(Hold),False,3,-0.009090909090909038,-0.04675617420130762,-0.050391685657893086,0.0008308765024311171,1.0303431277051225
181,2026-01-20,HD KSOE(Hold),False,4,-0.036363636363636376,-0.0656112460239775,-0.06982221598869527,0.0008308765024311171,1.0303431277051225
181,2026-01-20,HD KSOE(Hold),False,5,-0.030681818181818143,-0.08805620838007411,-0.0939515093410189,0.0008308765024311171,1.0303431277051225
181,2026-01-20,HD KSOE(Hold),False,6,-0.03977272727272729,-0.11502215854032483,-0.12229072065760208,0.0008308765024311171,1.0303431277051225
181,2026-01-20,HD KSOE(Hold),False,7,-0.04318181818181821,-0.1289200473965726,-0.13733774895186476,0.0008308765024311171,1.0303431277051225
181,2026-01-20,HD KSOE(Hold),False,8,-0.060227272727272685,-0.14661221410728575,-0.15588041543482795,0.0008308765024311171,1.0303431277051225
181,2026-01-20,HD KSOE(Hold),False,9,-0.08750000000000002,-0.11676424534304874,-0.12513010259856697,0.0008308765024311171,1.0303431277051225
181,2026-01-20,HD KSOE(Hold),False,10,-0.051136363636363646,-0.15077162629299912,-0.162103636816034,0.0008308765024311171,1.0303431277051225
182,2026-02-02,HD KSOE(Hold),False,1,0.0096735187424426,-0.024202617419017747,-0.026093917604163075,0.0006137049771374012,1.037713722778733
182,2026-02-02,HD KSOE(Hold),False,2,0.026602176541717037,-0.02350525657896574,-0.026622404375107878,0.0006137049771374012,1.037713722778733
182,2026-02-02,HD KSOE(Hold),False,3,-0.010882708585247869,-0.02041580952154831,-0.022616453178893832,0.0006137049771374012,1.037713722778733
182,2026-02-02,HD KSOE(Hold),False,4,-0.04353083434099159,-0.038512075090892384,-0.04077761890439054,0.0006137049771374012,1.037713722778733
182,2026-02-02,HD KSOE(Hold),False,5,-0.056831922611850105,-0.09265534518277652,-0.09707490469628885,0.0006137049771374012,1.037713722778733
182,2026-02-02,HD KSOE(Hold),False,6,-0.0761789600967352,-0.11271599666309828,-0.11777617419414294,0.0006137049771374012,1.037713722778733
182,2026-02-02,HD KSOE(Hold),False,7,-0.056831922611850105,-0.10369192327658627,-0.10975512319102919,0.0006137049771374012,1.037713722778733
182,2026-02-02,HD KSOE(Hold),False,8,-0.039903264812575556,-0.11956604798536208,-0.12748006792282207,0.0006137049771374012,1.037713722778733
182,2026-02-02,HD KSOE(Hold),False,9,-0.03869407496977029,-0.11537336510957996,-0.12378857139501938,0.0006137049771374012,1.037713722778733
182,2026-02-02,HD KSOE(Hold),False,10,0.021765417170495738,-0.08819761175922003,-0.09848177671955914,0.0006137049771374012,1.037713722778733
183,2026-02-26,HD KSOE(Hold),False,1,-0.0055248618784530246,-0.0130504891888642,-0.013943114066854313,0.0008690240556902981,1.0031360604673
183,2026-02-26,HD KSOE(Hold),False,2,-0.024309392265193353,0.041133230474012294,0.039600414384680566,0.0008690240556902981,1.0031360604673
183,2026-02-26,HD KSOE(Hold),False,3,-0.1624309392265193,0.01569762572477551,0.013649175508345268,0.0008690240556902981,1.0031360604673
183,2026-02-26,HD KSOE(Hold),False,4,-0.10055248618784529,-0.0015462756090464103,-0.004711882368794246,0.0008690240556902981,1.0031360604673
183,2026-02-26,HD KSOE(Hold),False,5,-0.11160220994475134,-0.012752514342176724,-0.016787635998044337,0.0008690240556902981,1.0031360604673
183,2026-02-26,HD KSOE(Hold),False,6,-0.11602209944751385,0.036559026137198636,0.03182338543905919,0.0008690240556902981,1.0031360604673
183,2026-02-26,HD KSOE(Hold),False,7,-0.10718232044198894,0.00010304831213570065,-0.005643666674026854,0.0008690240556902981,1.0031360604673
183,2026-02-26,HD KSOE(Hold),False,8,-0.07182320441988954,0.022979691591237583,0.01632480676008126,0.0008690240556902981,1.0031360604673
183,2026-02-26,HD KSOE(Hold),False,9,-0.06077348066298338,0.038337611085450196,0.030827212960940722,0.0008690240556902981,1.0031360604673
183,2026-02-26,HD KSOE(Hold),False,10,-0.08066298342541434,0.03393986385630776,0.02560902475820502,0.0008690240556902981,1.0031360604673
184,2026-02-27,HD KSOE(Hold),False,1,-0.02106430155210648,0.03947599349343167,0.038957981498443484,0.0009460520783290067,1.0070703336186064
184,2026-02-27,HD KSOE(Hold),False,2,-0.15964523281596454,0.01417211144978725,0.013508953905788268,0.0009460520783290067,1.0070703336186064
184,2026-02-27,HD KSOE(Hold),False,3,-0.09756097560975607,-0.0032810310828589317,-0.005452596656497083,0.0009460520783290067,1.0070703336186064
184,2026-02-27,HD KSOE(Hold),False,4,-0.10864745011086474,-0.014524841577414627,-0.01764357164734566,0.0009460520783290067,1.0070703336186064
184,2026-02-27,HD KSOE(Hold),False,5,-0.11308203991130816,0.0350538529704546,0.03137096276237378,0.0009460520783290067,1.0070703336186064
184,2026-02-27,HD KSOE(Hold),False,6,-0.10421286031042132,-0.0016103283363413379,-0.006561206675144898,0.0009460520783290067,1.0070703336186064
184,2026-02-27,HD KSOE(Hold),False,7,-0.0687361419068736,0.021318439084667573,0.015332790467858529,0.0009460520783290067,1.0070703336186064
184,2026-02-27,HD KSOE(Hold),False,8,-0.05764966740576494,0.03673570845694718,0.029834627926382057,0.0009460520783290067,1.0070703336186064
184,2026-02-27,HD KSOE(Hold),False,9,-0.07760532150776056,0.03235307366510631,0.024616047498183982,0.0009460520783290067,1.0070703336186064
184,2026-02-27,HD KSOE(Hold),False,10,-0.0920177383592018,0.007785186143851597,-0.0009696946670892936,0.0009460520783290067,1.0070703336186064
185,2026-03-05,HD KSOE(Hold),False,1,0.01643489254108732,-0.0006566496496167584,-0.0011649967730828457,0.0008750323817811164,0.9785458062108365
185,2026-03-05,HD KSOE(Hold),False,2,0.011378002528444897,0.05493093076400046,0.052246473037987094,0.0008750323817811164,0.9785458062108365
185,2026-03-05,HD KSOE(Hold),False,3,0.02149178255372952,0.013921240104421528,0.011458562843874722,0.0008750323817811164,0.9785458062108365
185,2026-03-05,HD KSOE(Hold),False,4,0.06194690265486735,0.04028790305187924,0.03725244989951669,0.0008750323817811164,0.9785458062108365
185,2026-03-05,HD KSOE(Hold),False,5,0.07458912768647274,0.057792612649193886,0.05377780642888068,0.0008750323817811164,0.9785458062108365
185,2026-03-05,HD KSOE(Hold),False,6,0.05183312262958273,0.05252151932090798,0.04725655603420177,0.0008750323817811164,0.9785458062108365
185,2026-03-05,HD KSOE(Hold),False,7,0.03539823008849563,0.024684373646523206,0.018789004126390747,0.0008750323817811164,0.9785458062108365
185,2026-03-05,HD KSOE(Hold),False,8,0.06194690265486735,0.03472791601850478,0.028311618378297022,0.0008750323817811164,0.9785458062108365
185,2026-03-05,HD KSOE(Hold),False,9,0.07458912768647274,-0.004450832102418811,-0.010630384924050301,0.0008750323817811164,0.9785458062108365
185,2026-03-05,HD KSOE(Hold),False,10,0.04551201011378003,-0.004059836282700013,-0.011746636101434449,0.0008750323817811164,0.9785458062108365
186,2026-03-06,HD KSOE(Hold),False,1,0.02564102564102555,0.02820494802444784,0.0271918730423355,0.0009552860848895219,0.9774607462392514
186,2026-03-06,HD KSOE(Hold),False,2,0.03589743589743599,-0.014853033680200634,-0.015619728137692176,0.0009552860848895219,0.9774607462392514
186,2026-03-06,HD KSOE(Hold),False,3,0.07692307692307687,0.011480382487548235,0.010089553729549186,0.0009552860848895219,0.9774607462392514
186,2026-03-06,HD KSOE(Hold),False,4,0.08974358974358965,0.029371764021940416,0.02691135558232227,0.0009552860848895219,0.9774607462392514
186,2026-03-06,HD KSOE(Hold),False,5,0.06666666666666665,0.024529077095563512,0.020702396495325272,0.0009552860848895219,0.9774607462392514
186,2026-03-06,HD KSOE(Hold),False,6,0.050000000000000044,-0.004028491824886071,-0.008542446446671563,0.0009552860848895219,0.9774607462392514
186,2026-03-06,HD KSOE(Hold),False,7,0.07692307692307687,0.005682119497482985,0.0006008349208304758,0.0009552860848895219,0.9774607462392514
186,2026-03-06,HD KSOE(Hold),False,8,0.08974358974358965,-0.03553915391924889,-0.04035766304710553,0.0009552860848895219,0.9774607462392514
186,2026-03-06,HD KSOE(Hold),False,9,0.060256410256410264,-0.03429534963890579,-0.0407617982931056,0.0009552860848895219,0.9774607462392514
186,2026-03-06,HD KSOE(Hold),False,10,0.03717948717948727,-0.060787037490193985,-0.06813180597950061,0.0009552860848895219,0.9774607462392514
187,2026-03-10,HD KSOE(Hold),False,1,0.024390243902439046,0.03300880074921719,0.03237638504769286,0.0005161584474525626,0.9865108212269627
187,2026-03-10,HD KSOE(Hold),False,2,0.03658536585365857,0.049922304242552173,0.04871008300143428,0.0005161584474525626,0.9865108212269627
187,2026-03-10,HD KSOE(Hold),False,3,0.014634146341463428,0.04493781925689311,0.042980572253099536,0.0005161584474525626,0.9865108212269627
187,2026-03-10,HD KSOE(Hold),False,4,-0.0012195121951219523,0.018019821081661447,0.01569566448580662,0.0005161584474525626,0.9865108212269627
187,2026-03-10,HD KSOE(Hold),False,5,0.024390243902439046,0.02761358769750233,0.024989315199540948,0.0005161584474525626,0.9865108212269627
187,2026-03-10,HD KSOE(Hold),False,6,0.03658536585365857,-0.010476513864722925,-0.012938638440521871,0.0005161584474525626,0.9865108212269627
187,2026-03-10,HD KSOE(Hold),False,7,0.008536585365853666,-0.009930488460029308,-0.013294491931945034,0.0005161584474525626,0.9865108212269627
187,2026-03-10,HD KSOE(Hold),False,8,-0.013414634146341475,-0.035059104980734945,-0.03889640642382252,0.0005161584474525626,0.9865108212269627
187,2026-03-10,HD KSOE(Hold),False,9,-0.10731707317073169,-0.06261261703930965,-0.06786106946709088,0.0005161584474525626,0.9865108212269627
187,2026-03-10,HD KSOE(Hold),False,10,-0.07439024390243898,-0.055870154553610996,-0.06128155982425559,0.0005161584474525626,0.9865108212269627
188,2026-03-16,HD KSOE(Hold),False,1,0.016949152542372836,0.029435584140117932,0.029642197220863975,-0.00015097071209304992,1.0044562266022456
188,2026-03-16,HD KSOE(Hold),False,2,0.029055690072639306,-0.008275799125161631,-0.008140215276240217,-0.00015097071209304992,1.0044562266022456
188,2026-03-16,HD KSOE(Hold),False,3,0.001210653753026536,-0.007791762297955751,-0.007378966967567473,-0.00015097071209304992,1.0044562266022456
188,2026-03-16,HD KSOE(Hold),False,4,-0.020581113801452777,-0.032731399175590536,-0.032181660752127444,-0.00015097071209304992,1.0044562266022456
188,2026-03-16,HD KSOE(Hold),False,5,-0.1138014527845036,-0.06021939458918857,-0.05922576723559028,-0.00015097071209304992,1.0044562266022456
188,2026-03-16,HD KSOE(Hold),False,6,-0.08111380145278446,-0.05347277760741176,-0.052443778669080406,-0.00015097071209304992,1.0044562266022456
188,2026-03-16,HD KSOE(Hold),False,7,-0.06779661016949157,-0.05561306032530933,-0.05450197268173255,-0.00015097071209304992,1.0044562266022456
188,2026-03-16,HD KSOE(Hold),False,8,-0.09200968523002417,-0.04800604364593508,-0.046602187750967985,-0.00015097071209304992,1.0044562266022456
188,2026-03-16,HD KSOE(Hold),False,9,-0.11138014527845042,-0.06359660944036083,-0.062024938767972326,-0.00015097071209304992,1.0044562266022456
188,2026-03-16,HD KSOE(Hold),False,10,-0.15980629539951574,-0.0837357046925582,-0.08188700978167081,-0.00015097071209304992,1.0044562266022456
189,2026-04-03,HD KSOE(Hold),False,1,-0.009333333333333305,-0.014308118290970007,-0.014127485002255202,0.0003343273594841439,0.8964858476126808
189,2026-04-03,HD KSOE(Hold),False,2,0.002666666666666595,-0.010504159483222253,-0.009809447297044057,0.0003343273594841439,0.8964858476126808
189,2026-04-03,HD KSOE(Hold),False,3,0.03866666666666663,-0.04412164682960418,-0.03655486680891448,0.0003343273594841439,0.8964858476126808
189,2026-04-03,HD KSOE(Hold),False,4,0.04266666666666663,-0.02272833826570908,-0.017296339197706227,0.0003343273594841439,0.8964858476126808
189,2026-04-03,HD KSOE(Hold),False,5,0.05066666666666664,-0.029637942108352355,-0.0229969153956317,0.0003343273594841439,0.8964858476126808
189,2026-04-03,HD KSOE(Hold),False,6,0.03600000000000003,-0.03503911788838998,-0.029691527970735307,0.0003343273594841439,0.8964858476126808
189,2026-04-03,HD KSOE(Hold),False,7,0.057333333333333236,-0.04304742763544067,-0.03499688976415295,0.0003343273594841439,0.8964858476126808
189,2026-04-03,HD KSOE(Hold),False,8,0.07066666666666666,-0.052511811580173484,-0.04243571468796514,0.0003343273594841439,0.8964858476126808
189,2026-04-03,HD KSOE(Hold),False,9,0.08800000000000008,-0.060008149944222655,-0.0476961579916885,0.0003343273594841439,0.8964858476126808
189,2026-04-03,HD KSOE(Hold),False,10,0.1186666666666667,-0.02304832498978171,-0.011722091342729862,0.0003343273594841439,0.8964858476126808
190,2026-04-08,HD KSOE(Hold),False,1,-0.003821656050955413,0.004492154245194002,0.002703019245410599,0.0008304914199610178,0.8846926324183285
190,2026-04-08,HD KSOE(Hold),False,2,0.003821656050955413,-0.0017426240853197772,-0.002762004430240936,0.0008304914199610178,0.8846926324183285
190,2026-04-08,HD KSOE(Hold),False,3,-0.010191082802547768,-0.007130900358692571,-0.009975236200496214,0.0008304914199610178,0.8846926324183285
190,2026-04-08,HD KSOE(Hold),False,4,0.010191082802547768,-0.014060391079490309,-0.014585983146020907,0.0008304914199610178,0.8846926324183285
190,2026-04-08,HD KSOE(Hold),False,5,0.02292993630573248,-0.02254200630082903,-0.021451213399846666,0.0008304914199610178,0.8846926324183285
190,2026-04-08,HD KSOE(Hold),False,6,0.0394904458598726,-0.02909334015047671,-0.026168072846604773,0.0008304914199610178,0.8846926324183285
190,2026-04-08,HD KSOE(Hold),False,7,0.06878980891719744,0.006063792217491759,0.007483124142291658,0.0008304914199610178,0.8846926324183285
190,2026-04-08,HD KSOE(Hold),False,8,0.05222929936305731,-0.0151599342182831,-0.014033390450360506,0.0008304914199610178,0.8846926324183285
190,2026-04-08,HD KSOE(Hold),False,9,0.08917197452229297,-0.0072881341201909144,-0.003639995695633211,0.0008304914199610178,0.8846926324183285
190,2026-04-08,HD KSOE(Hold),False,10,0.17961783439490442,0.07810147366066644,0.08150214378379261,0.0008304914199610178,0.8846926324183285
191,2026-04-16,HD KSOE(Hold),False,1,0.019441069258809174,0.025127294334403305,0.024268940081129856,0.0001871608244336996,0.8819615087484696
191,2026-04-16,HD KSOE(Hold),False,2,0.0036452004860267895,0.004968399995286754,0.004437889872721543,0.0001871608244336996,0.8819615087484696
191,2026-04-16,HD KSOE(Hold),False,3,0.03888213851761857,0.013005880153279303,0.015498792176539607,0.0001871608244336996,0.8819615087484696
191,2026-04-16,HD KSOE(Hold),False,4,0.12515188335358451,0.09454486557871133,0.09740902848083134,0.0001871608244336996,0.8819615087484696
191,2026-04-16,HD KSOE(Hold),False,5,0.12029161603888205,0.0803900852062458,0.0841641975821881,0.0001871608244336996,0.8819615087484696
191,2026-04-16,HD KSOE(Hold),False,6,0.1567436208991495,0.11687099491016228,0.1204545345775367,0.0001871608244336996,0.8819615087484696
191,2026-04-16,HD KSOE(Hold),False,7,0.16403402187120286,0.1017762003008027,0.10781489385654383,0.0001871608244336996,0.8819615087484696
191,2026-04-16,HD KSOE(Hold),False,8,0.13851761846901578,0.07208625864064633,0.07843042953110499,0.0001871608244336996,0.8819615087484696
191,2026-04-16,HD KSOE(Hold),False,9,0.1470230862697448,0.07258187310134034,0.07968435417076906,0.0001871608244336996,0.8819615087484696
191,2026-04-16,HD KSOE(Hold),False,10,0.12150668286755772,0.06184387392696844,0.06701477363380692,0.0001871608244336996,0.8819615087484696
192,2026-04-17,HD KSOE(Hold),False,1,-0.022485207100591764,-0.02331721008743426,-0.02361503945994476,0.00041921379801977525,0.8541057815550204
192,2026-04-17,HD KSOE(Hold),False,2,0.01183431952662728,-0.016255839342492306,-0.012996075164326343,0.00041921379801977525,0.8541057815550204
192,2026-04-17,HD KSOE(Hold),False,3,0.09585798816568047,0.06302686063265783,0.0665590909306963,0.00041921379801977525,0.8541057815550204
192,2026-04-17,HD KSOE(Hold),False,4,0.09112426035502952,0.0489785616656353,0.05345052024466297,0.00041921379801977525,0.8541057815550204
192,2026-04-17,HD KSOE(Hold),False,5,0.12662721893491113,0.08451048746749601,0.08855900609829274,0.00041921379801977525,0.8541057815550204
192,2026-04-17,HD KSOE(Hold),False,6,0.13372781065088768,0.06917757505081568,0.07607979843600883,0.00041921379801977525,0.8541057815550204
192,2026-04-17,HD KSOE(Hold),False,7,0.10887573964497044,0.04014295904914689,0.0472361777695864,0.00041921379801977525,0.8541057815550204
192,2026-04-17,HD KSOE(Hold),False,8,0.11715976331360944,0.04039984364937177,0.048244961752526946,0.00041921379801977525,0.8541057815550204
192,2026-04-17,HD KSOE(Hold),False,9,0.0923076923076922,0.030358069525294074,0.03562323714191538,0.00041921379801977525,0.8541057815550204
192,2026-04-17,HD KSOE(Hold),False,10,0.1112426035502958,-0.005120336429620176,0.00766420577451199,0.00041921379801977525,0.8541057815550204
193,2026-04-22,HD KSOE(Hold),False,1,-0.0021645021645021467,-0.0001579771052850898,-0.0010208052211675873,0.00043221293535583496,0.785392572822047
193,2026-04-22,HD KSOE(Hold),False,2,0.030303030303030276,0.03233729534002461,0.031036301083525522,0.00043221293535583496,0.785392572822047
193,2026-04-22,HD KSOE(Hold),False,3,0.03679653679653683,0.01734773015496982,0.020224949703930496,0.00043221293535583496,0.785392572822047
193,2026-04-22,HD KSOE(Hold),False,4,0.01406926406926412,-0.00938488714135488,-0.006080303834824604,0.00043221293535583496,0.785392572822047
193,2026-04-22,HD KSOE(Hold),False,5,0.02164502164502169,-0.009496185629633391,-0.0049741159339834855,0.00043221293535583496,0.785392572822047
193,2026-04-22,HD KSOE(Hold),False,6,-0.0010822510822511289,-0.018040624163376706,-0.0169945089594475,0.00043221293535583496,0.785392572822047
193,2026-04-22,HD KSOE(Hold),False,7,0.016233766233766156,-0.05283261399194483,-0.04103594637470159,0.00043221293535583496,0.785392572822047
193,2026-04-22,HD KSOE(Hold),False,8,-0.02056277056277056,-0.15860460553147837,-0.13243750596876708,0.00043221293535583496,0.785392572822047
193,2026-04-22,HD KSOE(Hold),False,9,0.011904761904761862,-0.1423942411512591,-0.11317044550748584,0.00043221293535583496,0.785392572822047
193,2026-04-22,HD KSOE(Hold),False,10,-0.02164502164502169,-0.17716920705286876,-0.1481146911121021,0.00043221293535583496,0.785392572822047
194,2026-05-04,HD KSOE(Hold),False,1,-0.030010718113612,-0.07111456542244143,-0.06202442937009182,5.6089791597447325e-05,0.7774849206881327
194,2026-05-04,HD KSOE(Hold),False,2,0.002143622722400762,-0.05383261303646614,-0.04148923608019698,5.6089791597447325e-05,0.7774849206881327
194,2026-05-04,HD KSOE(Hold),False,3,-0.03108252947481238,-0.0881795870004608,-0.07564290009145924,5.6089791597447325e-05,0.7774849206881327
194,2026-05-04,HD KSOE(Hold),False,4,0.016077170418006492,-0.08673249712792952,-0.06408015496630864,5.6089791597447325e-05,0.7774849206881327
194,2026-05-04,HD KSOE(Hold),False,5,-0.004287245444801746,-0.08184811170609274,-0.06487009835645167,5.6089791597447325e-05,0.7774849206881327
194,2026-05-04,HD KSOE(Hold),False,6,-0.012861736334405127,-0.11874062273101249,-0.0955175126766039,5.6089791597447325e-05,0.7774849206881327
194,2026-05-04,HD KSOE(Hold),False,7,-0.062165058949624874,-0.18741512908910007,-0.15993772833937994,5.6089791597447325e-05,0.7774849206881327
194,2026-05-04,HD KSOE(Hold),False,8,-0.10825294748124326,-0.1646704627533211,-0.15256543320075577,5.6089791597447325e-05,0.7774849206881327
194,2026-05-04,HD KSOE(Hold),False,9,-0.1211146838156485,-0.1807550903567361,-0.167989008689431,5.6089791597447325e-05,0.7774849206881327
194,2026-05-04,HD KSOE(Hold),False,10,-0.142550911039657,-0.16773767942148643,-0.1626941415733685,5.6089791597447325e-05,0.7774849206881327
195,2026-05-08,HD KSOE(Hold),False,1,0.03947368421052633,0.033437912003373205,0.035246147289623664,-0.0007285315123930457,0.8211158842976496
195,2026-05-08,HD KSOE(Hold),False,2,0.018640350877193068,0.03563774390718166,0.03405424331055295,-0.0007285315123930457,0.8211158842976496
195,2026-05-08,HD KSOE(Hold),False,3,0.009868421052631637,0.0010327604808988422,0.0047989143460985244,-0.0007285315123930457,0.8211158842976496
195,2026-05-08,HD KSOE(Hold),False,4,-0.040570175438596534,-0.06707715715379492,-0.0594213531201611,-0.0007285315123930457,0.8211158842976496
195,2026-05-08,HD KSOE(Hold),False,5,-0.08771929824561409,-0.051433928273227125,-0.05428214703170496,-0.0007285315123930457,0.8211158842976496
195,2026-05-08,HD KSOE(Hold),False,6,-0.10087719298245612,-0.06753189871123089,-0.0691256531154154,-0.0007285315123930457,0.8211158842976496
195,2026-05-08,HD KSOE(Hold),False,7,-0.1228070175438597,-0.05803146518646163,-0.06451906200229476,-0.0007285315123930457,0.8211158842976496
195,2026-05-08,HD KSOE(Hold),False,8,-0.125,-0.05215917436089357,-0.05936098894322986,-0.0007285315123930457,0.8211158842976496
195,2026-05-08,HD KSOE(Hold),False,9,-0.08991228070175439,-0.09509278154352152,-0.08760928862000932,-0.0007285315123930457,0.8211158842976496
195,2026-05-08,HD KSOE(Hold),False,10,-0.07675438596491224,-0.0860659118076117,-0.07711491261747036,-0.0007285315123930457,0.8211158842976496
196,2026-05-13,HD KSOE(Hold),False,1,-0.05200433369447455,-0.06565701705001203,-0.06205186093768662,-0.0012656139411976386,0.8286386558449803
196,2026-05-13,HD KSOE(Hold),False,2,-0.09859154929577463,-0.05023818991015816,-0.055992858686492855,-0.0012656139411976386,0.8286386558449803
196,2026-05-13,HD KSOE(Hold),False,3,-0.11159263271939324,-0.06614253232454492,-0.0701340807965938,-0.0012656139411976386,0.8286386558449803
196,2026-05-13,HD KSOE(Hold),False,4,-0.133261105092091,-0.05677432787467296,-0.06481874906394469,-0.0012656139411976386,0.8286386558449803
196,2026-05-13,HD KSOE(Hold),False,5,-0.13542795232936078,-0.05097689815170314,-0.059120474604906756,-0.0012656139411976386,0.8286386558449803
196,2026-05-13,HD KSOE(Hold),False,6,-0.10075839653304441,-0.09335165706053339,-0.08702720224516308,-0.0012656139411976386,0.8286386558449803
196,2026-05-13,HD KSOE(Hold),False,7,-0.0877573131094258,-0.08442986842184363,-0.07614076622772573,-0.0012656139411976386,0.8286386558449803
196,2026-05-13,HD KSOE(Hold),False,8,-0.03575297941495126,-0.05780047551282397,-0.04389747541665884,-0.0012656139411976386,0.8286386558449803
196,2026-05-13,HD KSOE(Hold),False,9,-0.04550379198266519,-0.09056272712416435,-0.07145084196134446,-0.0012656139411976386,0.8286386558449803
196,2026-05-13,HD KSOE(Hold),False,10,-0.10075839653304441,-0.140304187633019,-0.12087142830247735,-0.0012656139411976386,0.8286386558449803
197,2026-05-14,HD KSOE(Hold),False,1,-0.05131128848346633,0.0063577780742095635,-0.0030814860265878444,-0.0011587874412809555,0.8162264074193214
197,2026-05-14,HD KSOE(Hold),False,2,-0.06499429874572404,-0.010200071059994431,-0.017952228251922733,-0.0011587874412809555,0.8162264074193214
197,2026-05-14,HD KSOE(Hold),False,3,-0.08779931584948686,-0.002272230616676474,-0.01451348800902108,-0.0011587874412809555,0.8162264074193214
197,2026-05-14,HD KSOE(Hold),False,4,-0.09007981755986316,0.003333582006270097,-0.009198184262048797,-0.0011587874412809555,0.8162264074193214
197,2026-05-14,HD KSOE(Hold),False,5,-0.05359179019384264,-0.03646851544300167,-0.033821383954304965,-0.0011587874412809555,0.8162264074193214
197,2026-05-14,HD KSOE(Hold),False,6,-0.039908779931584926,-0.02682486758524605,-0.022276620514457706,-0.0011587874412809555,0.8162264074193214
197,2026-05-14,HD KSOE(Hold),False,7,0.014823261117445918,0.0027806289924419136,0.013105258851148079,-0.0011587874412809555,0.8162264074193214
197,2026-05-14,HD KSOE(Hold),False,8,0.004561003420752607,-0.030267807847207395,-0.014596892544932322,-0.0011587874412809555,0.8162264074193214
197,2026-05-14,HD KSOE(Hold),False,9,-0.05359179019384264,-0.0829614258086443,-0.06713497538739815,-0.0011587874412809555,0.8162264074193214
197,2026-05-14,HD KSOE(Hold),False,10,-0.03534777651083243,-0.10129552386204443,-0.07758819499589972,-0.0011587874412809555,0.8162264074193214
198,2026-05-21,HD KSOE(Hold),False,1,-0.004728132387706863,-0.001500695234456284,-0.0008571498870989062,-0.0011251306155342232,0.8507839981665306
198,2026-05-21,HD KSOE(Hold),False,2,0.05200945626477549,0.029859406475111427,0.035414809576205825,-0.0011251306155342232,0.8507839981665306
198,2026-05-21,HD KSOE(Hold),False,3,0.04137115839243499,-0.003792639441206669,0.006321913745747115,-0.0011251306155342232,0.8507839981665306
198,2026-05-21,HD KSOE(Hold),False,4,-0.01891252955082745,-0.058562630146271166,-0.0481456782009873,-0.0011251306155342232,0.8507839981665306
198,2026-05-21,HD KSOE(Hold),False,5,0.0,-0.07659352327920832,-0.059538890891474974,-0.0011251306155342232,0.8507839981665306
198,2026-05-21,HD KSOE(Hold),False,6,-0.043735224586288424,-0.15998646932789018,-0.13588913968617888,-0.0011251306155342232,0.8507839981665306
198,2026-05-21,HD KSOE(Hold),False,7,-0.09338061465721037,-0.21129701882734875,-0.1858260901377617,-0.0011251306155342232,0.8507839981665306
198,2026-05-21,HD KSOE(Hold),False,8,-0.1028368794326241,-0.20016678168230395,-0.17664255788549055,-0.0011251306155342232,0.8507839981665306
198,2026-05-21,HD KSOE(Hold),False,9,-0.10401891252955087,-0.1405317562306504,-0.12495728013819393,-0.0011251306155342232,0.8507839981665306
198,2026-05-21,HD KSOE(Hold),False,10,-0.15248226950354615,-0.10311048296910996,-0.09922623740381183,-0.0011251306155342232,0.8507839981665306
199,2026-06-01,HD KSOE(Hold),False,1,-0.05074257425742579,-0.04154542773686276,-0.041768835910647464,-0.0012839630145835912,0.8361044716425785
199,2026-06-01,HD KSOE(Hold),False,2,-0.0606435643564357,-0.03320072006288788,-0.035130553498842164,-0.0012839630145835912,0.8361044716425785
199,2026-06-01,HD KSOE(Hold),False,3,-0.061881188118811936,0.01946346397125931,0.009983328281657225,-0.0012839630145835912,0.8361044716425785
199,2026-06-01,HD KSOE(Hold),False,4,-0.11262376237623761,0.0448399415409364,0.024168196648648943,-0.0012839630145835912,0.8361044716425785
199,2026-06-01,HD KSOE(Hold),False,5,-0.1027227722772277,-0.014211775664524362,-0.022298517146887367,-0.0012839630145835912,0.8361044716425785
199,2026-06-01,HD KSOE(Hold),False,6,-0.04579207920792083,0.08393271560115123,0.07037517990236182,-0.0012839630145835912,0.8361044716425785
199,2026-06-01,HD KSOE(Hold),False,7,-0.0705445544554455,0.05545072426762587,0.043788402592852646,-0.0012839630145835912,0.8361044716425785
199,2026-06-01,HD KSOE(Hold),False,8,-0.014851485148514865,0.07065496017124084,0.06691254025426324,-0.0012839630145835912,0.8361044716425785
199,2026-06-01,HD KSOE(Hold),False,9,0.044554455445544594,0.08251491784700182,0.08784903493627527,-0.0012839630145835912,0.8361044716425785
199,2026-06-01,HD KSOE(Hold),False,10,0.08539603960396036,0.1030237161480847,0.11297424893300763,-0.0012839630145835912,0.8361044716425785
200,2026-06-29,HD KSOE(Hold),False,1,-0.04502046384720326,-0.05212300997573338,-0.048117388667112175,-0.002363284975658993,0.7687679455730481
200,2026-06-29,HD KSOE(Hold),False,2,-0.021828103683492528,-0.008367958971194245,-0.0067538059345850655,-0.002363284975658993,0.7687679455730481
200,2026-06-29,HD KSOE(Hold),False,3,-0.010914051841746208,0.08040558649631979,0.06637941384085952,-0.002363284975658993,0.7687679455730481
200,2026-06-29,HD KSOE(Hold),False,4,-0.019099590723055893,0.019913324077281636,0.020345427541451924,-0.002363284975658993,0.7687679455730481
200,2026-06-29,HD KSOE(Hold),False,5,-0.004092769440654842,0.03931735566776062,0.04109596813430567,-0.002363284975658993,0.7687679455730481
200,2026-06-29,HD KSOE(Hold),False,6,-0.016371077762619368,0.07397193077992104,0.06726144116547171,-0.002363284975658993,0.7687679455730481
200,2026-06-29,HD KSOE(Hold),False,7,-0.07230559345156895,0.06669306397949082,0.05109511368873171,-0.002363284975658993,0.7687679455730481
200,2026-06-29,HD KSOE(Hold),False,8,-0.1064120054570259,0.027225881125601648,0.015230797867096635,-0.002363284975658993,0.7687679455730481
200,2026-06-29,HD KSOE(Hold),False,9,-0.07094133697135063,0.04083168570974782,0.03625574482661807,-0.002363284975658993,0.7687679455730481
200,2026-06-29,HD KSOE(Hold),False,10,-0.068212824010914,0.12304622050772163,0.10245384847253158,-0.002363284975658993,0.7687679455730481
201,2026-07-01,HD KSOE(Hold),False,1,0.008344923504867818,0.044271610424231,0.03852989195472155,-0.0024874740773022925,0.7709448531872135
201,2026-07-01,HD KSOE(Hold),False,2,0.0,-0.019568642775207756,-0.010111396276800987,-0.0024874740773022925,0.7709448531872135
201,2026-07-01,HD KSOE(Hold),False,3,0.015299026425591,0.00039564691442905975,0.01127176492827181,-0.0024874740773022925,0.7709448531872135
201,2026-07-01,HD KSOE(Hold),False,4,0.0027816411682892728,0.037672163158431804,0.03963020583081412,-0.0024874740773022925,0.7709448531872135
201,2026-07-01,HD KSOE(Hold),False,5,-0.05424200278164115,0.0322702055606211,0.024891509364197317,-0.0024874740773022925,0.7709448531872135
201,2026-07-01,HD KSOE(Hold),False,6,-0.08901251738525728,-0.008187871282220538,-0.011776327997629371,-0.0024874740773022925,0.7709448531872135
201,2026-07-01,HD KSOE(Hold),False,7,-0.052851182197496516,0.004775722795507531,0.008988302153084535,-0.0024874740773022925,0.7709448531872135
201,2026-07-01,HD KSOE(Hold),False,8,-0.05006954102920724,0.09188883589784524,0.07927233164793268,-0.0024874740773022925,0.7709448531872135
201,2026-07-01,HD KSOE(Hold),False,9,-0.09040333796940192,0.04526493798829434,0.036576687816687214,-0.0024874740773022925,0.7709448531872135
201,2026-07-01,HD KSOE(Hold),False,10,-0.06815020862308763,0.013619843437267187,0.019764732930716344,-0.0024874740773022925,0.7709448531872135
202,2026-07-09,HD KSOE(Hold),False,1,0.03338391502276172,0.0435196450932418,0.04327570487097853,-0.002244881707619004,0.7544506500690196
202,2026-07-09,HD KSOE(Hold),False,2,0.036418816388467334,0.13513592822840348,0.11538576900428127,-0.002244881707619004,0.7544506500690196
202,2026-07-09,HD KSOE(Hold),False,3,-0.007587253414264028,0.08452276593034946,0.0686398556810066,-0.002244881707619004,0.7544506500690196
202,2026-07-09,HD KSOE(Hold),False,4,0.01669195751138086,0.052187535790862216,0.05245114644938736,-0.002244881707619004,0.7544506500690196
202,2026-07-09,HD KSOE(Hold),False,5,0.07435508345978747,0.1712621962133296,0.15869112621110415,-0.002244881707619004,0.7544506500690196
202,2026-07-09,HD KSOE(Hold),False,6,0.03186646433990892,0.16906889691512572,0.14884821903304607,-0.002244881707619004,0.7544506500690196
202,2026-07-09,HD KSOE(Hold),False,7,0.025796661608497695,0.1323231184459116,0.121879788172367,-0.002244881707619004,0.7544506500690196
202,2026-07-09,HD KSOE(Hold),False,8,0.07283763277693467,0.17277685811851073,0.166195899964233,-0.002244881707619004,0.7544506500690196
202,2026-07-09,HD KSOE(Hold),False,9,0.1562974203338392,0.21662189610275773,0.22201319566134364,-0.002244881707619004,0.7544506500690196
202,2026-07-09,HD KSOE(Hold),False,10,0.1289833080424887,0.2431006388830459,0.23752801955547848,-0.002244881707619004,0.7544506500690196
203,2026-07-13,HD KSOE(Hold),False,1,-0.04664723032069973,-0.05961358015361595,-0.05417541176730837,-0.00224155640989883,0.7534686309099982
203,2026-07-13,HD KSOE(Hold),False,2,-0.023323615160349864,-0.09945678579260886,-0.07620445818367767,-0.00224155640989883,0.7534686309099982
203,2026-07-13,HD KSOE(Hold),False,3,0.03206997084548102,0.0244559151272572,0.033057687937494966,-0.00224155640989883,0.7534686309099982
203,2026-07-13,HD KSOE(Hold),False,4,-0.008746355685131157,0.02859856369806235,0.02835809523356323,-0.00224155640989883,0.7534686309099982
203,2026-07-13,HD KSOE(Hold),False,5,-0.014577259475218707,-0.011458658074137817,-0.001019709097698135,-0.00224155640989883,0.7534686309099982
203,2026-07-13,HD KSOE(Hold),False,6,0.030612244897959107,0.026381229070059797,0.040873645654146265,-0.00224155640989883,0.7534686309099982
203,2026-07-13,HD KSOE(Hold),False,7,0.11078717201166177,0.062356518420173535,0.08998708862529856,-0.00224155640989883,0.7534686309099982
203,2026-07-13,HD KSOE(Hold),False,8,0.08454810495626819,0.09613612456312648,0.11121176550359656,-0.00224155640989883,0.7534686309099982
203,2026-07-13,HD KSOE(Hold),False,9,0.10349854227405242,0.10546484187842886,0.1251540950340103,-0.00224155640989883,0.7534686309099982
203,2026-07-13,HD KSOE(Hold),False,10,0.03206997084548102,0.1421886579305417,0.1374565113400565,-0.00224155640989883,0.7534686309099982
204,2026-08-10,HD KSOE(Hold),False,1,-0.018495684340320562,-0.03539776541005368,-0.027186251497019063,-0.0026096106620570846,0.668567247555748
204,2026-08-10,HD KSOE(Hold),False,2,-0.06165228113440202,-0.11597547674470055,-0.09275176917789762,-0.0026096106620570846,0.668567247555748
204,2026-08-10,HD KSOE(Hold),False,3,-0.0838471023427867,-0.1757180138404324,-0.13744015278703414,-0.0026096106620570846,0.668567247555748
204,2026-08-10,HD KSOE(Hold),False,4,-0.04808877928483357,-0.16633764227653536,-0.11670765349356406,-0.0026096106620570846,0.668567247555748
204,2026-08-10,HD KSOE(Hold),False,5,-0.07644882860665847,-0.17737253767355843,-0.13087506168034746,-0.0026096106620570846,0.668567247555748
204,2026-08-10,HD KSOE(Hold),False,6,-0.09494451294697903,-0.1319810158011181,-0.10404824174691889,-0.0026096106620570846,0.668567247555748
204,2026-08-10,HD KSOE(Hold),False,7,-0.11097410604192359,-0.2091334186126359,-0.15833293283488947,-0.0026096106620570846,0.668567247555748
204,2026-08-10,HD KSOE(Hold),False,8,-0.1405672009864365,-0.2484011000194586,-0.19178452875969182,-0.0026096106620570846,0.668567247555748
204,2026-08-10,HD KSOE(Hold),False,9,-0.12823674475955615,-0.20145719456292344,-0.15370304339087346,-0.0026096106620570846,0.668567247555748
204,2026-08-10,HD KSOE(Hold),False,10,-0.10604192355117137,-0.18659884127311632,-0.13380353368353612,-0.0026096106620570846,0.668567247555748
205,2026-08-24,HD KSOE(Hold),False,1,0.021126760563380254,-0.010515255186482442,0.0042787586592299,-0.0024361637989015385,0.609448078640046
205,2026-08-24,HD KSOE(Hold),False,2,0.015492957746478853,-0.026165995149283416,-0.005023683456196568,-0.0024361637989015385,0.609448078640046
205,2026-08-24,HD KSOE(Hold),False,3,0.015492957746478853,-0.0421025183372612,-0.012300003094410629,-0.0024361637989015385,0.609448078640046
205,2026-08-24,HD KSOE(Hold),False,4,-0.0014084507042253502,-0.04010990558516814,-0.015250322826384208,-0.0024361637989015385,0.609448078640046
205,2026-08-24,HD KSOE(Hold),False,5,-0.018309859154929553,-0.061775746947485555,-0.03261924196197895,-0.0024361637989015385,0.609448078640046
205,2026-08-24,HD KSOE(Hold),False,6,-0.004225352112676051,-0.05010558644811103,-0.017569989982552735,-0.0024361637989015385,0.609448078640046
205,2026-08-24,HD KSOE(Hold),False,7,-0.07183098591549297,-0.07592986702346083,-0.057275894539007194,-0.0024361637989015385,0.609448078640046
205,2026-08-24,HD KSOE(Hold),False,8,-0.030985915492957705,-0.03764908355014307,-0.015557460071852745,-0.0024361637989015385,0.609448078640046
205,2026-08-24,HD KSOE(Hold),False,9,-0.018309859154929553,-0.04145576188032596,-0.010490610909197949,-0.0024361637989015385,0.609448078640046
205,2026-08-24,HD KSOE(Hold),False,10,-0.009859154929577452,-0.08015672543599361,-0.028340236218760567,-0.0024361637989015385,0.609448078640046
206,2017-01-05,Samsung HI,False,1,-0.0007241129616220032,-0.0012172505372403108,-0.0014418885521162868,-2.5585111866760877e-05,1.5074103842705582
206,2017-01-05,Samsung HI,False,2,0.025343953656770557,0.025016822789776016,0.024902003414581077,-2.5585111866760877e-05,1.5074103842705582
206,2017-01-05,Samsung HI,False,3,0.05551532705768758,0.05697520958352864,0.05779272447255581,-2.5585111866760877e-05,1.5074103842705582
206,2017-01-05,Samsung HI,False,4,0.07060101375814631,0.057388832771773535,0.050787175387893,-2.5585111866760877e-05,1.5074103842705582
206,2017-01-05,Samsung HI,False,5,0.07060101375814631,0.0515444201181563,0.042002832175734896,-2.5585111866760877e-05,1.5074103842705582
206,2017-01-05,Samsung HI,False,6,0.060584117789041825,0.046580963661578156,0.03962912851596253,-2.5585111866760877e-05,1.5074103842705582
206,2017-01-05,Samsung HI,False,7,0.050567221819937336,0.0427258461125779,0.038926146434764164,-2.5585111866760877e-05,1.5074103842705582
206,2017-01-05,Samsung HI,False,8,0.04549843108858309,0.033897491685914494,0.02821573546064105,-2.5585111866760877e-05,1.5074103842705582
206,2017-01-05,Samsung HI,False,9,0.04549843108858309,0.03454687086964969,0.029220201497399387,-2.5585111866760877e-05,1.5074103842705582
206,2017-01-05,Samsung HI,False,10,0.040550325850832625,0.028500191824828214,0.022641679806849196,-2.5585111866760877e-05,1.5074103842705582
207,2017-01-18,Samsung HI,False,1,-0.013952424519670603,-0.007805541833070473,-0.004812309258467399,0.0001980172980202322,1.5191655730765867
207,2017-01-18,Samsung HI,False,2,-0.018755718206770355,-0.00916619763485138,-0.004583683287641813,0.0001980172980202322,1.5191655730765867
207,2017-01-18,Samsung HI,False,3,-0.00926349496797807,0.00014382471307461397,0.0044337293323422865,0.0001980172980202322,1.5191655730765867
207,2017-01-18,Samsung HI,False,4,0.02401646843549865,0.03353406760312827,0.037683208237223015,0.0001980172980202322,1.5191655730765867
207,2017-01-18,Samsung HI,False,5,0.00983531564501372,0.01878713309890012,0.022444522047322887,0.0001980172980202322,1.5191655730765867
207,2017-01-18,Samsung HI,False,6,0.00983531564501372,0.010803857222777546,0.01011858687792441,0.0001980172980202322,1.5191655730765867
207,2017-01-18,Samsung HI,False,7,-0.00926349496797807,-0.0006137474121071795,0.002490782648562711,0.0001980172980202322,1.5191655730765867
207,2017-01-18,Samsung HI,False,8,0.014524245196706254,0.016983957223403512,0.016676816643185308,0.0001980172980202322,1.5191655730765867
207,2017-01-18,Samsung HI,False,9,0.00022872827081421576,0.007229078288315094,0.009081263334705542,0.0001980172980202322,1.5191655730765867
207,2017-01-18,Samsung HI,False,10,0.00983531564501372,0.01580479220103348,0.016923765938004404,0.0001980172980202322,1.5191655730765867
208,2017-05-02,Samsung HI,False,1,0.0,-0.0073396227263125,-0.009710016503923604,0.0009780542611890456,1.1897017828219605
208,2017-05-02,Samsung HI,False,2,0.00909987939918877,-0.02139573615379997,-0.02913691731483313,0.0009780542611890456,1.1897017828219605
208,2017-05-02,Samsung HI,False,3,0.041113912948141706,0.020793989895074416,0.014005101481535363,0.0009780542611890456,1.1897017828219605
208,2017-05-02,Samsung HI,False,4,0.050213792347330255,0.01809563925349722,0.008090551305892243,0.0009780542611890456,1.1897017828219605
208,2017-05-02,Samsung HI,False,5,0.03190439644775789,0.004438116912855339,-0.005662556588347231,0.0009780542611890456,1.1897017828219605
208,2017-05-02,Samsung HI,False,6,0.027409275298761138,-0.0021379872871414296,-0.01361148124433003,0.0009780542611890456,1.1897017828219605
208,2017-05-02,Samsung HI,False,7,0.06402806709790587,0.032377348641878356,0.019526771094850688,0.0009780542611890456,1.1897017828219605
208,2017-05-02,Samsung HI,False,8,0.054818550597522275,0.024179109002131938,0.010542318217304697,0.0009780542611890456,1.1897017828219605
208,2017-05-02,Samsung HI,False,9,0.036618791799144734,0.008792947158237752,-0.005288153529370607,0.0009780542611890456,1.1897017828219605
208,2017-05-02,Samsung HI,False,10,0.050213792347330255,0.021641850111464356,0.006441159118744072,0.0009780542611890456,1.1897017828219605
209,2017-05-15,Samsung HI,False,1,0.022224562881820065,0.027166623721190164,0.02620256491148431,0.00146521292868011,1.1014058983211812
209,2017-05-15,Samsung HI,False,2,0.013376869601853691,0.019294337185836286,0.01696397744461629,0.00146521292868011,1.1014058983211812
209,2017-05-15,Samsung HI,False,3,-0.004107857594270015,0.004523408310278754,0.0010030307969381737,0.00146521292868011,1.1014058983211812
209,2017-05-15,Samsung HI,False,4,0.008953022961870616,0.01686465544594984,0.011806089930464489,0.00146521292868011,1.1014058983211812
209,2017-05-15,Samsung HI,False,5,0.008953022961870616,0.010123511055405543,0.002916140808604149,0.00146521292868011,1.1014058983211812
209,2017-05-15,Samsung HI,False,6,0.030966926479881973,0.02879502079521168,0.019783499176108145,0.00146521292868011,1.1014058983211812
209,2017-05-15,Samsung HI,False,7,0.04413313671792718,0.03953355202444331,0.02881063650593545,0.00146521292868011,1.1014058983211812
209,2017-05-15,Samsung HI,False,8,0.11428270486623138,0.09858949413068796,0.0852764065690657,0.00146521292868011,1.1014058983211812
209,2017-05-15,Samsung HI,False,9,0.0966926479882031,0.07563686772783451,0.06031477105755745,0.00146521292868011,1.1014058983211812
209,2017-05-15,Samsung HI,False,10,0.07920792079207928,0.05916222840502061,0.04247734767423976,0.00146521292868011,1.1014058983211812
210,2017-06-02,Samsung HI,True,1,0.00019683102056888835,0.003579729710326718,0.0025513241785092905,0.0011879426668342326,1.0471598914563491
210,2017-06-02,Samsung HI,True,2,-0.008070071843322535,-0.0011191407046657886,-0.003167220880314644,0.0011879426668342326,1.0471598914563491
210,2017-06-02,Samsung HI,True,3,-0.003936620411376879,0.0015711089230671105,-0.0017329751598522585,0.0011879426668342326,1.0471598914563491
210,2017-06-02,Samsung HI,True,4,-0.012203523275268191,-0.014319938749084438,-0.01917151934044308,0.0011879426668342326,1.0471598914563491
210,2017-06-02,Samsung HI,True,5,0.008365318374175867,0.016271371406582635,0.010704506675267917,0.0011879426668342326,1.0471598914563491
210,2017-06-02,Samsung HI,True,6,0.07391004822360014,0.07473473496886451,0.06764597110525128,0.0011879426668342326,1.0471598914563491
210,2017-06-02,Samsung HI,True,7,0.1025489617163664,0.10424041106124537,0.09600458096091415,0.0011879426668342326,1.0471598914563491
210,2017-06-02,Samsung HI,True,8,0.11494931601220348,0.1212649017501718,0.11205920275338378,0.0011879426668342326,1.0471598914563491
210,2017-06-02,Samsung HI,True,9,0.09034543844109821,0.0965852876412362,0.0861880742507106,0.0011879426668342326,1.0471598914563491
210,2017-06-02,Samsung HI,True,10,0.08621198700915267,0.08863555621972541,0.07687042481229064,0.0011879426668342326,1.0471598914563491
211,2017-07-03,Samsung HI,True,1,-0.023354364817779416,-0.01720884286590829,-0.0198737167287488,0.001398204299778512,0.7938873910170747
211,2017-07-03,Samsung HI,True,2,-0.023354364817779416,-0.020477826349817985,-0.023867125797846285,0.001398204299778512,0.7938873910170747
211,2017-07-03,Samsung HI,True,3,-0.04294189660043324,-0.03983991099565054,-0.04467388224101532,0.001398204299778512,0.7938873910170747
211,2017-07-03,Samsung HI,True,4,-0.03126471419154342,-0.024847820686091038,-0.03176324054717947,0.001398204299778512,0.7938873910170747
211,2017-07-03,Samsung HI,True,5,-0.05085224597419724,-0.045366365644877504,-0.053488096251014264,0.001398204299778512,0.7938873910170747
211,2017-07-03,Samsung HI,True,6,-0.08607213485262266,-0.08638943082296391,-0.09471325792136817,0.001398204299778512,0.7938873910170747
211,2017-07-03,Samsung HI,True,7,-0.08221113099161881,-0.08076242439019277,-0.09084845118591306,0.001398204299778512,0.7938873910170747
211,2017-07-03,Samsung HI,True,8,-0.0626235992089651,-0.06857289865286209,-0.07853230742108791,0.001398204299778512,0.7938873910170747
211,2017-07-03,Samsung HI,True,9,-0.06648460306996895,-0.07457982526064721,-0.08549513659263666,0.001398204299778512,0.7938873910170747
211,2017-07-03,Samsung HI,True,10,-0.058668424522083096,-0.07113481619890882,-0.08254737868358036,0.001398204299778512,0.7938873910170747
212,2017-08-25,Samsung HI,True,1,0.01373864128083091,0.016297154649904888,0.014403731924436572,0.0012082809414725685,0.7322109814717416
212,2017-08-25,Samsung HI,True,2,0.009195153613154483,0.014093360128947574,0.010365112330589486,0.0012082809414725685,0.7322109814717416
212,2017-08-25,Samsung HI,True,3,-0.013305928169623504,-0.011584822959177288,-0.015670558858684257,0.0012082809414725685,0.7322109814717416
212,2017-08-25,Samsung HI,True,4,-0.0358070099524016,-0.030256550850742747,-0.03657602661184749,0.0012082809414725685,0.7322109814717416
212,2017-08-25,Samsung HI,True,5,-0.04478580700995238,-0.0369209032487694,-0.04506844281515864,0.0012082809414725685,0.7322109814717416
212,2017-08-25,Samsung HI,True,6,-0.04478580700995238,-0.02512144356639534,-0.03763702980176385,0.0012082809414725685,0.7322109814717416
212,2017-08-25,Samsung HI,True,7,-0.05830809173517959,-0.03736867968828461,-0.05143399087918939,0.0012082809414725685,0.7322109814717416
212,2017-08-25,Samsung HI,True,8,-0.08091735179575943,-0.05711644453345288,-0.0731563136610886,0.0012082809414725685,0.7322109814717416
212,2017-08-25,Samsung HI,True,9,-0.08091735179575943,-0.06821315465557143,-0.082489727612185,0.0012082809414725685,0.7322109814717416
212,2017-08-25,Samsung HI,True,10,-0.07637386412808311,-0.0626302709317087,-0.07839346367954314,0.0012082809414725685,0.7322109814717416
213,2017-09-26,Samsung HI,True,1,-0.013069811922218677,-0.011252310901978091,-0.012128261428953565,0.0006275545011533056,0.8633310116165508
213,2017-09-26,Samsung HI,True,2,-0.03963447030071199,-0.03805677844286415,-0.03952750899536363,0.0006275545011533056,0.8633310116165508
213,2017-09-26,Samsung HI,True,3,-0.008713207948145785,-0.016109427377736463,-0.01698125705389221,0.0006275545011533056,0.8633310116165508
213,2017-09-26,Samsung HI,True,4,-0.030815003719052214,-0.054762262532038974,-0.05399963290012466,0.0006275545011533056,0.8633310116165508
213,2017-09-26,Samsung HI,True,5,0.022314313037934408,-0.01187742490534438,-0.010342247175330999,0.0006275545011533056,0.8633310116165508
213,2017-09-26,Samsung HI,True,6,0.03559664222718095,-0.005579011673504608,-0.003716903715790719,0.0006275545011533056,0.8633310116165508
213,2017-09-26,Samsung HI,True,7,0.044416108808840615,0.0037200732329409902,0.00488907773824291,0.0006275545011533056,0.8633310116165508
213,2017-09-26,Samsung HI,True,8,0.0488789714164275,0.00547772020160453,0.006388889290483889,0.0006275545011533056,0.8633310116165508
213,2017-09-26,Samsung HI,True,9,0.013494846456274523,-0.03172390577878903,-0.03119189516524081,0.0006275545011533056,0.8633310116165508
213,2017-09-26,Samsung HI,True,10,0.009031983848687641,-0.03557252035638703,-0.03575201290086723,0.0006275545011533056,0.8633310116165508
214,2017-11-29,Samsung HI,True,1,-0.008170585890793114,0.002160240335517871,0.0001876125472517233,0.0003739390561820167,0.8452506414237688
214,2017-11-29,Samsung HI,True,2,0.016739736946990824,0.027454222483834112,0.025048284607169274,0.0003739390561820167,0.8452506414237688
214,2017-11-29,Samsung HI,True,3,0.02092467118373853,0.02114447599706415,0.01998864417464399,0.0003739390561820167,0.8452506414237688
214,2017-11-29,Samsung HI,True,4,0.045735352730171375,0.04257815632058315,0.04157097421513804,0.0003739390561820167,0.8452506414237688
214,2017-11-29,Samsung HI,True,5,-0.25627740135512156,-0.245147284898535,-0.2487393585619806,0.0003739390561820167,0.8452506414237688
214,2017-11-29,Samsung HI,True,6,-0.2862694300518135,-0.2701877106186702,-0.2749199807228441,0.0003739390561820167,0.8452506414237688
214,2017-11-29,Samsung HI,True,7,-0.3658828218413711,-0.3506083855408061,-0.3555896681542061,0.0003739390561820167,0.8452506414237688
214,2017-11-29,Samsung HI,True,8,-0.3741530490235153,-0.36187195463533206,-0.3667639585639737,0.0003739390561820167,0.8452506414237688
214,2017-11-29,Samsung HI,True,9,-0.3741530490235153,-0.35767967737753703,-0.3635943725789782,0.0003739390561820167,0.8452506414237688
214,2017-11-29,Samsung HI,True,10,-0.371662016739737,-0.3630017070947019,-0.3680812750191628,0.0003739390561820167,0.8452506414237688
215,2018-02-08,Samsung HI,True,1,0.043015332197615,0.03575416453026503,0.03406312145922099,-0.0022943421401428934,1.5488628542634162
215,2018-02-08,Samsung HI,True,2,0.006246450880181609,-0.01022327507891907,-0.01467421159748156,-0.0022943421401428934,1.5488628542634162
215,2018-02-08,Samsung HI,True,3,-0.0031232254400908044,-0.023773236306274814,-0.02822423379043045,-0.0022943421401428934,1.5488628542634162
215,2018-02-08,Samsung HI,True,4,0.04897785349233397,0.01697587627296926,0.008588548274847493,-0.0022943421401428934,1.5488628542634162
215,2018-02-08,Samsung HI,True,5,0.0856047700170357,0.04465843192104679,0.03365621862276194,-0.0022943421401428934,1.5488628542634162
215,2018-02-08,Samsung HI,True,6,0.0630323679727427,0.03388968858482855,0.03166040723595172,-0.0022943421401428934,1.5488628542634162
215,2018-02-08,Samsung HI,True,7,0.061896649630891476,0.02656237598202682,0.023229100674786604,-0.0022943421401428934,1.5488628542634162
215,2018-02-08,Samsung HI,True,8,0.047842135150482745,0.01905740064757855,0.02161326623024306,-0.0022943421401428934,1.5488628542634162
215,2018-02-08,Samsung HI,True,9,0.05011357183418519,0.005459947429162115,0.0016003109463006496,-0.0022943421401428934,1.5488628542634162
215,2018-02-08,Samsung HI,True,10,0.035917092561044806,-0.011348677254826578,-0.014347681183494429,-0.0022943421401428934,1.5488628542634162
216,2018-04-05,Samsung HI,True,1,0.0027100271002709064,-0.0008837074094940611,-0.0010514432352118352,-0.0014589150875537298,1.4526352486115865
216,2018-04-05,Samsung HI,True,2,0.0513550135501355,0.04177172152409536,0.04035181593047871,-0.0014589150875537298,1.4526352486115865
216,2018-04-05,Samsung HI,True,3,-0.008807588075880779,-0.021141945830085773,-0.022348165655963412,-0.0014589150875537298,1.4526352486115865
216,2018-04-05,Samsung HI,True,4,-0.007588075880758827,-0.017229198117300837,-0.015757449527517807,-0.0014589150875537298,1.4526352486115865
216,2018-04-05,Samsung HI,True,5,-0.010027100271002731,-0.019044482379987904,-0.01583149193494543,-0.0014589150875537298,1.4526352486115865
216,2018-04-05,Samsung HI,True,6,-0.01775067750677506,-0.03187364105721957,-0.02951270164968502,-0.0014589150875537298,1.4526352486115865
216,2018-04-05,Samsung HI,True,7,-0.04078590785907854,-0.05590850790534263,-0.05254112412406085,-0.0014589150875537298,1.4526352486115865
216,2018-04-05,Samsung HI,True,8,-0.059891598915989164,-0.07347756765462954,-0.06795573529184343,-0.0014589150875537298,1.4526352486115865
216,2018-04-05,Samsung HI,True,9,-0.06124661246612462,-0.08565922275659754,-0.08357899489669997,-0.0014589150875537298,1.4526352486115865
216,2018-04-05,Samsung HI,True,10,-0.04078590785907854,-0.06772652449435157,-0.06533164632727052,-0.0014589150875537298,1.4526352486115865
217,2018-06-01,Samsung HI,True,1,0.016147308781869762,0.014862855574418132,0.015495570097798766,-0.0013926252214405252,1.5916219397104887
217,2018-06-01,Samsung HI,True,2,0.01218130311614729,0.00844248072248277,0.009015761808591006,-0.0013926252214405252,1.5916219397104887
217,2018-06-01,Samsung HI,True,3,0.020113314447592012,0.009494077101910525,0.007389378969533955,-0.0013926252214405252,1.5916219397104887
217,2018-06-01,Samsung HI,True,4,0.003966005665722472,0.0011189374097153593,0.005005050251370374,-0.0013926252214405252,1.5916219397104887
217,2018-06-01,Samsung HI,True,5,0.0067988668555241105,-0.003644474031812228,-0.0028598575174333847,-0.0013926252214405252,1.5916219397104887
217,2018-06-01,Samsung HI,True,6,0.00807365439093477,-0.0018297252754346793,0.0006669693653015649,-0.0013926252214405252,1.5916219397104887
217,2018-06-01,Samsung HI,True,7,-0.009206798866855492,-0.0005592381007650804,0.014305225123517326,-0.0013926252214405252,1.5916219397104887
217,2018-06-01,Samsung HI,True,8,-0.021388101983002783,-0.004788385053582256,0.016173373446370758,-0.0013926252214405252,1.5916219397104887
217,2018-06-01,Samsung HI,True,9,-0.04532577903682722,-0.017354151544619834,0.011728103962143854,-0.0013926252214405252,1.5916219397104887
217,2018-06-01,Samsung HI,True,10,-0.07351274787535411,-0.030761727266834238,0.00845696668458662,-0.0013926252214405252,1.5916219397104887
218,2018-06-29,Samsung HI,True,1,-0.01923930738493418,0.0025888491714792794,0.01621278347437189,-0.0015358045179683889,1.5537861043686043
218,2018-06-29,Samsung HI,True,2,-0.029154950421784842,-0.007852150957476933,0.007016652405944512,-0.0015358045179683889,1.5537861043686043
218,2018-06-29,Samsung HI,True,3,-0.027822998372058594,-0.0033766687664640305,0.01476878242583423,-0.0015358045179683889,1.5537861043686043
218,2018-06-29,Samsung HI,True,4,-0.03048690247151098,-0.0026343641785770977,0.01893320257131769,-0.0015358045179683889,1.5537861043686043
218,2018-06-29,Samsung HI,True,5,-0.01923930738493418,0.002016123816970916,0.021466108848790764,-0.0015358045179683889,1.5537861043686043
218,2018-06-29,Samsung HI,True,6,-0.036110700014799435,-0.020423192748077468,-0.002520842103775005,-0.0015358045179683889,1.5537861043686043
218,2018-06-29,Samsung HI,True,7,-0.048690247151102595,-0.03660272782700458,-0.01915819596325339,-0.0015358045179683889,1.5537861043686043
218,2018-06-29,Samsung HI,True,8,-0.07518129347343494,-0.05726317166810124,-0.03505392865217624,-0.0015358045179683889,1.5537861043686043
218,2018-06-29,Samsung HI,True,9,-0.10877608406097383,-0.09276991757445008,-0.07008368432828728,-0.0015358045179683889,1.5537861043686043
218,2018-06-29,Samsung HI,True,10,-0.10315228651768538,-0.09827335549018168,-0.0802134261032934,-0.0015358045179683889,1.5537861043686043
219,2018-07-23,Samsung HI,True,1,-0.01576805696846384,-0.01886948010376066,-0.019475625552360674,-0.001001355117317906,1.5183106257328134
219,2018-07-23,Samsung HI,True,2,-0.014242115971515812,-0.014189325790489482,-0.012159253844093365,-0.001001355117317906,1.5183106257328134
219,2018-07-23,Samsung HI,True,3,0.009833841980332325,0.0028347438125915225,0.0022111022136581168,-0.001001355117317906,1.5183106257328134
219,2018-07-23,Samsung HI,True,4,0.032214309935571395,0.02260649698877959,0.02163208591767573,-0.001001355117317906,1.5183106257328134
219,2018-07-23,Samsung HI,True,5,0.04035266191929465,0.031395927871827434,0.031760333029751835,-0.001001355117317906,1.5183106257328134
219,2018-07-23,Samsung HI,True,6,0.0354357409291286,0.025709150075027498,0.02667588538709873,-0.001001355117317906,1.5183106257328134
219,2018-07-23,Samsung HI,True,7,0.02746693794506605,0.012544913441623562,0.011820155405269255,-0.001001355117317906,1.5183106257328134
219,2018-07-23,Samsung HI,True,8,0.017972193964055583,0.019269952580952987,0.027953435600270478,-0.001001355117317906,1.5183106257328134
219,2018-07-23,Samsung HI,True,9,0.046625974906748135,0.04023396382081024,0.04593311261102784,-0.001001355117317906,1.5183106257328134
219,2018-07-23,Samsung HI,True,10,0.059511698880976516,0.05363879124179749,0.06060835198164265,-0.001001355117317906,1.5183106257328134
220,2018-08-17,Samsung HI,False,1,0.04829996822370508,0.05249515284283801,0.05503026660784781,-0.0007685900809071897,1.4210836576883985
220,2018-08-17,Samsung HI,False,2,0.0543374642516683,0.04870696831616872,0.04787323865486327,-0.0007685900809071897,1.4210836576883985
220,2018-08-17,Samsung HI,False,3,0.06943120432157612,0.06235210715011408,0.061676985262744816,-0.0007685900809071897,1.4210836576883985
220,2018-08-17,Samsung HI,False,4,0.06943120432157612,0.05824552199495425,0.0566097742907486,-0.0007685900809071897,1.4210836576883985
220,2018-08-17,Samsung HI,False,5,0.049888782967906,0.03400289907750342,0.031156563387855447,-0.0007685900809071897,1.4210836576883985
220,2018-08-17,Samsung HI,False,6,0.049888782967906,0.03130504539951806,0.028091277696143103,-0.0007685900809071897,1.4210836576883985
220,2018-08-17,Samsung HI,False,7,0.06625357483317451,0.04597758750289782,0.042819831160971614,-0.0007685900809071897,1.4210836576883985
220,2018-08-17,Samsung HI,False,8,0.07229107086113751,0.04939696937045146,0.04590535802252148,-0.0007685900809071897,1.4210836576883985
220,2018-08-17,Samsung HI,False,9,0.06943120432157612,0.04728133832826531,0.04487170246665882,-0.0007685900809071897,1.4210836576883985
220,2018-08-17,Samsung HI,False,10,0.06180489354941221,0.03277527917857914,0.028237283787096952,-0.0007685900809071897,1.4210836576883985
221,2018-08-20,Samsung HI,False,1,0.0030229746070133956,-0.006772224766663282,-0.010136442282043162,-0.0007704933929268329,1.422116054055848
221,2018-08-20,Samsung HI,False,2,0.01738210399032658,0.006132304164700786,0.0029245698392431265,-0.0007704933929268329,1.422116054055848
221,2018-08-20,Samsung HI,False,3,0.01738210399032658,0.002008712057798734,-0.0021691633034334294,-0.0007704933929268329,1.422116054055848
221,2018-08-20,Samsung HI,False,4,-0.0012091898428052694,-0.021302248685174607,-0.026701877825920185,-0.0007704933929268329,1.422116054055848
221,2018-08-20,Samsung HI,False,5,-0.0012091898428052694,-0.02401127521495172,-0.02978393455185259,-0.0007704933929268329,1.422116054055848
221,2018-08-20,Samsung HI,False,6,0.014359129383313185,-0.010142214009153161,-0.015861664043487378,-0.0007704933929268329,1.422116054055848
221,2018-08-20,Samsung HI,False,7,0.020102781136638548,-0.007027519035956331,-0.013086200539674943,-0.0007704933929268329,1.422116054055848
221,2018-08-20,Samsung HI,False,8,0.01738210399032658,-0.009000878518881317,-0.01397361184647794,-0.0007704933929268329,1.422116054055848
221,2018-08-20,Samsung HI,False,9,0.01012696493349452,-0.023164257642616315,-0.030282576614797684,-0.0007704933929268329,1.422116054055848
221,2018-08-20,Samsung HI,False,10,0.03143893591293834,0.005198299625327696,0.0018266397089551252,-0.0007704933929268329,1.422116054055848
222,2018-09-28,Samsung HI,False,1,0.00026164311878607016,0.004841068051967268,0.007511553174623249,-0.0005252851551258877,1.4684430903073855
222,2018-09-28,Samsung HI,False,2,0.018707482993197244,0.035761159301057055,0.044800406442064525,-0.0005252851551258877,1.4684430903073855
222,2018-09-28,Samsung HI,False,3,0.033621140763997914,0.06560476378709934,0.08216312646064508,-0.0005252851551258877,1.4684430903073855
222,2018-09-28,Samsung HI,False,4,0.00026164311878607016,0.03521167801774927,0.053684920992674114,-0.0005252851551258877,1.4684430903073855
222,2018-09-28,Samsung HI,False,5,-0.06894296180010462,-0.02816650242760499,-0.006438626011728274,-0.0005252851551258877,1.4684430903073855
222,2018-09-28,Samsung HI,False,6,-0.06763474620617482,-0.016124727650140835,0.011156495554793824,-0.0005252851551258877,1.4684430903073855
222,2018-09-28,Samsung HI,False,7,-0.10478806907378335,-0.011169472182344764,0.03636250874160332,-0.0005252851551258877,1.4684430903073855
222,2018-09-28,Samsung HI,False,8,-0.09366823652537937,-0.013745354722209502,0.027896248256946407,-0.0005252851551258877,1.4684430903073855
222,2018-09-28,Samsung HI,False,9,-0.08751962323390894,-0.0004765017344452449,0.04502581348689777,-0.0005252851551258877,1.4684430903073855
222,2018-09-28,Samsung HI,False,10,-0.07639979068550495,0.01064333081395874,0.056670931190427626,-0.0005252851551258877,1.4684430903073855
223,2018-10-01,Samsung HI,False,1,0.018707482993197244,0.030985738805161644,0.03726750708052378,-0.00032396029207827,1.4852324364734566
223,2018-10-01,Samsung HI,False,2,0.033621140763997914,0.06090187703168204,0.07478729574379674,-0.00032396029207827,1.4852324364734566
223,2018-10-01,Samsung HI,False,3,0.00026164311878607016,0.030523202897768997,0.046178974157046845,-0.00032396029207827,1.4852324364734566
223,2018-10-01,Samsung HI,False,4,-0.06894296180010462,-0.03282667119333371,-0.014006034337513774,-0.00032396029207827,1.4852324364734566
223,2018-10-01,Samsung HI,False,5,-0.06763474620617482,-0.020732749866985256,0.00364542155254019,-0.00032396029207827,1.4852324364734566
223,2018-10-01,Samsung HI,False,6,-0.10478806907378335,-0.01557291947664352,0.029660926685190186,-0.00032396029207827,1.4852324364734566
223,2018-10-01,Samsung HI,False,7,-0.09366823652537937,-0.018215339524164653,0.020664575571263416,-0.00032396029207827,1.4852324364734566
223,2018-10-01,Samsung HI,False,8,-0.08751962323390894,-0.004911894476018364,0.037763737357337485,-0.00032396029207827,1.4852324364734566
223,2018-10-01,Samsung HI,False,9,-0.07639979068550495,0.0062079380723856215,0.04920753019781973,-0.00032396029207827,1.4852324364734566
223,2018-10-01,Samsung HI,False,10,-0.0800627943485086,-0.007030479997789274,0.031646770756688355,-0.00032396029207827,1.4852324364734566
224,2018-10-15,Samsung HI,False,1,0.004124591096572372,0.009170973285811734,0.012355924122109023,-0.0008063929828248268,1.471339221699136
224,2018-10-15,Samsung HI,False,2,0.00014222727919221967,-0.005196362702255097,-0.006099863583431627,-0.0008063929828248268,1.471339221699136
224,2018-10-15,Samsung HI,False,3,-0.018631773574171562,-0.015064983221666939,-0.010964636084478943,-0.0008063929828248268,1.471339221699136
224,2018-10-15,Samsung HI,False,4,-0.025316455696202556,-0.025437049388224886,-0.022268317993865208,-0.0008063929828248268,1.471339221699136
224,2018-10-15,Samsung HI,False,5,-0.03214336509742566,-0.03479178810299155,-0.03200812882704093,-0.0008063929828248268,1.471339221699136
224,2018-10-15,Samsung HI,False,6,-0.0561797752808989,-0.0330350628504722,-0.017287694210115598,-0.0008063929828248268,1.471339221699136
224,2018-10-15,Samsung HI,False,7,-0.08178068553548568,-0.05468421058186779,-0.03626782828666562,-0.0008063929828248268,1.471339221699136
224,2018-10-15,Samsung HI,False,8,-0.06698904849950216,-0.02399275907464138,0.0027242223814218924,-0.0008063929828248268,1.471339221699136
224,2018-10-15,Samsung HI,False,9,-0.09515004977954766,-0.035386598944668335,3.979630332170969e-05,-0.0008063929828248268,1.471339221699136
224,2018-10-15,Samsung HI,False,10,-0.0965723225714692,-0.022384010883157446,0.020647780035432592,-0.0008063929828248268,1.471339221699136
225,2018-12-07,Samsung HI,False,1,0.01501154734411081,0.012404698263098313,0.012183212367794592,-0.0003355640876230308,1.213687085679081
225,2018-12-07,Samsung HI,False,2,0.008227482678983877,0.006020936265842325,0.006220553968648538,-0.0003355640876230308,1.213687085679081
225,2018-12-07,Samsung HI,False,3,0.025981524249422572,0.009325027874114156,0.0067724419689194175,-0.0003355640876230308,1.213687085679081
225,2018-12-07,Samsung HI,False,4,0.10493648960739033,0.08194349490407782,0.07837244522538456,-0.0003355640876230308,1.213687085679081
225,2018-12-07,Samsung HI,False,5,0.1104214780600461,0.10020399654963574,0.09969847314081141,-0.0003355640876230308,1.213687085679081
225,2018-12-07,Samsung HI,False,6,0.10363741339491916,0.09258515436980241,0.09223681387429308,-0.0003355640876230308,1.213687085679081
225,2018-12-07,Samsung HI,False,7,0.07635681293302543,0.06968835629507941,0.07061234184350063,-0.0003355640876230308,1.213687085679081
225,2018-12-07,Samsung HI,False,8,0.05051963048498842,0.03568402307450724,0.03519835806366679,-0.0003355640876230308,1.213687085679081
225,2018-12-07,Samsung HI,False,9,0.04214780600461898,0.03645081559723784,0.03825351910855016,-0.0003355640876230308,1.213687085679081
225,2018-12-07,Samsung HI,False,10,0.038106235565819935,0.03174044679870325,0.03373580082523976,-0.0003355640876230308,1.213687085679081
226,2018-12-13,Samsung HI,False,1,0.002606542421477842,0.015137320608570981,0.01877702408477933,-0.0007200097235432949,1.2330017903973733
226,2018-12-13,Samsung HI,False,2,-0.0035188322689951868,0.008195966074231564,0.01236555450943417,-0.0007200097235432949,1.2330017903973733
226,2018-12-13,Samsung HI,False,3,-0.028150658151961383,-0.012150772675448396,-0.006262741542638051,-0.0007200097235432949,1.2330017903973733
226,2018-12-13,Samsung HI,False,4,-0.05147921282418866,-0.043462568744098706,-0.038714637426286065,-0.0007200097235432949,1.2330017903973733
226,2018-12-13,Samsung HI,False,5,-0.05903818584647469,-0.04208870979142709,-0.03453940290658712,-0.0007200097235432949,1.2330017903973733
226,2018-12-13,Samsung HI,False,6,-0.06268734523654373,-0.04639160741897963,-0.038274612990381235,-0.0007200097235432949,1.2330017903973733
226,2018-12-13,Samsung HI,False,7,-0.07246187931708592,-0.05307400735434442,-0.04351653041022755,-0.0007200097235432949,1.2330017903973733
226,2018-12-13,Samsung HI,False,8,-0.12159520396194445,-0.08932343972762946,-0.07604398309340579,-0.0007200097235432949,1.2330017903973733
226,2018-12-13,Samsung HI,False,9,-0.08471262869803209,-0.05264605237767184,-0.03869439517122422,-0.0007200097235432949,1.2330017903973733
226,2018-12-13,Samsung HI,False,10,-0.08836178808810113,-0.0623076948278084,-0.04903694721554711,-0.0007200097235432949,1.2330017903973733
227,2018-12-20,Samsung HI,False,1,0.006718924972004547,0.002436760018528661,0.0007211498151057406,0.0014271663972463496,1.067359340266058
227,2018-12-20,Samsung HI,False,2,-0.00377939529675253,-0.0049047424005671525,-0.007834877833543124,0.0014271663972463496,1.067359340266058
227,2018-12-20,Samsung HI,False,3,-0.05655095184770442,-0.04452289124459641,-0.04799418820942994,0.0014271663972463496,1.067359340266058
227,2018-12-20,Samsung HI,False,4,-0.016937290033594676,-0.005118709627300655,-0.01003128343723673,0.0014271663972463496,1.067359340266058
227,2018-12-20,Samsung HI,False,5,-0.020856662933930625,-0.015176339457533716,-0.021929548601897567,0.0014271663972463496,1.067359340266058
227,2018-12-20,Samsung HI,False,6,-0.043393057110862276,-0.022591186403988495,-0.02975298450035174,0.0014271663972463496,1.067359340266058
227,2018-12-20,Samsung HI,False,7,-0.009098544232922778,0.01964408742294499,0.011590007348070107,0.0014271663972463496,1.067359340266058
227,2018-12-20,Samsung HI,False,8,0.02393617021276606,0.04461625010753867,0.03459191546792913,0.0014271663972463496,1.067359340266058
227,2018-12-20,Samsung HI,False,9,0.020016797312430112,0.027616543987540876,0.015283960334548359,0.0014271663972463496,1.067359340266058
227,2018-12-20,Samsung HI,False,10,-0.014277715565509497,-0.0009148276617730877,-0.014286376320991613,0.0014271663972463496,1.067359340266058
228,2018-12-24,Samsung HI,False,1,-0.029657356752087582,-0.02926303692913723,-0.030854710747428914,0.0016179006459945365,1.0665115628897908
228,2018-12-24,Samsung HI,False,2,0.011085516844226984,0.011267889762341499,0.008044218378164995,0.0016179006459945365,1.0665115628897908
228,2018-12-24,Samsung HI,False,3,0.007054419809962464,0.0010262555166082876,-0.004228389049882739,0.0016179006459945365,1.0665115628897908
228,2018-12-24,Samsung HI,False,4,-0.0161243881370573,-0.006852943299936021,-0.01270788759755075,0.0016179006459945365,1.0665115628897908
228,2018-12-24,Samsung HI,False,5,0.019147710912755578,0.03645342214249114,0.029514948813327578,0.0016179006459945365,1.0665115628897908
228,2018-12-24,Samsung HI,False,6,0.05312410020155478,0.062272320094004074,0.05317337862074313,0.0016179006459945365,1.0665115628897908
228,2018-12-24,Samsung HI,False,7,0.04909300316729048,0.04500686400196696,0.03340978397793436,0.0016179006459945365,1.0665115628897908
228,2018-12-24,Samsung HI,False,8,0.013820904117477717,0.015565769334033197,0.002738617878662043,0.0016179006459945365,1.0665115628897908
228,2018-12-24,Samsung HI,False,9,0.005614742297725295,-0.01208035975717392,-0.027818394464290443,0.0016179006459945365,1.0665115628897908
228,2018-12-24,Samsung HI,False,10,0.007054419809962464,-0.009935835561412976,-0.02724489046000518,0.0016179006459945365,1.0665115628897908
229,2019-01-02,Samsung HI,False,1,0.03463899444606833,0.04364083855659562,0.04223946904334405,0.0019828447714557375,1.0645951264057278
229,2019-01-02,Samsung HI,False,2,0.06913183279742774,0.06990725393560682,0.06599165281913369,0.0019828447714557375,1.0645951264057278
229,2019-01-02,Samsung HI,False,3,0.06503946214557144,0.0524686925400919,0.045708147774041454,0.0019828447714557375,1.0645951264057278
229,2019-01-02,Samsung HI,False,4,0.029231218941829784,0.02254072630087456,0.014177173997192514,0.0019828447714557375,1.0645951264057278
229,2019-01-02,Samsung HI,False,5,0.020900321543408262,-0.0053944080781762604,-0.017007143319165634,0.0019828447714557375,1.0645951264057278
229,2019-01-02,Samsung HI,False,6,0.022361882490499863,-0.003222044421087311,-0.016771710042630616,0.0019828447714557375,1.0645951264057278
229,2019-01-02,Samsung HI,False,7,0.029231218941829784,-0.0024616347570782793,-0.01838875204810765,0.0019828447714557375,1.0645951264057278
229,2019-01-02,Samsung HI,False,8,0.027769657994738406,0.0015693706912653926,-0.015985798350614734,0.0019828447714557375,1.0645951264057278
229,2019-01-02,Samsung HI,False,9,0.04574685764396369,0.0033124329219471615,-0.01727422705002747,0.0019828447714557375,1.0645951264057278
229,2019-01-02,Samsung HI,False,10,0.03463899444606833,-0.012229248578869312,-0.0350851563760369,0.0019828447714557375,1.0645951264057278
230,2019-01-29,Samsung HI,True,1,0.00946527350952664,-0.0009355068924903343,-0.003243925814678571,0.001426000112248097,1.0848415960949447
230,2019-01-29,Samsung HI,True,2,0.055931161647203353,0.046148657491013045,0.04246669400010024,0.001426000112248097,1.0848415960949447
230,2019-01-29,Samsung HI,True,3,0.02925629993853729,0.02011039132434611,0.015056437503035336,0.001426000112248097,1.0848415960949447
230,2019-01-29,Samsung HI,True,4,-0.0033189920098340986,-0.01244658132785259,-0.018924981023084837,0.001426000112248097,1.0848415960949447
230,2019-01-29,Samsung HI,True,5,-0.017209588199139536,-0.014260181515344472,-0.021139949705998688,0.001426000112248097,1.0848415960949447
230,2019-01-29,Samsung HI,True,6,-0.006883835279655859,-0.00561980384374372,-0.014068562072695332,0.001426000112248097,1.0848415960949447
230,2019-01-29,Samsung HI,True,7,0.02224953902888749,0.019052821846761603,0.008799606473029228,0.001426000112248097,1.0848415960949447
230,2019-01-29,Samsung HI,True,8,0.0071296865396435205,-0.0011094169140017929,-0.013216436499385208,0.001426000112248097,1.0848415960949447
230,2019-01-29,Samsung HI,True,9,-0.0009834050399508687,-0.020383539686777752,-0.03486347908490425,0.001426000112248097,1.0848415960949447
230,2019-01-29,Samsung HI,True,10,0.01647203441917644,0.01070145612479445,-0.004048130070572732,0.001426000112248097,1.0848415960949447
231,2019-02-21,Samsung HI,False,1,-0.008471704506946787,-0.01215254255007292,-0.013209433907528259,0.0011067852367069122,0.9864449675136485
231,2019-02-21,Samsung HI,False,2,0.007568056026205916,0.0029602587692854065,0.0008091471373796611,0.0011067852367069122,0.9864449675136485
231,2019-02-21,Samsung HI,False,3,-0.02552806958093301,-0.027453984840661416,-0.030748234706870575,0.0011067852367069122,0.9864449675136485
231,2019-02-21,Samsung HI,False,4,-0.01479724387213377,-0.020408496976997093,-0.024759577205699178,0.0011067852367069122,0.9864449675136485
231,2019-02-21,Samsung HI,False,5,-0.023381904439173207,-0.01128643663975637,-0.016984317282249646,0.0011067852367069122,0.9864449675136485
231,2019-02-21,Samsung HI,False,6,-0.023381904439173207,-0.009135531279592102,-0.01596935275082438,0.0011067852367069122,0.9864449675136485
231,2019-02-21,Samsung HI,False,7,-0.023381904439173207,-0.003992257583634751,-0.012002581533608845,0.0011067852367069122,0.9864449675136485
231,2019-02-21,Samsung HI,False,8,-0.02021913475657966,0.0008039402281211361,-0.008335310129914782,0.0011067852367069122,0.9864449675136485
231,2019-02-21,Samsung HI,False,9,-0.047893369479272585,-0.022455988724025766,-0.03276186037689304,0.0011067852367069122,0.9864449675136485
231,2019-02-21,Samsung HI,False,10,-0.07240483451937196,-0.03421051506942774,-0.04579609267743494,0.0011067852367069122,0.9864449675136485
232,2019-03-06,Samsung HI,False,1,-0.0228379318339903,-0.01943279928690511,-0.020144481911476803,0.0006127508350741118,0.9709462735651029
232,2019-03-06,Samsung HI,False,2,-0.04799443542777648,-0.03154396400097992,-0.03324741316768738,0.0006127508350741118,0.9709462735651029
232,2019-03-06,Samsung HI,False,3,-0.021794574542082112,-0.005647804126241773,-0.007955180481933024,0.0006127508350741118,0.9709462735651029
232,2019-03-06,Samsung HI,False,4,-0.0228379318339903,-0.015470881553066751,-0.01813592515685728,0.0006127508350741118,0.9709462735651029
232,2019-03-06,Samsung HI,False,5,-0.005332715047530745,0.006069877454735639,0.002674835476155624,0.0006127508350741118,0.9709462735651029
232,2019-03-06,Samsung HI,False,6,0.003477857639693882,0.011535137490972569,0.0076245384759194386,0.0006127508350741118,0.9709462735651029
232,2019-03-06,Samsung HI,False,7,0.003477857639693882,0.002134210742736009,-0.0021160071534134604,0.0006127508350741118,0.9709462735651029
232,2019-03-06,Samsung HI,False,8,-0.008578715511245116,-0.01147767970673641,-0.01629546067464894,0.0006127508350741118,0.9709462735651029
232,2019-03-06,Samsung HI,False,9,-0.0019707859958265628,-0.0040092639936085694,-0.00946479612718446,0.0006127508350741118,0.9709462735651029
232,2019-03-06,Samsung HI,False,10,-0.020635288662184115,-0.02243448707557638,-0.0285097220078127,0.0006127508350741118,0.9709462735651029
233,2019-03-22,Samsung HI,True,1,-0.019619865113427393,-0.013162574025786133,-0.01448023336635262,0.0006221616168527915,0.89229264806649
233,2019-03-22,Samsung HI,True,2,-0.012752912323727772,-0.008120709247944946,-0.009863954808561358,0.0006221616168527915,0.89229264806649
233,2019-03-22,Samsung HI,True,3,-0.026609442060085864,-0.02050419840620399,-0.023028262883630846,0.0006221616168527915,0.89229264806649
233,2019-03-22,Samsung HI,True,4,-0.06474555487431022,-0.05052469143165672,-0.054545029442684155,0.0006221616168527915,0.89229264806649
233,2019-03-22,Samsung HI,True,5,-0.043899448191293655,-0.03550126401489928,-0.039516618277852585,0.0006221616168527915,0.89229264806649
233,2019-03-22,Samsung HI,True,6,-0.01839362354383811,-0.02278495205968023,-0.026044943394885514,0.0006221616168527915,0.89229264806649
233,2019-03-22,Samsung HI,True,7,-0.014960147148988301,-0.023474136402276913,-0.026912248483384374,0.0006221616168527915,0.89229264806649
233,2019-03-22,Samsung HI,True,8,-0.013856529736358092,-0.03445593681436432,-0.0372145221614142,0.0006221616168527915,0.89229264806649
233,2019-03-22,Samsung HI,True,9,-0.0207234825260576,-0.04283298780676903,-0.046051086092098764,0.0006221616168527915,0.89229264806649
233,2019-03-22,Samsung HI,True,10,0.004659717964438981,-0.018876505863613557,-0.022563097689107553,0.0006221616168527915,0.89229264806649
234,2019-04-22,Samsung HI,False,1,-0.04783240494066365,-0.04914011910140437,-0.05032574855230609,0.0013866417866390081,0.8462872531536845
234,2019-04-22,Samsung HI,False,2,-0.06841850326955679,-0.06094198575746046,-0.06486450537436739,0.0013866417866390081,0.8462872531536845
234,2019-04-22,Samsung HI,False,3,-0.06962945023007994,-0.05740457750674255,-0.06344362163281037,0.0013866417866390081,0.8462872531536845
234,2019-04-22,Samsung HI,False,4,-0.05473480261564545,-0.0374639569755193,-0.045665273245777835,0.0013866417866390081,0.8462872531536845
234,2019-04-22,Samsung HI,False,5,-0.041051101961734116,-0.040518997579087834,-0.0475339977385484,0.0013866417866390081,0.8462872531536845
234,2019-04-22,Samsung HI,False,6,-0.060426253330104096,-0.05410413176679951,-0.06339577315802543,0.0013866417866390081,0.8462872531536845
234,2019-04-22,Samsung HI,False,7,-0.02615645434729963,-0.023964905788265267,-0.034008267243594584,0.0013866417866390081,0.8462872531536845
234,2019-04-22,Samsung HI,False,8,-0.023855655122305697,-0.014255229438799644,-0.02682407153461734,0.0013866417866390081,0.8462872531536845
234,2019-04-22,Samsung HI,False,9,-0.04783240494066365,-0.029515387971944973,-0.044810723043988365,0.0013866417866390081,0.8462872531536845
234,2019-04-22,Samsung HI,False,10,-0.058125454105110164,-0.035759032597270646,-0.05306345455075325,0.0013866417866390081,0.8462872531536845
235,2019-05-03,Samsung HI,False,1,0.009759856170540537,0.007642372661594177,0.006563805835560609,0.0014224658039110232,0.8375907172714763
235,2019-05-03,Samsung HI,False,2,-0.001155772441248204,0.0008604401172701559,-0.002311943126009099,0.0014224658039110232,0.8375907172714763
235,2019-05-03,Samsung HI,False,3,-0.02786695775009629,0.004530539936782985,-0.004998511836475154,0.0014224658039110232,0.8375907172714763
235,2019-05-03,Samsung HI,False,4,-0.016951329138307436,0.012670423861844471,0.002169712988284212,0.0014224658039110232,0.8375907172714763
235,2019-05-03,Samsung HI,False,5,-0.05200975985617051,-0.009024844624559436,-0.023118322895026903,0.0014224658039110232,0.8375907172714763
235,2019-05-03,Samsung HI,False,6,-0.05329395145755744,-0.011611748906450226,-0.02691612034878673,0.0014224658039110232,0.8375907172714763
235,2019-05-03,Samsung HI,False,7,-0.03749839476049832,-0.0008521203806679534,-0.01676107614474604,0.0014224658039110232,0.8375907172714763
235,2019-05-03,Samsung HI,False,8,-0.05817387954282782,-0.009978113589200754,-0.029185279799569315,0.0014224658039110232,0.8375907172714763
235,2019-05-03,Samsung HI,False,9,-0.07281366379863874,-0.019144663296887354,-0.04066319940833278,0.0014224658039110232,0.8375907172714763
235,2019-05-03,Samsung HI,False,10,-0.08475664569153718,-0.031046216164610674,-0.05399394653822996,0.0014224658039110232,0.8375907172714763
236,2019-06-07,Samsung HI,True,1,-0.0035187440790364066,-0.009325093696018416,-0.009995304975933874,0.0011732272083018708,0.9133679572247548
236,2019-06-07,Samsung HI,True,2,-0.0035187440790364066,-0.015227257663115945,-0.01655937963006917,0.0011732272083018708,0.9133679572247548
236,2019-06-07,Samsung HI,True,3,0.014345648937609923,0.004103094910293148,0.0014707466640098022,0.0011732272083018708,0.9133679572247548
236,2019-06-07,Samsung HI,True,4,0.019353092434700292,0.011793340210609626,0.007755348155449822,0.0011732272083018708,0.9133679572247548
236,2019-06-07,Samsung HI,True,5,0.019353092434700292,0.015501355560068486,0.009968903352241223,0.0011732272083018708,0.9133679572247548
236,2019-06-07,Samsung HI,True,6,0.01691703884152118,0.015307357759585472,0.008407444470119005,0.0011732272083018708,0.9133679572247548
236,2019-06-07,Samsung HI,True,7,0.015563675734199478,0.010131002082666596,0.0023890552407170446,0.0011732272083018708,0.9133679572247548
236,2019-06-07,Samsung HI,True,8,0.024495872242522587,0.006573798053471247,-0.001259393715176707,0.0011732272083018708,0.9133679572247548
236,2019-06-07,Samsung HI,True,9,0.027067262146433846,0.006026430861132193,-0.002709803817649674,0.0011732272083018708,0.9133679572247548
236,2019-06-07,Samsung HI,True,10,0.045066991473812434,0.026742497014277333,0.016597713319111813,0.0011732272083018708,0.9133679572247548
237,2019-07-01,Samsung HI,False,1,0.008710348413936586,0.00873391031340276,0.007556845262355725,0.0011754787365645142,0.932674592521814
237,2019-07-01,Samsung HI,False,2,-0.024440977639105577,-0.012165228017273932,-0.015342655335792965,0.0011754787365645142,0.932674592521814
237,2019-07-01,Samsung HI,False,3,-0.013390535621424893,-0.007104220843872744,-0.011053885757501127,0.0011754787365645142,0.932674592521814
237,2019-07-01,Samsung HI,False,4,-0.009620384815392624,-0.004210572697978976,-0.009276705449422336,0.0011754787365645142,0.932674592521814
237,2019-07-01,Samsung HI,False,5,-0.04901196047841916,-0.02172728089668996,-0.029441626750264193,0.0011754787365645142,0.932674592521814
237,2019-07-01,Samsung HI,False,6,-0.07098283931357252,-0.03797733054147734,-0.047252312287970576,0.0011754787365645142,0.932674592521814
237,2019-07-01,Samsung HI,False,7,-0.06734269370774826,-0.03751804136357495,-0.047754349391493256,0.0011754787365645142,0.932674592521814
237,2019-07-01,Samsung HI,False,8,-0.05759230369214774,-0.038040639515188324,-0.048760793165294886,0.0011754787365645142,0.932674592521814
237,2019-07-01,Samsung HI,False,9,-0.046541861674466944,-0.029855324472583766,-0.04155806101818109,0.0011754787365645142,0.932674592521814
237,2019-07-01,Samsung HI,False,10,-0.055122204888195525,-0.03646589289094748,-0.049476724063847524,0.0011754787365645142,0.932674592521814
238,2019-07-11,Samsung HI,False,1,0.006587976942080687,0.005085718755253765,0.004134133126517305,0.0010305878197383058,0.9474110431252069
238,2019-07-11,Samsung HI,False,2,-0.0024704913532802575,-0.0019665389263893163,-0.004054216898310643,0.0010305878197383058,0.9474110431252069
238,2019-07-11,Samsung HI,False,3,-0.005078232226187196,-0.009081054359777574,-0.01196231357843164,0.0010305878197383058,0.9474110431252069
238,2019-07-11,Samsung HI,False,4,-0.011528959648641202,-0.006436640363581603,-0.010826791401809503,0.0010305878197383058,0.9474110431252069
238,2019-07-11,Samsung HI,False,5,-0.01674444139445508,-0.008594810719590784,-0.014176330394388243,0.0010305878197383058,0.9474110431252069
238,2019-07-11,Samsung HI,False,6,0.000137249519626792,-0.005060659797733624,-0.010970834087233707,0.0010305878197383058,0.9474110431252069
238,2019-07-11,Samsung HI,False,7,-0.012901454844908011,-0.01760981037614573,-0.024576317608330414,0.0010305878197383058,0.9474110431252069
238,2019-07-11,Samsung HI,False,8,-0.01413670052154814,-0.022737488607152634,-0.03052988469133599,0.0010305878197383058,0.9474110431252069
238,2019-07-11,Samsung HI,False,9,-0.01413670052154814,-0.013546356250047409,-0.022852692217127393,0.0010305878197383058,0.9474110431252069
238,2019-07-11,Samsung HI,False,10,-0.06848751029371403,-0.06414392032860661,-0.07467822339134648,0.0010305878197383058,0.9474110431252069
239,2019-08-16,Samsung HI,False,1,0.06628286914579129,0.06459954132027912,0.06322573639621157,0.001464346080833471,0.9462129982088453
239,2019-08-16,Samsung HI,False,2,0.11622841138945073,0.10403719361020425,0.10176423050106599,0.001464346080833471,0.9462129982088453
239,2019-08-16,Samsung HI,False,3,0.11031585498677465,0.09585266100131529,0.09223755459961659,0.001464346080833471,0.9462129982088453
239,2019-08-16,Samsung HI,False,4,0.09413412167418711,0.08671405392798759,0.08125577280180903,0.001464346080833471,0.9462129982088453
239,2019-08-16,Samsung HI,False,5,0.09849074218142206,0.09247000523495807,0.08547211221971425,0.001464346080833471,0.9462129982088453
239,2019-08-16,Samsung HI,False,6,0.08090866656293771,0.09140622935209841,0.08205552043855424,0.001464346080833471,0.9462129982088453
239,2019-08-16,Samsung HI,False,7,0.05881437684767388,0.0650313299210381,0.05444651608911124,0.001464346080833471,0.9462129982088453
239,2019-08-16,Samsung HI,False,8,0.04730045122140969,0.04500265710376272,0.03341147991341654,0.001464346080833471,0.9462129982088453
239,2019-08-16,Samsung HI,False,9,0.04558892173642448,0.04725675881507618,0.033987936131638155,0.001464346080833471,0.9462129982088453
239,2019-08-16,Samsung HI,False,10,0.13816710751517047,0.12208254869164104,0.10830422807755744,0.001464346080833471,0.9462129982088453
240,2019-08-19,Samsung HI,False,1,0.03416462447743984,0.025281408403244887,0.02430035142826837,0.0014591533596681858,0.9461798091256046
240,2019-08-19,Samsung HI,False,2,0.028686752198356702,0.01753898509713636,0.015220653331010973,0.0014591533596681858,0.9461798091256046
240,2019-08-19,Samsung HI,False,3,0.01369468069770785,0.009567021780266138,0.005411713092062693,0.0014591533596681858,0.9461798091256046
240,2019-08-19,Samsung HI,False,4,0.0177310076401902,0.01499810628712095,0.009308578120911286,0.0014591533596681858,0.9461798091256046
240,2019-08-19,Samsung HI,False,5,0.0014415453366007913,0.015172959291381849,0.0071381651730192675,0.0014591533596681858,0.9461798091256046
240,2019-08-19,Samsung HI,False,6,-0.01902839844313109,-0.009563604491540922,-0.018827921666611444,0.0014591533596681858,0.9461798091256046
240,2019-08-19,Samsung HI,False,7,-0.029695833933977234,-0.02871795962685264,-0.03898466252639055,0.0014591533596681858,0.9461798091256046
240,2019-08-19,Samsung HI,False,8,-0.03128153380423815,-0.02635098861357843,-0.03828957837420005,0.0014591533596681858,0.9461798091256046
240,2019-08-19,Samsung HI,False,9,0.0544904137235116,0.04172658066209589,0.02928115235673653,0.0014591533596681858,0.9461798091256046
240,2019-08-19,Samsung HI,False,10,0.04079573302580375,0.02731136100124365,0.013445558880744973,0.0014591533596681858,0.9461798091256046
241,2019-10-08,Samsung HI,False,1,-0.00488836041749241,-0.003913053417448076,-0.004565435165272727,0.0007032319953516275,1.0521376833393632
241,2019-10-08,Samsung HI,False,2,-0.007266481701677874,-0.014399029863618074,-0.016177368391791326,0.0007032319953516275,1.0521376833393632
241,2019-10-08,Samsung HI,False,3,0.015061434799841456,-0.003296995448467843,-0.006363857457416862,0.0007032319953516275,1.0521376833393632
241,2019-10-08,Samsung HI,False,4,0.005152596115735264,-0.013585120188146727,-0.01737498928870786,0.0007032319953516275,1.0521376833393632
241,2019-10-08,Samsung HI,False,5,0.006473774606949423,-0.01948515413160412,-0.02435475251476206,0.0007032319953516275,1.0521376833393632
241,2019-10-08,Samsung HI,False,6,-0.012286959968291766,-0.035837175964311685,-0.041284421640595544,0.0007032319953516275,1.0521376833393632
241,2019-10-08,Samsung HI,False,7,-0.024706037785704904,-0.0397592609783084,-0.04546672512982251,0.0007032319953516275,1.0521376833393632
241,2019-10-08,Samsung HI,False,8,-0.03844629409433209,-0.05554372135268493,-0.06206099756381174,0.0007032319953516275,1.0521376833393632
241,2019-10-08,Samsung HI,False,9,-0.007266481701677874,-0.03619566357673021,-0.04403305205876318,0.0007032319953516275,1.0521376833393632
241,2019-10-08,Samsung HI,False,10,-0.02232791650151933,-0.0471982450026498,-0.05552724626810395,0.0007032319953516275,1.0521376833393632
242,2019-10-10,Samsung HI,False,1,-0.01468659847888798,-0.012992328723800295,-0.01361202941241383,0.0007081111785181164,1.052182062295036
242,2019-10-10,Samsung HI,False,2,0.007474429583005593,-0.001958795681632486,-0.0038672631870711686,0.0007081111785181164,1.052182062295036
242,2019-10-10,Samsung HI,False,3,-0.002360346184106965,-0.012169533325234405,-0.01480573047525073,0.0007081111785181164,1.052182062295036
242,2019-10-10,Samsung HI,False,4,-0.0010490427484920462,-0.018016153408231816,-0.02173397694771759,0.0007081111785181164,1.052182062295036
242,2019-10-10,Samsung HI,False,5,-0.019669551534225005,-0.034249060147169774,-0.038550404866432054,0.0007081111785181164,1.052182062295036
242,2019-10-10,Samsung HI,False,6,-0.03199580382900602,-0.0381527898842382,-0.042722741185230693,0.0007081111785181164,1.052182062295036
242,2019-10-10,Samsung HI,False,7,-0.045633359559402065,-0.053816633650257906,-0.05920043201827112,0.0007081111785181164,1.052182062295036
242,2019-10-10,Samsung HI,False,8,-0.01468659847888798,-0.034597930067497895,-0.041301833840976784,0.0007081111785181164,1.052182062295036
242,2019-10-10,Samsung HI,False,9,-0.029635457644899055,-0.045523508892897246,-0.05272558077953006,0.0007081111785181164,1.052182062295036
242,2019-10-10,Samsung HI,False,10,-0.03199580382900602,-0.05034469645038797,-0.058383291293383016,0.0007081111785181164,1.052182062295036
243,2019-11-25,Samsung HI,False,1,0.0,0.0037195846463812243,0.003792372943064966,0.000537027613371403,1.163947313485239
243,2019-11-25,Samsung HI,False,2,-0.005616272009714596,-0.004949376782711901,-0.005914096328611486,0.000537027613371403,1.163947313485239
243,2019-11-25,Samsung HI,False,3,0.00865209471766848,0.01366320181070979,0.01287367651608653,0.000537027613371403,1.163947313485239
243,2019-11-25,Samsung HI,False,4,-0.0028840315725561227,0.0165169837989092,0.017549617694461155,0.000537027613371403,1.163947313485239
243,2019-11-25,Samsung HI,False,5,-0.014268366727383075,0.0032728563208916928,0.003463554648044681,0.000537027613371403,1.163947313485239
243,2019-11-25,Samsung HI,False,6,-0.02003642987249543,0.0011915027053363003,0.0014495995420891784,0.000537027613371403,1.163947313485239
243,2019-11-25,Samsung HI,False,7,-0.02717061323618697,0.0011865232472088039,0.0020764062981959777,0.000537027613371403,1.163947313485239
243,2019-11-25,Samsung HI,False,8,-0.041438979963570155,-0.009254240592799778,-0.008273859944710596,0.000537027613371403,1.163947313485239
243,2019-11-25,Samsung HI,False,9,-0.0071341833636915375,0.015136360061989595,0.013954307306143741,0.000537027613371403,1.163947313485239
243,2019-11-25,Samsung HI,False,10,-0.005616272009714596,0.01346068863877048,0.011218028952839198,0.000537027613371403,1.163947313485239
244,2019-12-02,Samsung HI,False,1,0.011912225705329238,0.00755082195982304,0.006575630926475259,0.00021008804488573205,1.1754258566981737
244,2019-12-02,Samsung HI,False,2,0.00454545454545463,0.007499642938819551,0.007597707878801929,0.00021008804488573205,1.1754258566981737
244,2019-12-02,Samsung HI,False,3,-0.010188087774294696,-0.003306226394645284,-0.0027292341010994063,0.00021008804488573205,1.1754258566981737
244,2019-12-02,Samsung HI,False,4,0.025235109717868243,0.021943575178442254,0.020525802732468894,0.00021008804488573205,1.1754258566981737
244,2019-12-02,Samsung HI,False,5,0.026802507836990674,0.020233896450112532,0.018031151945823394,0.00021008804488573205,1.1754258566981737
244,2019-12-02,Samsung HI,False,6,0.029623824451410652,0.018549232399285742,0.015345934331644552,0.00021008804488573205,1.1754258566981737
244,2019-12-02,Samsung HI,False,7,0.0489028213166145,0.03415597550308025,0.030098381128445,0.00021008804488573205,1.1754258566981737
244,2019-12-02,Samsung HI,False,8,0.053291536050156685,0.02325327135873212,0.016303078682426607,0.00021008804488573205,1.1754258566981737
244,2019-12-02,Samsung HI,False,9,0.057836990595611315,0.011943457039308214,0.0020017521943157743,0.00021008804488573205,1.1754258566981737
244,2019-12-02,Samsung HI,False,10,0.056426332288401326,0.011544837170281985,0.001570581990433681,0.00021008804488573205,1.1754258566981737
245,2020-03-02,Samsung HI,True,1,-0.023153832660936624,-0.004780169868822237,0.001718724071680347,-0.001020980291661733,1.2981394461637699
245,2020-03-02,Samsung HI,True,2,-0.006490089457989789,-0.01013558011276472,-0.009180484094251049,-0.001020980291661733,1.2981394461637699
245,2020-03-02,Samsung HI,True,3,0.029994737765304258,0.013711871084016503,0.011920247104684069,-0.001020980291661733,1.2981394461637699
245,2020-03-02,Samsung HI,True,4,0.009998245921768012,0.015666301578857844,0.021440093719934963,-0.001020980291661733,1.2981394461637699
245,2020-03-02,Samsung HI,True,5,-0.11261182248728296,-0.06529842238493633,-0.04608753002398919,-0.001020980291661733,1.2981394461637699
245,2020-03-02,Samsung HI,True,6,-0.10261357656551484,-0.05927707535928639,-0.0402308731410155,-0.001020980291661733,1.2981394461637699
245,2020-03-02,Samsung HI,True,7,-0.10261357656551484,-0.03263770113602438,-0.004628270349019012,-0.001020980291661733,1.2981394461637699
245,2020-03-02,Samsung HI,True,8,-0.17540782318891424,-0.06939617516396113,-0.029622078801599228,-0.001020980291661733,1.2981394461637699
245,2020-03-02,Samsung HI,True,9,-0.2790738466935625,-0.1424118099949735,-0.09247864343708778,-0.001020980291661733,1.2981394461637699
245,2020-03-02,Samsung HI,True,10,-0.31871601473425715,-0.15447886289567248,-0.09530348649038453,-0.001020980291661733,1.2981394461637699
246,2020-04-14,Samsung HI,True,1,-0.018026796589524996,-0.027572816997133542,-0.028845935625602368,-0.0011235626525932737,1.2510660127179125
246,2020-04-14,Samsung HI,True,2,-0.003166869671132777,-0.04394946938518707,-0.051941468778478814,-0.0011235626525932737,1.2510660127179125
246,2020-04-14,Samsung HI,True,3,-0.006577344701583443,-0.03856956001979317,-0.04323102999996918,-0.0011235626525932737,1.2510660127179125
246,2020-04-14,Samsung HI,True,4,-0.0433617539585871,-0.065036004166523,-0.06598342113450675,-0.0011235626525932737,1.2510660127179125
246,2020-04-14,Samsung HI,True,5,-0.035322777101096214,-0.06611358552290425,-0.06822629775876235,-0.0011235626525932737,1.2510660127179125
246,2020-04-14,Samsung HI,True,6,-0.025091352009744217,-0.0659826763298077,-0.0695077221660414,-0.0011235626525932737,1.2510660127179125
246,2020-04-14,Samsung HI,True,7,-0.04116930572472599,-0.06807864571200528,-0.06696972783932925,-0.0011235626525932737,1.2510660127179125
246,2020-04-14,Samsung HI,True,8,-0.039951278928136436,-0.08521333240977014,-0.08758859448408263,-0.0011235626525932737,1.2510660127179125
246,2020-04-14,Samsung HI,True,9,-0.059683313032886764,-0.11109917921464174,-0.11389589185399326,-0.0011235626525932737,1.2510660127179125
246,2020-04-14,Samsung HI,True,10,-0.01461632155907433,-0.07335478995554945,-0.07686639648307683,-0.0011235626525932737,1.2510660127179125
247,2020-08-25,Samsung HI,True,1,-0.007194244604316502,-0.007861547602111996,-0.006554502390749311,-0.0016158335782145592,1.4627408656517196
247,2020-08-25,Samsung HI,True,2,-0.04199883336573984,-0.03216244930330059,-0.024379085270935553,-0.0016158335782145592,1.4627408656517196
247,2020-08-25,Samsung HI,True,3,-0.036554540151662485,-0.0306670693989618,-0.023095195351714226,-0.0016158335782145592,1.4627408656517196
247,2020-08-25,Samsung HI,True,4,-0.05308185883725447,-0.03552503249652461,-0.02093743716466013,-0.0016158335782145592,1.4627408656517196
247,2020-08-25,Samsung HI,True,5,-0.02722146607038689,-0.019539034722350523,-0.007904891898977473,-0.0016158335782145592,1.4627408656517196
247,2020-08-25,Samsung HI,True,6,-0.03461014971806342,-0.033186851551879726,-0.02283323185709202,-0.0016158335782145592,1.4627408656517196
247,2020-08-25,Samsung HI,True,7,-0.032860198327824275,-0.044753396060683626,-0.03894602962745212,-0.0016158335782145592,1.4627408656517196
247,2020-08-25,Samsung HI,True,8,-0.047443126579817196,-0.04765852185125752,-0.03483152541990463,-0.0016158335782145592,1.4627408656517196
247,2020-08-25,Samsung HI,True,9,0.007583122691036337,0.0006228990178289706,0.011944621294090437,-0.0016158335782145592,1.4627408656517196
247,2020-08-25,Samsung HI,True,10,-0.00894419599455576,-0.02337567918105421,-0.013895380421267145,-0.0016158335782145592,1.4627408656517196
248,2020-11-17,Samsung HI,False,1,-0.022496994676283744,-0.021237603186003762,-0.019123499656148863,-0.0015546203502745052,1.4442488169076109
248,2020-11-17,Samsung HI,False,2,-0.06148033659625618,-0.06091929926569539,-0.057560818394803745,-0.0015546203502745052,1.4442488169076109
248,2020-11-17,Samsung HI,False,3,-0.029022840460243837,-0.03084719261906066,-0.026993797856414363,-0.0015546203502745052,1.4442488169076109
248,2020-11-17,Samsung HI,False,4,0.12330413876008928,0.10222012047733431,0.09907205170066,-0.0015546203502745052,1.4442488169076109
248,2020-11-17,Samsung HI,False,5,0.09256397046196119,0.06552824846968996,0.06129076271175292,-0.0015546203502745052,1.4442488169076109
248,2020-11-17,Samsung HI,False,6,0.12175854370599337,0.10108647591071307,0.1012306563512729,-0.0015546203502745052,1.4442488169076109
248,2020-11-17,Samsung HI,False,7,0.10870685213807318,0.07847360969540307,0.07592486996088743,-0.0015546203502745052,1.4442488169076109
248,2020-11-17,Samsung HI,False,8,0.09428129829984555,0.0610898590233091,0.05878156419544302,-0.0015546203502745052,1.4442488169076109
248,2020-11-17,Samsung HI,False,9,0.10716125708397728,0.09049099402416583,0.09707683253477649,-0.0015546203502745052,1.4442488169076109
248,2020-11-17,Samsung HI,False,10,0.12502146659797364,0.09151616028336118,0.09217767109571254,-0.0015546203502745052,1.4442488169076109
249,2020-11-23,Samsung HI,False,1,-0.059849268508940456,-0.06041495719669565,-0.05919531800676159,-0.0014729035865423143,1.4477098483501105
249,2020-11-23,Samsung HI,False,2,-0.03472735333234811,-0.029093399779975937,-0.023625216116347197,-0.0014729035865423143,1.4477098483501105
249,2020-11-23,Samsung HI,False,3,-0.045958327176001235,-0.049639125867272704,-0.0468683449315222,-0.0014729035865423143,1.4477098483501105
249,2020-11-23,Samsung HI,False,4,-0.05837150879267028,-0.06493426201480224,-0.061980856918472875,-0.0014729035865423143,1.4477098483501105
249,2020-11-23,Samsung HI,False,5,-0.04728831092064434,-0.03775569208779772,-0.026123326823052982,-0.0014729035865423143,1.4477098483501105
249,2020-11-23,Samsung HI,False,6,-0.03191960987143494,-0.038788140762623824,-0.033025828167052164,-0.0014729035865423143,1.4477098483501105
249,2020-11-23,Samsung HI,False,7,-0.04034284025417467,-0.06313092104063489,-0.06302304412793486,-0.0014729035865423143,1.4477098483501105
249,2020-11-23,Samsung HI,False,8,-0.02925964238214862,-0.0598144759626521,-0.06171094717900367,-0.0014729035865423143,1.4477098483501105
249,2020-11-23,Samsung HI,False,9,-0.00827545441111277,-0.05229597209270631,-0.058748259109345086,-0.0014729035865423143,1.4477098483501105
249,2020-11-23,Samsung HI,False,10,-0.02645189892123545,-0.07581970359046042,-0.08319312006687388,-0.0014729035865423143,1.4477098483501105
250,2020-11-30,Samsung HI,False,1,0.011893728761198652,0.0039233298203471545,0.001887270591426956,-0.001495582243646922,1.4430946930982387
250,2020-11-30,Samsung HI,False,2,0.0030892801977140394,-0.02081809022112413,-0.028420154692351297,-0.001495582243646922,1.4430946930982387
250,2020-11-30,Samsung HI,False,3,0.014674080939141243,-0.01700854183102196,-0.02656019711297393,-0.001495582243646922,1.4430946930982387
250,2020-11-30,Samsung HI,False,4,0.03660797034291008,-0.008555072719437229,-0.022584248449942855,-0.001495582243646922,1.4430946930982387
250,2020-11-30,Samsung HI,False,5,0.017608897126969447,-0.03290728473434634,-0.04781282561444626,-0.001495582243646922,1.4430946930982387
250,2020-11-30,Samsung HI,False,6,0.014674080939141243,-0.018810777981353555,-0.024674247806286485,-0.001495582243646922,1.4430946930982387
250,2020-11-30,Samsung HI,False,7,0.014674080939141243,-0.03967998384952631,-0.05329490580017429,-0.001495582243646922,1.4430946930982387
250,2020-11-30,Samsung HI,False,8,0.01621872103799804,-0.03468775400237045,-0.0452794849879203,-0.001495582243646922,1.4430946930982387
250,2020-11-30,Samsung HI,False,9,0.04402224281742351,-0.015914544993184787,-0.02901197740059823,-0.001495582243646922,1.4430946930982387
250,2020-11-30,Samsung HI,False,10,0.02641334569045406,-0.030515888799218294,-0.04078510804726812,-0.001495582243646922,1.4430946930982387
251,2020-12-21,Samsung HI,False,1,-0.02879275065770248,-0.014958124048322197,-0.007523129787029265,-0.0014486936465943564,1.4327041693080236
251,2020-12-21,Samsung HI,False,2,-0.03990061385559773,-0.03549589962090327,-0.030692574113751862,-0.0014486936465943564,1.4327041693080236
251,2020-12-21,Samsung HI,False,3,-0.043992984507453925,-0.05655778358971497,-0.05764854359934389,-0.0014486936465943564,1.4327041693080236
251,2020-12-21,Samsung HI,False,4,-0.045308389359836276,-0.05850088727652536,-0.05841456154228672,-0.0014486936465943564,1.4327041693080236
251,2020-12-21,Samsung HI,False,5,-0.038439052908506244,-0.0559280411229196,-0.05625213100730337,-0.0014486936465943564,1.4327041693080236
251,2020-12-21,Samsung HI,False,6,-0.02879275065770248,-0.0653868712119533,-0.07252913786837194,-0.0014486936465943564,1.4327041693080236
251,2020-12-21,Samsung HI,False,7,0.007161648640748419,-0.05503825540069407,-0.07181155768382473,-0.0014486936465943564,1.4327041693080236
251,2020-12-21,Samsung HI,False,8,0.027769657994738406,-0.05106787262361712,-0.07359165164737366,-0.0014486936465943564,1.4327041693080236
251,2020-12-21,Samsung HI,False,9,0.01812335574393442,-0.05264788410556198,-0.07023265183618801,-0.0014486936465943564,1.4327041693080236
251,2020-12-21,Samsung HI,False,10,0.015346389944460581,-0.07832142750340232,-0.10436494617713185,-0.0014486936465943564,1.4327041693080236
252,2020-12-22,Samsung HI,False,1,-0.02377767870411651,-0.031842725056217325,-0.034212570410767265,-0.0011519208211105934,1.436670295731552
252,2020-12-22,Samsung HI,False,2,-0.027938772477336893,-0.053185874101304154,-0.0619066917915853,-0.0011519208211105934,1.436670295731552
252,2020-12-22,Samsung HI,False,3,-0.029276266904443404,-0.05515892924637511,-0.06300535660221455,-0.0011519208211105934,1.436670295731552
252,2020-12-22,Samsung HI,False,4,-0.022291573785109264,-0.05252453966207371,-0.061118694527967324,-0.0011519208211105934,1.436670295731552
252,2020-12-22,Samsung HI,False,5,-0.012483281319661144,-0.06206066996869275,-0.0779500388261105,-0.0011519208211105934,1.436670295731552
252,2020-12-22,Samsung HI,False,6,0.024074899687917872,-0.0514289830766983,-0.07748776096574012,-0.0011519208211105934,1.436670295731552
252,2020-12-22,Samsung HI,False,7,0.045028979045920625,-0.047320915392558005,-0.07958392536001194,-0.0011519208211105934,1.436670295731552
252,2020-12-22,Samsung HI,False,8,0.035220686580472504,-0.048961887367382495,-0.07650655025975084,-0.0011519208211105934,1.436670295731552
252,2020-12-22,Samsung HI,False,9,0.03239708723435886,-0.07496884232798084,-0.11148506715146536,-0.0011519208211105934,1.436670295731552
252,2020-12-22,Samsung HI,False,10,0.016941596076682996,-0.1344387395285973,-0.1890228272341907,-0.0011519208211105934,1.436670295731552
253,2020-12-23,Samsung HI,False,1,-0.02110146662675849,-0.037122606133020875,-0.04296952256860461,-0.001161314280082903,1.4374364702914697
253,2020-12-23,Samsung HI,False,2,-0.02244836875187073,-0.03909934971183604,-0.04406046748968793,-0.001161314280082903,1.4374364702914697
253,2020-12-23,Samsung HI,False,3,-0.015414546542951157,-0.03637668366015978,-0.04206234409022862,-0.001161314280082903,1.4374364702914697
253,2020-12-23,Samsung HI,False,4,-0.005537264292128086,-0.045669748184113956,-0.05857990316152191,-0.001161314280082903,1.4374364702914697
253,2020-12-23,Samsung HI,False,5,0.03127806046093995,-0.034547611007966106,-0.05753558898947575,-0.001161314280082903,1.4374364702914697
253,2020-12-23,Samsung HI,False,6,0.05237952708769833,-0.030140562682807737,-0.059269973799655706,-0.001161314280082903,1.4374364702914697
253,2020-12-23,Samsung HI,False,7,0.04250224483687526,-0.03192402027569985,-0.05635158302294155,-0.001161314280082903,1.4374364702914697
253,2020-12-23,Samsung HI,False,8,0.03965878479497165,-0.05774221426388593,-0.09105844925439213,-0.001161314280082903,1.4374364702914697
253,2020-12-23,Samsung HI,False,9,0.02409458246034113,-0.11692474715668633,-0.16815991642648198,-0.001161314280082903,1.4374364702914697
253,2020-12-23,Samsung HI,False,10,-0.00823106854235256,-0.1479002207902349,-0.1973834589573214,-0.001161314280082903,1.4374364702914697
254,2021-01-05,Samsung HI,False,1,-0.022315789473684178,-0.013920485231600055,-0.008713910845188223,-0.0014745804442852866,1.444533495691406
254,2021-01-05,Samsung HI,False,2,-0.024982456140350884,-0.03779089086544052,-0.04053550823954923,-0.0014745804442852866,1.444533495691406
254,2021-01-05,Samsung HI,False,3,-0.03957894736842105,-0.09264341715802049,-0.11180861007774627,-0.0014745804442852866,1.444533495691406
254,2021-01-05,Samsung HI,False,4,-0.06989473684210523,-0.12171310695709381,-0.13884978638819961,-0.0014745804442852866,1.444533495691406
254,2021-01-05,Samsung HI,False,5,-0.07256140350877194,-0.11686308657851996,-0.12918376639710138,-0.0014745804442852866,1.444533495691406
254,2021-01-05,Samsung HI,False,6,-0.06863157894736838,-0.12039649706559086,-0.13456025440515199,-0.0014745804442852866,1.444533495691406
254,2021-01-05,Samsung HI,False,7,-0.05529824561403507,-0.10761104669911059,-0.12054377592487138,-0.0014745804442852866,1.444533495691406
254,2021-01-05,Samsung HI,False,8,-0.08056140350877194,-0.11148338363799215,-0.1134325960042523,-0.0014745804442852866,1.444533495691406
254,2021-01-05,Samsung HI,False,9,-0.10568421052631582,-0.11256281436016025,-0.10234936016932783,-0.0014745804442852866,1.444533495691406
254,2021-01-05,Samsung HI,False,10,-0.0926315789473684,-0.1258119059399585,-0.12581586824330562,-0.0014745804442852866,1.444533495691406
255,2021-01-26,Samsung HI,False,1,-0.018926466025442124,-0.012277741371716555,-0.008307798897879672,-0.0010251814221392478,1.4429061519411184
255,2021-01-26,Samsung HI,False,2,-0.04964318957493019,-0.025971821082886426,-0.013437263508616591,-0.0010251814221392478,1.4429061519411184
255,2021-01-26,Samsung HI,False,3,-0.09075395594166924,-0.03754825267202366,-0.01090757510912621,-0.0010251814221392478,1.4429061519411184
255,2021-01-26,Samsung HI,False,4,-0.04809183990071364,-0.02043759903237119,-0.004088639935963832,-0.0010251814221392478,1.4429061519411184
255,2021-01-26,Samsung HI,False,5,-0.052590753955941705,-0.03775041878387009,-0.026051635928595173,-0.0010251814221392478,1.4429061519411184
255,2021-01-26,Samsung HI,False,6,-0.08330747750542977,-0.07892377292512642,-0.07083111466538212,-0.0010251814221392478,1.4429061519411184
255,2021-01-26,Samsung HI,False,7,-0.09649394973627057,-0.07870781598556276,-0.06365395797315197,-0.0010251814221392478,1.4429061519411184
255,2021-01-26,Samsung HI,False,8,-0.08904747130003099,-0.08178477350842561,-0.07036662859972043,-0.0010251814221392478,1.4429061519411184
255,2021-01-26,Samsung HI,False,9,-0.07306856965560038,-0.05645630164519133,-0.03987199314643329,-0.0010251814221392478,1.4429061519411184
255,2021-01-26,Samsung HI,False,10,-0.0657772261867825,-0.04707490454120722,-0.028539717007407907,-0.0010251814221392478,1.4429061519411184
256,2021-02-04,Samsung HI,False,1,0.00034071550255543315,-0.006804700490396165,-0.009186060741263324,-0.0008544259770819799,1.4528478441480515
256,2021-02-04,Samsung HI,False,2,0.017887563884156688,0.020227413294676033,0.02299586101002477,-0.0008544259770819799,1.4528478441480515
256,2021-02-04,Samsung HI,False,3,0.025894378194207812,0.030354615277432107,0.03493770195620536,-0.0008544259770819799,1.4528478441480515
256,2021-02-04,Samsung HI,False,4,0.04207836456558778,0.04140384245965878,0.04451609048648655,-0.0008544259770819799,1.4528478441480515
256,2021-02-04,Samsung HI,False,5,0.07257240204429305,0.05691638895404583,0.054098727063583596,-0.0008544259770819799,1.4528478441480515
256,2021-02-04,Samsung HI,False,6,0.06115843270868826,0.040257929560380434,0.035919737630551556,-0.0008544259770819799,1.4528478441480515
256,2021-02-04,Samsung HI,False,7,0.05161839863713791,0.040245116812765325,0.04107573249728384,-0.0008544259770819799,1.4528478441480515
256,2021-02-04,Samsung HI,False,8,0.046848381601362954,0.050666370363630975,0.059230746160261374,-0.0008544259770819799,1.4528478441480515
256,2021-02-04,Samsung HI,False,9,0.05485519591141408,0.0519085993434083,0.05826407323375066,-0.0008544259770819799,1.4528478441480515
256,2021-02-04,Samsung HI,False,10,0.0500851788756389,0.05613328617951907,0.06741641830407709,-0.0008544259770819799,1.4528478441480515
257,2021-02-15,Samsung HI,False,1,-0.022135007849293564,-0.025751931243490733,-0.026390530768197702,-0.0009655022415998076,1.4434989607134971
257,2021-02-15,Samsung HI,False,2,-0.030926216640502324,-0.025177212087620693,-0.02069653006008091,-0.0009655022415998076,1.4434989607134971
257,2021-02-15,Samsung HI,False,3,-0.035321821036106704,-0.014638730152974566,-0.0025692941171632303,-0.0009655022415998076,1.4434989607134971
257,2021-02-15,Samsung HI,False,4,-0.027943485086342257,-0.013910456864821508,-0.003824814466514649,-0.0009655022415998076,1.4434989607134971
257,2021-02-15,Samsung HI,False,5,-0.03233908948194664,-0.009463635383559987,0.005509115942922832,-0.0009655022415998076,1.4434989607134971
257,2021-02-15,Samsung HI,False,6,0.00031397174254310656,0.026254292506538768,0.043551811255544436,-0.0009655022415998076,1.4434989607134971
257,2021-02-15,Samsung HI,False,7,-0.035321821036106704,0.014448948511936455,0.04328074877160322,-0.0009655022415998076,1.4434989607134971
257,2021-02-15,Samsung HI,False,8,-0.007221350078492894,0.009327660819868355,0.024391147886926368,-0.0009655022415998076,1.4434989607134971
257,2021-02-15,Samsung HI,False,9,-0.027943485086342257,0.016125871006111403,0.044360104806825895,-0.0009655022415998076,1.4434989607134971
257,2021-02-15,Samsung HI,False,10,-0.027943485086342257,0.006315759484306738,0.031164721262217164,-0.0009655022415998076,1.4434989607134971
258,2021-02-18,Samsung HI,False,1,0.004868549172346581,-0.0008467351679037893,-0.0024501284292493585,-0.0009149906305182571,1.4406401750002
258,2021-02-18,Samsung HI,False,2,0.0003245699448231054,0.0036288198380256542,0.006914786350247332,-0.0009149906305182571,1.4406401750002
258,2021-02-18,Samsung HI,False,3,0.03407984420642651,0.04051034816117027,0.04608885844068281,-0.0009149906305182571,1.4406401750002
258,2021-02-18,Samsung HI,False,4,-0.002758844530996396,0.027979417452977495,0.045183893114870775,-0.0009149906305182571,1.4406401750002
258,2021-02-18,Samsung HI,False,5,0.02629016553067176,0.02314125745419182,0.026328675200903442,-0.0009149906305182571,1.4406401750002
258,2021-02-18,Samsung HI,False,6,0.004868549172346581,0.02979120189277018,0.04626306773207639,-0.0009149906305182571,1.4406401750002
258,2021-02-18,Samsung HI,False,7,0.004868549172346581,0.01978459986555947,0.03276214546695645,-0.0009149906305182571,1.4406401750002
258,2021-02-18,Samsung HI,False,8,0.012658227848101333,0.014913920478426768,0.023227794317946086,-0.0009149906305182571,1.4406401750002
258,2021-02-18,Samsung HI,False,9,0.0017851346965271908,0.01682416432797884,0.031685880651279204,-0.0009149906305182571,1.4406401750002
258,2021-02-18,Samsung HI,False,10,-0.00892567348263551,0.01168948011158577,0.02992325130418201,-0.0009149906305182571,1.4406401750002
259,2021-03-09,Samsung HI,True,1,-0.016893554206987016,-0.009298175847105572,-0.004576842072947425,-0.0017077856484722775,1.3967607646254119
259,2021-03-09,Samsung HI,True,2,-0.016893554206987016,-0.02794442713872236,-0.02891340863595139,-0.0017077856484722775,1.3967607646254119
259,2021-03-09,Samsung HI,True,3,-0.002952271608988033,-0.027654025524096904,-0.03233135534962743,-0.0017077856484722775,1.3967607646254119
259,2021-03-09,Samsung HI,True,4,0.03116286698376247,0.009373122086488106,0.00755894883394197,-0.0017077856484722775,1.3967607646254119
259,2021-03-09,Samsung HI,True,5,0.021649991799245427,-0.0073392592642416155,-0.010302128439747378,-0.0017077856484722775,1.3967607646254119
259,2021-03-09,Samsung HI,True,6,0.006396588486140775,-0.015993674399834568,-0.01463053833180446,-0.0017077856484722775,1.3967607646254119
259,2021-03-09,Samsung HI,True,7,0.0032803017877645058,-0.025319786780251707,-0.024712680249546377,-0.0017077856484722775,1.3967607646254119
259,2021-03-09,Samsung HI,True,8,0.00787272429063468,-0.011843723863527389,-0.0060041517210918036,-0.0017077856484722775,1.3967607646254119
259,2021-03-09,Samsung HI,True,9,0.01098901098901095,-0.0073620135819036925,0.0007270907139309887,-0.0017077856484722775,1.3967607646254119
259,2021-03-09,Samsung HI,True,10,0.0,-0.008044928139132157,0.005841016505752051,-0.0017077856484722775,1.3967607646254119
260,2021-03-26,Samsung HI,True,1,-0.024558498896247283,-0.020729394421083902,-0.018662512821052895,-0.0009804623379569477,1.2837267222978301
260,2021-03-26,Samsung HI,True,2,-0.038907284768211925,-0.04622097275033621,-0.046335136793499467,-0.0009804623379569477,1.2837267222978301
260,2021-03-26,Samsung HI,True,3,0.011865342163355441,0.007366882664256114,0.009031936509057967,-0.0009804623379569477,1.2837267222978301
260,2021-03-26,Samsung HI,True,4,-0.020695364238410563,-0.03371825683645968,-0.033491350116313046,-0.0009804623379569477,1.2837267222978301
260,2021-03-26,Samsung HI,True,5,-0.038907284768211925,-0.06026430364467994,-0.06142154891876836,-0.0009804623379569477,1.2837267222978301
260,2021-03-26,Samsung HI,True,6,-0.01020971302428253,-0.034201497019478944,-0.035125833226771874,-0.0009804623379569477,1.2837267222978301
260,2021-03-26,Samsung HI,True,7,-0.024558498896247283,-0.05060100294026726,-0.0511267208874064,-0.0009804623379569477,1.2837267222978301
260,2021-03-26,Samsung HI,True,8,-0.02717991169977929,-0.05661184584049472,-0.05711877334146993,-0.0009804623379569477,1.2837267222978301
260,2021-03-26,Samsung HI,True,9,-0.015452538631346546,-0.04680394673776089,-0.046875017957602926,-0.0009804623379569477,1.2837267222978301
260,2021-03-26,Samsung HI,True,10,-0.020695364238410563,-0.048312821279926976,-0.04634400846494808,-0.0009804623379569477,1.2837267222978301
261,2021-05-31,Samsung HI,False,1,0.05140758873929019,0.046808446830038264,0.04555833774522861,0.00037064145010530264,1.1912242874991867
261,2021-05-31,Samsung HI,False,2,0.059625808707816086,0.054290804093083844,0.05252933873661619,0.00037064145010530264,1.1912242874991867
261,2021-05-31,Samsung HI,False,3,0.057877251267704155,0.045308342090623066,0.04179293703827784,0.00037064145010530264,1.1912242874991867
261,2021-05-31,Samsung HI,False,4,0.16034271725826188,0.15006558388002844,0.14661778057182043,0.00037064145010530264,1.1912242874991867
261,2021-05-31,Samsung HI,False,5,0.17345689805910114,0.15942561765799357,0.15488928881006395,0.00037064145010530264,1.1912242874991867
261,2021-05-31,Samsung HI,False,6,0.176954012939325,0.1642603812697898,0.15960920189737401,0.00037064145010530264,1.1912242874991867
261,2021-05-31,Samsung HI,False,7,0.16366497639447464,0.160840011940385,0.15770531997470405,0.00037064145010530264,1.1912242874991867
261,2021-05-31,Samsung HI,False,8,0.1536981989858366,0.1482353538163388,0.14422559354024078,0.00037064145010530264,1.1912242874991867
261,2021-05-31,Samsung HI,False,9,0.15702045812204934,0.1438622351681218,0.13801029030805384,0.00037064145010530264,1.1912242874991867
261,2021-05-31,Samsung HI,False,10,0.13551320160867286,0.12147880314525383,0.11508867079755382,0.00037064145010530264,1.1912242874991867
262,2021-06-01,Samsung HI,False,1,-0.0029615004935834577,-0.002908777506360982,-0.0026788076136099667,-0.00021963596537397662,1.1960042084382085
262,2021-06-01,Samsung HI,False,2,-0.0046067785455742305,-0.011749192638118466,-0.012709863927917552,-0.00021963596537397662,1.1960042084382085
262,2021-06-01,Samsung HI,False,3,0.09180651530108586,0.08694359506786431,0.0866493501329755,-0.00021963596537397662,1.1960042084382085
262,2021-06-01,Samsung HI,False,4,0.10414610069101671,0.09554915242157125,0.09474265824253027,-0.00021963596537397662,1.1960042084382085
262,2021-06-01,Samsung HI,False,5,0.10743665679499825,0.10017018861487181,0.09984411009795459,-0.00021963596537397662,1.1960042084382085
262,2021-06-01,Samsung HI,False,6,0.09493254359986847,0.09748185509968244,0.09929934667450975,-0.00021963596537397662,1.1960042084382085
262,2021-06-01,Samsung HI,False,7,0.08555445870352085,0.08548002625097162,0.08700288893464543,-0.00021963596537397662,1.1960042084382085
262,2021-06-01,Samsung HI,False,8,0.08868048700230347,0.08095191734593321,0.08119417289106862,-0.00021963596537397662,1.1960042084382085
262,2021-06-01,Samsung HI,False,9,0.06844356696281673,0.05984351734118176,0.060134595110929674,-0.00021963596537397662,1.1960042084382085
262,2021-06-01,Samsung HI,False,10,0.09641329384665998,0.08579736530181448,0.08591295828428522,-0.00021963596537397662,1.1960042084382085
263,2021-07-05,Samsung HI,True,1,-0.01823937292734401,-0.021204075668100897,-0.019512532903153895,-0.0014031717605434524,0.9027318994112953
263,2021-07-05,Samsung HI,True,2,-0.025474826650587867,-0.022409985536806398,-0.019901753289463187,-0.0014031717605434524,0.9027318994112953
263,2021-07-05,Samsung HI,True,3,-0.04672897196261683,-0.033753466415557765,-0.030806053912668045,-0.0014031717605434524,0.9027318994112953
263,2021-07-05,Samsung HI,True,4,-0.06798311727464579,-0.044468806590791665,-0.04114331188548903,-0.0014031717605434524,0.9027318994112953
263,2021-07-05,Samsung HI,True,5,-0.052306300874284006,-0.03744637321667221,-0.03187591135209641,-0.0014031717605434524,0.9027318994112953
263,2021-07-05,Samsung HI,True,6,-0.050949653301175735,-0.0436486555588409,-0.03593977917837952,-0.0014031717605434524,0.9027318994112953
263,2021-07-05,Samsung HI,True,7,-0.06240578836297861,-0.05311112664860962,-0.044192998415376675,-0.0014031717605434524,0.9027318994112953
263,2021-07-05,Samsung HI,True,8,-0.05803436840518539,-0.05523656295280266,-0.04428332609062503,-0.0014031717605434524,0.9027318994112953
263,2021-07-05,Samsung HI,True,9,-0.06376243593608688,-0.05813951456595112,-0.04605789960249279,-0.0014031717605434524,0.9027318994112953
263,2021-07-05,Samsung HI,True,10,-0.08365993367500757,-0.06806262345239689,-0.05554802658660849,-0.0014031717605434524,0.9027318994112953
264,2021-08-23,Samsung HI,True,1,0.03058269996380747,0.02462058822229385,0.025614635234211314,-9.215896486487422e-06,0.8348184069456981
264,2021-08-23,Samsung HI,True,2,0.052660152008686234,0.04397021387360911,0.04542406349127745,-9.215896486487422e-06,0.8348184069456981
264,2021-08-23,Samsung HI,True,3,0.039087947882736174,0.03625754752372723,0.03675272525346926,-9.215896486487422e-06,0.8348184069456981
264,2021-08-23,Samsung HI,True,4,0.049221860296778885,0.044670140580139295,0.045458864480016445,-9.215896486487422e-06,0.8348184069456981
264,2021-08-23,Samsung HI,True,5,0.05772710821570759,0.04987699442271465,0.05121976820713121,-9.215896486487422e-06,0.8348184069456981
264,2021-08-23,Samsung HI,True,6,0.06804198335142964,0.042536325756147964,0.04680468628855307,-9.215896486487422e-06,0.8348184069456981
264,2021-08-23,Samsung HI,True,7,0.06967064784654364,0.04168077702563133,0.04636869975261916,-9.215896486487422e-06,0.8348184069456981
264,2021-08-23,Samsung HI,True,8,0.05103148751357223,0.033032962014325484,0.03607971430081144,-9.215896486487422e-06,0.8348184069456981
264,2021-08-23,Samsung HI,True,9,0.06279406442272895,0.03671463370823713,0.04110541868798457,-9.215896486487422e-06,0.8348184069456981
264,2021-08-23,Samsung HI,True,10,0.05953673543250093,0.032729670650630815,0.03724986328127487,-9.215896486487422e-06,0.8348184069456981
265,2021-09-16,Samsung HI,False,1,-0.012841091492776902,-0.016920701436026975,-0.015844848914264964,-1.3146501619586143e-06,0.7366076937384832
265,2021-09-16,Samsung HI,False,2,-0.0048154093097912964,-0.004761057139700986,-0.004772743782807474,-1.3146501619586143e-06,0.7366076937384832
265,2021-09-16,Samsung HI,False,3,-0.014446227929374,-0.013643734123922724,-0.013851160867615241,-1.3146501619586143e-06,0.7366076937384832
265,2021-09-16,Samsung HI,False,4,-0.012841091492776902,-0.014724234327082697,-0.01422297039228721,-1.3146501619586143e-06,0.7366076937384832
265,2021-09-16,Samsung HI,False,5,0.0,0.009537207257613312,0.007031753493546259,-1.3146501619586143e-06,0.7366076937384832
265,2021-09-16,Samsung HI,False,6,-0.011235955056179803,0.010338659283201546,0.0046639597566208515,-1.3146501619586143e-06,0.7366076937384832
265,2021-09-16,Samsung HI,False,7,-0.0048154093097912964,0.01402561059269447,0.009072233459393316,-1.3146501619586143e-06,0.7366076937384832
265,2021-09-16,Samsung HI,False,8,-0.006420545746388395,0.028291307822471023,0.01915898985765275,-1.3146501619586143e-06,0.7366076937384832
265,2021-09-16,Samsung HI,False,9,-0.012841091492776902,0.040097922175195255,0.02616602512543574,-1.3146501619586143e-06,0.7366076937384832
265,2021-09-16,Samsung HI,False,10,-0.052969502407704705,0.017189557619471385,-0.001276652504607137,-1.3146501619586143e-06,0.7366076937384832
266,2021-09-30,Samsung HI,False,1,-0.001612903225806428,0.01050341077094119,0.007366620560441635,-2.065821801736745e-05,0.7394051995215313
266,2021-09-30,Samsung HI,False,2,-0.008064516129032251,0.02270562073983473,0.0147283994978319,-2.065821801736745e-05,0.7394051995215313
266,2021-09-30,Samsung HI,False,3,-0.048387096774193505,6.1746305856091865e-06,-0.012542885621591088,-2.065821801736745e-05,0.7394051995215313
266,2021-09-30,Samsung HI,False,4,-0.006451612903225823,0.02520524313742578,0.01703826392580604,-2.065821801736745e-05,0.7394051995215313
266,2021-09-30,Samsung HI,False,5,-0.029032258064516148,0.0036585583388069054,-0.004757207349208481,-2.065821801736745e-05,0.7394051995215313
266,2021-09-30,Samsung HI,False,6,-0.016129032258064502,0.0296237137901455,0.017824735370474375,-2.065821801736745e-05,0.7394051995215313
266,2021-09-30,Samsung HI,False,7,-0.011290322580645107,0.025290933288552475,0.01590265574018869,-2.065821801736745e-05,0.7394051995215313
266,2021-09-30,Samsung HI,False,8,-0.022580645161290325,-0.00047156234302847544,-0.006067808624676423,-2.065821801736745e-05,0.7394051995215313
266,2021-09-30,Samsung HI,False,9,-0.006451612903225823,0.007012775996751652,0.00368995021995382,-2.065821801736745e-05,0.7394051995215313
266,2021-09-30,Samsung HI,False,10,-0.01935483870967747,-0.003148491632742223,-0.007165199235567304,-2.065821801736745e-05,0.7394051995215313
267,2021-10-18,Samsung HI,False,1,-0.011437908496731986,-0.01369121152131969,-0.013260650914178395,-1.2852413331396548e-05,0.8146240477858814
267,2021-10-18,Samsung HI,False,2,-0.017973856209150374,-0.01496283454633851,-0.015495300727556805,-1.2852413331396548e-05,0.8146240477858814
267,2021-10-18,Samsung HI,False,3,-0.021241830065359513,-0.016311695694381734,-0.017187066807951106,-1.2852413331396548e-05,0.8146240477858814
267,2021-10-18,Samsung HI,False,4,-0.02777777777777779,-0.02246051205015276,-0.02339479559426116,-1.2852413331396548e-05,0.8146240477858814
267,2021-10-18,Samsung HI,False,5,-0.014705882352941124,-0.014146692615561784,-0.01418609087893986,-1.2852413331396548e-05,0.8146240477858814
267,2021-10-18,Samsung HI,False,6,-0.02777777777777779,-0.03666194609057982,-0.03493792044997526,-1.2852413331396548e-05,0.8146240477858814
267,2021-10-18,Samsung HI,False,7,0.05392156862745101,0.05284289493286143,0.05313282198944407,-1.2852413331396548e-05,0.8146240477858814
267,2021-10-18,Samsung HI,False,8,0.042483660130719025,0.046679237568571175,0.046004297712592436,-1.2852413331396548e-05,0.8146240477858814
267,2021-10-18,Samsung HI,False,9,0.042483660130719025,0.05954060152829632,0.05649432649484258,-1.2852413331396548e-05,0.8146240477858814
267,2021-10-18,Samsung HI,False,10,0.006535947712418277,0.02085980790836628,0.01833303281847447,-1.2852413331396548e-05,0.8146240477858814
268,2021-10-25,Samsung HI,False,1,-0.018151815181518205,-0.021198048182156426,-0.020576029722343427,-6.565700876400181e-05,0.8173608351913885
268,2021-10-25,Samsung HI,False,2,0.06435643564356441,0.06907053055707912,0.06834086621677428,-6.565700876400181e-05,0.8173608351913885
268,2021-10-25,Samsung HI,False,3,0.05280528052805278,0.06276310697830312,0.0611413888984123,-6.565700876400181e-05,0.8173608351913885
268,2021-10-25,Samsung HI,False,4,0.05280528052805278,0.07555004831035583,0.07165859095388619,-6.565700876400181e-05,0.8173608351913885
268,2021-10-25,Samsung HI,False,5,0.01650165016501659,0.03652915179340255,0.03319963066661104,-6.565700876400181e-05,0.8173608351913885
268,2021-10-25,Samsung HI,False,6,0.00990099009900991,0.018562687173178882,0.01737466410631148,-6.565700876400181e-05,0.8173608351913885
268,2021-10-25,Samsung HI,False,7,-0.011551155115511524,0.009538909427783793,0.006146636715184638,-6.565700876400181e-05,0.8173608351913885
268,2021-10-25,Samsung HI,False,8,-0.01650165016501648,0.002117873359402833,-0.0007575247961193916,-6.565700876400181e-05,0.8173608351913885
268,2021-10-25,Samsung HI,False,9,-0.02640264026402639,-0.0031940292278465066,-0.006841917484986311,-6.565700876400181e-05,0.8173608351913885
268,2021-10-25,Samsung HI,False,10,-0.01320132013201325,0.012991020203927839,0.00886384312822867,-6.565700876400181e-05,0.8173608351913885
269,2021-12-07,Samsung HI,False,1,-0.007104795737122527,-0.0017600726984835502,-0.00269051277135887,-0.0006927619414903575,0.696298198684768
269,2021-12-07,Samsung HI,False,2,0.005328596802841812,0.001471648497215039,0.004028534528194337,-0.0006927619414903575,0.696298198684768
269,2021-12-07,Samsung HI,False,3,0.023090586145648295,0.025642003839232874,0.026945419514254755,-0.0006927619414903575,0.696298198684768
269,2021-12-07,Samsung HI,False,4,0.023090586145648295,0.028481698596897975,0.0296154558003219,-0.0006927619414903575,0.696298198684768
269,2021-12-07,Samsung HI,False,5,0.023090586145648295,0.033024547503267554,0.033471395252214466,-0.0006927619414903575,0.696298198684768
269,2021-12-07,Samsung HI,False,6,0.0248667850799289,0.03432359819355313,0.03560811866518609,-0.0006927619414903575,0.696298198684768
269,2021-12-07,Samsung HI,False,7,0.030195381882770933,0.03401256783473139,0.0377026151755983,-0.0006927619414903575,0.696298198684768
269,2021-12-07,Samsung HI,False,8,0.02131438721136769,0.021380657800811442,0.026902626835346014,-0.0006927619414903575,0.696298198684768
269,2021-12-07,Samsung HI,False,9,-0.008880994671403242,0.009320222719324756,0.010027337685043755,-0.0006927619414903575,0.696298198684768
269,2021-12-07,Samsung HI,False,10,0.0,0.014215041435685971,0.016825527160801056,-0.0006927619414903575,0.696298198684768
270,2021-12-10,Samsung HI,False,1,0.0,0.005964227879205364,0.0042025388791392185,-0.000237806062733274,0.6647520679465019
270,2021-12-10,Samsung HI,False,2,0.0,0.010504459096523866,0.007458473032540231,-0.000237806062733274,0.6647520679465019
270,2021-12-10,Samsung HI,False,3,0.0017361111111111605,0.011763696906910148,0.009115387693579328,-0.000237806062733274,0.6647520679465019
270,2021-12-10,Samsung HI,False,4,0.00694444444444442,0.011335652755286363,0.010814733500793563,-0.000237806062733274,0.6647520679465019
270,2021-12-10,Samsung HI,False,5,-0.0017361111111111605,-0.0010936568031900684,-0.00012000796769310587,-0.000237806062733274,0.6647520679465019
270,2021-12-10,Samsung HI,False,6,-0.03125,-0.012483048644388317,-0.017347793900906083,-0.000237806062733274,0.6647520679465019
270,2021-12-10,Samsung HI,False,7,-0.02256944444444442,-0.007786372121972085,-0.011077724108345321,-0.000237806062733274,0.6647520679465019
270,2021-12-10,Samsung HI,False,8,-0.03125,-0.019596408713534852,-0.021600802591452764,-0.000237806062733274,0.6647520679465019
270,2021-12-10,Samsung HI,False,9,-0.02256944444444442,-0.01544946113500989,-0.015696166251153772,-0.000237806062733274,0.6647520679465019
270,2021-12-10,Samsung HI,False,10,-0.02604166666666663,-0.02364405368246625,-0.022069787849951304,-0.000237806062733274,0.6647520679465019
271,2021-12-27,Samsung HI,True,1,0.0072202166064982976,0.00274032622579079,0.004887693112375491,-0.0007239083225986683,0.6822559386461535
271,2021-12-27,Samsung HI,True,2,0.03068592057761732,0.0351691367863729,0.035192438105472845,-0.0007239083225986683,0.6822559386461535
271,2021-12-27,Samsung HI,True,3,0.023465703971119023,0.03315051524700641,0.032244948946556426,-0.0007239083225986683,0.6822559386461535
271,2021-12-27,Samsung HI,True,4,0.025270758122743597,0.03125724860921242,0.032250710099180326,-0.0007239083225986683,0.6822559386461535
271,2021-12-27,Samsung HI,True,5,0.036101083032491044,0.04193125960070221,0.043698297232502105,-0.0007239083225986683,0.6822559386461535
271,2021-12-27,Samsung HI,True,6,0.04332129963898912,0.06088167173263115,0.05964541772030459,-0.0007239083225986683,0.6822559386461535
271,2021-12-27,Samsung HI,True,7,0.06137184115523464,0.0900537822415165,0.08600762405144022,-0.0007239083225986683,0.6822559386461535
271,2021-12-27,Samsung HI,True,8,0.06137184115523464,0.07862623706845717,0.07893502181557198,-0.0007239083225986683,0.6822559386461535
271,2021-12-27,Samsung HI,True,9,0.06498194945848379,0.0916052029830301,0.08966099718507567,-0.0007239083225986683,0.6822559386461535
271,2021-12-27,Samsung HI,True,10,0.05956678700361007,0.08597053587698578,0.08481998470097901,-0.0007239083225986683,0.6822559386461535
272,2022-02-23,Samsung HI,False,1,-0.03361344537815125,-0.018561089357208793,-0.022802125770998785,0.00021097908716096145,0.7322640176048202
272,2022-02-23,Samsung HI,False,2,-0.03361344537815125,-0.028957924197760998,-0.030626332908876272,0.00021097908716096145,0.7322640176048202
272,2022-02-23,Samsung HI,False,3,-0.021848739495798353,-0.025530022218311355,-0.025177347633607818,0.00021097908716096145,0.7322640176048202
272,2022-02-23,Samsung HI,False,4,0.01680672268907557,0.011511625116491064,0.012085396918321462,0.00021097908716096145,0.7322640176048202
272,2022-02-23,Samsung HI,False,5,0.006722689075630228,-0.014770052476011708,-0.01007056763812196,0.00021097908716096145,0.7322640176048202
272,2022-02-23,Samsung HI,False,6,0.0117647058823529,0.0027846071198589506,0.0039230281610752385,0.00021097908716096145,0.7322640176048202
272,2022-02-23,Samsung HI,False,7,-0.001680672268907557,0.012438348435519053,0.00718132494663478,0.00021097908716096145,0.7322640176048202
272,2022-02-23,Samsung HI,False,8,-0.030252100840336138,-0.005382990892692119,-0.013729179173106024,0.00021097908716096145,0.7322640176048202
272,2022-02-23,Samsung HI,False,9,-0.02352941176470591,-0.020197664977461782,-0.022988505261085226,0.00021097908716096145,0.7322640176048202
272,2022-02-23,Samsung HI,False,10,-0.015126050420168013,-0.0047143417100299345,-0.009611721641560819,0.00021097908716096145,0.7322640176048202
273,2022-03-11,Samsung HI,False,1,0.022927689594356204,0.026423073653446205,0.02530626886270126,-1.9084706976771477e-06,0.6799455388791034
273,2022-03-11,Samsung HI,False,2,-0.024691358024691357,-0.012110988674087109,-0.01613357506590124,-1.9084706976771477e-06,0.6799455388791034
273,2022-03-11,Samsung HI,False,3,-0.024691358024691357,-0.026310986414140536,-0.025786891710646243,-1.9084706976771477e-06,0.6799455388791034
273,2022-03-11,Samsung HI,False,4,-0.02821869488536155,-0.0431268092235928,-0.038347766839950774,-1.9084706976771477e-06,0.6799455388791034
273,2022-03-11,Samsung HI,False,5,-0.024691358024691357,-0.04431146100292438,-0.03802241716360112,-1.9084706976771477e-06,0.6799455388791034
273,2022-03-11,Samsung HI,False,6,-0.024691358024691357,-0.03641294767112291,-0.032649949789167916,-1.9084706976771477e-06,0.6799455388791034
273,2022-03-11,Samsung HI,False,7,0.005291005291005346,-0.015451537826892459,-0.008799435072132973,-1.9084706976771477e-06,0.6799455388791034
273,2022-03-11,Samsung HI,False,8,0.003527336860670305,-0.026650483270180825,-0.016976669544816504,-1.9084706976771477e-06,0.6799455388791034
273,2022-03-11,Samsung HI,False,9,0.007054673721340388,-0.02109296105622427,-0.012067008739383909,-1.9084706976771477e-06,0.6799455388791034
273,2022-03-11,Samsung HI,False,10,0.003527336860670305,-0.024740828401690784,-0.015674391294792585,-1.9084706976771477e-06,0.6799455388791034
274,2022-03-28,Samsung HI,False,1,-0.0035087719298245723,-0.001851587031695967,-0.00237544815327759,0.00017910167089735468,0.7919607817609297
274,2022-03-28,Samsung HI,False,2,0.0,-0.00040792243646237125,-0.0006812619134732721,0.00017910167089735468,0.7919607817609297
274,2022-03-28,Samsung HI,False,3,-0.0035087719298245723,-0.00789029595718449,-0.007516072136528894,0.00017910167089735468,0.7919607817609297
274,2022-03-28,Samsung HI,False,4,-0.012280701754386003,-0.010179172773682188,-0.011332779903523979,0.00017910167089735468,0.7919607817609297
274,2022-03-28,Samsung HI,False,5,-0.0052631578947368585,-0.00973573603737865,-0.009700772731557072,0.00017910167089735468,0.7919607817609297
274,2022-03-28,Samsung HI,False,6,-0.007017543859649145,-0.011963603401756284,-0.012009239066636548,0.00017910167089735468,0.7919607817609297
274,2022-03-28,Samsung HI,False,7,-0.02280701754385961,-0.018949965220522946,-0.021006095066858577,0.00017910167089735468,0.7919607817609297
274,2022-03-28,Samsung HI,False,8,-0.05087719298245619,-0.03275378187676792,-0.037956975522199426,0.00017910167089735468,0.7919607817609297
274,2022-03-28,Samsung HI,False,9,-0.04385964912280704,-0.02738613858602479,-0.03242518987782625,0.00017910167089735468,0.7919607817609297
274,2022-03-28,Samsung HI,False,10,-0.02631578947368418,-0.00718714093528483,-0.012957666732156915,0.00017910167089735468,0.7919607817609297
275,2022-04-01,Samsung HI,False,1,0.008896797153024938,-0.0013747918661921599,0.0008152028970276025,-0.0004057926927094199,0.8262973657559427
275,2022-04-01,Samsung HI,False,2,0.007117437722419906,-0.0036303661942642673,-0.0009518589561787905,-0.0004057926927094199,0.8262973657559427
275,2022-04-01,Samsung HI,False,3,-0.008896797153024938,-0.010790667168337098,-0.009244318879633283,-0.0004057926927094199,0.8262973657559427
275,2022-04-01,Samsung HI,False,4,-0.03736654804270467,-0.02491169687817607,-0.025451966563734673,-0.0004057926927094199,0.8262973657559427
275,2022-04-01,Samsung HI,False,5,-0.030249110320284656,-0.019453684913853464,-0.019299915281188684,-0.0004057926927094199,0.8262973657559427
275,2022-04-01,Samsung HI,False,6,-0.01245551601423489,0.0010103760095320213,0.0011060712488141881,-0.0004057926927094199,0.8262973657559427
275,2022-04-01,Samsung HI,False,7,-0.01245551601423489,0.010659222470522534,0.009484680354823617,-0.0004057926927094199,0.8262973657559427
275,2022-04-01,Samsung HI,False,8,0.06583629893238441,0.07073398599325942,0.07312958639075776,-0.0004057926927094199,0.8262973657559427
275,2022-04-01,Samsung HI,False,9,0.092526690391459,0.09734378723891646,0.10015917906148913,-0.0004057926927094199,0.8262973657559427
275,2022-04-01,Samsung HI,False,10,0.11032028469750887,0.12270187203165794,0.12460908462268759,-0.0004057926927094199,0.8262973657559427
276,2022-04-19,Samsung HI,True,1,-0.025117739403453743,-0.025191309657528804,-0.02527102416122441,8.922692839147217e-05,0.8707028429429803
276,2022-04-19,Samsung HI,True,2,-0.02982731554160123,-0.03340282988964016,-0.03311897990620509,8.922692839147217e-05,0.8707028429429803
276,2022-04-19,Samsung HI,True,3,-0.03453689167974883,-0.02946790117399023,-0.030390988020708255,8.922692839147217e-05,0.8707028429429803
276,2022-04-19,Samsung HI,True,4,-0.050235478806907374,-0.027664124856736638,-0.030939444466987334,8.922692839147217e-05,0.8707028429429803
276,2022-04-19,Samsung HI,True,5,-0.04709576138147564,-0.028636984634090257,-0.031469786632234764,8.922692839147217e-05,0.8707028429429803
276,2022-04-19,Samsung HI,True,6,-0.04395604395604391,-0.014737617550208415,-0.01905083858851153,8.922692839147217e-05,0.8707028429429803
276,2022-04-19,Samsung HI,True,7,-0.03453689167974883,-0.01577647689065631,-0.018826733686836745,8.922692839147217e-05,0.8707028429429803
276,2022-04-19,Samsung HI,True,8,-0.04866562009419151,-0.04004318631661663,-0.04187185791810126,8.922692839147217e-05,0.8707028429429803
276,2022-04-19,Samsung HI,True,9,-0.053375196232339106,-0.04195709279991888,-0.044236463468237064,8.922692839147217e-05,0.8707028429429803
276,2022-04-19,Samsung HI,True,10,-0.07221350078492939,-0.05822411697259244,-0.06092517381242182,8.922692839147217e-05,0.8707028429429803
277,2022-05-17,Samsung HI,False,1,-0.014209591474245165,-0.010881002424050656,-0.011789996571157788,0.000880050902741365,0.9913046507305926
277,2022-05-17,Samsung HI,False,2,-0.030195381882770822,-0.014098978049390087,-0.01599904370818549,0.000880050902741365,0.9913046507305926
277,2022-05-17,Samsung HI,False,3,-0.008880994671403242,-0.010604118307421917,-0.013229287853796458,0.000880050902741365,0.9913046507305926
277,2022-05-17,Samsung HI,False,4,-0.007104795737122527,-0.011898419420583894,-0.015376940799355554,0.000880050902741365,0.9913046507305926
277,2022-05-17,Samsung HI,False,5,-0.010657193605683846,0.00030399815824067034,-0.0041915677462624305,0.000880050902741365,0.9913046507305926
277,2022-05-17,Samsung HI,False,6,-0.008880994671403242,-0.002227611997525192,-0.007565770900145775,0.000880050902741365,0.9913046507305926
277,2022-05-17,Samsung HI,False,7,0.005328596802841812,0.01379239792249265,0.007558445896420929,0.000880050902741365,0.9913046507305926
277,2022-05-17,Samsung HI,False,8,0.0248667850799289,0.023614294331280927,0.016584777953866203,0.000880050902741365,0.9913046507305926
277,2022-05-17,Samsung HI,False,9,0.0248667850799289,0.011616951129838737,0.0038117049391241387,0.000880050902741365,0.9913046507305926
277,2022-05-17,Samsung HI,False,10,0.05328596802841923,0.033872361424376995,0.025240660486964366,0.000880050902741365,0.9913046507305926
278,2022-05-18,Samsung HI,False,1,0.0018348623853210455,-0.004414555370788831,-0.005220985573677013,0.0009053161622900921,0.9841767724192814
278,2022-05-18,Samsung HI,False,2,0.023853211009174258,-0.0006204405139758062,-0.0020438206807739875,0.0009053161622900921,0.9841767724192814
278,2022-05-18,Samsung HI,False,3,0.025688073394495303,-0.0019258135104516239,-0.004204821180436698,0.0009053161622900921,0.9841767724192814
278,2022-05-18,Samsung HI,False,4,0.022018348623853212,0.010517090977050003,0.0070778133450994825,0.0009053161622900921,0.9841767724192814
278,2022-05-18,Samsung HI,False,5,0.023853211009174258,0.007946307925610574,0.0036714256617557776,0.0009053161622900921,0.9841767724192814
278,2022-05-18,Samsung HI,False,6,0.038532110091743066,0.02447674257939947,0.01926724688453737,0.0009053161622900921,0.9841767724192814
278,2022-05-18,Samsung HI,False,7,0.05871559633027523,0.03472326642312362,0.02876568938340552,0.0009053161622900921,0.9841767724192814
278,2022-05-18,Samsung HI,False,8,0.05871559633027523,0.02245344684109707,0.01578470178670964,0.0009053161622900921,0.9841767724192814
278,2022-05-18,Samsung HI,False,9,0.08807339449541285,0.04550748448702846,0.038033169107660685,0.0009053161622900921,0.9841767724192814
278,2022-05-18,Samsung HI,False,10,0.09174311926605494,0.0596226646500253,0.05107775229050996,0.0009053161622900921,0.9841767724192814
279,2022-06-22,Samsung HI,True,1,-0.04801324503311255,-0.03373629260023814,-0.03367969288242054,0.0005391278456875883,1.0417265215602631
279,2022-06-22,Samsung HI,True,2,-0.038079470198675525,-0.046069793218983524,-0.04748145729613905,0.0005391278456875883,1.0417265215602631
279,2022-06-22,Samsung HI,True,3,-0.019867549668874163,-0.042901487245540326,-0.04547999687551361,0.0005391278456875883,1.0417265215602631
279,2022-06-22,Samsung HI,True,4,-0.01655629139072845,-0.04818110398443154,-0.051657208791712324,0.0005391278456875883,1.0417265215602631
279,2022-06-22,Samsung HI,True,5,-0.028145695364238388,-0.04098728593259049,-0.04421876006674685,0.0005391278456875883,1.0417265215602631
279,2022-06-22,Samsung HI,True,6,0.004966887417218624,0.011440923126636804,0.008476295043122226,0.0005391278456875883,1.0417265215602631
279,2022-06-22,Samsung HI,True,7,-0.01490066225165565,0.003167008458443865,0.00014701459005945008,0.0005391278456875883,1.0417265215602631
279,2022-06-22,Samsung HI,True,8,-0.05132450331125826,-0.031093141719326978,-0.03456198013916849,0.0005391278456875883,1.0417265215602631
279,2022-06-22,Samsung HI,True,9,-0.0314569536423841,-0.028875857826655582,-0.033620308287639775,0.0005391278456875883,1.0417265215602631
279,2022-06-22,Samsung HI,True,10,-0.10099337748344372,-0.07721407395339064,-0.08161312478883172,0.0005391278456875883,1.0417265215602631
280,2022-09-06,Samsung HI,True,1,-0.022336769759450203,-0.014322276884835339,-0.015700238653174946,0.0009706308994607444,0.949175715138628
280,2022-09-06,Samsung HI,True,2,-0.027491408934707917,-0.02274115222048312,-0.024923842419813012,0.0009706308994607444,0.949175715138628
280,2022-09-06,Samsung HI,True,3,-0.02405498281786944,-0.046545653447257584,-0.0483144738948485,0.0009706308994607444,0.949175715138628
280,2022-09-06,Samsung HI,True,4,-0.03951890034364258,-0.04609746324488906,-0.04964563608786063,0.0009706308994607444,0.949175715138628
280,2022-09-06,Samsung HI,True,5,-0.02577319587628868,-0.028348686555266567,-0.03307094358064411,0.0009706308994607444,0.949175715138628
280,2022-09-06,Samsung HI,True,6,-0.04123711340206182,-0.03586072443200783,-0.04195776095331186,0.0009706308994607444,0.949175715138628
280,2022-09-06,Samsung HI,True,7,-0.05670103092783507,-0.04000417077238727,-0.04764719304544345,0.0009706308994607444,0.949175715138628
280,2022-09-06,Samsung HI,True,8,-0.053264604810996596,-0.041656112787921584,-0.05001115328899927,0.0009706308994607444,0.949175715138628
280,2022-09-06,Samsung HI,True,9,-0.0068728522336769515,0.013351219629609057,0.00358766754502585,0.0009706308994607444,0.949175715138628
280,2022-09-06,Samsung HI,True,10,0.010309278350515427,0.036752930621705815,0.025702641911292325,0.0009706308994607444,0.949175715138628
281,2022-10-19,Samsung HI,True,1,0.007736943907156624,0.011079967816068237,0.010107892697015501,0.0006534086800886862,0.9046771881844552
281,2022-10-19,Samsung HI,True,2,-0.01740812379110257,-0.011831923964544244,-0.01367028037143451,0.0006534086800886862,0.9046771881844552
281,2022-10-19,Samsung HI,True,3,-0.015473887814313358,-0.020250278157287638,-0.021755205239732775,0.0006534086800886862,0.9046771881844552
281,2022-10-19,Samsung HI,True,4,-0.025145067698259194,-0.02943168706533128,-0.031636709174433744,0.0006534086800886862,0.9046771881844552
281,2022-10-19,Samsung HI,True,5,-0.030947775628626717,-0.04174520365700629,-0.04398300585740861,0.0006534086800886862,0.9046771881844552
281,2022-10-19,Samsung HI,True,6,0.003868471953578423,-0.024551724583875556,-0.025763083618107148,0.0006534086800886862,0.9046771881844552
281,2022-10-19,Samsung HI,True,7,0.023210831721470093,0.0039480044398787495,0.0012103305392564198,0.0006534086800886862,0.9046771881844552
281,2022-10-19,Samsung HI,True,8,-0.003868471953578312,-0.0344589380448016,-0.03677023824294761,0.0006534086800886862,0.9046771881844552
281,2022-10-19,Samsung HI,True,9,0.005802707930367523,-0.043484428167550604,-0.04466691788915979,0.0006534086800886862,0.9046771881844552
281,2022-10-19,Samsung HI,True,10,0.007736943907156624,-0.042291588622173304,-0.044056815031358984,0.0006534086800886862,0.9046771881844552
282,2022-11-11,Samsung HI,False,1,-0.010830324909747335,-0.006593207276417101,-0.007850039800331537,0.0010570606760604898,0.9528519467379218
282,2022-11-11,Samsung HI,False,2,-0.02166064981949456,-0.01970908091905277,-0.02191521494563639,0.0010570606760604898,0.9528519467379218
282,2022-11-11,Samsung HI,False,3,-0.005415162454873612,-0.0023047237743756277,-0.005622556931133644,0.0010570606760604898,0.9528519467379218
282,2022-11-11,Samsung HI,False,4,-0.027075812274368283,-0.010062960086599237,-0.015093325651929994,0.0010570606760604898,0.9528519467379218
282,2022-11-11,Samsung HI,False,5,-0.03790613718411551,-0.021529053834016154,-0.02758650481238658,0.0010570606760604898,0.9528519467379218
282,2022-11-11,Samsung HI,False,6,-0.07581227436823101,-0.04938360521750562,-0.05697202957463281,0.0010570606760604898,0.9528519467379218
282,2022-11-11,Samsung HI,False,7,-0.06859205776173283,-0.03643744521857706,-0.04535289733580668,0.0010570606760604898,0.9528519467379218
282,2022-11-11,Samsung HI,False,8,-0.05234657039711188,-0.02531834708934355,-0.03504916060992147,0.0010570606760604898,0.9528519467379218
282,2022-11-11,Samsung HI,False,9,-0.06317689530685922,-0.0455322981348234,-0.05587775262662287,0.0010570606760604898,0.9528519467379218
282,2022-11-11,Samsung HI,False,10,-0.06317689530685922,-0.04413602100399194,-0.055604367920384964,0.0010570606760604898,0.9528519467379218
283,2022-11-22,Samsung HI,False,1,0.015473887814313247,0.018093135780786862,0.016916579209951876,0.0010879292063471799,0.966163049233124
283,2022-11-22,Samsung HI,False,2,0.003868471953578423,-0.003131313556824278,-0.005070320571824449,0.0010879292063471799,0.966163049233124
283,2022-11-22,Samsung HI,False,3,0.003868471953578423,-0.0017000079751450237,-0.004775375212992011,0.0010879292063471799,0.966163049233124
283,2022-11-22,Samsung HI,False,4,-0.011605415860735047,-0.004968612745686052,-0.009544898751328133,0.0010879292063471799,0.966163049233124
283,2022-11-22,Samsung HI,False,5,-0.0019342359767892114,-0.00565893032911291,-0.010972544061427572,0.0010879292063471799,0.966163049233124
283,2022-11-22,Samsung HI,False,6,0.007736943907156624,-0.012132217438518111,-0.017987480842368477,0.0010879292063471799,0.966163049233124
283,2022-11-22,Samsung HI,False,7,0.009671179883945946,-0.013213210223133931,-0.020054376686180944,0.0010879292063471799,0.966163049233124
283,2022-11-22,Samsung HI,False,8,-0.013539651837524147,-0.017652077384884945,-0.026216359094883894,0.0010879292063471799,0.966163049233124
283,2022-11-22,Samsung HI,False,9,-0.009671179883945835,-0.007592280710555732,-0.01745398717665965,0.0010879292063471799,0.966163049233124
283,2022-11-22,Samsung HI,False,10,-0.007736943907156624,0.005132431928115522,-0.006182320571894806,0.0010879292063471799,0.966163049233124
284,2022-11-23,Samsung HI,False,1,-0.017045454545454586,-0.018612627603205922,-0.019636399762544207,0.0010750183900349194,0.96730020948027
284,2022-11-23,Samsung HI,False,2,-0.017045454545454586,-0.01718904369996066,-0.019334385144757243,0.0010750183900349194,0.96730020948027
284,2022-11-23,Samsung HI,False,3,-0.032196969696969724,-0.02020112147480846,-0.023818438368884365,0.0010750183900349194,0.96730020948027
284,2022-11-23,Samsung HI,False,4,-0.022727272727272707,-0.02103702325137302,-0.025392367615300702,0.0010750183900349194,0.96730020948027
284,2022-11-23,Samsung HI,False,5,-0.013257575757575801,-0.02762469630272235,-0.032529986420698945,0.0010750183900349194,0.96730020948027
284,2022-11-23,Samsung HI,False,6,-0.011363636363636354,-0.02872971896432308,-0.034611962041341815,0.0010750183900349194,0.96730020948027
284,2022-11-23,Samsung HI,False,7,-0.03409090909090906,-0.0327862990585398,-0.04035408826355265,0.0010750183900349194,0.96730020948027
284,2022-11-23,Samsung HI,False,8,-0.030303030303030276,-0.0228404968159881,-0.031684667218040204,0.0010750183900349194,0.96730020948027
284,2022-11-23,Samsung HI,False,9,-0.02840909090909094,-0.010214293759540638,-0.02048442532519419,0.0010750183900349194,0.96730020948027
284,2022-11-23,Samsung HI,False,10,-0.037878787878787845,-0.015437854303130605,-0.02692185203047097,0.0010750183900349194,0.96730020948027
285,2022-11-29,Samsung HI,False,1,0.007736943907156624,-0.012098564498908448,-0.012806881785407027,0.001025944279601958,0.9839869497367529
285,2022-11-29,Samsung HI,False,2,0.009671179883945946,-0.013179457789083804,-0.014865437938682245,0.001025944279601958,0.9839869497367529
285,2022-11-29,Samsung HI,False,3,-0.013539651837524147,-0.01761894437518219,-0.020631455297544055,0.001025944279601958,0.9839869497367529
285,2022-11-29,Samsung HI,False,4,-0.009671179883945835,-0.007559351997918573,-0.011696945922412686,0.001025944279601958,0.9839869497367529
285,2022-11-29,Samsung HI,False,5,-0.007736943907156624,0.005165004584041455,-0.00017131636365171326,0.001025944279601958,0.9839869497367529
285,2022-11-29,Samsung HI,False,6,-0.01740812379110257,-0.00023714822561116122,-0.006667773598022111,0.001025944279601958,0.9839869497367529
285,2022-11-29,Samsung HI,False,7,-0.015473887814313358,0.0065353184353773575,-0.0009987260477668167,0.001025944279601958,0.9839869497367529
285,2022-11-29,Samsung HI,False,8,-0.005802707930367523,0.008798602062868088,0.00035723631522149163,0.001025944279601958,0.9839869497367529
285,2022-11-29,Samsung HI,False,9,-0.009671179883945835,0.011537841580804842,0.001964721937637883,0.001025944279601958,0.9839869497367529
285,2022-11-29,Samsung HI,False,10,0.0019342359767891004,0.02339898659961337,0.012795827672982442,0.001025944279601958,0.9839869497367529
286,2022-11-30,Samsung HI,False,1,-0.005714285714285672,0.0029167773176599354,0.0017132229579563283,0.0010753710145658167,0.985148602824084
286,2022-11-30,Samsung HI,False,2,-0.02857142857142858,-0.0017467722748302217,-0.004295897928730072,0.0010753710145658167,0.985148602824084
286,2022-11-30,Samsung HI,False,3,-0.024761904761904763,0.008063319209983155,0.004349705727690799,0.0010753710145658167,0.985148602824084
286,2022-11-30,Samsung HI,False,4,-0.02285714285714291,0.02042609912844129,0.015481798452388826,0.0010753710145658167,0.985148602824084
286,2022-11-30,Samsung HI,False,5,-0.0323809523809524,0.01503992287839917,0.00895880155266389,0.0010753710145658167,0.985148602824084
286,2022-11-30,Samsung HI,False,6,-0.030476190476190435,0.02163400249343095,0.014407867233330575,0.0010753710145658167,0.985148602824084
286,2022-11-30,Samsung HI,False,7,-0.020952380952380945,0.023977918916094243,0.015783044085553796,0.0010753710145658167,0.985148602824084
286,2022-11-30,Samsung HI,False,8,-0.024761904761904763,0.026572731825966867,0.01720737263259254,0.0010753710145658167,0.985148602824084
286,2022-11-30,Samsung HI,False,9,-0.013333333333333308,0.03824916147963353,0.027804750230749187,0.0010753710145658167,0.985148602824084
286,2022-11-30,Samsung HI,False,10,-0.011428571428571455,0.02942006315244816,0.01805969371053342,0.0010753710145658167,0.985148602824084
287,2022-12-22,Samsung HI,False,1,-0.0019379844961240345,0.003294488653592609,0.0021573997797487404,0.0006653290915478976,0.909839999404198
287,2022-12-22,Samsung HI,False,2,-0.013565891472868241,-0.00981674062114013,-0.011485422247261482,0.0006653290915478976,0.909839999404198
287,2022-12-22,Samsung HI,False,3,0.003875968992248069,0.0008964259415056297,-0.0008309257299079064,0.0006653290915478976,0.909839999404198
287,2022-12-22,Samsung HI,False,4,0.011627906976744207,0.031151868006213057,0.026730271301972138,0.0006653290915478976,0.909839999404198
287,2022-12-22,Samsung HI,False,5,-0.009689922480620172,0.028773269628965092,0.021978782747708953,0.0006653290915478976,0.909839999404198
287,2022-12-22,Samsung HI,False,6,-0.015503875968992276,0.027572663461583935,0.01969690809157071,0.0006653290915478976,0.909839999404198
287,2022-12-22,Samsung HI,False,7,-0.03779069767441856,0.008291181716430507,-0.0005208641977394041,0.0006653290915478976,0.909839999404198
287,2022-12-22,Samsung HI,False,8,-0.02131782945736438,0.008726971175519793,0.0006954992001750246,0.0006653290915478976,0.909839999404198
287,2022-12-22,Samsung HI,False,9,-0.043604651162790664,-0.01728750395702594,-0.025648219788708577,0.0006653290915478976,0.909839999404198
287,2022-12-22,Samsung HI,False,10,-0.03100775193798455,-0.0155769005539802,-0.023621437039434742,0.0006653290915478976,0.909839999404198
288,2022-12-26,Samsung HI,False,1,0.01171875,0.009454537447583622,0.008862316964190747,0.0007928421335121448,0.9113945155435322
288,2022-12-26,Samsung HI,False,2,0.01953125,0.039754491905547584,0.03637691749220191,0.0007928421335121448,0.9113945155435322
288,2022-12-26,Samsung HI,False,3,-0.001953125,0.037195840422423854,0.031348500974664045,0.0007928421335121448,0.9113945155435322
288,2022-12-26,Samsung HI,False,4,-0.0078125,0.03594652247886154,0.028897864558731973,0.0007928421335121448,0.9113945155435322
288,2022-12-26,Samsung HI,False,5,-0.0302734375,0.016488781514229833,0.008381181776653826,0.0007928421335121448,0.9113945155435322
288,2022-12-26,Samsung HI,False,6,-0.013671875,0.017064702988588643,0.009584220804302872,0.0007928421335121448,0.9113945155435322
288,2022-12-26,Samsung HI,False,7,-0.0361328125,-0.009121229355709137,-0.0170644987007302,0.0007928421335121448,0.9113945155435322
288,2022-12-26,Samsung HI,False,8,-0.0234375,-0.007304448511720518,-0.015076662422697819,0.0007928421335121448,0.9113945155435322
288,2022-12-26,Samsung HI,False,9,-0.001953125,-0.011693105752045074,-0.01796566924052275,0.0007928421335121448,0.9113945155435322
288,2022-12-26,Samsung HI,False,10,-0.01171875,-0.021939929624664956,-0.028962698387426388,0.0007928421335121448,0.9113945155435322
289,2023-02-01,Samsung HI,True,1,-0.008503401360544172,-0.003241388580219162,-0.0041755444767333305,0.0006528158767245357,0.9465337634979566
289,2023-02-01,Samsung HI,True,2,-0.006802721088435382,-0.0061822387238335,-0.007521045334133722,0.0006528158767245357,0.9465337634979566
289,2023-02-01,Samsung HI,True,3,-0.020408163265306145,-0.0027808233618434874,-0.005681738516197535,0.0006528158767245357,0.9465337634979566
289,2023-02-01,Samsung HI,True,4,-0.04251700680272108,-0.030337018567711316,-0.033599500206174596,0.0006528158767245357,0.9465337634979566
289,2023-02-01,Samsung HI,True,5,-0.06462585034013602,-0.06531079840495613,-0.06853825619335352,0.0006528158767245357,0.9465337634979566
289,2023-02-01,Samsung HI,True,6,-0.05272108843537415,-0.05255186597230088,-0.05647780892088023,0.0006528158767245357,0.9465337634979566
289,2023-02-01,Samsung HI,True,7,-0.03401360544217691,-0.029094066694261955,-0.03392680705351069,0.0006528158767245357,0.9465337634979566
289,2023-02-01,Samsung HI,True,8,-0.006802721088435382,0.004978385626473236,-0.0008740328251981644,0.0006528158767245357,0.9465337634979566
289,2023-02-01,Samsung HI,True,9,-0.015306122448979553,-0.008738679239232217,-0.014965158601619129,0.0006528158767245357,0.9465337634979566
289,2023-02-01,Samsung HI,True,10,-0.028911564625850317,-0.0071382743770933565,-0.014830569030206388,0.0006528158767245357,0.9465337634979566
290,2023-04-03,Samsung HI,True,1,0.034615384615384714,0.03274129591121189,0.03255388675398302,0.0005921332195325505,0.7840422060052298
290,2023-04-03,Samsung HI,True,2,0.01538461538461533,0.007573219794378305,0.008075885115001269,0.0005921332195325505,0.7840422060052298
290,2023-04-03,Samsung HI,True,3,0.007692307692307665,0.01441317752796134,0.011185353645929928,0.0005921332195325505,0.7840422060052298
290,2023-04-03,Samsung HI,True,4,0.007692307692307665,0.001819624554663113,0.0007193433717689142,0.0005921332195325505,0.7840422060052298
290,2023-04-03,Samsung HI,True,5,-0.0019230769230769162,-0.01654823898732105,-0.01635048734877364,0.0005921332195325505,0.7840422060052298
290,2023-04-03,Samsung HI,True,6,0.009615384615384581,-0.019461263189225697,-0.016734733789774487,0.0005921332195325505,0.7840422060052298
290,2023-04-03,Samsung HI,True,7,0.0326923076923078,0.002492822258904681,0.004869703976151763,0.0005921332195325505,0.7840422060052298
290,2023-04-03,Samsung HI,True,8,0.05192307692307696,0.017272630817263712,0.020018598962949413,0.0005921332195325505,0.7840422060052298
290,2023-04-03,Samsung HI,True,9,0.08846153846153837,0.04984077081218685,0.05285202762033244,0.0005921332195325505,0.7840422060052298
290,2023-04-03,Samsung HI,True,10,0.08846153846153837,0.048055539762091426,0.050860197910054035,0.0005921332195325505,0.7840422060052298
291,2023-06-02,Samsung HI,False,1,0.03200000000000003,0.03277174938775829,0.03241425421876243,0.0001562295329618542,0.7392085575621524
291,2023-06-02,Samsung HI,False,2,0.03839999999999999,0.039099159098810676,0.03860436532301458,0.0001562295329618542,0.7392085575621524
291,2023-06-02,Samsung HI,False,3,0.05119999999999991,0.053713916322499444,0.05258961985970118,0.0001562295329618542,0.7392085575621524
291,2023-06-02,Samsung HI,False,4,0.0351999999999999,0.026133854964602632,0.027873309873887198,0.0001562295329618542,0.7392085575621524
291,2023-06-02,Samsung HI,False,5,0.04479999999999995,0.04024591450392179,0.04065243336462002,0.0001562295329618542,0.7392085575621524
291,2023-06-02,Samsung HI,False,6,0.040000000000000036,0.03216024879366408,0.033267411621347165,0.0001562295329618542,0.7392085575621524
291,2023-06-02,Samsung HI,False,7,0.05119999999999991,0.05056961064861332,0.04964040406612591,0.0001562295329618542,0.7392085575621524
291,2023-06-02,Samsung HI,False,8,0.08319999999999994,0.08659646141444077,0.08446085707928942,0.0001562295329618542,0.7392085575621524
291,2023-06-02,Samsung HI,False,9,0.10240000000000005,0.09920602728630756,0.09863292224076187,0.0001562295329618542,0.7392085575621524
291,2023-06-02,Samsung HI,False,10,0.08479999999999999,0.08782968942817948,0.08547727702244731,0.0001562295329618542,0.7392085575621524
292,2023-06-13,Samsung HI,False,1,0.003053435114503733,0.011281971056127715,0.009131507248980476,6.196207633117286e-05,0.7461879311662968
292,2023-06-13,Samsung HI,False,2,0.03358778625954195,0.04580752187096415,0.04258208134216586,6.196207633117286e-05,0.7461879311662968
292,2023-06-13,Samsung HI,False,3,0.051908396946564794,0.05759604581187505,0.055966565657577474,6.196207633117286e-05,0.7461879311662968
292,2023-06-13,Samsung HI,False,4,0.03511450381679393,0.04697071460060642,0.04371361690771382,6.196207633117286e-05,0.7461879311662968
292,2023-06-13,Samsung HI,False,5,0.05038167938931304,0.06397599325513459,0.06021578194681986,6.196207633117286e-05,0.7461879311662968
292,2023-06-13,Samsung HI,False,6,0.04122137404580162,0.06325249328573168,0.057288956874735994,6.196207633117286e-05,0.7461879311662968
292,2023-06-13,Samsung HI,False,7,0.02900763358778624,0.046846857159342004,0.04188531238394026,6.196207633117286e-05,0.7461879311662968
292,2023-06-13,Samsung HI,False,8,0.010687022900763399,0.037462898484391216,0.030171161497027418,6.196207633117286e-05,0.7461879311662968
292,2023-06-13,Samsung HI,False,9,0.010687022900763399,0.032880970969727086,0.026690220407775085,6.196207633117286e-05,0.7461879311662968
292,2023-06-13,Samsung HI,False,10,0.021374045801526798,0.04387471794378617,0.03754415503389871,6.196207633117286e-05,0.7461879311662968
293,2023-07-17,Samsung HI,True,1,-0.052023121387283267,-0.04555734959054536,-0.0478477687717634,0.00041583898391645707,0.7100763441346101
293,2023-07-17,Samsung HI,True,2,-0.010404624277456698,-0.004175079853375063,-0.00681285011501358,0.00041583898391645707,0.7100763441346101
293,2023-07-17,Samsung HI,True,3,-0.01387283236994219,-0.004591382695897761,-0.008529811468876726,0.00041583898391645707,0.7100763441346101
293,2023-07-17,Samsung HI,True,4,-0.006936416184971095,-0.0012860098357889704,-0.004587552237334692,0.00041583898391645707,0.7100763441346101
293,2023-07-17,Samsung HI,True,5,-0.01965317919075149,-0.021154366042793082,-0.022798331382094413,0.00041583898391645707,0.7100763441346101
293,2023-07-17,Samsung HI,True,6,-0.017341040462427793,-0.02186365161312176,-0.02304747355775373,0.00041583898391645707,0.7100763441346101
293,2023-07-17,Samsung HI,True,7,-0.032369942196531776,-0.02008992893731798,-0.026561068162919907,0.00041583898391645707,0.7100763441346101
293,2023-07-17,Samsung HI,True,8,-0.052023121387283267,-0.04410569428438327,-0.049727855566435414,0.00041583898391645707,0.7100763441346101
293,2023-07-17,Samsung HI,True,9,0.02774566473988438,0.03394472821265537,0.02840492221243989,0.00041583898391645707,0.7100763441346101
293,2023-07-17,Samsung HI,True,10,0.04393063583815038,0.04088635082601533,0.03761057122706517,0.00041583898391645707,0.7100763441346101
294,2023-10-10,Samsung HI,True,1,0.044534412955465674,0.03896909849057306,0.03879870942112123,0.0016694202729440513,0.7306475289135085
294,2023-10-10,Samsung HI,True,2,0.047233468286099756,0.029462220769149283,0.03091010965624147,0.0016694202729440513,0.7306475289135085
294,2023-10-10,Samsung HI,True,3,0.03913630229419707,0.031079729805565615,0.028241526695033787,0.0016694202729440513,0.7306475289135085
294,2023-10-10,Samsung HI,True,4,0.055330634278002666,0.055445552275802834,0.04873691773734684,0.0016694202729440513,0.7306475289135085
294,2023-10-10,Samsung HI,True,5,0.05128205128205132,0.041575584682146394,0.035842944081629025,0.0016694202729440513,0.7306475289135085
294,2023-10-10,Samsung HI,True,6,0.03508771929824572,0.024383928646004138,0.01725049947051359,0.0016694202729440513,0.7306475289135085
294,2023-10-10,Samsung HI,True,7,0.0,0.008503931837210321,-0.005472565127701726,0.0016694202729440513,0.7306475289135085
294,2023-10-10,Samsung HI,True,8,-0.006747638326585648,0.01850148747578817,-0.0016547891354073228,0.0016694202729440513,0.7306475289135085
294,2023-10-10,Samsung HI,True,9,-0.02429149797570851,0.008337004971117334,-0.015476345381959538,0.0016694202729440513,0.7306475289135085
294,2023-10-10,Samsung HI,True,10,-0.0080971659919028,0.013659273520188142,-0.008895079953877848,0.0016694202729440513,0.7306475289135085
295,2023-12-14,Samsung HI,False,1,-0.008717310087173136,-0.010718529580301617,-0.012136309288105017,0.0017396246887019205,0.839175571693346
295,2023-12-14,Samsung HI,False,2,-0.06475716064757164,-0.06804822864213089,-0.07099819389079141,0.0017396246887019205,0.839175571693346
295,2023-12-14,Samsung HI,False,3,-0.05853051058530512,-0.06248213735786967,-0.06706549330739647,0.0017396246887019205,0.839175571693346
295,2023-12-14,Samsung HI,False,4,-0.04483188044831876,-0.06666549780889786,-0.07011261753382417,0.0017396246887019205,0.839175571693346
295,2023-12-14,Samsung HI,False,5,-0.06351183063511834,-0.0797639217531434,-0.08584831193380897,0.0017396246887019205,0.839175571693346
295,2023-12-14,Samsung HI,False,6,-0.06600249066002495,-0.08205524155510169,-0.08991131520186336,0.0017396246887019205,0.839175571693346
295,2023-12-14,Samsung HI,False,7,-0.06600249066002495,-0.0832591001564369,-0.0926611886205787,0.0017396246887019205,0.839175571693346
295,2023-12-14,Samsung HI,False,8,-0.0547945205479452,-0.076315447362723,-0.08677135412072239,0.0017396246887019205,0.839175571693346
295,2023-12-14,Samsung HI,False,9,-0.03486924034869243,-0.07272043091794556,-0.0822896570322365,0.0017396246887019205,0.839175571693346
295,2023-12-14,Samsung HI,False,10,-0.021170610211706076,-0.06470104281907607,-0.07509653276807367,0.0017396246887019205,0.839175571693346
296,2023-12-26,Samsung HI,False,1,0.01879194630872494,0.013348277699264832,0.012708825257530379,0.0015648771747172343,0.8299998035562708
296,2023-12-26,Samsung HI,False,2,0.04026845637583887,0.018751538684877556,0.019279664569770063,0.0015648771747172343,0.8299998035562708
296,2023-12-26,Samsung HI,False,3,0.055033557046979764,0.02792678035280627,0.02784030619162036,0.0015648771747172343,0.8299998035562708
296,2023-12-26,Samsung HI,False,4,0.00402684563758382,0.0009645416000358953,-0.004774374810879469,0.0015648771747172343,0.8299998035562708
296,2023-12-26,Samsung HI,False,5,0.006711409395973256,0.011454902961672397,0.0028241222500878056,0.0015648771747172343,0.8299998035562708
296,2023-12-26,Samsung HI,False,6,0.0,0.008182814934502902,-0.0025975282601286773,0.0015648771747172343,0.8299998035562708
296,2023-12-26,Samsung HI,False,7,0.00402684563758382,0.01615680120339824,0.0031405661513354433,0.0015648771747172343,0.8299998035562708
296,2023-12-26,Samsung HI,False,8,-0.018791946308724827,-0.004130588661620749,-0.019142039739498087,0.0015648771747172343,0.8299998035562708
296,2023-12-26,Samsung HI,False,9,-0.01744966442953022,0.004621237911439646,-0.013214714394670703,0.0015648771747172343,0.8299998035562708
296,2023-12-26,Samsung HI,False,10,-0.03892617449664426,-0.01619741538378916,-0.03571008064506907,0.0015648771747172343,0.8299998035562708
297,2024-01-02,Samsung HI,False,1,-0.03856041131105403,-0.02485530376586842,-0.028544451859972803,0.0016988318963008942,0.8547755870399824
297,2024-01-02,Samsung HI,False,2,-0.03598971722365041,-0.014609295516394227,-0.021111918500269913,0.0016988318963008942,0.8547755870399824
297,2024-01-02,Samsung HI,False,3,-0.042416452442159414,-0.0176542018236705,-0.02634678082221207,0.0016988318963008942,0.8547755870399824
297,2024-01-02,Samsung HI,False,4,-0.03856041131105403,-0.009917001338063391,-0.02087205132176765,0.0016988318963008942,0.8547755870399824
297,2024-01-02,Samsung HI,False,5,-0.06041131105398456,-0.02927881447742431,-0.0422941724982395,0.0016988318963008942,0.8547755870399824
297,2024-01-02,Samsung HI,False,6,-0.059125964010282805,-0.020707782329657642,-0.036480031589023104,0.0016988318963008942,0.8547755870399824
297,2024-01-02,Samsung HI,False,7,-0.07969151670951158,-0.04062647513646933,-0.05819149614027934,0.0016988318963008942,0.8547755870399824
297,2024-01-02,Samsung HI,False,8,-0.07840616966580982,-0.0335836967696177,-0.05368366925379066,0.0016988318963008942,0.8547755870399824
297,2024-01-02,Samsung HI,False,9,-0.055269922879177424,-0.010803033783495009,-0.032550198715281746,0.0016988318963008942,0.8547755870399824
297,2024-01-02,Samsung HI,False,10,-0.08097686375321334,-0.025766804514465336,-0.05077297191990926,0.0016988318963008942,0.8547755870399824
298,2024-01-18,Samsung HI,True,1,0.04011065006915637,0.03836460096101879,0.03645526952506127,0.002079979316025848,0.9022662768916327
298,2024-01-18,Samsung HI,True,2,0.049792531120331995,0.051445403593928574,0.04712390358120895,0.002079979316025848,0.9022662768916327
298,2024-01-18,Samsung HI,True,3,0.047026279391424675,0.04290220052348026,0.03706532415755946,0.002079979316025848,0.9022662768916327
298,2024-01-18,Samsung HI,True,4,0.03457814661134173,0.03406770070037801,0.025797671215598547,0.002079979316025848,0.9022662768916327
298,2024-01-18,Samsung HI,True,5,0.047026279391424675,0.04625250820893201,0.035928235167301745,0.002079979316025848,0.9022662768916327
298,2024-01-18,Samsung HI,True,6,0.051175656984785656,0.047071833906958904,0.03499303991917786,0.002079979316025848,0.9022662768916327
298,2024-01-18,Samsung HI,True,7,0.030428769017980528,0.017375937866195734,0.004091784439583603,0.002079979316025848,0.9022662768916327
298,2024-01-18,Samsung HI,True,8,-0.008298755186721962,-0.02060617326217895,-0.03604315800002011,0.002079979316025848,0.9022662768916327
298,2024-01-18,Samsung HI,True,9,0.011065006915629283,-0.0005456119797822012,-0.01813067681177391,0.002079979316025848,0.9022662768916327
298,2024-01-18,Samsung HI,True,10,-0.012448132780082943,-0.04243885562820915,-0.060307543785809076,0.002079979316025848,0.9022662768916327
299,2024-02-06,Samsung HI,True,1,-0.012278308321964526,-0.018831600589542474,-0.01982260353441042,0.001057526227621234,0.9898488759485963
299,2024-02-06,Samsung HI,True,2,0.0,-0.010695867838725004,-0.012702345212699155,0.001057526227621234,0.9898488759485963
299,2024-02-06,Samsung HI,True,3,0.004092769440654953,-0.017912252564366904,-0.02086145553910376,0.001057526227621234,0.9898488759485963
299,2024-02-06,Samsung HI,True,4,-0.01500682128240105,-0.025741260588268977,-0.029862398873737782,0.001057526227621234,0.9898488759485963
299,2024-02-06,Samsung HI,True,5,-0.016371077762619368,-0.024552085943627455,-0.029756670652822663,0.001057526227621234,0.9898488759485963
299,2024-02-06,Samsung HI,True,6,-0.004092769440654842,-0.025758362534819335,-0.031883589777400634,0.001057526227621234,0.9898488759485963
299,2024-02-06,Samsung HI,True,7,-0.0027285129604365244,-0.03654411820461323,-0.04360353539425493,0.001057526227621234,0.9898488759485963
299,2024-02-06,Samsung HI,True,8,-0.010914051841746208,-0.036062648418914045,-0.04426757171631038,0.001057526227621234,0.9898488759485963
299,2024-02-06,Samsung HI,True,9,0.017735334242837686,-0.005685260606328457,-0.01496525129124801,0.001057526227621234,0.9898488759485963
299,2024-02-06,Samsung HI,True,10,0.021828103683492417,-0.005819923964535123,-0.016114527682315694,0.001057526227621234,0.9898488759485963
300,2024-03-04,Samsung HI,True,1,0.011811023622047223,0.0160954493586678,0.015560004626322788,0.0010078519398882798,1.1102614998097469
300,2024-03-04,Samsung HI,True,2,0.014435695538057791,0.021692911412982796,0.020477399040018572,0.0010078519398882798,1.1102614998097469
300,2024-03-04,Samsung HI,True,3,0.011811023622047223,0.016764421096491122,0.014287034311512278,0.0010078519398882798,1.1102614998097469
300,2024-03-04,Samsung HI,True,4,0.005249343832020914,-0.002098070479464198,-0.006939615160725264,0.0010078519398882798,1.1102614998097469
300,2024-03-04,Samsung HI,True,5,0.05249343832021003,0.05285423206645179,0.047854754026592984,0.0010078519398882798,1.1102614998097469
300,2024-03-04,Samsung HI,True,6,0.059055118110236116,0.05115899664300838,0.04424124680802223,0.0010078519398882798,1.1102614998097469
300,2024-03-04,Samsung HI,True,7,0.044619422572178546,0.03230357771348946,0.023890650608728286,0.0010078519398882798,1.1102614998097469
300,2024-03-04,Samsung HI,True,8,0.1824146981627297,0.16063177573338505,0.15016714251697988,0.0010078519398882798,1.1102614998097469
300,2024-03-04,Samsung HI,True,9,0.1614173228346456,0.15914732884787464,0.14982636844733965,0.0010078519398882798,1.1102614998097469
300,2024-03-04,Samsung HI,True,10,0.1811023622047243,0.17169165865691904,0.16057550097059034,0.0010078519398882798,1.1102614998097469
301,2024-06-14,Samsung HI,True,1,-0.0176795580110497,-0.013784580825524584,-0.01581268196624417,0.0019359672846440657,0.9763454696428215
301,2024-06-14,Samsung HI,True,2,-0.020994475138121582,-0.02429413428224303,-0.0280880169641382,0.0019359672846440657,0.9763454696428215
301,2024-06-14,Samsung HI,True,3,0.0,-0.015427449243691882,-0.02087042203115534,0.0019359672846440657,0.9763454696428215
301,2024-06-14,Samsung HI,True,4,-0.008839779005524906,-0.0280061159482764,-0.03529661438780443,0.0019359672846440657,0.9763454696428215
301,2024-06-14,Samsung HI,True,5,-0.0176795580110497,-0.028362612863799375,-0.03778974664169793,0.0019359672846440657,0.9763454696428215
301,2024-06-14,Samsung HI,True,6,-0.011049723756906049,-0.014643411933672024,-0.026174208635464873,0.0019359672846440657,0.9763454696428215
301,2024-06-14,Samsung HI,True,7,0.026519337016574607,0.01941908037641893,0.0060352626201487895,0.0019359672846440657,0.9763454696428215
301,2024-06-14,Samsung HI,True,8,0.03867403314917128,0.025163217599754262,0.00999507131916566,0.0019359672846440657,0.9763454696428215
301,2024-06-14,Samsung HI,True,9,0.041988950276243164,0.03137849518464031,0.014205774954911515,0.0019359672846440657,0.9763454696428215
301,2024-06-14,Samsung HI,True,10,0.03314917127071815,0.01754385261221647,-0.0014466837502832147,0.0019359672846440657,0.9763454696428215
302,2024-07-01,Samsung HI,True,1,-0.007223942208462342,-0.0008673059731345578,-0.0026556915147391653,0.0017111744550782771,0.9878534678298532
302,2024-07-01,Samsung HI,True,2,-0.02579979360165119,-0.024141851379508417,-0.027584338538202472,0.0017111744550782771,0.9878534678298532
302,2024-07-01,Samsung HI,True,3,-0.01754385964912286,-0.026937674524151856,-0.031957095614806745,0.0017111744550782771,0.9878534678298532
302,2024-07-01,Samsung HI,True,4,-0.013415892672858587,-0.036133988897824154,-0.04270274063149623,0.0017111744550782771,0.9878534678298532
302,2024-07-01,Samsung HI,True,5,0.011351909184726505,-0.009768988390890465,-0.018068315004417242,0.0017111744550782771,0.9878534678298532
302,2024-07-01,Samsung HI,True,6,0.0010319917440659854,-0.023526277421424435,-0.03349502634543235,0.0017111744550782771,0.9878534678298532
302,2024-07-01,Samsung HI,True,7,0.015479876160990669,-0.009296355236290132,-0.020973631130116,0.0017111744550782771,0.9878534678298532
302,2024-07-01,Samsung HI,True,8,0.014447884416924683,-0.018675228512523345,-0.03196229319637662,0.0017111744550782771,0.9878534678298532
302,2024-07-01,Samsung HI,True,9,0.021671826625387025,0.0008224885516729952,-0.014324834388392861,0.0017111744550782771,0.9878534678298532
302,2024-07-01,Samsung HI,True,10,0.02579979360165119,0.003549780202333652,-0.01329170384490811,0.0017111744550782771,0.9878534678298532
303,2024-10-02,Samsung HI,True,1,-0.002979145978152964,-0.005323414028236995,-0.006517448787069618,0.0011978129967640623,0.9983883080557691
303,2024-10-02,Samsung HI,True,2,-0.005958291956305817,-0.024166350621516286,-0.026532630833573607,0.0011978129967640623,0.9983883080557691
303,2024-10-02,Samsung HI,True,3,-0.020854021847070525,-0.032813299453654965,-0.036387463772569795,0.0011978129967640623,0.9983883080557691
303,2024-10-02,Samsung HI,True,4,0.010923535253227312,-0.002908036303507,-0.007676996058109207,0.0011978129967640623,0.9983883080557691
303,2024-10-02,Samsung HI,True,5,-0.019860973187686204,-0.03281490695528766,-0.038783094188408626,0.0011978129967640623,0.9983883080557691
303,2024-10-02,Samsung HI,True,6,-0.018867924528301883,-0.042111673796937144,-0.049261090014071536,0.0011978129967640623,0.9983883080557691
303,2024-10-02,Samsung HI,True,7,0.01588877855014892,-0.011317992912970753,-0.01965883495592355,0.0011978129967640623,0.9983883080557691
303,2024-10-02,Samsung HI,True,8,-0.0009930486593843213,-0.01919330609980263,-0.02874647686561548,0.0011978129967640623,0.9983883080557691
303,2024-10-02,Samsung HI,True,9,0.01787487586891756,8.808334249077454e-05,-0.010663566798157238,0.0011978129967640623,0.9983883080557691
303,2024-10-02,Samsung HI,True,10,-0.0019860973187686426,-0.013734741855961019,-0.025693936627845415,0.0011978129967640623,0.9983883080557691
304,2024-10-31,Samsung HI,False,1,-0.0021074815595363283,-0.0018715360472200127,-0.0031980960670731653,0.0013154072702472556,0.9527316731036388
304,2024-10-31,Samsung HI,False,2,0.005268703898840821,-0.0128243844706184,-0.014599968995500562,0.0013154072702472556,0.9527316731036388
304,2024-10-31,Samsung HI,False,3,0.013698630136986356,0.0003598438407017568,-0.0029558758589865244,0.0013154072702472556,0.9527316731036388
304,2024-10-31,Samsung HI,False,4,0.0453108535300315,0.03722971973319633,0.032350072326209345,0.0013154072702472556,0.9527316731036388
304,2024-10-31,Samsung HI,False,5,0.14120126448893577,0.13267969906910992,0.1265054628578067,0.0013154072702472556,0.9527316731036388
304,2024-10-31,Samsung HI,False,6,0.16016859852476295,0.15301551707637207,0.14546118764710736,0.0013154072702472556,0.9527316731036388
304,2024-10-31,Samsung HI,False,7,0.24552160168598536,0.24996524216794347,0.24054734782530157,0.0013154072702472556,0.9527316731036388
304,2024-10-31,Samsung HI,False,8,0.22023182297154897,0.24397973878619017,0.2323339563763784,0.0013154072702472556,0.9527316731036388
304,2024-10-31,Samsung HI,False,9,0.18335089567966278,0.23285226416363425,0.21867375186409135,0.0013154072702472556,0.9527316731036388
304,2024-10-31,Samsung HI,False,10,0.2349841938883035,0.2837855906857364,0.26832475760644375,0.0013154072702472556,0.9527316731036388
305,2024-11-01,Samsung HI,False,1,0.007391763463569179,-0.008272957372510215,-0.008858654826745912,0.0013693778703482023,0.9499716321590926
305,2024-11-01,Samsung HI,False,2,0.015839493136219573,0.004917734356443493,0.002725376381451386,0.0013693778703482023,0.9499716321590926
305,2024-11-01,Samsung HI,False,3,0.04751847940865894,0.04184183251414164,0.03801769228203889,0.0013693778703482023,0.9499716321590926
305,2024-11-01,Samsung HI,False,4,0.14361140443505804,0.13749537644020493,0.13232383985706392,0.0013693778703482023,0.9499716321590926
305,2024-11-01,Samsung HI,False,5,0.1626187961985217,0.15786798805114066,0.15125877387693842,0.0013693778703482023,0.9499716321590926
305,2024-11-01,Samsung HI,False,6,0.24815205913410776,0.25497031228039035,0.2464129389818665,0.0013693778703482023,0.9499716321590926
305,2024-11-01,Samsung HI,False,7,0.22280887011615635,0.24888535381197907,0.23799514480120962,0.0013693778703482023,0.9499716321590926
305,2024-11-01,Samsung HI,False,8,0.18585005279831046,0.23761856172716211,0.22407364475710861,0.0013693778703482023,0.9499716321590926
305,2024-11-01,Samsung HI,False,9,0.2375923970432947,0.2886626038662554,0.2737832439404713,0.0013693778703482023,0.9499716321590926
305,2024-11-01,Samsung HI,False,10,0.25554382259767694,0.30739863852838023,0.29111064801919445,0.0013693778703482023,0.9499716321590926
306,2024-11-25,Samsung HI,True,1,-0.01005025125628145,-0.009641746423629693,-0.011064376025064205,0.0013964168649811981,0.9358324936252103
306,2024-11-25,Samsung HI,True,2,-0.00335008375209378,0.003919715842574223,0.0006603972007775231,0.0013964168649811981,0.9358324936252103
306,2024-11-25,Samsung HI,True,3,-0.008375209380234505,-0.001743946465731061,-0.006358708666013962,0.0013964168649811981,0.9358324936252103
306,2024-11-25,Samsung HI,True,4,-0.02680067001675046,-0.0008308676458359532,-0.008082952564948433,0.0013964168649811981,0.9358324936252103
306,2024-11-25,Samsung HI,True,5,-0.085427135678392,-0.058890185821368735,-0.06757508004539274,0.0013964168649811981,0.9358324936252103
306,2024-11-25,Samsung HI,True,6,-0.06951423785594635,-0.061070482625696365,-0.06999079853314778,0.0013964168649811981,0.9358324936252103
306,2024-11-25,Samsung HI,True,7,-0.07453936348408707,-0.05177810877934097,-0.06301355979057437,0.0013964168649811981,0.9358324936252103
306,2024-11-25,Samsung HI,True,8,-0.08961474036850925,-0.05806864872858053,-0.07126421768483494,0.0013964168649811981,0.9358324936252103
306,2024-11-25,Samsung HI,True,9,-0.10971524288107204,-0.07273960642657673,-0.08767999259931325,0.0013964168649811981,0.9358324936252103
306,2024-11-25,Samsung HI,True,10,-0.16331658291457285,-0.09953827015851369,-0.11759493409867343,0.0013964168649811981,0.9358324936252103
307,2024-12-26,Samsung HI,True,1,-0.025000000000000022,-0.018928397245666417,-0.021797316353280347,0.0020250160360184913,0.8610081875015452
307,2024-12-26,Samsung HI,True,2,-0.025862068965517238,-0.017608161068713768,-0.022805418759522772,0.0020250160360184913,0.8610081875015452
307,2024-12-26,Samsung HI,True,3,-0.008620689655172376,-0.00013945830602835052,-0.007393328131520068,0.0020250160360184913,0.8610081875015452
307,2024-12-26,Samsung HI,True,4,-0.016379310344827536,-0.025662373507681968,-0.03247216787721316,0.0020250160360184913,0.8610081875015452
307,2024-12-26,Samsung HI,True,5,-0.01551724137931032,-0.044110398530079475,-0.050261263972733373,0.0020250160360184913,0.8610081875015452
307,2024-12-26,Samsung HI,True,6,0.01982758620689662,-0.010195642116778814,-0.018172755411127166,0.0020250160360184913,0.8610081875015452
307,2024-12-26,Samsung HI,True,7,0.03534482758620694,-0.006643880637942301,-0.014982906229528463,0.0020250160360184913,0.8610081875015452
307,2024-12-26,Samsung HI,True,8,0.03706896551724137,-0.005271060769616032,-0.01558627206292143,0.0020250160360184913,0.8610081875015452
307,2024-12-26,Samsung HI,True,9,0.056034482758620774,0.01622394652326231,0.003532140786983773,0.0020250160360184913,0.8610081875015452
307,2024-12-26,Samsung HI,True,10,0.008620689655172376,-0.020352717634057438,-0.03657581160085636,0.0020250160360184913,0.8610081875015452
308,2025-01-20,Samsung HI,True,1,0.006627393225331346,0.012627637972156491,0.009183201235887506,0.002299318333489975,0.8091547176663225
308,2025-01-20,Samsung HI,True,2,-0.020618556701030966,-0.026077989914754185,-0.02963471950867927,0.002299318333489975,0.8091547176663225
308,2025-01-20,Samsung HI,True,3,-0.0625920471281296,-0.055589129903874324,-0.06382355861916662,0.002299318333489975,0.8091547176663225
308,2025-01-20,Samsung HI,True,4,-0.04933726067746691,-0.05074652868708318,-0.059674849869864044,0.002299318333489975,0.8091547176663225
308,2025-01-20,Samsung HI,True,5,-0.041973490427098636,-0.03571270873731913,-0.048404141053984495,0.002299318333489975,0.8091547176663225
308,2025-01-20,Samsung HI,True,6,-0.04712812960235646,-0.01583211621233649,-0.03560072272461325,0.002299318333489975,0.8091547176663225
308,2025-01-20,Samsung HI,True,7,-0.016936671575846884,0.0034088951512170063,-0.016569188609478005,0.002299318333489975,0.8091547176663225
308,2025-01-20,Samsung HI,True,8,-0.013254786450662692,-0.0037965059155355974,-0.023996120802572855,0.002299318333489975,0.8091547176663225
308,2025-01-20,Samsung HI,True,9,-0.046391752577319534,-0.047781282939742264,-0.06820996262682426,0.002299318333489975,0.8091547176663225
308,2025-01-20,Samsung HI,True,10,-0.05964653902798234,-0.05518188323281181,-0.07902712506346357,0.002299318333489975,0.8091547176663225
309,2025-03-17,Samsung HI,False,1,0.03139612558450233,0.03707883044544158,0.03371545278570207,0.0027707796272682748,0.8957190199081914
309,2025-03-17,Samsung HI,False,2,0.01603206412825653,0.015518222764407508,0.010030247390904846,0.0027707796272682748,0.8957190199081914
309,2025-03-17,Samsung HI,False,3,-0.02872411489645954,-0.03246564127174645,-0.040387810116097,0.0027707796272682748,0.8957190199081914
309,2025-03-17,Samsung HI,False,4,-0.02605210420841686,-0.03208878867556331,-0.04254239581189738,0.0027707796272682748,0.8957190199081914
309,2025-03-17,Samsung HI,False,5,-0.02004008016032066,-0.02186707167622881,-0.035530449346671863,0.0027707796272682748,0.8957190199081914
309,2025-03-17,Samsung HI,False,6,-0.06479625918503673,-0.06043431694080603,-0.07751386231674792,0.0027707796272682748,0.8957190199081914
309,2025-03-17,Samsung HI,False,7,-0.06012024048096187,-0.066465229766418,-0.08519902545593654,0.0027707796272682748,0.8957190199081914
309,2025-03-17,Samsung HI,False,8,-0.08016032064128253,-0.07250218120376761,-0.0954670165081376,0.0027707796272682748,0.8957190199081914
309,2025-03-17,Samsung HI,False,9,-0.0761523046092184,-0.0497789208306193,-0.0774661797848035,0.0027707796272682748,0.8957190199081914
309,2025-03-17,Samsung HI,False,10,-0.09953239812959247,-0.04390431270251416,-0.07741306024416349,0.0027707796272682748,0.8957190199081914
310,2025-03-18,Samsung HI,False,1,-0.01744186046511631,-0.02323490269233819,-0.02573209134682985,0.003060060987740889,0.9028364870871729
310,2025-03-18,Samsung HI,False,2,-0.060723514211886265,-0.06976127229689166,-0.07500325394797801,0.003060060987740889,0.9028364870871729
310,2025-03-18,Samsung HI,False,3,-0.05813953488372092,-0.06948456143835313,-0.07756242176743842,0.003060060987740889,0.9028364870871729
310,2025-03-18,Samsung HI,False,4,-0.05232558139534882,-0.05943870259773043,-0.07098781070489588,0.003060060987740889,0.9028364870871729
310,2025-03-18,Samsung HI,False,5,-0.09560723514211888,-0.09649876673983537,-0.1117124473366329,0.003060060987740889,0.9028364870871729
310,2025-03-18,Samsung HI,False,6,-0.09108527131782951,-0.10274022945793393,-0.11996815870863477,0.003060060987740889,0.9028364870871729
310,2025-03-18,Samsung HI,False,7,-0.11046511627906974,-0.10804305833334227,-0.1296988209060138,0.003060060987740889,0.9028364870871729
310,2025-03-18,Samsung HI,False,8,-0.10658914728682167,-0.08535309420816795,-0.11189695162762031,0.003060060987740889,0.9028364870871729
310,2025-03-18,Samsung HI,False,9,-0.12919896640826878,-0.07855384955258204,-0.1110152559078292,0.003060060987740889,0.9028364870871729
310,2025-03-18,Samsung HI,False,10,-0.09237726098191212,-0.05714071813482691,-0.09116503429816195,0.003060060987740889,0.9028364870871729
311,2025-04-08,Samsung HI,True,1,-0.03621581670362162,-0.020640642561243316,-0.023861806175213586,0.0024791665986907073,0.952360274851716
311,2025-04-08,Samsung HI,True,2,0.03104212860310418,-0.018344349450449826,-0.020949924407318167,0.0024791665986907073,0.952360274851716
311,2025-04-08,Samsung HI,True,3,0.07169253510716933,0.02760221712297195,0.022265167957367438,0.0024791665986907073,0.952360274851716
311,2025-04-08,Samsung HI,True,4,0.06799704360679981,0.013962476934839874,0.006620002444835842,0.0024791665986907073,0.952360274851716
311,2025-04-08,Samsung HI,True,5,0.07464892830746495,0.011378270493482834,0.001996634248238538,0.0024791665986907073,0.952360274851716
311,2025-04-08,Samsung HI,True,6,0.07095343680709543,0.02054978700602339,0.008076003436872578,0.0024791665986907073,0.952360274851716
311,2025-04-08,Samsung HI,True,7,0.1012564671101257,0.040990114035649006,0.026507020340971563,0.0024791665986907073,0.952360274851716
311,2025-04-08,Samsung HI,True,8,0.07317073170731714,0.007320663681273931,-0.009375589966495235,0.0024791665986907073,0.952360274851716
311,2025-04-08,Samsung HI,True,9,0.033998521803399795,-0.03399747817943277,-0.05307066681728427,0.0024791665986907073,0.952360274851716
311,2025-04-08,Samsung HI,True,10,0.04212860310421296,-0.025103445102002464,-0.04669219479120926,0.0024791665986907073,0.952360274851716
312,2025-04-28,Samsung HI,True,1,-0.011881188118811892,-0.017829624546613188,-0.020639424099802822,0.002681218336747806,1.0216159688352515
312,2025-04-28,Samsung HI,True,2,-0.03828382838283828,-0.040777701532529576,-0.04619404569030798,0.002681218336747806,1.0216159688352515
312,2025-04-28,Samsung HI,True,3,-0.035643564356435675,-0.039384374080972506,-0.04750889031764012,0.002681218336747806,1.0216159688352515
312,2025-04-28,Samsung HI,True,4,-0.017821782178217838,-0.027056170963631,-0.03798065457082031,0.002681218336747806,1.0216159688352515
312,2025-04-28,Samsung HI,True,5,-0.027722772277227747,-0.039184393686893415,-0.05283823942182523,0.002681218336747806,1.0216159688352515
312,2025-04-28,Samsung HI,True,6,-0.020462046204620443,-0.031057085906610493,-0.0473734179751038,0.002681218336747806,1.0216159688352515
312,2025-04-28,Samsung HI,True,7,-0.04290429042904287,-0.06528640982910172,-0.08453874938175492,0.002681218336747806,1.0216159688352515
312,2025-04-28,Samsung HI,True,8,-0.058745874587458724,-0.08155540306505893,-0.10349819981575996,0.002681218336747806,1.0216159688352515
312,2025-04-28,Samsung HI,True,9,-0.03696369636963692,-0.07237983204261011,-0.0972763511583124,0.002681218336747806,1.0216159688352515
312,2025-04-28,Samsung HI,True,10,-0.04818481848184819,-0.07606835931117872,-0.10348327242824006,0.002681218336747806,1.0216159688352515
313,2025-07-07,Samsung HI,False,1,0.04337349397590362,0.029306548205753735,0.025477860081999825,0.00291988900523199,1.0646052905422012
313,2025-07-07,Samsung HI,False,2,0.07048192771084327,0.05029792776293096,0.04315415657152833,0.00291988900523199,1.0646052905422012
313,2025-07-07,Samsung HI,False,3,0.0771084337349397,0.04081304415118581,0.02970850294608903,0.00291988900523199,1.0646052905422012
313,2025-07-07,Samsung HI,False,4,0.05662650602409647,0.022759707401817098,0.008892177016162559,0.00291988900523199,1.0646052905422012
313,2025-07-07,Samsung HI,False,5,0.050602409638554224,0.0081867103931752,-0.00915301320628309,0.00291988900523199,1.0646052905422012
313,2025-07-07,Samsung HI,False,6,0.08674698795180724,0.04001777258852757,0.01947948402178186,0.00291988900523199,1.0646052905422012
313,2025-07-07,Samsung HI,False,7,0.07831325301204828,0.040992386011585946,0.018142037519110296,0.00291988900523199,1.0646052905422012
313,2025-07-07,Samsung HI,False,8,0.139156626506024,0.09991176854278483,0.07401723104992643,0.00291988900523199,1.0646052905422012
313,2025-07-07,Samsung HI,False,9,0.1319277108433734,0.09405666707013727,0.06533099623694302,0.00291988900523199,1.0646052905422012
313,2025-07-07,Samsung HI,False,10,0.16867469879518082,0.12340068471846855,0.09127685383271095,0.00291988900523199,1.0646052905422012
314,2025-07-21,Samsung HI,False,1,0.009283135636926287,0.02179980168056328,0.019133591936851494,0.0029092604555101234,1.0194181670223514
314,2025-07-21,Samsung HI,False,2,-0.012893243940175325,-0.004684828055410928,-0.010343956575791898,0.0029092604555101234,1.0194181670223514
314,2025-07-21,Samsung HI,False,3,0.003094378545642096,0.009221875337039331,0.0006130787266332349,0.0029092604555101234,1.0194181670223514
314,2025-07-21,Samsung HI,False,4,-0.026817947395564756,-0.02243493367645155,-0.033986865406033046,0.0029092604555101234,1.0194181670223514
314,2025-07-21,Samsung HI,False,5,-0.03919546157813303,-0.03900855267753123,-0.053551225526831996,0.0029092604555101234,1.0194181670223514
314,2025-07-21,Samsung HI,False,6,-0.03352243424445589,-0.03989291260663552,-0.05747217835254534,0.0029092604555101234,1.0194181670223514
314,2025-07-21,Samsung HI,False,7,-0.022692109334708666,-0.036507792237528425,-0.057140890664234084,0.0029092604555101234,1.0194181670223514
314,2025-07-21,Samsung HI,False,8,-0.018050541516245522,-0.02905324546500765,-0.052540981452063186,0.0029092604555101234,1.0194181670223514
314,2025-07-21,Samsung HI,False,9,-0.04177411036616818,-0.01351659974351227,-0.03915123478219677,0.0029092604555101234,1.0194181670223514
314,2025-07-21,Samsung HI,False,10,-0.030943785456420847,-0.011514605238858944,-0.04022993072738819,0.0029092604555101234,1.0194181670223514
315,2025-08-18,Samsung HI,True,1,-0.04008221993833505,-0.029570578012330984,-0.030753265113129598,0.0012786099457717402,1.009125391223214
315,2025-08-18,Samsung HI,True,2,-0.027235354573484027,-0.009982823993020418,-0.012382607793426703,0.0012786099457717402,1.009125391223214
315,2025-08-18,Samsung HI,True,3,-0.010791366906474864,0.0028034388102509133,-0.0009083331062955981,0.0012786099457717402,1.009125391223214
315,2025-08-18,Samsung HI,True,4,0.020041109969167525,0.025161924778400624,0.020094214433829544,0.0012786099457717402,1.009125391223214
315,2025-08-18,Samsung HI,True,5,0.027749229188078095,0.01995654840541916,0.013492387415741075,0.0012786099457717402,1.009125391223214
315,2025-08-18,Samsung HI,True,6,0.058581706063720373,0.06036504316466729,0.05270965713876586,0.0012786099457717402,1.009125391223214
315,2025-08-18,Samsung HI,True,7,0.13052415210688584,0.12985854037202538,0.12090219678413983,0.0012786099457717402,1.009125391223214
315,2025-08-18,Samsung HI,True,8,0.09969167523124356,0.09615011845330668,0.08588892079599486,0.0012786099457717402,1.009125391223214
315,2025-08-18,Samsung HI,True,9,0.0945529290853031,0.09424838031982441,0.0827381116812472,0.0012786099457717402,1.009125391223214
315,2025-08-18,Samsung HI,True,10,0.06885919835560128,0.0820803823909666,0.06941493141000601,0.0012786099457717402,1.009125391223214
316,2025-10-24,Samsung HI,False,1,0.12355212355212353,0.11279155862246482,0.11023228955560851,0.0028830132343297793,0.9699138317003076
316,2025-10-24,Samsung HI,False,2,0.1563706563706564,0.15371551697583818,0.14802937347787026,0.0028830132343297793,0.9699138317003076
316,2025-10-24,Samsung HI,False,3,0.1583011583011582,0.13796009039509305,0.12992303548452105,0.0028830132343297793,0.9699138317003076
316,2025-10-24,Samsung HI,False,4,0.16988416988417,0.14810802663664946,0.13723113440999346,0.0028830132343297793,0.9699138317003076
316,2025-10-24,Samsung HI,False,5,0.14092664092664098,0.11399772715866807,0.10039284881877031,0.0028830132343297793,0.9699138317003076
316,2025-10-24,Samsung HI,False,6,0.11776061776061786,0.062237702807582895,0.046610095165370735,0.0028830132343297793,0.9699138317003076
316,2025-10-24,Samsung HI,False,7,0.10810810810810811,0.07761900743032268,0.058355215004312344,0.0028830132343297793,0.9699138317003076
316,2025-10-24,Samsung HI,False,8,0.05984555984555984,0.058687999073619324,0.03565871976718281,0.0028830132343297793,0.9699138317003076
316,2025-10-24,Samsung HI,False,9,0.009652509652509744,0.0029871597216384327,-0.02275942454753304,0.0028830132343297793,0.9699138317003076
316,2025-10-24,Samsung HI,False,10,0.015444015444015413,0.026952119619484516,-0.002224247482846834,0.0028830132343297793,0.9699138317003076
317,2025-11-07,Samsung HI,False,1,0.0,-0.020383930338412792,-0.021689517503926982,0.002651401656376778,0.9339766929871003
317,2025-11-07,Samsung HI,False,2,-0.02402957486136781,-0.05271788384938614,-0.05612659013014283,0.002651401656376778,0.9339766929871003
317,2025-11-07,Samsung HI,False,3,-0.02957486136783738,-0.0692855733900225,-0.07461794582761126,0.002651401656376778,0.9339766929871003
317,2025-11-07,Samsung HI,False,4,-0.020332717190388205,-0.06511373460829017,-0.07276275037246513,0.002651401656376778,0.9339766929871003
317,2025-11-07,Samsung HI,False,5,-0.027726432532347522,-0.032661462981736,-0.0455926442331419,0.002651401656376778,0.9339766929871003
317,2025-11-07,Samsung HI,False,6,-0.031423290203327126,-0.05581787219121748,-0.0701156711534403,0.002651401656376778,0.9339766929871003
317,2025-11-07,Samsung HI,False,7,-0.06469500924214422,-0.055113033877215,-0.07430547917316122,0.002651401656376778,0.9339766929871003
317,2025-11-07,Samsung HI,False,8,-0.06284658040665436,-0.047224829197321516,-0.06946744212450866,0.002651401656376778,0.9339766929871003
317,2025-11-07,Samsung HI,False,9,-0.02218114602587795,-0.025432754920957312,-0.049080687855982616,0.002651401656376778,0.9339766929871003
317,2025-11-07,Samsung HI,False,10,-0.06284658040665436,-0.028123505757429945,-0.0569300545391953,0.002651401656376778,0.9339766929871003
318,2025-11-20,Samsung HI,False,1,-0.01934235976789167,-0.005158615812100864,-0.007974908939715458,0.0021314772600608944,0.9517182579093224
318,2025-11-20,Samsung HI,False,2,-0.030947775628626717,-0.014921987003252535,-0.019958694516584354,0.0021314772600608944,0.9517182579093224
318,2025-11-20,Samsung HI,False,3,-0.04061895551257255,-0.027591606266020086,-0.03461502116265,0.0021314772600608944,0.9517182579093224
318,2025-11-20,Samsung HI,False,4,-0.01934235976789167,-0.03268950843624685,-0.04057099388683897,0.0021314772600608944,0.9517182579093224
318,2025-11-20,Samsung HI,False,5,-0.021276595744680882,-0.04128580596802889,-0.05097711274089152,0.0021314772600608944,0.9517182579093224
318,2025-11-20,Samsung HI,False,6,-0.048355899419729176,-0.05293286874456882,-0.06550074825243533,0.0021314772600608944,0.9517182579093224
318,2025-11-20,Samsung HI,False,7,-0.06382978723404253,-0.06681543463599215,-0.08159162319858379,0.0021314772600608944,0.9517182579093224
318,2025-11-20,Samsung HI,False,8,-0.0522243713733076,-0.07428541468694128,-0.0902720871639083,0.0021314772600608944,0.9517182579093224
318,2025-11-20,Samsung HI,False,9,-0.044487427466150864,-0.07713255244376493,-0.09473968427962588,0.0021314772600608944,0.9517182579093224
318,2025-11-20,Samsung HI,False,10,-0.046421663442940075,-0.07707379842388018,-0.09690863254881074,0.0021314772600608944,0.9517182579093224
319,2025-12-23,Samsung HI,False,1,-0.039215686274509776,-0.0325381240440783,-0.03481321624131726,0.002227215476252564,0.9928302096881689
319,2025-12-23,Samsung HI,False,2,-0.0607843137254902,-0.05919833225439586,-0.06366413436148718,0.002227215476252564,0.9928302096881689
319,2025-12-23,Samsung HI,False,3,-0.03529411764705881,-0.055679781921859184,-0.062215267412399175,0.002227215476252564,0.9928302096881689
319,2025-12-23,Samsung HI,False,4,-0.05490196078431375,-0.07374274371760592,-0.08251652115967374,0.002227215476252564,0.9928302096881689
319,2025-12-23,Samsung HI,False,5,-0.05294117647058827,-0.09486089099392347,-0.10569641281212216,0.002227215476252564,0.9928302096881689
319,2025-12-23,Samsung HI,False,6,-0.04117647058823526,-0.11885088019696222,-0.13165726382498774,0.002227215476252564,0.9928302096881689
319,2025-12-23,Samsung HI,False,7,-0.027450980392156876,-0.12155577121667382,-0.13647156793289128,0.002227215476252564,0.9928302096881689
319,2025-12-23,Samsung HI,False,8,-0.00588235294117645,-0.10617150444108958,-0.12327017606430427,0.002227215476252564,0.9928302096881689
319,2025-12-23,Samsung HI,False,9,0.03333333333333344,-0.06727253092986207,-0.08659614726522749,0.002227215476252564,0.9928302096881689
319,2025-12-23,Samsung HI,False,10,0.12352941176470589,0.014715609857659961,-0.006776372762159033,0.002227215476252564,0.9928302096881689
320,2026-01-02,Samsung HI,False,1,0.018750000000000044,0.0024250328323360826,0.0012388848328817072,0.0020932973804291635,0.9444317791479762
320,2026-01-02,Samsung HI,False,2,0.03333333333333344,0.0015133274964738153,-0.0009050861525292109,0.0020932973804291635,0.9444317791479762
320,2026-01-02,Samsung HI,False,3,0.05624999999999991,0.018597694440390944,0.01441007393002769,0.0020932973804291635,0.9444317791479762
320,2026-01-02,Samsung HI,False,4,0.09791666666666665,0.059965678048543136,0.05370135744391102,0.0020932973804291635,0.9444317791479762
320,2026-01-02,Samsung HI,False,5,0.1937500000000001,0.148058332117321,0.14013084990717722,0.0020932973804291635,0.9444317791479762
320,2026-01-02,Samsung HI,False,6,0.1729166666666666,0.11845374896638927,0.1089203721228289,0.0020932973804291635,0.9444317791479762
320,2026-01-02,Samsung HI,False,7,0.20625000000000004,0.13631712388734862,0.1255500877289895,0.0020932973804291635,0.9444317791479762
320,2026-01-02,Samsung HI,False,8,0.1812499999999999,0.10437217277104893,0.09189775780969771,0.0020932973804291635,0.9444317791479762
320,2026-01-02,Samsung HI,False,9,0.2562500000000001,0.16239739894936522,0.14877294458822132,0.0020932973804291635,0.9444317791479762
320,2026-01-02,Samsung HI,False,10,0.23958333333333326,0.13588331144510923,0.12071276335946213,0.0020932973804291635,0.9444317791479762
321,2026-01-28,Samsung HI,False,1,-0.008319467554076532,-0.004091311121824259,-0.005415437693975987,0.0012675255270588705,0.9866133039305013
321,2026-01-28,Samsung HI,False,2,-0.019966722129783676,-0.016331690032412083,-0.018915402156420208,0.0012675255270588705,0.9866133039305013
321,2026-01-28,Samsung HI,False,3,-0.08818635607321135,-0.03216376013391986,-0.0367162941799601,0.0012675255270588705,0.9866133039305013
321,2026-01-28,Samsung HI,False,4,-0.04658901830282858,-0.055106360037803004,-0.060062443080912326,0.0012675255270588705,0.9866133039305013
321,2026-01-28,Samsung HI,False,5,-0.0266222961730449,-0.05097281549058952,-0.05698447012464544,0.0012675255270588705,0.9866133039305013
321,2026-01-28,Samsung HI,False,6,-0.06489184692179706,-0.049663236587320636,-0.05747225052778232,0.0012675255270588705,0.9866133039305013
321,2026-01-28,Samsung HI,False,7,-0.08485856905158073,-0.05543502487621432,-0.06470158760878952,0.0012675255270588705,0.9866133039305013
321,2026-01-28,Samsung HI,False,8,-0.06988352745424298,-0.08030039278259726,-0.09030114958892065,0.0012675255270588705,0.9866133039305013
321,2026-01-28,Samsung HI,False,9,-0.07321131447587359,-0.08432429035802669,-0.09558325407099447,0.0012675255270588705,0.9866133039305013
321,2026-01-28,Samsung HI,False,10,-0.06821963394342767,-0.08940237345313695,-0.10179406182798982,0.0012675255270588705,0.9866133039305013
322,2026-02-11,Samsung HI,False,1,0.0,-0.017856780802854688,-0.018401933807284016,0.0007663799218800885,0.9876110414361253
322,2026-02-11,Samsung HI,False,2,-0.01598579040852577,-0.031029870188965414,-0.0323762495516941,0.0007663799218800885,0.9876110414361253
322,2026-02-11,Samsung HI,False,3,0.026642984014209503,-0.019779485153905485,-0.021503498872589226,0.0007663799218800885,0.9876110414361253
322,2026-02-11,Samsung HI,False,4,0.047957371225577194,-0.022662436751360815,-0.024853050564066087,0.0007663799218800885,0.9876110414361253
322,2026-02-11,Samsung HI,False,5,0.039076376554174175,-0.03846643603625699,-0.04133766095354828,0.0007663799218800885,0.9876110414361253
322,2026-02-11,Samsung HI,False,6,0.030195381882770933,-0.0701199871506073,-0.07347546373161351,0.0007663799218800885,0.9876110414361253
322,2026-02-11,Samsung HI,False,7,0.02841918294849033,-0.09294905048726254,-0.09681008392541696,0.0007663799218800885,0.9876110414361253
322,2026-02-11,Samsung HI,False,8,0.019538188277087087,-0.14300865167358934,-0.14712590498379233,0.0007663799218800885,0.9876110414361253
322,2026-02-11,Samsung HI,False,9,0.02841918294849033,-0.1224897839644874,-0.1275175983234062,0.0007663799218800885,0.9876110414361253
322,2026-02-11,Samsung HI,False,10,-0.005328596802841923,-0.07288503053387319,-0.07971187589445718,0.0007663799218800885,0.9876110414361253
323,2026-02-20,Samsung HI,False,1,-0.01845637583892612,-0.008797060664382572,-0.009949697832249187,0.0008686141783136941,0.9705959496692432
323,2026-02-20,Samsung HI,False,2,-0.02684563758389258,-0.03811596796906258,-0.03952180296380017,0.0008686141783136941,0.9705959496692432
323,2026-02-20,Samsung HI,False,3,-0.028523489932885893,-0.0591429430686059,-0.06084844966244403,0.0008686141783136941,0.9705959496692432
323,2026-02-20,Samsung HI,False,4,-0.03691275167785235,-0.10537835709601351,-0.10683964770162693,0.0008686141783136941,0.9705959496692432
323,2026-02-20,Samsung HI,False,5,-0.028523489932885893,-0.08629303852676284,-0.08893745070389186,0.0008686141783136941,0.9705959496692432
323,2026-02-20,Samsung HI,False,6,-0.06040268456375841,-0.04156515654886461,-0.047330741240603755,0.0008686141783136941,0.9705959496692432
323,2026-02-20,Samsung HI,False,7,-0.21140939597315433,-0.0742664323488953,-0.08437929020200802,0.0008686141783136941,0.9705959496692432
323,2026-02-20,Samsung HI,False,8,-0.08724832214765099,-0.03317343619770252,-0.04171237029231429,0.0008686141783136941,0.9705959496692432
323,2026-02-20,Samsung HI,False,9,-0.0738255033557047,-0.0199149375691956,-0.02931765416376493,0.0008686141783136941,0.9705959496692432
323,2026-02-20,Samsung HI,False,10,-0.04194630872483218,0.06837519976814865,0.0564451587967191,0.0008686141783136941,0.9705959496692432
324,2026-03-10,Samsung HI,False,1,0.014084507042253502,0.02270306388903165,0.021701296991817665,0.0007798101797345763,0.9742466492447187
324,2026-03-10,Samsung HI,False,2,0.08626760563380276,0.09960454402269636,0.09770145281089646,0.0007798101797345763,0.9742466492447187
324,2026-03-10,Samsung HI,False,3,0.08098591549295775,0.11128958840838743,0.10816973675141932,0.0007798101797345763,0.9742466492447187
324,2026-03-10,Samsung HI,False,4,0.012323943661971759,0.03156327693875516,0.027948558921642094,0.0007798101797345763,0.9742466492447187
324,2026-03-10,Samsung HI,False,5,0.02640845070422526,0.029631794499288544,0.02564973169725654,0.0007798101797345763,0.9742466492447187
324,2026-03-10,Samsung HI,False,6,0.02464788732394374,-0.022413992394437754,-0.025880852377254876,0.0007798101797345763,0.9742466492447187
324,2026-03-10,Samsung HI,False,7,0.0035211267605634866,-0.014945947065319487,-0.01992902929379988,0.0007798101797345763,0.9742466492447187
324,2026-03-10,Samsung HI,False,8,0.005281690140845008,-0.016362780693548462,-0.02204384448211448,0.0007798101797345763,0.9742466492447187
324,2026-03-10,Samsung HI,False,9,-0.08450704225352113,-0.03980258612209908,-0.047972167278786865,0.0007798101797345763,0.9742466492447187
324,2026-03-10,Samsung HI,False,10,-0.07042253521126762,-0.05190244586243964,-0.06017750201680492,0.0007798101797345763,0.9742466492447187
325,2026-03-20,Samsung HI,False,1,-0.05797101449275366,-0.026717374357631885,-0.02874999646519578,0.0003801499168322599,0.9471270487665645
325,2026-03-20,Samsung HI,False,2,-0.04347826086956519,-0.038777670383646434,-0.039786504308841286,0.0003801499168322599,0.9471270487665645
325,2026-03-20,Samsung HI,False,3,-0.02717391304347827,-0.03829547787596499,-0.038847897671434206,0.0003801499168322599,0.9471270487665645
325,2026-03-20,Samsung HI,False,4,-0.04528985507246375,-0.02384061087651923,-0.026495295386214493,0.0003801499168322599,0.9471270487665645
325,2026-03-20,Samsung HI,False,5,-0.05797101449275366,-0.032652698676870595,-0.035892102338477797,0.0003801499168322599,0.9471270487665645
325,2026-03-20,Samsung HI,False,6,-0.1123188405797102,-0.05804610597580184,-0.06319656512681304,0.0003801499168322599,0.9471270487665645
325,2026-03-20,Samsung HI,False,7,-0.11413043478260865,-0.01956487650908556,-0.027225886077869965,0.0003801499168322599,0.9471270487665645
325,2026-03-20,Samsung HI,False,8,-0.021739130434782594,-0.003558615574071,-0.007561072384358233,0.0003801499168322599,0.9471270487665645
325,2026-03-20,Samsung HI,False,9,-0.025362318840579712,0.036661103468856315,0.029960392834268393,0.0003801499168322599,0.9471270487665645
325,2026-03-20,Samsung HI,False,10,0.010869565217391353,0.047221634606206986,0.04149809424585507,0.0003801499168322599,0.9471270487665645
326,2026-03-23,Samsung HI,False,1,-0.03296703296703296,-0.01801899990683653,-0.019669185467746347,0.000433554168146125,0.9186092653217811
326,2026-03-23,Samsung HI,False,2,-0.016483516483516536,-0.01719473637639013,-0.018003958003083635,0.000433554168146125,0.9186092653217811
326,2026-03-23,Samsung HI,False,3,-0.034798534798534786,-0.0032742894720121374,-0.007140733463752599,0.000433554168146125,0.9186092653217811
326,2026-03-23,Samsung HI,False,4,-0.04761904761904767,-0.012265566011442464,-0.01687722852550285,0.000433554168146125,0.9186092653217811
326,2026-03-23,Samsung HI,False,5,-0.10256410256410253,-0.03855431220547745,-0.04593188691009534,0.000433554168146125,0.9186092653217811
326,2026-03-23,Samsung HI,False,6,-0.10439560439560436,-0.0005078387966543918,-0.011564665371708277,0.000433554168146125,0.9186092653217811
326,2026-03-23,Samsung HI,False,7,-0.01098901098901095,0.017300159313567876,0.011962803782180856,0.000433554168146125,0.9186092653217811
326,2026-03-23,Samsung HI,False,8,-0.0146520146520146,0.05702866357862635,0.047726087170032475,0.000433554168146125,0.9186092653217811
326,2026-03-23,Samsung HI,False,9,0.0219780219780219,0.06825165540713041,0.060583422872789554,0.000433554168146125,0.9186092653217811
326,2026-03-23,Samsung HI,False,10,-0.01098901098901095,0.022331907034471743,0.01528435135492653,0.000433554168146125,0.9186092653217811
327,2026-04-01,Samsung HI,False,1,-0.06434782608695655,-0.007132815882856636,-0.013199052039113694,0.00028554918639680274,0.898965552059868
327,2026-04-01,Samsung HI,False,2,-0.029565217391304355,0.0018468391176144072,-0.0018979590432220347,0.00028554918639680274,0.898965552059868
327,2026-04-01,Samsung HI,False,3,-0.060869565217391286,-0.04261206164640663,-0.04531334599965646,0.00028554918639680274,0.898965552059868
327,2026-04-01,Samsung HI,False,4,-0.0678260869565217,-0.057575154357619396,-0.059753048419208206,0.00028554918639680274,0.898965552059868
327,2026-04-01,Samsung HI,False,5,-0.01565217391304352,-0.07340936136407206,-0.06900164174736667,0.00028554918639680274,0.898965552059868
327,2026-04-01,Samsung HI,False,6,-0.02086956521739125,-0.06163553017580947,-0.059230058529869734,0.00028554918639680274,0.898965552059868
327,2026-04-01,Samsung HI,False,7,-0.006956521739130417,-0.06228742097882145,-0.05869593842488582,0.00028554918639680274,0.898965552059868
327,2026-04-01,Samsung HI,False,8,-0.040000000000000036,-0.08627960134661716,-0.08388816086484674,0.00028554918639680274,0.898965552059868
327,2026-04-01,Samsung HI,False,9,-0.029565217391304355,-0.10450816269264518,-0.09950628626468792,0.00028554918639680274,0.898965552059868
327,2026-04-01,Samsung HI,False,10,-0.022608695652173938,-0.11982233690375688,-0.11285590219162117,0.00028554918639680274,0.898965552059868
328,2026-05-04,Samsung HI,False,1,-0.034848484848484795,-0.07595233215731423,-0.06941123138540586,0.00040985997147813453,0.8308926974362962
328,2026-05-04,Samsung HI,False,2,0.021212121212121238,-0.03476411454674566,-0.026117844252850013,0.00040985997147813453,0.8308926974362962
328,2026-05-04,Samsung HI,False,3,-0.03181818181818186,-0.08891523934383028,-0.08048928987577766,0.00040985997147813453,0.8308926974362962
328,2026-05-04,Samsung HI,False,4,0.028787878787878807,-0.0740217887580572,-0.05827536308780536,0.00040985997147813453,0.8308926974362962
328,2026-05-04,Samsung HI,False,5,-0.048484848484848464,-0.12604571474613946,-0.11497890572557903,0.00040985997147813453,0.8308926974362962
328,2026-05-04,Samsung HI,False,6,-0.05909090909090908,-0.16496979548751645,-0.14952406243940614,0.00040985997147813453,0.8308926974362962
328,2026-05-04,Samsung HI,False,7,-0.08636363636363631,-0.2116137065031115,-0.1933020247962571,0.00040985997147813453,0.8308926974362962
328,2026-05-04,Samsung HI,False,8,-0.11212121212121207,-0.1685387273932899,-0.16227699334010734,0.00040985997147813453,0.8308926974362962
328,2026-05-04,Samsung HI,False,9,-0.1045454545454545,-0.1641858610865421,-0.15778897255587931,0.00040985997147813453,0.8308926974362962
328,2026-05-04,Samsung HI,False,10,-0.13484848484848488,-0.1600352532303143,-0.1598745864837477,0.00040985997147813453,0.8308926974362962
329,2026-05-14,Samsung HI,False,1,-0.05024311183144248,0.007425954726233419,-0.0013487441172299122,7.93953628714184e-05,0.8492206654342916
329,2026-05-14,Samsung HI,False,2,-0.04213938411669371,0.0126548435690359,0.004234215654796834,7.93953628714184e-05,0.8492206654342916
329,2026-05-14,Samsung HI,False,3,-0.07455429497568877,0.010972790257121612,-0.002161112830240411,7.93953628714184e-05,0.8492206654342916
329,2026-05-14,Samsung HI,False,4,-0.1037277147487844,-0.010314315182651135,-0.02471670686023901,7.93953628714184e-05,0.8492206654342916
329,2026-05-14,Samsung HI,False,5,-0.07131280388978933,-0.05418952913894837,-0.057168341925823055,7.93953628714184e-05,0.8492206654342916
329,2026-05-14,Samsung HI,False,6,-0.04376012965964349,-0.03067621731330461,-0.03312537308763015,7.93953628714184e-05,0.8492206654342916
329,2026-05-14,Samsung HI,False,7,-0.012965964343598091,-0.025008596468602096,-0.0237485839504743,7.93953628714184e-05,0.8492206654342916
329,2026-05-14,Samsung HI,False,8,-0.04538087520259315,-0.08020968647055315,-0.07559338438682685,7.93953628714184e-05,0.8492206654342916
329,2026-05-14,Samsung HI,False,9,-0.0794165316045381,-0.10878616721933976,-0.1050723913707454,7.93953628714184e-05,0.8492206654342916
329,2026-05-14,Samsung HI,False,10,-0.09400324149108585,-0.15995098884229786,-0.15080138500928886,7.93953628714184e-05,0.8492206654342916
330,2026-05-18,Samsung HI,False,1,-0.04194630872483218,-0.021207411441627744,-0.024422667732848433,0.0002798139515369276,0.8584571638695054
330,2026-05-18,Samsung HI,False,2,-0.07214765100671139,-0.04296371314798908,-0.047654118385042604,0.0002798139515369276,0.8584571638695054
330,2026-05-18,Samsung HI,False,3,-0.038590604026845665,-0.09110176128424785,-0.08450862501215153,0.0002798139515369276,0.8584571638695054
330,2026-05-18,Samsung HI,False,4,-0.010067114093959773,-0.0669038127847158,-0.05997824106187954,0.0002798139515369276,0.8584571638695054
330,2026-05-18,Samsung HI,False,5,0.02181208053691286,-0.0619313173563385,-0.05147710906900786,0.0002798139515369276,0.8584571638695054
330,2026-05-18,Samsung HI,False,6,-0.011744966442952975,-0.11988888900337202,-0.1062607752031153,0.0002798139515369276,0.8584571638695054
330,2026-05-18,Samsung HI,False,7,-0.046979865771812124,-0.14927784332532257,-0.13675699511274353,0.0002798139515369276,0.8584571638695054
330,2026-05-18,Samsung HI,False,8,-0.06208053691275173,-0.20354809669868312,-0.1857628886784175,0.0002798139515369276,0.8584571638695054
330,2026-05-18,Samsung HI,False,9,-0.07550335570469802,-0.2590183563915056,-0.23556144828563758,0.0002798139515369276,0.8584571638695054
330,2026-05-18,Samsung HI,False,10,-0.07046979865771807,-0.2557502989768816,-0.23232331099739947,0.0002798139515369276,0.8584571638695054
331,2026-05-27,Samsung HI,False,1,-0.046979865771812124,-0.04937524254767922,-0.049365518163600706,0.0003399131315308845,0.8540365260563936
331,2026-05-27,Samsung HI,False,2,-0.06208053691275173,-0.1000955092422311,-0.09522653808221199,0.0003399131315308845,0.8540365260563936
331,2026-05-27,Samsung HI,False,3,-0.07550335570469802,-0.15175495843954234,-0.1416447490051893,0.0003399131315308845,0.8540365260563936
331,2026-05-27,Samsung HI,False,4,-0.07046979865771807,-0.14832689165491497,-0.1383222524160172,0.0003399131315308845,0.8540365260563936
331,2026-05-27,Samsung HI,False,5,-0.046979865771812124,-0.10498815162010744,-0.09822062635783094,0.0003399131315308845,0.8540365260563936
331,2026-05-27,Samsung HI,False,6,-0.06879194630872487,-0.06816248635842048,-0.07029384330866059,0.0003399131315308845,0.8540365260563936
331,2026-05-27,Samsung HI,False,7,-0.12416107382550334,-0.04072456539331182,-0.05528263993851569,0.0003399131315308845,0.8540365260563936
331,2026-05-27,Samsung HI,False,8,-0.1325503355704698,-0.12412487942631623,-0.12807399332692346,0.0003399131315308845,0.8540365260563936
331,2026-05-27,Samsung HI,False,9,-0.12751677852348997,-0.0742563841680558,-0.08508967453555938,0.0003399131315308845,0.8540365260563936
331,2026-05-27,Samsung HI,False,10,-0.15100671140939592,-0.10180351708384272,-0.11238451757203166,0.0003399131315308845,0.8540365260563936
332,2026-06-02,Samsung HI,False,1,-0.050167224080267525,-0.05197500763790219,-0.05170539774382659,1.770921243157121e-06,0.8498820203488077
332,2026-06-02,Samsung HI,False,2,-0.07190635451505012,-0.018191179569376437,-0.02625833495131763,1.770921243157121e-06,0.8498820203488077
332,2026-06-02,Samsung HI,False,3,-0.1270903010033445,0.005033282281093232,-0.014806155869572082,1.770921243157121e-06,0.8498820203488077
332,2026-06-02,Samsung HI,False,4,-0.13545150501672243,-0.07435445057912993,-0.08353330063891284,1.770921243157121e-06,0.8498820203488077
332,2026-06-02,Samsung HI,False,5,-0.13043478260869568,-0.026884383829500424,-0.0424380150925243,1.770921243157121e-06,0.8498820203488077
332,2026-06-02,Samsung HI,False,6,-0.15384615384615385,-0.05413744007429866,-0.06911613626680752,1.770921243157121e-06,0.8498820203488077
332,2026-06-02,Samsung HI,False,7,-0.10033444816053516,-0.042332309896981446,-0.051051870157257345,1.770921243157121e-06,0.8498820203488077
332,2026-06-02,Samsung HI,False,8,-0.041806020066889604,-0.03277985764698754,-0.034149014283412014,1.770921243157121e-06,0.8498820203488077
332,2026-06-02,Samsung HI,False,9,-0.06020066889632103,-0.07211882117686508,-0.07034563052652297,1.770921243157121e-06,0.8498820203488077
332,2026-06-02,Samsung HI,False,10,-0.0317725752508361,-0.05965117197479375,-0.055483802571514446,1.770921243157121e-06,0.8498820203488077
333,2026-06-08,Samsung HI,False,1,-0.018975332068311146,-0.0708306769998236,-0.06309446571404317,0.00010336397939665608,0.848818375896812
333,2026-06-08,Samsung HI,False,2,-0.013282732447817858,-0.017577488324852175,-0.017134928115028727,0.00010336397939665608,0.848818375896812
333,2026-06-08,Samsung HI,False,3,-0.03984819734345346,-0.04844680265201062,-0.04745694347463063,0.00010336397939665608,0.848818375896812
333,2026-06-08,Samsung HI,False,4,0.020872865275142205,-0.03444972207494401,-0.026499419387354117,0.00010336397939665608,0.848818375896812
333,2026-06-08,Samsung HI,False,5,0.0872865275142316,-0.022903969461511853,-0.00676201106496481,0.00010336397939665608,0.848818375896812
333,2026-06-08,Samsung HI,False,6,0.06641366223908918,-0.06724080347561223,-0.04765488815659975,0.00010336397939665608,0.848818375896812
333,2026-06-08,Samsung HI,False,7,0.09867172675521818,-0.05286326524245388,-0.03067750689955881,0.00010336397939665608,0.848818375896812
333,2026-06-08,Samsung HI,False,8,0.05123339658444026,-0.126231216497807,-0.10022873990636225,0.00010336397939665608,0.848818375896812
333,2026-06-08,Samsung HI,False,9,0.04554079696394697,-0.13044026765744943,-0.10476544031114854,0.00010336397939665608,0.848818375896812
333,2026-06-08,Samsung HI,False,10,-0.005692599620493399,-0.18974484339010933,-0.16295316605114948,0.00010336397939665608,0.848818375896812
334,2026-07-02,Samsung HI,False,1,0.021739130434782705,-0.023299792011032716,-0.01477790028311577,-0.00046671350539766935,0.8211507339632703
334,2026-07-02,Samsung HI,False,2,0.0304347826086957,-0.00982233163918056,-0.0016889492923957833,-0.00046671350539766935,0.8211507339632703
334,2026-07-02,Samsung HI,False,3,-0.023913043478260843,-0.013132333507008598,-0.013660315056528908,-0.00046671350539766935,0.8211507339632703
334,2026-07-02,Samsung HI,False,4,-0.08043478260869563,-0.016742802893588538,-0.02626721269647104,-0.00046671350539766935,0.8211507339632703
334,2026-07-02,Samsung HI,False,5,-0.08913043478260874,-0.03126810072789121,-0.03928316917776116,-0.00046671350539766935,0.8211507339632703
334,2026-07-02,Samsung HI,False,6,-0.02826086956521734,0.005824210702233157,0.0025284001459826323,-0.00046671350539766935,0.8211507339632703
334,2026-07-02,Samsung HI,False,7,-0.04130434782608694,0.07921892488944005,0.060930420561707124,-0.00046671350539766935,0.8211507339632703
334,2026-07-02,Samsung HI,False,8,-0.07608695652173914,0.037989079525936886,0.021320372249611863,-0.00046671350539766935,0.8211507339632703
334,2026-07-02,Samsung HI,False,9,-0.050000000000000044,0.00883135760198972,0.002509834023508496,-0.00046671350539766935,0.8211507339632703
334,2026-07-02,Samsung HI,False,10,-0.0304347826086957,0.08832228318800306,0.07174980418756458,-0.00046671350539766935,0.8211507339632703
335,2026-07-08,Samsung HI,False,1,-0.011792452830188704,0.01421788024312598,0.009407717062079265,-0.0002915531615629883,0.803858092542313
335,2026-07-08,Samsung HI,False,2,0.054245283018867996,0.055674495589527306,0.05597727343288166,-0.0002915531615629883,0.803858092542313
335,2026-07-08,Samsung HI,False,3,0.04009433962264142,0.13088406638925498,0.11395105568837814,-0.0002915531615629883,0.803858092542313
335,2026-07-08,Samsung HI,False,4,0.002358490566037652,0.08648301104518452,0.07114887978069336,-0.0002915531615629883,0.803858092542313
335,2026-07-08,Samsung HI,False,5,0.030660377358490587,0.05767249494394955,0.05383205248408124,-0.0002915531615629883,0.803858092542313
335,2026-07-08,Samsung HI,False,6,0.05188679245283012,0.14085059998197536,0.1251503880478882,-0.0002915531615629883,0.803858092542313
335,2026-07-08,Samsung HI,False,7,-0.011792452830188704,0.11782109877640645,0.09443932166286445,-0.0002915531615629883,0.803858092542313
335,2026-07-08,Samsung HI,False,8,0.002358490566037652,0.10102625073615412,0.0840057933443138,-0.0002915531615629883,0.803858092542313
335,2026-07-08,Samsung HI,False,9,0.018867924528301883,0.11089051410119444,0.09546500630723832,-0.0002915531615629883,0.803858092542313
335,2026-07-08,Samsung HI,False,10,0.11556603773584895,0.16762543955028109,0.16032994079292207,-0.0002915531615629883,0.803858092542313
336,2026-08-03,Samsung HI,True,1,0.03341288782816232,0.03222102086381762,0.03404954790493642,-0.001488855364319823,0.7150087325511758
336,2026-08-03,Samsung HI,True,2,0.059665871121718395,0.02079557836644308,0.03485098309351549,-0.001488855364319823,0.7150087325511758
336,2026-08-03,Samsung HI,True,3,0.054892601431980825,0.06355213684003391,0.06555081096153437,-0.001488855364319823,0.7150087325511758
336,2026-08-03,Samsung HI,True,4,0.05250596658711215,0.06708704975329016,0.06888698983826366,-0.001488855364319823,0.7150087325511758
336,2026-08-03,Samsung HI,True,5,0.07637231503579955,0.08451542724133598,0.08963898819450128,-0.001488855364319823,0.7150087325511758
336,2026-08-03,Samsung HI,True,6,0.04057279236276856,0.04149385203798883,0.05016449025967074,-0.001488855364319823,0.7150087325511758
336,2026-08-03,Samsung HI,True,7,0.038186157517899666,0.002341978772493203,0.022979244254047557,-0.001488855364319823,0.7150087325511758
336,2026-08-03,Samsung HI,True,8,0.05011933174224348,-0.022614467841469033,0.010024872802820543,-0.001488855364319823,0.7150087325511758
336,2026-08-03,Samsung HI,True,9,0.06443914081145574,-0.03421028655708458,0.007303637060654858,-0.001488855364319823,0.7150087325511758
336,2026-08-03,Samsung HI,True,10,0.014319809069212486,-0.06730812060906222,-0.029156319827628986,-0.001488855364319823,0.7150087325511758
337,2026-08-31,Samsung HI,False,1,0.012048192771084265,0.004455651768267455,0.008276923878194115,-0.0010354719733802642,0.6330872450326086
337,2026-08-31,Samsung HI,False,2,-0.03903614457831328,-0.006376868515527101,-0.016289029524204027,-0.0010354719733802642,0.6330872450326086
337,2026-08-31,Samsung HI,False,3,0.04337349397590362,0.07356235677510592,0.0655920938762588,-0.0010354719733802642,0.6330872450326086
337,2026-08-31,Samsung HI,False,4,0.031325301204819356,0.04563483101560284,0.04452636990396131,-0.0010354719733802642,0.6330872450326086
337,2026-08-31,Samsung HI,False,5,0.031325301204819356,0.00020929643497602513,0.016803515335559054,-0.0010354719733802642,0.6330872450326086
337,2026-08-31,Samsung HI,False,6,0.026506024096385472,0.0014142311453175793,0.01683356186434686,-0.0010354719733802642,0.6330872450326086
337,2026-08-31,Samsung HI,False,7,0.04096385542168668,0.001556636685459356,0.02326395169123298,-0.0010354719733802642,0.6330872450326086
337,2026-08-31,Samsung HI,False,8,0.028915662650602414,-0.00787963943701464,0.013904802008852456,-0.0010354719733802642,0.6330872450326086
337,2026-08-31,Samsung HI,False,9,0.031325301204819356,0.012808993676691971,0.02892211084408302,-0.0010354719733802642,0.6330872450326086
337,2026-08-31,Samsung HI,False,10,0.06506024096385543,0.07978838495534168,0.08473916080167168,-0.0010354719733802642,0.6330872450326086
338,2016-12-12,HD Mipo,True,1,-0.021428774969367126,-0.02616132891998868,-0.030157147948967844,0.0006992468257620035,1.696573612813057
338,2016-12-12,HD Mipo,True,2,-0.025703131678682323,-0.030874890323365656,-0.03587589457861389,0.0006992468257620035,1.696573612813057
338,2016-12-12,HD Mipo,True,3,-0.015701136978884644,-0.020764328171103408,-0.026388954029516493,0.0006992468257620035,1.696573612813057
338,2016-12-12,HD Mipo,True,4,-0.012851565839341217,-0.020673357301004613,-0.02891879814117382,0.0006992468257620035,1.696573612813057
338,2016-12-12,HD Mipo,True,5,-0.02997748838799763,-0.03589934943152817,-0.043520595702007156,0.0006992468257620035,1.696573612813057
338,2016-12-12,HD Mipo,True,6,-0.02855270281822586,-0.036226447753800906,-0.045767256941952335,0.0006992468257620035,1.696573612813057
338,2016-12-12,HD Mipo,True,7,-0.021428774969367126,-0.02713843599217114,-0.036010362979097654,0.0006992468257620035,1.696573612813057
338,2016-12-12,HD Mipo,True,8,-0.018550708118428183,-0.02315988996397622,-0.031964499020338,0.0006992468257620035,1.696573612813057
338,2016-12-12,HD Mipo,True,9,-0.025703131678682323,-0.030396206555680316,-0.039958500109811036,0.0006992468257620035,1.696573612813057
338,2016-12-12,HD Mipo,True,10,-0.032855555238936573,-0.03846158369347885,-0.049359063445212195,0.0006992468257620035,1.696573612813057
339,2017-02-06,HD Mipo,True,1,-0.004953764861294618,-0.003707254128789028,-0.00260079973558857,-0.0005299588400783084,1.4624874364004437
339,2017-02-06,HD Mipo,True,2,0.0016842800528400481,0.007806139712095206,0.011697340572064034,-0.0005299588400783084,1.4624874364004437
339,2017-02-06,HD Mipo,True,3,3.302509907521234e-05,0.005769862138251258,0.010012953713781825,-0.0005299588400783084,1.4624874364004437
339,2017-02-06,HD Mipo,True,4,-0.026486129458388352,-0.025177052550119816,-0.022451785566450447,-0.0005299588400783084,1.4624874364004437
339,2017-02-06,HD Mipo,True,5,-0.019848084544253686,-0.020257171078087444,-0.01779657425999462,-0.0005299588400783084,1.4624874364004437
339,2017-02-06,HD Mipo,True,6,-0.023150594451783357,-0.0215960656232147,-0.017697362530009544,-0.0005299588400783084,1.4624874364004437
339,2017-02-06,HD Mipo,True,7,0.013276089828269555,0.01035954348117163,0.01272038931850739,-0.0005299588400783084,1.4624874364004437
339,2017-02-06,HD Mipo,True,8,0.003335535006605106,0.0013911707752065627,0.004731597467024799,-0.0005299588400783084,1.4624874364004437
339,2017-02-06,HD Mipo,True,9,-0.009907529722589126,-0.011245483327363304,-0.00709464049935327,-0.0005299588400783084,1.4624874364004437
339,2017-02-06,HD Mipo,True,10,-0.0033025099075296716,-0.006474133740429711,-0.002641381515351114,-0.0005299588400783084,1.4624874364004437
340,2017-05-29,HD Mipo,True,1,-0.005974118767862802,-0.0005169654838107496,0.0007395418171287742,0.0009179496923163317,1.3984599442369474
340,2017-05-29,HD Mipo,True,2,0.009943632899333199,0.013830687649093343,0.013543623883296068,0.0009179496923163317,1.3984599442369474
340,2017-05-29,HD Mipo,True,3,0.009943632899333199,0.015006139795036177,0.014269496933448153,0.0009179496923163317,1.3984599442369474
340,2017-05-29,HD Mipo,True,4,0.009943632899333199,0.0035019853991846706,-0.002736551873783912,0.0009179496923163317,1.3984599442369474
340,2017-05-29,HD Mipo,True,5,0.014925373134328401,0.009799213595343303,0.0031668958897079456,0.0009179496923163317,1.3984599442369474
340,2017-05-29,HD Mipo,True,6,0.004981740234995202,0.003454076796224781,-0.0026623340462984943,0.0009179496923163317,1.3984599442369474
340,2017-05-29,HD Mipo,True,7,0.0,-0.002983187215154448,-0.010597515672767586,0.0009179496923163317,1.3984599442369474
340,2017-05-29,HD Mipo,True,8,0.05471975230231818,0.044047325778685975,0.03245119376267591,0.0009179496923163317,1.3984599442369474
340,2017-05-29,HD Mipo,True,9,0.05970149253731338,0.059137105766878806,0.05065067301495639,0.0009179496923163317,1.3984599442369474
340,2017-05-29,HD Mipo,True,10,0.12438472530962219,0.1166785119629361,0.10442839769937423,0.0009179496923163317,1.3984599442369474
341,2017-08-28,HD Mipo,True,1,0.009517477203647484,0.005892997108579268,0.0044767549855984435,0.0006792785667601795,1.2033294532982595
341,2017-08-28,HD Mipo,True,2,-0.004768237082066862,-0.011597029204976628,-0.014344080907535691,0.0006792785667601795,1.2033294532982595
341,2017-08-28,HD Mipo,True,3,-0.038088905775075954,-0.041055546977011304,-0.04369658821101345,0.0006792785667601795,1.2033294532982595
341,2017-08-28,HD Mipo,True,4,-0.05524316109422489,-0.055875535256010855,-0.05872122981564746,0.0006792785667601795,1.2033294532982595
341,2017-08-28,HD Mipo,True,5,-0.06952887537993924,-0.0582607317588546,-0.059365979110494085,0.0006792785667601795,1.2033294532982595
341,2017-08-28,HD Mipo,True,6,-0.06666033434650454,-0.054106221792391995,-0.055629272350680554,0.0006792785667601795,1.2033294532982595
341,2017-08-28,HD Mipo,True,7,-0.08476443768996955,-0.0693243222498543,-0.0709398419858749,0.0006792785667601795,1.2033294532982595
341,2017-08-28,HD Mipo,True,8,-0.07237841945288759,-0.06813005343981582,-0.07270046403504847,0.0006792785667601795,1.2033294532982595
341,2017-08-28,HD Mipo,True,9,-0.09715045592705163,-0.09185379180685804,-0.09689033108783619,0.0006792785667601795,1.2033294532982595
341,2017-08-28,HD Mipo,True,10,-0.12857142857142856,-0.12979373567608876,-0.1368350523790437,0.0006792785667601795,1.2033294532982595
342,2017-11-30,HD Mipo,True,1,0.0010891850333163422,0.006517242182602079,0.005895302653488014,0.0011503826836800895,1.097354014527198
342,2017-11-30,HD Mipo,True,2,-0.012835298137707118,-0.017958001961052128,-0.020757483110848768,0.0011503826836800895,1.097354014527198
342,2017-11-30,HD Mipo,True,3,0.05783358961216467,0.04931583894119096,0.04503545366758967,0.0011503826836800895,1.097354014527198
342,2017-11-30,HD Mipo,True,4,0.014992311635058986,0.020838220704052834,0.016805812685759983,0.0011503826836800895,1.097354014527198
342,2017-11-30,HD Mipo,True,5,-0.011767469673671593,-0.0009434978304624364,-0.0056416541367971165,0.0011503826836800895,1.097354014527198
342,2017-11-30,HD Mipo,True,6,-0.07600803007004953,-0.06599565522473505,-0.07192320644067308,0.0011503826836800895,1.097354014527198
342,2017-11-30,HD Mipo,True,7,-0.062083546899026176,-0.055080509436994385,-0.06245141441194185,0.0011503826836800895,1.097354014527198
342,2017-11-30,HD Mipo,True,8,-0.048159063728002716,-0.0369413468066071,-0.04505231849992027,0.0011503826836800895,1.097354014527198
342,2017-11-30,HD Mipo,True,9,-0.0010678284640355251,0.002295075928230972,-0.007730975981831543,0.0011503826836800895,1.097354014527198
342,2017-11-30,HD Mipo,True,10,-0.02033145395523661,-0.012520837302230414,-0.02326426925192817,0.0011503826836800895,1.097354014527198
343,2018-04-25,HD Mipo,True,1,0.09405870060790278,0.08795454799595936,0.08511595867466132,0.000759257712646534,1.340642140005327
343,2018-04-25,HD Mipo,True,2,0.08809840425531923,0.07518296018024873,0.06926490024610452,0.000759257712646534,1.340642140005327
343,2018-04-25,HD Mipo,True,3,0.06546827507598785,0.043213721345627176,0.033355109400113984,0.000759257712646534,1.340642140005327
343,2018-04-25,HD Mipo,True,4,0.09643332066869292,0.07814931094756572,0.06888397589769661,0.000759257712646534,1.340642140005327
343,2018-04-25,HD Mipo,True,5,0.1416698328267476,0.13084735719052576,0.12336447736641497,0.000759257712646534,1.340642140005327
343,2018-04-25,HD Mipo,True,6,0.20238886778115495,0.20208000253581027,0.19741924374178357,0.000759257712646534,1.340642140005327
343,2018-04-25,HD Mipo,True,7,0.20238886778115495,0.20678206949454425,0.20296377513914252,0.000759257712646534,1.340642140005327
343,2018-04-25,HD Mipo,True,8,0.17500949848024305,0.1817720217467368,0.17800156044289875,0.000759257712646534,1.340642140005327
343,2018-04-25,HD Mipo,True,9,0.1523793693009119,0.1509407075002276,0.14361731925187976,0.000759257712646534,1.340642140005327
343,2018-04-25,HD Mipo,True,10,0.19046827507598785,0.18352287107211884,0.173564396662574,0.000759257712646534,1.340642140005327
344,2018-07-13,HD Mipo,False,1,0.029796817383126672,0.0342383594242468,0.03607295795783999,-0.000517235355674939,1.2966004071833614
344,2018-07-13,HD Mipo,False,2,0.012423589972034632,0.018625314691573136,0.021499219479977252,-0.000517235355674939,1.2966004071833614
344,2018-07-13,HD Mipo,False,3,0.002499566906724038,0.012078939468633254,0.016471891338081465,-0.000517235355674939,1.2966004071833614
344,2018-07-13,HD Mipo,False,4,0.002499566906724038,0.015460912084169554,0.021374193764143748,-0.000517235355674939,1.2966004071833614
344,2018-07-13,HD Mipo,False,5,0.002499566906724038,0.012476818599872819,0.018022252293006323,-0.000517235355674939,1.2966004071833614
344,2018-07-13,HD Mipo,False,6,0.05459450095280527,0.07316940169926123,0.08178213695810022,-0.000517235355674939,1.2966004071833614
344,2018-07-13,HD Mipo,False,7,0.07320513772366177,0.08707036049272776,0.09480343870144532,-0.000517235355674939,1.2966004071833614
344,2018-07-13,HD Mipo,False,8,0.11787561561115645,0.13484170073999147,0.144011731342911,-0.000517235355674939,1.2966004071833614
344,2018-07-13,HD Mipo,False,9,0.1476476848070878,0.15768115855138998,0.16531220915048803,-0.000517235355674939,1.2966004071833614
344,2018-07-13,HD Mipo,False,10,0.1476476848070878,0.1551165680641612,0.16250419543616354,-0.000517235355674939,1.2966004071833614
345,2018-07-18,HD Mipo,False,1,-0.0217821782178218,-0.01455266510073594,-0.012249811526002357,-0.0001325707443769389,1.3001976475051285
345,2018-07-18,HD Mipo,False,2,-0.0217821782178218,-0.017554087513966588,-0.01601968314247707,-0.0001325707443769389,1.3001976475051285
345,2018-07-18,HD Mipo,False,3,0.029050953875875418,0.04192662103987921,0.046189578265702996,-0.0001325707443769389,1.3001976475051285
345,2018-07-18,HD Mipo,False,4,0.047210818642839936,0.055349458259005835,0.058322941703178637,-0.0001325707443769389,1.3001976475051285
345,2018-07-18,HD Mipo,False,5,0.09079932383482259,0.10205683282821498,0.10609916426668389,-0.0001325707443769389,1.3001976475051285
345,2018-07-18,HD Mipo,False,6,0.119850277710698,0.12413491695277357,0.12621658003991443,-0.0001325707443769389,1.3001976475051285
345,2018-07-18,HD Mipo,False,7,0.119850277710698,0.1215554336324175,0.1229953126393857,-0.0001325707443769389,1.3001976475051285
345,2018-07-18,HD Mipo,False,8,0.12228930210094191,0.12463824138086133,0.12640395338184104,-0.0001325707443769389,1.3001976475051285
345,2018-07-18,HD Mipo,False,9,0.13197295339290016,0.13356066235062347,0.13523042554404727,-0.0001325707443769389,1.3001976475051285
345,2018-07-18,HD Mipo,False,10,0.14769379376962077,0.14414428552440883,0.14440443894316554,-0.0001325707443769389,1.3001976475051285
346,2018-09-18,HD Mipo,True,1,-0.020188398212632297,-0.015548907349324903,-0.014788292545295744,0.0004939618080607833,1.2704125622947302
346,2018-09-18,HD Mipo,True,2,-0.00505213155670059,-0.006876020622852086,-0.008357146754693021,0.0004939618080607833,1.2704125622947302
346,2018-09-18,HD Mipo,True,3,-0.017149068072943918,-0.02575109806578635,-0.02955908046126934,0.0004939618080607833,1.2704125622947302
346,2018-09-18,HD Mipo,True,4,0.03935026770258854,0.02373725988099329,0.01753945919858492,0.0004939618080607833,1.2704125622947302
346,2018-09-18,HD Mipo,True,5,0.044402399259289016,0.03411876941822167,0.028868137682904187,0.0004939618080607833,1.2704125622947302
346,2018-09-18,HD Mipo,True,6,0.08981119922708425,0.0813342112742379,0.07607815639300246,0.0004939618080607833,1.2704125622947302
346,2018-09-18,HD Mipo,True,7,0.09989533432631537,0.10405621600205106,0.10172363802096646,0.0004939618080607833,1.2704125622947302
346,2018-09-18,HD Mipo,True,8,0.07972706412785313,0.09901372084864724,0.10027738064612979,0.0004939618080607833,1.2704125622947302
346,2018-09-18,HD Mipo,True,9,0.05448653435852013,0.07677851183370565,0.07836088630883993,0.0004939618080607833,1.2704125622947302
346,2018-09-18,HD Mipo,True,10,0.014129865947425602,0.0423246900693286,0.04500930662297382,0.0004939618080607833,1.2704125622947302
347,2018-12-06,HD Mipo,True,1,0.0017241379310344307,0.004567994815858012,0.003609562111349058,0.001246549140096113,1.1013118617623519
347,2018-12-06,HD Mipo,True,2,0.005172413793103514,0.0185702463129912,0.017434507388968977,0.001246549140096113,1.1013118617623519
347,2018-12-06,HD Mipo,True,3,0.01379310344827589,0.02758484857721022,0.025242468532886066,0.001246549140096113,1.1013118617623519
347,2018-12-06,HD Mipo,True,4,0.05517241379310356,0.05474487449791865,0.04971536313556245,0.001246549140096113,1.1013118617623519
347,2018-12-06,HD Mipo,True,5,0.11551724137931041,0.1088543537116573,0.10194657845685338,0.001246549140096113,1.1013118617623519
347,2018-12-06,HD Mipo,True,6,0.13103448275862073,0.1369431718943187,0.13006249735065456,0.001246549140096113,1.1013118617623519
347,2018-12-06,HD Mipo,True,7,0.10344827586206895,0.10853551309353571,0.10032506658800956,0.001246549140096113,1.1013118617623519
347,2018-12-06,HD Mipo,True,8,0.11206896551724133,0.12147002619899827,0.11245007203843901,0.001246549140096113,1.1013118617623519
347,2018-12-06,HD Mipo,True,9,0.0862068965517242,0.08757117924647062,0.07649045500538051,0.001246549140096113,1.1013118617623519
347,2018-12-06,HD Mipo,True,10,0.06896551724137923,0.0793225365719199,0.06790633408164451,0.001246549140096113,1.1013118617623519
348,2018-12-24,HD Mipo,True,1,-0.00512820512820511,-0.004733885305254759,-0.0062252280313614865,0.00152968729368218,1.0972423026784548
348,2018-12-24,HD Mipo,True,2,0.011965811965811923,0.012148184883926438,0.009106544659065723,0.00152968729368218,1.0972423026784548
348,2018-12-24,HD Mipo,True,3,0.02564102564102555,0.019612861347671373,0.014437606889815033,0.00152968729368218,1.0972423026784548
348,2018-12-24,HD Mipo,True,4,0.00512820512820511,0.014399649965326389,0.009182477435715614,0.00152968729368218,1.0972423026784548
348,2018-12-24,HD Mipo,True,5,0.042735042735042805,0.06004075396477837,0.05407516470583535,0.00152968729368218,1.0972423026784548
348,2018-12-24,HD Mipo,True,6,0.07863247863247858,0.08778069852492787,0.0794921687305854,0.00152968729368218,1.0972423026784548
348,2018-12-24,HD Mipo,True,7,0.052991452991453025,0.048905313826129504,0.037800157188853566,0.00152968729368218,1.0972423026784548
348,2018-12-24,HD Mipo,True,8,0.02051282051282044,0.02225768572937592,0.010189862091439876,0.00152968729368218,1.0972423026784548
348,2018-12-24,HD Mipo,True,9,0.052991452991453025,0.03529635093655381,0.019808452823465536,0.00152968729368218,1.0972423026784548
348,2018-12-24,HD Mipo,True,10,0.052991452991453025,0.036001197620077585,0.019052153127848248,0.00152968729368218,1.0972423026784548
349,2019-03-21,HD Mipo,True,1,-0.00868055555555558,-0.006049120625423177,-0.007279439755626253,0.0012786256262470326,1.018357473137869
349,2019-03-21,HD Mipo,True,2,-0.03472222222222221,-0.012895449994122066,-0.015052016861752393,0.0012786256262470326,1.018357473137869
349,2019-03-21,HD Mipo,True,3,0.012152777777777679,0.032182694958265645,0.0287145167461191,0.0012786256262470326,1.018357473137869
349,2019-03-21,HD Mipo,True,4,-0.0017361111111111605,0.019744059635723787,0.01502387878821752,0.0012786256262470326,1.018357473137869
349,2019-03-21,HD Mipo,True,5,-0.015625,0.013845246999160787,0.007993118135579087,0.0012786256262470326,1.018357473137869
349,2019-03-21,HD Mipo,True,6,0.02083333333333326,0.04457097425419854,0.03733498360227751,0.0012786256262470326,1.018357473137869
349,2019-03-21,HD Mipo,True,7,0.03125,0.04239597395016215,0.033650206483818404,0.0012786256262470326,1.018357473137869
349,2019-03-21,HD Mipo,True,8,0.02083333333333326,0.0279204215160469,0.017821517537010514,0.0012786256262470326,1.018357473137869
349,2019-03-21,HD Mipo,True,9,0.03472222222222232,0.029910846396763446,0.0183148910580681,0.0012786256262470326,1.018357473137869
349,2019-03-21,HD Mipo,True,10,0.03993055555555558,0.03363244179730085,0.02073056808069412,0.0012786256262470326,1.018357473137869
350,2019-06-14,HD Mipo,True,1,-0.037109375,-0.0366408588098972,-0.03813657814667018,0.0014663148662724913,0.9372391581728776
350,2019-06-14,HD Mipo,True,2,-0.037109375,-0.04045591921502023,-0.04317851701541886,0.0014663148662724913,0.9372391581728776
350,2019-06-14,HD Mipo,True,3,-0.013671875,-0.029481906027245763,-0.03288859976948037,0.0014663148662724913,0.9372391581728776
350,2019-06-14,HD Mipo,True,4,-0.017578125,-0.036500442147214374,-0.04117812105882537,0.0014663148662724913,0.9372391581728776
350,2019-06-14,HD Mipo,True,5,-0.015625,-0.03183661633304791,-0.03815073597596995,0.0014663148662724913,0.9372391581728776
350,2019-06-14,HD Mipo,True,6,-0.01953125,-0.03608230153199998,-0.04384143280236253,0.0014663148662724913,0.9372391581728776
350,2019-06-14,HD Mipo,True,7,-0.005859375,-0.020168241907936535,-0.02953440943910962,0.0014663148662724913,0.9372391581728776
350,2019-06-14,HD Mipo,True,8,-0.00390625,-0.01831551323438707,-0.029141694673868263,0.0014663148662724913,0.9372391581728776
350,2019-06-14,HD Mipo,True,9,-0.01171875,-0.032089642714573374,-0.044007982135489176,0.0014663148662724913,0.9372391581728776
350,2019-06-14,HD Mipo,True,10,-0.03515625,-0.05375825505806242,-0.06725392622367095,0.0014663148662724913,0.9372391581728776
351,2019-07-01,HD Mipo,False,1,-0.014070351758794009,-0.014046789859327835,-0.01562777611649445,0.0015792129325244682,0.9247376195331493
351,2019-07-01,HD Mipo,False,2,-0.032160804020100464,-0.01988505439826882,-0.02396738240187185,0.0015792129325244682,0.9247376195331493
351,2019-07-01,HD Mipo,False,3,-0.029145728643216073,-0.022859413865663925,-0.028070175677759844,0.0015792129325244682,0.9247376195331493
351,2019-07-01,HD Mipo,False,4,-0.018090452261306567,-0.012680640143892918,-0.019404647211825755,0.0015792129325244682,0.9247376195331493
351,2019-07-01,HD Mipo,False,5,-0.04924623115577886,-0.021961551574049665,-0.031911126172268225,0.0015792129325244682,0.9247376195331493
351,2019-07-01,HD Mipo,False,6,-0.09547738693467334,-0.062471878162578154,-0.07443122891643236,0.0015792129325244682,0.9247376195331493
351,2019-07-01,HD Mipo,False,7,-0.07437185929648238,-0.04454720695230907,-0.05784637181199907,0.0015792129325244682,0.9247376195331493
351,2019-07-01,HD Mipo,False,8,-0.07537688442211055,-0.05582522024515113,-0.06993042849339329,0.0015792129325244682,0.9247376195331493
351,2019-07-01,HD Mipo,False,9,-0.0512562814070352,-0.03456974420515202,-0.050038529109434626,0.0015792129325244682,0.9247376195331493
351,2019-07-01,HD Mipo,False,10,-0.06130653266331654,-0.042650220666068495,-0.05984646844295833,0.0015792129325244682,0.9247376195331493
352,2019-07-11,HD Mipo,False,1,0.02386117136659438,0.02235891317976746,0.02128331567061788,0.0012117001365915384,0.9094013075545706
352,2019-07-11,HD Mipo,False,2,0.013015184381778733,0.013519136808669674,0.011050079104555577,0.0012117001365915384,0.9094013075545706
352,2019-07-11,HD Mipo,False,3,0.0314533622559654,0.027450540122375022,0.02417809016399532,0.0012117001365915384,0.9094013075545706
352,2019-07-11,HD Mipo,False,4,0.030368763557483636,0.035461082842543235,0.030152924827436037,0.0012117001365915384,0.9094013075545706
352,2019-07-11,HD Mipo,False,5,0.0,0.008149630674864294,0.001352784108850735,0.0012117001365915384,0.9094013075545706
352,2019-07-11,HD Mipo,False,6,0.027114967462039008,0.02191705814467859,0.01511778111273213,0.0012117001365915384,0.9094013075545706
352,2019-07-11,HD Mipo,False,7,0.010845986984815648,0.00613763145357793,-0.001917698647864497,0.0012117001365915384,0.9094013075545706
352,2019-07-11,HD Mipo,False,8,0.00433839479392617,-0.004262393291678324,-0.013176774229854638,0.0012117001365915384,0.9094013075545706
352,2019-07-11,HD Mipo,False,9,0.006507592190889477,0.007097936462390209,-0.003860849186024253,0.0012117001365915384,0.9094013075545706
352,2019-07-11,HD Mipo,False,10,-0.04663774403470711,-0.04229415406959969,-0.05480467900687289,0.0012117001365915384,0.9094013075545706
353,2019-07-23,HD Mipo,False,1,0.00324324324324321,0.010329016384062029,0.00810449157082947,0.0015604458060259083,0.9062799508241227
353,2019-07-23,HD Mipo,False,2,-0.04972972972972978,-0.038915104236205256,-0.043049543081328884,0.0015604458060259083,0.9062799508241227
353,2019-07-23,HD Mipo,False,3,-0.10270270270270265,-0.08796849072078439,-0.09403071921037529,0.0015604458060259083,0.9062799508241227
353,2019-07-23,HD Mipo,False,4,-0.07891891891891889,-0.04664670316046471,-0.05591304003246519,0.0015604458060259083,0.9062799508241227
353,2019-07-23,HD Mipo,False,5,-0.08864864864864863,-0.060763318011024525,-0.0711789615997978,0.0015604458060259083,0.9062799508241227
353,2019-07-23,HD Mipo,False,6,-0.07351351351351354,-0.038890499532701406,-0.05149804494175566,0.0015604458060259083,0.9062799508241227
353,2019-07-23,HD Mipo,False,7,-0.08324324324324328,-0.045182246466650255,-0.05967244559841682,0.0015604458060259083,0.9062799508241227
353,2019-07-23,HD Mipo,False,8,-0.1232432432432432,-0.07602223960022136,-0.09293136083198691,0.0015604458060259083,0.9062799508241227
353,2019-07-23,HD Mipo,False,9,-0.1567567567567567,-0.08514562551259797,-0.1059010365085739,0.0015604458060259083,0.9062799508241227
353,2019-07-23,HD Mipo,False,10,-0.1913513513513514,-0.10568311430696764,-0.12931640375583708,0.0015604458060259083,0.9062799508241227
354,2019-11-19,HD Mipo,True,1,-0.04190919674039584,-0.03502153938499464,-0.0338641289037209,-0.00021167266576682214,1.1373090684839726
354,2019-11-19,HD Mipo,True,2,-0.06635622817229336,-0.0460483863360831,-0.04283659015909958,-0.00021167266576682214,1.1373090684839726
354,2019-11-19,HD Mipo,True,3,-0.06402793946449359,-0.046224700302974764,-0.04314513612040877,-0.00021167266576682214,1.1373090684839726
354,2019-11-19,HD Mipo,True,4,-0.024447031431897526,-0.01670893063098544,-0.014799728555109831,-0.00021167266576682214,1.1373090684839726
354,2019-11-19,HD Mipo,True,5,0.011641443538998875,0.020384189069498015,0.022643010643117377,-0.00021167266576682214,1.1373090684839726
354,2019-11-19,HD Mipo,True,6,0.020954598370197974,0.02666004588101545,0.02871349155861093,-0.00021167266576682214,1.1373090684839726
354,2019-11-19,HD Mipo,True,7,0.03608847497089629,0.04611623120203001,0.04897484172947909,-0.00021167266576682214,1.1373090684839726
354,2019-11-19,HD Mipo,True,8,0.047729918509895164,0.07207503032918994,0.07711121628137003,-0.00021167266576682214,1.1373090684839726
354,2019-11-19,HD Mipo,True,9,0.047729918509895164,0.0702246149202761,0.07521839472211667,-0.00021167266576682214,1.1373090684839726
354,2019-11-19,HD Mipo,True,10,0.04190919674039573,0.06807201460531531,0.07378113341293148,-0.00021167266576682214,1.1373090684839726
355,2019-12-05,HD Mipo,False,1,-0.0044543429844098315,-0.008994884568243378,-0.009013576216479913,-0.0007206307631018143,1.1628269222267855
355,2019-12-05,HD Mipo,False,2,-0.024498886414253906,-0.032320584509253125,-0.032152906010445334,-0.0007206307631018143,1.1628269222267855
355,2019-12-05,HD Mipo,False,3,0.00222717149220486,-0.01010611680564688,-0.009952415890816267,-0.0007206307631018143,1.1628269222267855
355,2019-12-05,HD Mipo,False,4,-0.00111358574610243,-0.017123699428525097,-0.01684805391152767,-0.0007206307631018143,1.1628269222267855
355,2019-12-05,HD Mipo,False,5,0.026726057906458767,-0.004594511084682118,-0.006091189120392207,-0.0007206307631018143,1.1628269222267855
355,2019-12-05,HD Mipo,False,6,0.04788418708240538,0.0006886108534192026,-0.0026723149880553687,-0.0007206307631018143,1.1628269222267855
355,2019-12-05,HD Mipo,False,7,0.027839643652561197,-0.01834263424209448,-0.02081793707139068,-0.0007206307631018143,1.1628269222267855
355,2019-12-05,HD Mipo,False,8,0.028953229398663627,-0.03051290713604904,-0.03443054901989959,-0.0007206307631018143,1.1628269222267855
355,2019-12-05,HD Mipo,False,9,0.03563474387527843,-0.02338747148439424,-0.02651220028649992,-0.0007206307631018143,1.1628269222267855
355,2019-12-05,HD Mipo,False,10,0.034521158129176,-0.02536959865992272,-0.027915118626706488,-0.0007206307631018143,1.1628269222267855
356,2019-12-06,HD Mipo,False,1,-0.0331125827814569,-0.03153987993147078,-0.030744000698221235,-0.0005310052472617475,1.1684196006830772
356,2019-12-06,HD Mipo,False,2,-0.0066225165562914245,-0.009519349161432933,-0.008945222057513089,-0.0005310052472617475,1.1684196006830772
356,2019-12-06,HD Mipo,False,3,-0.009933774834437137,-0.01647315932921234,-0.015981504112750244,-0.0005310052472617475,1.1684196006830772
356,2019-12-06,HD Mipo,False,4,0.017660044150110465,-0.004047079381157115,-0.005578963469224436,-0.0005310052472617475,1.1684196006830772
356,2019-12-06,HD Mipo,False,5,0.03863134657836653,0.0011971945472375456,-0.002452424153446056,-0.0005310052472617475,1.1684196006830772
356,2019-12-06,HD Mipo,False,6,0.01876379690949226,-0.017666502238666837,-0.02061604719039435,-0.0005310052472617475,1.1684196006830772
356,2019-12-06,HD Mipo,False,7,0.019867549668874274,-0.029722782749837418,-0.03435773000270566,-0.0005310052472617475,1.1684196006830772
356,2019-12-06,HD Mipo,False,8,0.026490066225165476,-0.022660483025769063,-0.026690356925871392,-0.0005310052472617475,1.1684196006830772
356,2019-12-06,HD Mipo,False,9,0.025386313465783683,-0.024624681113410762,-0.0282684656248465,-0.0005310052472617475,1.1684196006830772
356,2019-12-06,HD Mipo,False,10,0.0055187637969094094,-0.04813478267191851,-0.05186103907081196,-0.0005310052472617475,1.1684196006830772
357,2019-12-20,HD Mipo,False,1,-0.0010834236186348933,0.0009589453482251598,0.003029342417029287,-0.0017528902733395216,1.1554600567363411
357,2019-12-20,HD Mipo,False,2,-0.015167930660888396,-0.006953169450501839,-0.0021703216599806077,-0.0017528902733395216,1.1554600567363411
357,2019-12-20,HD Mipo,False,3,-0.009750812567713929,-0.005090950778580572,0.0008921424195601733,-0.0017528902733395216,1.1554600567363411
357,2019-12-20,HD Mipo,False,4,-0.008667388949079036,-0.006851446696948482,0.00044242088195574,-0.0017528902733395216,1.1554600567363411
357,2019-12-20,HD Mipo,False,5,-0.0021668472372697867,0.0026107564435227104,0.012117934349500072,-0.0017528902733395216,1.1554600567363411
357,2019-12-20,HD Mipo,False,6,-0.02708559046587211,-0.012118784622251577,0.0007252975033966019,-0.0017528902733395216,1.1554600567363411
357,2019-12-20,HD Mipo,False,7,-0.009750812567713929,0.004631812351904463,0.019137967951302504,-0.0017528902733395216,1.1554600567363411
357,2019-12-20,HD Mipo,False,8,-0.044420368364030294,-0.02035120858828343,-0.0025862934572335877,-0.0017528902733395216,1.1554600567363411
357,2019-12-20,HD Mipo,False,9,-0.044420368364030294,-0.029621118289309578,-0.011544413572982498,-0.0017528902733395216,1.1554600567363411
357,2019-12-20,HD Mipo,False,10,-0.09317443120260027,-0.06740254253208744,-0.04586714052377164,-0.0017528902733395216,1.1554600567363411
358,2019-12-26,HD Mipo,False,1,0.012168141592920456,0.0027758257986263413,0.0029454534091714127,-0.0018881197774755184,1.1829678861494883
358,2019-12-26,HD Mipo,False,2,0.01880530973451333,0.01240791082440662,0.015013631823920391,-0.0018881197774755184,1.1829678861494883
358,2019-12-26,HD Mipo,False,3,-0.006637168141592875,-0.002730953918027468,0.0036481171737319136,-0.0018881197774755184,1.1829678861494883
358,2019-12-26,HD Mipo,False,4,0.01106194690265494,0.014377420639889782,0.02253652497107786,-0.0018881197774755184,1.1829678861494883
358,2019-12-26,HD Mipo,False,5,-0.02433628318584069,-0.011225507896194808,0.0006139418317102352,-0.0018881197774755184,1.1829678861494883
358,2019-12-26,HD Mipo,False,6,-0.02433628318584069,-0.020599506156029013,-0.008587077297019297,-0.0018881197774755184,1.1829678861494883
358,2019-12-26,HD Mipo,False,7,-0.07411504424778759,-0.05928242071891465,-0.04335168850345698,-0.0018881197774755184,1.1829678861494883
358,2019-12-26,HD Mipo,False,8,-0.026548672566371723,-0.027808003060487252,-0.012933461879155013,-0.0018881197774755184,1.1829678861494883
358,2019-12-26,HD Mipo,False,9,0.04646017699115035,0.036069555568793765,0.05116148352864525,-0.0018881197774755184,1.1829678861494883
358,2019-12-26,HD Mipo,False,10,0.06526548672566368,0.044401814975880916,0.05946563083326155,-0.0018881197774755184,1.1829678861494883
359,2019-12-30,HD Mipo,False,1,-0.031283710895361416,-0.019453853680466038,-0.015404005446516718,-0.0017540977509887207,1.1940640906527547
359,2019-12-30,HD Mipo,False,2,-0.014023732470334394,-0.0027799165690800542,0.0029102998412412935,-0.0017540977509887207,1.1940640906527547
359,2019-12-30,HD Mipo,False,3,-0.04854368932038833,-0.027582490706898555,-0.01825238150601372,-0.0017540977509887207,1.1940640906527547
359,2019-12-30,HD Mipo,False,4,-0.04854368932038833,-0.03688192147452174,-0.027602400098155223,-0.0017540977509887207,1.1940640906527547
359,2019-12-30,HD Mipo,False,5,-0.09708737864077666,-0.07441802860148006,-0.061248233045471376,-0.0017540977509887207,1.1940640906527547
359,2019-12-30,HD Mipo,False,6,-0.05070118662351675,-0.0439957836860414,-0.03216991925658762,-0.0017540977509887207,1.1940640906527547
359,2019-12-30,HD Mipo,False,7,0.02049622437971954,0.018142973213315594,0.029964975922550922,-0.0017540977509887207,1.1940640906527547
359,2019-12-30,HD Mipo,False,8,0.03883495145631066,0.026091960101555678,0.037651785080009006,-0.0017540977509887207,1.1940640906527547
359,2019-12-30,HD Mipo,False,9,0.02049622437971954,0.0033829094302144647,0.015848709285383056,-0.0017540977509887207,1.1940640906527547
359,2019-12-30,HD Mipo,False,10,0.04854368932038833,0.035019309547445365,0.049935690595053886,-0.0017540977509887207,1.1940640906527547
360,2020-01-21,HD Mipo,True,1,-0.006335797254487852,-0.01916564541377086,-0.02052159596043113,-0.0012415884470959907,1.202460618512996
360,2020-01-21,HD Mipo,True,2,-0.040126715945089764,-0.043521801112587966,-0.04172599526131197,-0.0012415884470959907,1.202460618512996
360,2020-01-21,HD Mipo,True,3,-0.0834213305174234,-0.055809460227545515,-0.046494378549068245,-0.0012415884470959907,1.202460618512996
360,2020-01-21,HD Mipo,True,4,-0.08236536430834218,-0.05857743204922572,-0.04879495878251579,-0.0012415884470959907,1.202460618512996
360,2020-01-21,HD Mipo,True,5,-0.10665258711721226,-0.06621086866805137,-0.05181507110162586,-0.0012415884470959907,1.202460618512996
360,2020-01-21,HD Mipo,True,6,-0.12460401267159449,-0.0712118311953579,-0.05295248642734496,-0.0012415884470959907,1.202460618512996
360,2020-01-21,HD Mipo,True,7,-0.1414994720168955,-0.08804921671542532,-0.06853652583774018,-0.0012415884470959907,1.202460618512996
360,2020-01-21,HD Mipo,True,8,-0.13410770855332632,-0.09808853525656458,-0.08086336357580748,-0.0012415884470959907,1.202460618512996
360,2020-01-21,HD Mipo,True,9,-0.15100316789862722,-0.11843715359459728,-0.10066952217223638,-0.0012415884470959907,1.202460618512996
360,2020-01-21,HD Mipo,True,10,-0.0791974656810982,-0.07446668253322875,-0.061093000780100326,-0.0012415884470959907,1.202460618512996
361,2020-05-28,HD Mipo,True,1,-0.004392386530014614,-0.009956282148756435,-0.011745872988599311,-0.0010038770514568917,1.5020705064793187
361,2020-05-28,HD Mipo,True,2,0.013177159590043841,-0.00996527712869466,-0.019576657950323498,-0.0010038770514568917,1.5020705064793187
361,2020-05-28,HD Mipo,True,3,0.04685212298682284,0.01275530228496935,-0.0013520745997740793,-0.0010038770514568917,1.5020705064793187
361,2020-05-28,HD Mipo,True,4,0.12152269399707172,0.05779305077011121,0.029811784723232426,-0.0010038770514568917,1.5020705064793187
361,2020-05-28,HD Mipo,True,5,0.08931185944363107,0.023511238150211167,-0.004505927851945549,-0.0010038770514568917,1.5020705064793187
361,2020-05-28,HD Mipo,True,6,0.07027818448023426,-0.010727775774822979,-0.04537521695918177,-0.0010038770514568917,1.5020705064793187
361,2020-05-28,HD Mipo,True,7,0.10102489019033678,0.01881994263364506,-0.015425597661050741,-0.0010038770514568917,1.5020705064793187
361,2020-05-28,HD Mipo,True,8,0.0834553440702781,-0.0010435337370615638,-0.03543691170307153,-0.0010038770514568917,1.5020705064793187
361,2020-05-28,HD Mipo,True,9,0.0717423133235724,-0.016110756232554646,-0.05118429789725014,-0.0010038770514568917,1.5020705064793187
361,2020-05-28,HD Mipo,True,10,0.061493411420205035,-0.016990711907034495,-0.046356504941958046,-0.0010038770514568917,1.5020705064793187
362,2020-07-20,HD Mipo,False,1,0.03588143525741039,0.03153750796862487,0.030196309015581912,-0.0009538239208890823,1.528329026099717
362,2020-07-20,HD Mipo,False,2,0.007800312012480548,0.003532989250571994,0.003186086613497857,-0.0009538239208890823,1.528329026099717
362,2020-07-20,HD Mipo,False,3,0.0015600624024960652,0.002911906994441771,0.006487597493809862,-0.0009538239208890823,1.528329026099717
362,2020-07-20,HD Mipo,False,4,-0.012480499219968744,-0.004031470520308056,0.0042476922676285625,-0.0009538239208890823,1.528329026099717
362,2020-07-20,HD Mipo,False,5,-0.006240249609984372,-0.00564093184088843,-0.000555175263172304,-0.0009538239208890823,1.528329026099717
362,2020-07-20,HD Mipo,False,6,0.006240249609984483,-0.010792992248531252,-0.01406920480562731,-0.0009538239208890823,1.528329026099717
362,2020-07-20,HD Mipo,False,7,0.010920436817472678,-0.008893098751811435,-0.012684397256499839,-0.0009538239208890823,1.528329026099717
362,2020-07-20,HD Mipo,False,8,0.0015600624024960652,-0.019988340393118698,-0.023742395689017606,-0.0009538239208890823,1.528329026099717
362,2020-07-20,HD Mipo,False,9,-0.026521060842433664,-0.04012061743740747,-0.03872124264061622,-0.0009538239208890823,1.528329026099717
362,2020-07-20,HD Mipo,False,10,-0.0546021840873635,-0.06895426750518718,-0.06699865055093704,-0.0009538239208890823,1.528329026099717
363,2020-07-21,HD Mipo,False,1,-0.03293413173652693,-0.03314057640038126,-0.032157969430202354,-0.0010914073915465289,1.5270197801982932
363,2020-07-21,HD Mipo,False,2,-0.038922155688622784,-0.03353215479103744,-0.028508702919630348,-0.0010914073915465289,1.5270197801982932
363,2020-07-21,HD Mipo,False,3,-0.05239520958083832,-0.03993672290998307,-0.030096631828465982,-0.0010914073915465289,1.5270197801982932
363,2020-07-21,HD Mipo,False,4,-0.046407185628742464,-0.041766668619497516,-0.03495539479909268,-0.0010914073915465289,1.5270197801982932
363,2020-07-21,HD Mipo,False,5,-0.034431137724550864,-0.047351880925340706,-0.04870433120928691,-0.0010914073915465289,1.5270197801982932
363,2020-07-21,HD Mipo,False,6,-0.029940119760479056,-0.04562991421340079,-0.04735030188805683,-0.0010914073915465289,1.5270197801982932
363,2020-07-21,HD Mipo,False,7,-0.038922155688622784,-0.056339802219455004,-0.05787939472488006,-0.0010914073915465289,1.5270197801982932
363,2020-07-21,HD Mipo,False,8,-0.06586826347305386,-0.0753692059378237,-0.0716451314149111,-0.0010914073915465289,1.5270197801982932
363,2020-07-21,HD Mipo,False,9,-0.09281437125748504,-0.10306479761059528,-0.09864430853023147,-0.0010914073915465289,1.5270197801982932
363,2020-07-21,HD Mipo,False,10,-0.08383233532934131,-0.10706633586789249,-0.10839703980938148,-0.0010914073915465289,1.5270197801982932
364,2020-08-03,HD Mipo,False,1,0.006578947368421018,0.0032167596580092717,0.002391233718212423,-0.0010315071412860433,1.5523287933425565
364,2020-08-03,HD Mipo,False,2,0.009868421052631637,-0.007527819810271286,-0.015073250252202845,-0.0010315071412860433,1.5523287933425565
364,2020-08-03,HD Mipo,False,3,0.02960526315789469,-0.0013233431624901648,-0.015311581547337166,-0.0010315071412860433,1.5523287933425565
364,2020-08-03,HD Mipo,False,4,0.02960526315789469,-0.005310440107036074,-0.020469359794917874,-0.0010315071412860433,1.5523287933425565
364,2020-08-03,HD Mipo,False,5,0.03618421052631571,-0.014006562820865431,-0.03657083639421352,-0.0010315071412860433,1.5523287933425565
364,2020-08-03,HD Mipo,False,6,0.07401315789473695,0.00961230062488605,-0.01976910431348064,-0.0010315071412860433,1.5523287933425565
364,2020-08-03,HD Mipo,False,7,0.08881578947368429,0.01839467986372445,-0.013280376643986277,-0.0010315071412860433,1.5523287933425565
364,2020-08-03,HD Mipo,False,8,0.06907894736842102,-0.0036217607153521403,-0.035524397956123666,-0.0010315071412860433,1.5523287933425565
364,2020-08-03,HD Mipo,False,9,0.10361842105263164,0.04413762380927366,0.020568231112370883,-0.0010315071412860433,1.5523287933425565
364,2020-08-03,HD Mipo,False,10,0.03453947368421062,0.0011332342735617118,-0.007002922217374127,-0.0010315071412860433,1.5523287933425565
365,2020-08-21,HD Mipo,True,1,-0.004823151125401881,-0.013678341696031215,-0.017014919973875536,-0.0014240638182206654,1.5376103493305902
365,2020-08-21,HD Mipo,True,2,0.022508038585209,-0.0023254665113969786,-0.012828088225044984,-0.0014240638182206654,1.5376103493305902
365,2020-08-21,HD Mipo,True,3,0.0112540192926045,-0.014700998937396736,-0.02438249390024754,-0.0014240638182206654,1.5376103493305902
365,2020-08-21,HD Mipo,True,4,-0.0112540192926045,-0.026439913342089616,-0.02890775187404798,-0.0014240638182206654,1.5376103493305902
365,2020-08-21,HD Mipo,True,5,-0.008038585209003246,-0.02727318497171005,-0.03049358577826962,-0.0014240638182206654,1.5376103493305902
365,2020-08-21,HD Mipo,True,6,-0.0112540192926045,-0.018524368910250777,-0.013888601198625122,-0.0014240638182206654,1.5376103493305902
365,2020-08-21,HD Mipo,True,7,-0.006430868167202619,-0.023825147151172454,-0.02320804482455356,-0.0014240638182206654,1.5376103493305902
365,2020-08-21,HD Mipo,True,8,-0.006430868167202619,-0.03024245396079206,-0.03165129837163367,-0.0014240638182206654,1.5376103493305902
365,2020-08-21,HD Mipo,True,9,-0.006430868167202619,-0.04389546905575281,-0.05122025186299144,-0.0014240638182206654,1.5376103493305902
365,2020-08-21,HD Mipo,True,10,-0.02733118971061088,-0.052822880121024096,-0.052286838525386944,-0.0014240638182206654,1.5376103493305902
366,2020-10-06,HD Mipo,True,1,0.008488964346349714,-0.00687588706719966,-0.012687285756002524,-0.0021155308333337566,1.5159131910085586
366,2020-10-06,HD Mipo,True,2,0.005093378607809784,-0.012406897891454216,-0.017204459717054078,-0.0021155308333337566,1.5159131910085586
366,2020-10-06,HD Mipo,True,3,0.0,-0.02250704009664717,-0.02777212647306472,-0.0021155308333337566,1.5159131910085586
366,2020-10-06,HD Mipo,True,4,-0.011884550084889645,-0.03414486776127479,-0.03716713595322784,-0.0021155308333337566,1.5159131910085586
366,2020-10-06,HD Mipo,True,5,-0.03056027164685904,-0.04317714575887088,-0.0391087033758834,-0.0021155308333337566,1.5159131910085586
366,2020-10-06,HD Mipo,True,6,-0.052631578947368474,-0.05705131333792146,-0.04663832761075938,-0.0021155308333337566,1.5159131910085586
366,2020-10-06,HD Mipo,True,7,-0.052631578947368474,-0.04867976638834648,-0.03183225832741745,-0.0021155308333337566,1.5159131910085586
366,2020-10-06,HD Mipo,True,8,-0.04584040747028861,-0.04410484285879124,-0.026285195515202045,-0.0021155308333337566,1.5159131910085586
366,2020-10-06,HD Mipo,True,9,-0.04584040747028861,-0.049069068107853275,-0.03169499922005918,-0.0021155308333337566,1.5159131910085586
366,2020-10-06,HD Mipo,True,10,-0.035653650254668934,-0.0441783352581997,-0.027421024367376493,-0.0021155308333337566,1.5159131910085586
367,2020-11-25,HD Mipo,False,1,0.0031185031185030354,-0.004625967720762736,-0.006462151487766384,-0.002091332160410275,1.5071380613250884
367,2020-11-25,HD Mipo,False,2,0.0,-0.010638093739566257,-0.0118504116540239,-0.002091332160410275,1.5071380613250884
367,2020-11-25,HD Mipo,False,3,-0.012474012474012475,-0.006951567708054385,0.0021230707055593066,-0.002091332160410275,1.5071380613250884
367,2020-11-25,HD Mipo,False,4,-0.013513513513513487,-0.02445862294541923,-0.021643975882065746,-0.002091332160410275,1.5071380613250884
367,2020-11-25,HD Mipo,False,5,-0.02079002079002079,-0.04771913470435585,-0.050919252526022814,-0.002091332160410275,1.5071380613250884
367,2020-11-25,HD Mipo,False,6,-0.016632016632016633,-0.051359329131776654,-0.056422878105473806,-0.002091332160410275,1.5071380613250884
367,2020-11-25,HD Mipo,False,7,0.012474012474012364,-0.03577350357715181,-0.045602330208218377,-0.002091332160410275,1.5071380613250884
367,2020-11-25,HD Mipo,False,8,0.0,-0.05361645297095241,-0.0640767397024868,-0.002091332160410275,1.5071380613250884
367,2020-11-25,HD Mipo,False,9,-0.015592515592515621,-0.05212738298092501,-0.051833615355359665,-0.002091332160410275,1.5071380613250884
367,2020-11-25,HD Mipo,False,10,-0.028066528066528096,-0.08553219028018788,-0.09376189320388294,-0.002091332160410275,1.5071380613250884
368,2020-12-03,HD Mipo,False,1,0.022035676810073346,0.012384394531321119,0.009976194608870649,-0.0024547082543931445,1.5038613560759224
368,2020-12-03,HD Mipo,False,2,0.009443861490031402,-0.005378674679174633,-0.007937761345088903,-0.0024547082543931445,1.5038613560759224
368,2020-12-03,HD Mipo,False,3,-0.006295907660020972,-0.004665798320714121,0.003519675544720489,-0.0024547082543931445,1.5038613560759224
368,2020-12-03,HD Mipo,False,4,-0.018887722980062915,-0.03741774138810017,-0.03693546857371305,-0.0024547082543931445,1.5038613560759224
368,2020-12-03,HD Mipo,False,5,-0.0020986358866736943,-0.017298204147964347,-0.012683137951901083,-0.0024547082543931445,1.5038613560759224
368,2020-12-03,HD Mipo,False,6,0.0807974816369359,0.056874425754865676,0.05954877190300457,-0.0024547082543931445,1.5038613560759224
368,2020-12-03,HD Mipo,False,7,0.08499475341028329,0.06397706247309998,0.07057001799665819,-0.0024547082543931445,1.5038613560759224
368,2020-12-03,HD Mipo,False,8,0.06190975865687309,0.04288072718578251,0.05293039961909256,-0.0024547082543931445,1.5038613560759224
368,2020-12-03,HD Mipo,False,9,0.0598111227701994,0.035248590888809384,0.04496485455593243,-0.0024547082543931445,1.5038613560759224
368,2020-12-03,HD Mipo,False,10,0.04512067156348376,0.021060849138206494,0.033485116927991845,-0.0024547082543931445,1.5038613560759224
369,2021-01-25,HD Mipo,False,1,-0.021560574948665256,-0.0016945341741236852,0.009130931810921401,-0.001080742373883381,1.490521675745759
369,2021-01-25,HD Mipo,False,2,-0.04928131416837778,-0.0238752541676287,-0.009251546294197208,-0.001080742373883381,1.490521675745759
369,2021-01-25,HD Mipo,False,3,-0.08932238193018482,-0.047215114673415104,-0.023318360255899742,-0.001080742373883381,1.490521675745759
369,2021-01-25,HD Mipo,False,4,-0.1149897330595483,-0.0439058243965188,-0.004714656905037584,-0.001080742373883381,1.490521675745759
369,2021-01-25,HD Mipo,False,5,-0.04825462012320325,-0.002239688600962131,0.025735344588070835,-0.001080742373883381,1.490521675745759
369,2021-01-25,HD Mipo,False,6,-0.04825462012320325,-0.01481163082246284,0.008077334574584122,-0.001080742373883381,1.490521675745759
369,2021-01-25,HD Mipo,False,7,-0.035934291581108835,-0.012750481546027204,0.006186876419736045,-0.001080742373883381,1.490521675745759
369,2021-01-25,HD Mipo,False,8,-0.05133470225872694,-0.015001539547581988,0.0114666033016992,-0.001080742373883381,1.490521675745759
369,2021-01-25,HD Mipo,False,9,-0.033880903490759784,-0.007872463934710416,0.01461192078480563,-0.001080742373883381,1.490521675745759
369,2021-01-25,HD Mipo,False,10,0.022587268993839782,0.05776873193345211,0.08583342582861186,-0.001080742373883381,1.490521675745759
370,2021-02-03,HD Mipo,False,1,-0.023255813953488413,-0.008113964778682536,-1.4419203348783882e-05,-0.0005996052457066025,1.4953120482870812
370,2021-02-03,HD Mipo,False,2,-0.005285412262156397,-0.0006953299022353088,0.0027774036846768095,-0.0005996052457066025,1.4953120482870812
370,2021-02-03,HD Mipo,False,3,0.052854122621564414,0.06681894581248515,0.07553470672826684,-0.0005996052457066025,1.4953120482870812
370,2021-02-03,HD Mipo,False,4,0.045454545454545414,0.0615150490557983,0.07186843097388332,-0.0005996052457066025,1.4953120482870812
370,2021-02-03,HD Mipo,False,5,0.04651162790697683,0.057497203756572746,0.06593651806078221,-0.0005996052457066025,1.4953120482870812
370,2021-02-03,HD Mipo,False,6,0.10147991543340384,0.09765856820116925,0.09936344035059458,-0.0005996052457066025,1.4953120482870812
370,2021-02-03,HD Mipo,False,7,0.08879492600422823,0.07979019876165871,0.07952728558682134,-0.0005996052457066025,1.4953120482870812
370,2021-02-03,HD Mipo,False,8,0.059196617336152224,0.05960809796466493,0.06460875124325684,-0.0005996052457066025,1.4953120482870812
370,2021-02-03,HD Mipo,False,9,0.059196617336152224,0.07462235624690883,0.08765935779449682,-0.0005996052457066025,1.4953120482870812
370,2021-02-03,HD Mipo,False,10,0.07399577167019022,0.08273574781069337,0.09306081575189223,-0.0005996052457066025,1.4953120482870812
371,2021-02-08,HD Mipo,False,1,-0.014940239043824688,-0.009273384341592417,-0.006034638416881972,-0.00042235315971675484,1.4969939963140868
371,2021-02-08,HD Mipo,False,2,-0.013944223107569709,-0.013405904145526004,-0.012293656533854742,-0.00042235315971675484,1.4969939963140868
371,2021-02-08,HD Mipo,False,3,0.03784860557768921,0.02342359147502182,0.01752150554840036,-0.00042235315971675484,1.4969939963140868
371,2021-02-08,HD Mipo,False,4,0.02589641434262946,0.006233266627261536,-0.0018497870970463556,-0.00042235315971675484,1.4969939963140868
371,2021-02-08,HD Mipo,False,5,-0.0019920318725099584,-0.012139505480375234,-0.015070973142656149,-0.00042235315971675484,1.4969939963140868
371,2021-02-08,HD Mipo,False,6,-0.0019920318725099584,0.003033352928843991,0.008065057962585493,-0.00042235315971675484,1.4969939963140868
371,2021-02-08,HD Mipo,False,7,0.01195219123505975,0.010221189542739761,0.012317364212064487,-0.00042235315971675484,1.4969939963140868
371,2021-02-08,HD Mipo,False,8,0.003984063745019917,0.011236864131835889,0.01822028765828195,-0.00042235315971675484,1.4969939963140868
371,2021-02-08,HD Mipo,False,9,0.041832669322709126,0.05219933867559812,0.061152689543207975,-0.00042235315971675484,1.4969939963140868
371,2021-02-08,HD Mipo,False,10,0.019920318725099584,0.0544984475025998,0.0759071015059603,-0.00042235315971675484,1.4969939963140868
372,2021-02-22,HD Mipo,False,1,0.027504911591355707,0.02723448810165463,0.02753873766721489,-0.00043365620670102374,1.4785332860093205
372,2021-02-22,HD Mipo,False,2,0.005893909626718985,0.030095182897800665,0.04254361013522297,-0.00043365620670102374,1.4785332860093205
372,2021-02-22,HD Mipo,False,3,0.043222003929273,0.03330756201167717,0.02986414016200456,-0.00043365620670102374,1.4785332860093205
372,2021-02-22,HD Mipo,False,4,0.06090373280943018,0.0792501746227664,0.08976418253708507,-0.00043365620670102374,1.4785332860093205
372,2021-02-22,HD Mipo,False,5,0.04125736738703334,0.04952971968042008,0.0556565966399063,-0.00043365620670102374,1.4785332860093205
372,2021-02-22,HD Mipo,False,6,0.05108055009823187,0.04660715911799573,0.04706842987282502,-0.00043365620670102374,1.4785332860093205
372,2021-02-22,HD Mipo,False,7,0.04518664047151266,0.05358280110958191,0.06063623689648647,-0.00043365620670102374,1.4785332860093205
372,2021-02-22,HD Mipo,False,8,0.025540275049115824,0.03955016668423306,0.049723615818628386,-0.00043365620670102374,1.4785332860093205
372,2021-02-22,HD Mipo,False,9,0.0766208251473477,0.10045393149871584,0.11576177205715486,-0.00043365620670102374,1.4785332860093205
372,2021-02-22,HD Mipo,False,10,0.15127701375245572,0.18162309065698656,0.2004812606226135,-0.00043365620670102374,1.4785332860093205
373,2021-02-24,HD Mipo,False,1,0.01724137931034475,-0.006951822670841379,-0.01700149448384737,-0.0007676577284032969,1.4471226896638731
373,2021-02-24,HD Mipo,False,2,0.034482758620689724,0.03895000924600567,0.042482733817806144,-0.0007676577284032969,1.4471226896638731
373,2021-02-24,HD Mipo,False,3,0.015325670498084198,0.009576398243609452,0.009308741354788715,-0.0007676577284032969,1.4471226896638731
373,2021-02-24,HD Mipo,False,4,0.02490421455938696,0.00622899227071394,0.0009495075645449338,-0.0007676577284032969,1.4471226896638731
373,2021-02-24,HD Mipo,False,5,0.019157088122605304,0.013533374687481281,0.014857173452486255,-0.0007676577284032969,1.4471226896638731
373,2021-02-24,HD Mipo,False,6,0.0,6.938776858833595e-05,0.004706358984729108,-0.0007676577284032969,1.4471226896638731
373,2021-02-24,HD Mipo,False,7,0.04980842911877392,0.059839917948995125,0.0696988283149198,-0.0007676577284032969,1.4471226896638731
373,2021-02-24,HD Mipo,False,8,0.12260536398467425,0.1392419075486283,0.15282174548088,-0.0007676577284032969,1.4471226896638731
373,2021-02-24,HD Mipo,False,9,0.09770114942528729,0.12028521601111164,0.1372919841621431,-0.0007676577284032969,1.4471226896638731
373,2021-02-24,HD Mipo,False,10,0.0900383141762453,0.09425775134231662,0.10382093472091111,-0.0007676577284032969,1.4471226896638731
374,2021-03-31,HD Mipo,False,1,-0.04035874439461884,-0.0447930384374392,-0.046407404074878256,-0.00022381068157286535,1.4145364067563666
374,2021-03-31,HD Mipo,False,2,-0.005979073243647215,-0.018676835275289183,-0.023492898558587737,-0.00022381068157286535,1.4145364067563666
374,2021-03-31,HD Mipo,False,3,0.007473841554558991,-0.00783634756173801,-0.013511546300049606,-0.00022381068157286535,1.4145364067563666
374,2021-03-31,HD Mipo,False,4,0.001494768310911887,-0.015848754464051762,-0.02214303334939094,-0.00022381068157286535,1.4145364067563666
374,2021-03-31,HD Mipo,False,5,-0.020926756352765308,-0.041630972998773164,-0.049094571164050284,-0.00022381068157286535,1.4145364067563666
374,2021-03-31,HD Mipo,False,6,-0.017937219730941756,-0.04054463668146191,-0.04857336998073632,-0.00022381068157286535,1.4145364067563666
374,2021-03-31,HD Mipo,False,7,-0.025411061285500747,-0.04431618431032036,-0.050586371307306074,-0.00022381068157286535,1.4145364067563666
374,2021-03-31,HD Mipo,False,8,0.0,-0.020112109884604212,-0.02665882619587432,-0.00022381068157286535,1.4145364067563666
374,2021-03-31,HD Mipo,False,9,-0.004484304932735439,-0.03549182989393951,-0.0463312817396096,-0.00022381068157286535,1.4145364067563666
374,2021-03-31,HD Mipo,False,10,-0.007473841554558991,-0.04280830054140572,-0.055217613388764714,-0.00022381068157286535,1.4145364067563666
375,2021-04-13,HD Mipo,False,1,-0.010432190760059634,-0.014353388255288313,-0.015319583245833143,-0.00014185654075079813,1.2825798834779194
375,2021-04-13,HD Mipo,False,2,-0.016393442622950838,-0.02408441566668973,-0.025974016851719687,-0.00014185654075079813,1.2825798834779194
375,2021-04-13,HD Mipo,False,3,-0.007451564828613977,-0.01649587152114851,-0.018626041030211087,-0.00014185654075079813,1.2825798834779194
375,2021-04-13,HD Mipo,False,4,0.010432190760059523,0.0013184823419456482,-0.0006894421578935127,-0.00014185654075079813,1.2825798834779194
375,2021-04-13,HD Mipo,False,5,0.04172876304023854,0.02571904679865744,0.021904305752350892,-0.00014185654075079813,1.2825798834779194
375,2021-04-13,HD Mipo,False,6,0.011922503725782407,0.011383063040597996,0.012081767199140125,-0.00014185654075079813,1.2825798834779194
375,2021-04-13,HD Mipo,False,7,0.010432190760059523,0.008044140475354622,0.008362321289418885,-0.00014185654075079813,1.2825798834779194
375,2021-04-13,HD Mipo,False,8,-0.0044709388971684305,-0.009565656479464613,-0.00987046885421639,-0.00014185654075079813,1.2825798834779194
375,2021-04-13,HD Mipo,False,9,0.08792846497764528,0.07291876450918355,0.06995403396652436,-0.00014185654075079813,1.2825798834779194
375,2021-04-13,HD Mipo,False,10,0.10134128166915057,0.08699720684147172,0.08436242525557566,-0.00014185654075079813,1.2825798834779194
376,2021-05-24,HD Mipo,False,1,-0.01089324618736387,-0.016725916116604456,-0.019198912032902443,0.0014146550064475633,1.1814505059757803
376,2021-05-24,HD Mipo,False,2,-0.023965141612200425,-0.02888120381465975,-0.03260253580159953,0.0014146550064475633,1.1814505059757803
376,2021-05-24,HD Mipo,False,3,-0.08932461873638342,-0.0933145582529602,-0.0982824998163985,0.0014146550064475633,1.1814505059757803
376,2021-05-24,HD Mipo,False,4,-0.07298474945533773,-0.08433926731650176,-0.09205817035331126,0.0014146550064475633,1.1814505059757803
376,2021-05-24,HD Mipo,False,5,-0.07843137254901966,-0.09460363136859395,-0.1046113709464148,0.0014146550064475633,1.1814505059757803
376,2021-05-24,HD Mipo,False,6,-0.027233115468409563,-0.04909849148373491,-0.06155390506375176,0.0014146550064475633,1.1814505059757803
376,2021-05-24,HD Mipo,False,7,-0.022875816993464082,-0.04548970312477685,-0.05949558925051517,0.0014146550064475633,1.1814505059757803
376,2021-05-24,HD Mipo,False,8,-0.04684095860566451,-0.076813079775497,-0.09356877637851102,0.0014146550064475633,1.1814505059757803
376,2021-05-24,HD Mipo,False,9,-0.04793028322440085,-0.0755712394143575,-0.09331859995870759,0.0014146550064475633,1.1814505059757803
376,2021-05-24,HD Mipo,False,10,-0.04030501089324623,-0.07176463733595184,-0.09161955253626544,0.0014146550064475633,1.1814505059757803
377,2021-06-01,HD Mipo,False,1,-0.007743362831858391,-0.007690639844635916,-0.008579294334535548,0.0008976846692348057,1.1712759426370998
377,2021-06-01,HD Mipo,False,2,-0.03207964601769908,-0.03922206011024332,-0.04224075315511795,0.0008976846692348057,1.1712759426370998
377,2021-06-01,HD Mipo,False,3,-0.0331858407079646,-0.038048760941186144,-0.041574716195804606,0.0008976846692348057,1.1712759426370998
377,2021-06-01,HD Mipo,False,4,-0.025442477876106206,-0.034039426145551666,-0.039102615241142544,0.0008976846692348057,1.1712759426370998
377,2021-06-01,HD Mipo,False,5,-0.05530973451327437,-0.0625762026934008,-0.06830919722676848,0.0008976846692348057,1.1712759426370998
377,2021-06-01,HD Mipo,False,6,-0.06305309734513276,-0.06050378584531879,-0.06545325813052139,0.0008976846692348057,1.1712759426370998
377,2021-06-01,HD Mipo,False,7,-0.06305309734513276,-0.06312752979768199,-0.06942407097079879,0.0008976846692348057,1.1712759426370998
377,2021-06-01,HD Mipo,False,8,-0.05752212389380529,-0.06525069355017554,-0.0737558889571853,0.0008976846692348057,1.1712759426370998
377,2021-06-01,HD Mipo,False,9,-0.06194690265486724,-0.0705469522765022,-0.08009909590528683,0.0008976846692348057,1.1712759426370998
377,2021-06-01,HD Mipo,False,10,-0.07300884955752207,-0.08362477810236757,-0.09441987796320214,0.0008976846692348057,1.1712759426370998
378,2021-06-07,HD Mipo,False,1,-0.02954545454545454,-0.028315377942434106,-0.02908615458978419,0.0009853157250008962,1.1744111522193115
378,2021-06-07,HD Mipo,False,2,-0.03749999999999998,-0.026536942275580122,-0.026595494196019025,0.0009853157250008962,1.1744111522193115
378,2021-06-07,HD Mipo,False,3,-0.03749999999999998,-0.029138554290968455,-0.030636172085639735,0.0009853157250008962,1.1744111522193115
378,2021-06-07,HD Mipo,False,4,-0.03181818181818186,-0.031046308749786644,-0.03485294837856436,0.0009853157250008962,1.1744111522193115
378,2021-06-07,HD Mipo,False,5,-0.036363636363636376,-0.03645589210886291,-0.0413985611646912,0.0009853157250008962,1.1744111522193115
378,2021-06-07,HD Mipo,False,6,-0.04772727272727273,-0.04981840295240747,-0.056095013734419226,0.0009853157250008962,1.1744111522193115
378,2021-06-07,HD Mipo,False,7,-0.03181818181818186,-0.04007507101595664,-0.048412374649694,0.0009853157250008962,1.1744111522193115
378,2021-06-07,HD Mipo,False,8,-0.013636363636363669,-0.01767409008577836,-0.026260840408174335,0.0009853157250008962,1.1744111522193115
378,2021-06-07,HD Mipo,False,9,-0.030681818181818143,-0.0356328765089754,-0.04536423782152797,0.0009853157250008962,1.1744111522193115
378,2021-06-07,HD Mipo,False,10,0.00454545454545463,0.007940465969791033,-0.0013205634259016918,0.0009853157250008962,1.1744111522193115
379,2021-06-21,HD Mipo,False,1,-0.0177383592017738,-0.02331173271022624,-0.026569314220987458,0.0030083636555268524,1.0447158000188588
379,2021-06-21,HD Mipo,False,2,-0.053215077605321515,-0.06258105630388178,-0.0690165908454012,0.0030083636555268524,1.0447158000188588
379,2021-06-21,HD Mipo,False,3,-0.047671840354767236,-0.06009100487249641,-0.06967142871605306,0.0030083636555268524,1.0447158000188588
379,2021-06-21,HD Mipo,False,4,-0.027716186252771613,-0.04529280088280008,-0.058112207889712386,0.0030083636555268524,1.0447158000188588
379,2021-06-21,HD Mipo,False,5,-0.026607538802660757,-0.043891466598359186,-0.05970614953484629,0.0030083636555268524,1.0447158000188588
379,2021-06-21,HD Mipo,False,6,-0.013303769401330379,-0.025901626933703015,-0.04451513214494778,0.0030083636555268524,1.0447158000188588
379,2021-06-21,HD Mipo,False,7,-0.03104212860310418,-0.04672090018105579,-0.06848053458416481,0.0030083636555268524,1.0447158000188588
379,2021-06-21,HD Mipo,False,8,-0.03880266075388028,-0.04997713599719544,-0.07454372084170603,0.0030083636555268524,1.0447158000188588
379,2021-06-21,HD Mipo,False,9,-0.0177383592017738,-0.028826568851812895,-0.05639765991683289,0.0030083636555268524,1.0447158000188588
379,2021-06-21,HD Mipo,False,10,-0.027716186252771613,-0.042325880656907455,-0.07306280138548796,0.0030083636555268524,1.0447158000188588
380,2021-06-30,HD Mipo,False,1,-0.00914285714285712,-0.004333765351667518,-0.007606888192114893,0.0033589384616962347,1.0178444548315915
380,2021-06-30,HD Mipo,False,2,0.012571428571428678,0.017465422361453875,0.0108348760891936,0.0033589384616962347,1.0178444548315915
380,2021-06-30,HD Mipo,False,3,0.0022857142857142243,0.003713887194699339,-0.006337443223423276,0.0033589384616962347,1.0178444548315915
380,2021-06-30,HD Mipo,False,4,0.0,-0.002210484183970518,-0.015685682915932267,0.0033589384616962347,1.0178444548315915
380,2021-06-30,HD Mipo,False,5,-0.02742857142857147,-0.02361404590945637,-0.04034067008960775,0.0033589384616962347,1.0178444548315915
380,2021-06-30,HD Mipo,False,6,-0.07199999999999995,-0.05828226275955739,-0.07819110798715607,0.0033589384616962347,1.0178444548315915
380,2021-06-30,HD Mipo,False,7,-0.08914285714285719,-0.06489423983255249,-0.08797410570810385,0.0033589384616962347,1.0178444548315915
380,2021-06-30,HD Mipo,False,8,-0.08571428571428574,-0.07011354342823872,-0.09670666438074593,0.0033589384616962347,1.0178444548315915
380,2021-06-30,HD Mipo,False,9,-0.09142857142857141,-0.0833810748246514,-0.11346791779026148,0.0033589384616962347,1.0178444548315915
380,2021-06-30,HD Mipo,False,10,-0.10971428571428576,-0.0996746243519725,-0.13308485668523057,0.0033589384616962347,1.0178444548315915
381,2021-07-01,HD Mipo,False,1,0.012571428571428678,0.012885184164959762,0.009715785268575725,0.003178838228076622,1.0300849829842194
381,2021-07-01,HD Mipo,False,2,0.0022857142857142243,-0.0008823033577072259,-0.0073352895707565115,0.003178838228076622,1.0300849829842194
381,2021-07-01,HD Mipo,False,3,0.0,-0.006823422616599739,-0.016565219854144147,0.003178838228076622,1.0300849829842194
381,2021-07-01,HD Mipo,False,4,-0.02742857142857147,-0.028199252643749895,-0.040937791487301284,0.003178838228076622,1.0300849829842194
381,2021-07-01,HD Mipo,False,5,-0.07199999999999995,-0.06282188734651095,-0.0784399551238866,0.003178838228076622,1.0300849829842194
381,2021-07-01,HD Mipo,False,6,-0.08914285714285719,-0.06938539326282755,-0.08786401966664527,0.003178838228076622,1.0300849829842194
381,2021-07-01,HD Mipo,False,7,-0.08571428571428574,-0.0746445009871769,-0.0965633342985592,0.003178838228076622,1.0300849829842194
381,2021-07-01,HD Mipo,False,8,-0.09142857142857141,-0.08794679819161899,-0.11327275492764334,0.003178838228076622,1.0300849829842194
381,2021-07-01,HD Mipo,False,9,-0.10971428571428576,-0.10423117825451811,-0.13267576311257995,0.003178838228076622,1.0300849829842194
381,2021-07-01,HD Mipo,False,10,-0.08571428571428574,-0.08675302996083067,-0.11857266284457915,0.003178838228076622,1.0300849829842194
382,2021-07-22,HD Mipo,True,1,-0.0024539877300613355,-0.0027552073622045814,-0.005895630543621127,0.0031287057254347377,1.0389000408055604
382,2021-07-22,HD Mipo,True,2,0.0,0.008756885020163363,0.0028401167539078434,0.0031287057254347377,1.0389000408055604
382,2021-07-22,HD Mipo,True,3,0.0,0.00642704337562694,-0.002709061551106279,0.0031287057254347377,1.0389000408055604
382,2021-07-22,HD Mipo,True,4,0.025766871165644245,0.03086301555435278,0.018546432877285617,0.0031287057254347377,1.0389000408055604
382,2021-07-22,HD Mipo,True,5,0.0466257668711656,0.049942256494456605,0.03442773944896015,0.0031287057254347377,1.0389000408055604
382,2021-07-22,HD Mipo,True,6,0.02944785276073625,0.045160452347634994,0.02699943876011836,0.0031287057254347377,1.0389000408055604
382,2021-07-22,HD Mipo,True,7,0.006134969325153339,0.015478925261024346,-0.006058534549828076,0.0031287057254347377,1.0389000408055604
382,2021-07-22,HD Mipo,True,8,-0.02208588957055213,-0.017075807933884413,-0.04191056135725675,0.0031287057254347377,1.0389000408055604
382,2021-07-22,HD Mipo,True,9,0.01717791411042935,0.008897447896206945,-0.01958301410632801,0.0031287057254347377,1.0389000408055604
382,2021-07-22,HD Mipo,True,10,-0.0012269938650306678,-0.008201150450060757,-0.039759502680150174,0.0031287057254347377,1.0389000408055604
383,2021-08-23,HD Mipo,True,1,0.030463576158940464,0.024501464417426844,0.021303707953423866,0.0031497350676276538,1.0080544274339838
383,2021-08-23,HD Mipo,True,2,0.03576158940397356,0.027071651268896435,0.020702188657526342,0.0031497350676276538,1.0080544274339838
383,2021-08-23,HD Mipo,True,3,0.0013245033112583293,-0.001505897047750615,-0.010977899504934335,0.0031497350676276538,1.0080544274339838
383,2021-08-23,HD Mipo,True,4,-0.0026490066225165476,-0.007200726339156138,-0.01983632810582426,0.0031497350676276538,1.0080544274339838
383,2021-08-23,HD Mipo,True,5,0.029139072847682135,0.021288959054689194,0.005477055544656752,0.0031497350676276538,1.0080544274339838
383,2021-08-23,HD Mipo,True,6,0.01059602649006619,-0.014909631105215482,-0.034013474979238636,0.0031497350676276538,1.0080544274339838
383,2021-08-23,HD Mipo,True,7,-0.0066225165562914245,-0.034612387377203735,-0.05688597523401093,0.0031497350676276538,1.0080544274339838
383,2021-08-23,HD Mipo,True,8,-0.02251655629139071,-0.04051508179063745,-0.06585793014921107,0.0031497350676276538,1.0080544274339838
383,2021-08-23,HD Mipo,True,9,-0.02384105960264904,-0.04992049031714085,-0.07847816080799921,0.0031497350676276538,1.0080544274339838
383,2021-08-23,HD Mipo,True,10,-0.025165562913907258,-0.051972627695777374,-0.08368589393005758,0.0031497350676276538,1.0080544274339838
384,2021-11-23,HD Mipo,True,1,-0.024771838331160367,-0.02076364231873329,-0.022368082508375183,0.0017077361707607032,1.025771190031263
384,2021-11-23,HD Mipo,True,2,0.016949152542372836,0.025620826404943342,0.022428833418423375,0.0017077361707607032,1.025771190031263
384,2021-11-23,HD Mipo,True,3,-0.003911342894393766,0.019339520281428046,0.014815514182440936,0.0017077361707607032,1.025771190031263
384,2021-11-23,HD Mipo,True,4,-0.052151238591916504,-0.019879439660325238,-0.0258787016804513,0.0017077361707607032,1.025771190031263
384,2021-11-23,HD Mipo,True,5,-0.10039113428943935,-0.04473209372849152,-0.05183637487104107,0.0017077361707607032,1.025771190031263
384,2021-11-23,HD Mipo,True,6,-0.06910039113428945,-0.03363534060773543,-0.04296778107571148,0.0017077361707607032,1.025771190031263
384,2021-11-23,HD Mipo,True,7,-0.054758800521512385,-0.034445063552307253,-0.045875707571953694,0.0017077361707607032,1.025771190031263
384,2021-11-23,HD Mipo,True,8,-0.049543676662320735,-0.03690039612851548,-0.05023645310934584,0.0017077361707607032,1.025771190031263
384,2021-11-23,HD Mipo,True,9,-0.046936114732724854,-0.03592937564133791,-0.05101534441343558,0.0017077361707607032,1.025771190031263
384,2021-11-23,HD Mipo,True,10,-0.03389830508474578,-0.029035249009917163,-0.0459872839752871,0.0017077361707607032,1.025771190031263
385,2022-01-04,HD Mipo,False,1,0.0390625,0.04914276004926199,0.04762125245001762,0.0019251505659026156,1.0400429120564008
385,2022-01-04,HD Mipo,False,2,0.06510416666666674,0.0863906732600549,0.0833927458397567,0.0019251505659026156,1.0400429120564008
385,2022-01-04,HD Mipo,False,3,0.07291666666666674,0.08268862088995399,0.07730446669582841,0.0019251505659026156,1.0400429120564008
385,2022-01-04,HD Mipo,False,4,0.06380208333333326,0.08301422790195656,0.07608293585372233,0.0019251505659026156,1.0400429120564008
385,2022-01-04,HD Mipo,False,5,0.05729166666666674,0.07628263531665591,0.06741733617466021,0.0019251505659026156,1.0400429120564008
385,2022-01-04,HD Mipo,False,6,0.04947916666666674,0.05335644754332769,0.04196080176507409,0.0019251505659026156,1.0400429120564008
385,2022-01-04,HD Mipo,False,7,0.05598958333333326,0.06334870935333958,0.050167336228052355,0.0019251505659026156,1.0400429120564008
385,2022-01-04,HD Mipo,False,8,0.05078125,0.07160194670414377,0.05703446350399986,0.0019251505659026156,1.0400429120564008
385,2022-01-04,HD Mipo,False,9,0.02213541666666674,0.053619473569198606,0.03755383179780186,0.0019251505659026156,1.0400429120564008
385,2022-01-04,HD Mipo,False,10,-0.01302083333333337,0.02712929819931531,0.009485520726303931,0.0019251505659026156,1.0400429120564008
386,2022-01-17,HD Mipo,False,1,-0.03684879288437104,-0.024865267644458955,-0.025255435005984192,0.0022283370685990175,1.1533913994649594
386,2022-01-17,HD Mipo,False,2,-0.019059720457433316,0.0004988829134073836,-0.0009576696811573228,0.0022283370685990175,1.1533913994649594
386,2022-01-17,HD Mipo,False,3,-0.02287166454891998,-0.010350019004625066,-0.01511431747677855,0.0022283370685990175,1.1533913994649594
386,2022-01-17,HD Mipo,False,4,-0.03303684879288438,-0.010722103606646494,-0.01621256188822157,0.0022283370685990175,1.1533913994649594
386,2022-01-17,HD Mipo,False,5,-0.08386277001270648,-0.046960135292908434,-0.0524412738522895,0.0022283370685990175,1.1533913994649594
386,2022-01-17,HD Mipo,False,6,-0.11308767471410419,-0.051483248329651676,-0.05540368156489854,0.0022283370685990175,1.1533913994649594
386,2022-01-17,HD Mipo,False,7,-0.1118170266836086,-0.04636641991847046,-0.0519252192311283,0.0022283370685990175,1.1533913994649594
386,2022-01-17,HD Mipo,False,8,-0.14739517153748416,-0.049260655259344865,-0.05203436102041638,0.0022283370685990175,1.1533913994649594
386,2022-01-17,HD Mipo,False,9,-0.12960609911054632,-0.048322337235680024,-0.05590914086530893,0.0022283370685990175,1.1533913994649594
386,2022-01-17,HD Mipo,False,10,-0.10419313850063527,-0.03825270427894356,-0.05042137947834134,0.0022283370685990175,1.1533913994649594
387,2022-02-03,HD Mipo,False,1,0.024355300859598916,0.011304759941751286,0.006619147534725412,0.002641226797467111,1.1566514079706003
387,2022-02-03,HD Mipo,False,2,0.004297994269341077,-0.0068371412640071405,-0.013863929518183823,0.002641226797467111,1.1566514079706003
387,2022-02-03,HD Mipo,False,3,0.04011461318051568,0.02846010811021671,0.018710733089352543,0.002641226797467111,1.1566514079706003
387,2022-02-03,HD Mipo,False,4,0.05300859598853869,0.03311048082110646,0.019428505874298597,0.002641226797467111,1.1566514079706003
387,2022-02-03,HD Mipo,False,5,0.05300859598853869,0.03197597147798015,0.01547504724774864,0.002641226797467111,1.1566514079706003
387,2022-02-03,HD Mipo,False,6,0.03295128939828085,0.02084003381321664,0.0030954277887218704,0.002641226797467111,1.1566514079706003
387,2022-02-03,HD Mipo,False,7,0.011461318051575908,0.015273711461108008,-0.0026176593258207294,0.002641226797467111,1.1566514079706003
387,2022-02-03,HD Mipo,False,8,0.002865329512893977,0.016969343392216008,-0.0019510573552881973,0.002641226797467111,1.1566514079706003
387,2022-02-03,HD Mipo,False,9,0.02865329512893977,0.023183339367437217,-0.0014445780813430523,0.002641226797467111,1.1566514079706003
387,2022-02-03,HD Mipo,False,10,0.034383954154727725,0.023606115395026217,-0.004494516196232243,0.002641226797467111,1.1566514079706003
388,2022-03-11,HD Mipo,False,1,0.004819277108433662,0.008314661167523663,0.006279076439526448,0.0024126071331180272,1.1078629411667476
388,2022-03-11,HD Mipo,False,2,-0.03373493975903619,-0.02115457040843194,-0.024622829035547814,0.0024126071331180272,1.1078629411667476
388,2022-03-11,HD Mipo,False,3,-0.03614457831325302,-0.0377642067027022,-0.04517672598373943,0.0024126071331180272,1.1078629411667476
388,2022-03-11,HD Mipo,False,4,-0.0626506024096386,-0.07755871674786985,-0.08881717834011374,0.0024126071331180272,1.1078629411667476
388,2022-03-11,HD Mipo,False,5,-0.07590361445783134,-0.09552371743606436,-0.10970303511488116,0.0024126071331180272,1.1078629411667476
388,2022-03-11,HD Mipo,False,6,-0.07590361445783134,-0.08762520410426289,-0.10336517203738485,0.0024126071331180272,1.1078629411667476
388,2022-03-11,HD Mipo,False,7,-0.048192771084337394,-0.0689353142022352,-0.08806091584203593,0.0024126071331180272,1.1078629411667476
388,2022-03-11,HD Mipo,False,8,-0.050602409638554224,-0.08078022976940535,-0.10333615527166426,0.0024126071331180272,1.1078629411667476
388,2022-03-11,HD Mipo,False,9,-0.03734939759036149,-0.06549703236792614,-0.09024658323998394,0.0024126071331180272,1.1078629411667476
388,2022-03-11,HD Mipo,False,10,-0.0590361445783133,-0.08730430984067439,-0.1144794686184406,0.0024126071331180272,1.1078629411667476
389,2022-03-21,HD Mipo,False,1,0.024643320363164634,0.015963462694964514,0.012178784137188729,0.0016547146960617005,1.2453915655227281
389,2022-03-21,HD Mipo,False,2,0.02204928664072625,0.00404565390441225,-0.003681715109971482,0.0016547146960617005,1.2453915655227281
389,2022-03-21,HD Mipo,False,3,0.03631647211413758,0.020319032895473654,0.011429252153065925,0.0016547146960617005,1.2453915655227281
389,2022-03-21,HD Mipo,False,4,0.012970168612191912,-0.003146376715126742,-0.013720099788062275,0.0016547146960617005,1.2453915655227281
389,2022-03-21,HD Mipo,False,5,0.024643320363164634,0.008683101803455218,-0.0035069746953052816,0.0016547146960617005,1.2453915655227281
389,2022-03-21,HD Mipo,False,6,0.02204928664072625,0.0018049702353484243,-0.013091102436674891,0.0016547146960617005,1.2453915655227281
389,2022-03-21,HD Mipo,False,7,0.01037613488975353,-0.011978592878346905,-0.02904725739462738,0.0016547146960617005,1.2453915655227281
389,2022-03-21,HD Mipo,False,8,0.015564202334630295,-0.01085129932541129,-0.03057115820033072,0.0016547146960617005,1.2453915655227281
389,2022-03-21,HD Mipo,False,9,-0.006485084306095956,-0.02627530867222827,-0.046024095076034825,0.0016547146960617005,1.2453915655227281
389,2022-03-21,HD Mipo,False,10,-0.0038910505836575737,-0.030399603891085425,-0.05345172624755484,0.0016547146960617005,1.2453915655227281
390,2022-04-07,HD Mipo,True,1,0.008174386920980936,0.010483522971582393,0.009310831757787111,0.001666288028378634,1.2137582211558242
390,2022-04-07,HD Mipo,True,2,0.038147138964577554,0.04314965130460058,0.04088640338695669,0.001666288028378634,1.2137582211558242
390,2022-04-07,HD Mipo,True,3,0.06267029972752036,0.07740443503919814,0.07555511350855569,0.001666288028378634,1.2137582211558242
390,2022-04-07,HD Mipo,True,4,0.1362397820163488,0.13260058360060079,0.12515752290730287,0.001666288028378634,1.2137582211558242
390,2022-04-07,HD Mipo,True,5,0.16485013623978206,0.16112965623505282,0.15200293290550293,0.001666288028378634,1.2137582211558242
390,2022-04-07,HD Mipo,True,6,0.20299727520435962,0.2069061807108178,0.19774401322827267,0.001666288028378634,1.2137582211558242
390,2022-04-07,HD Mipo,True,7,0.20844686648501365,0.21340873803054605,0.20280536266707233,0.001666288028378634,1.2137582211558242
390,2022-04-07,HD Mipo,True,8,0.23297002724795646,0.2284441205887775,0.21414636660516503,0.001666288028378634,1.2137582211558242
390,2022-04-07,HD Mipo,True,9,0.19482288828337868,0.19037087397781893,0.1744226270638945,0.001666288028378634,1.2137582211558242
390,2022-04-07,HD Mipo,True,10,0.18392370572207084,0.17595441538423495,0.15758803377395852,0.001666288028378634,1.2137582211558242
391,2022-04-29,HD Mipo,True,1,0.0,-0.00683348256600258,-0.009416462665799633,0.0018112433529889984,1.1129346185278266
391,2022-04-29,HD Mipo,True,2,-0.014457831325301207,-0.018672561526371867,-0.022771037179805487,0.0018112433529889984,1.1129346185278266
391,2022-04-29,HD Mipo,True,3,-0.02409638554216864,-0.02722839838491986,-0.03301584111950722,0.0018112433529889984,1.1129346185278266
391,2022-04-29,HD Mipo,True,4,-0.032530120481927716,-0.023276446173799203,-0.02947635940778595,0.0018112433529889984,1.1129346185278266
391,2022-04-29,HD Mipo,True,5,-0.04939759036144575,-0.027518457584331912,-0.034103762835373884,0.0018112433529889984,1.1129346185278266
391,2022-04-29,HD Mipo,True,6,-0.04939759036144575,-0.022179799329642313,-0.029973428600229484,0.0018112433529889984,1.1129346185278266
391,2022-04-29,HD Mipo,True,7,-0.04698795180722892,-0.018162943658750486,-0.027586305830363568,0.0018112433529889984,1.1129346185278266
391,2022-04-29,HD Mipo,True,8,-0.02289156626506028,0.021739616744144707,0.012290075547822896,0.0018112433529889984,1.1129346185278266
391,2022-04-29,HD Mipo,True,9,0.0,0.02434053521453927,0.010788234096855406,0.0018112433529889984,1.1129346185278266
391,2022-04-29,HD Mipo,True,10,-0.025301204819277112,0.0019090933588356007,-0.013130355526280807,0.0018112433529889984,1.1129346185278266
392,2022-05-23,HD Mipo,False,1,-0.01143583227445999,0.0010957144829502052,0.002886447474313691,0.00014915417902288511,1.1548002978354823
392,2022-05-23,HD Mipo,False,2,-0.006353240152477735,0.001877337276338431,0.0028531247556314015,0.00014915417902288511,1.1548002978354823
392,2022-05-23,HD Mipo,False,3,0.05209656925031769,0.062134690617230204,0.06324113225746833,0.00014915417902288511,1.1548002978354823
392,2022-05-23,HD Mipo,False,4,0.057179161372299836,0.05751641799806617,0.05697200870809025,0.00014915417902288511,1.1548002978354823
392,2022-05-23,HD Mipo,False,5,0.0508259212198221,0.03918488353044691,0.036637076533903135,0.00014915417902288511,1.1548002978354823
392,2022-05-23,HD Mipo,False,6,0.06480304955527316,0.047008025795733266,0.04335842574362969,0.00014915417902288511,1.1548002978354823
392,2022-05-23,HD Mipo,False,7,0.06480304955527316,0.057205301974805334,0.054985089133309906,0.00014915417902288511,1.1548002978354823
392,2022-05-23,HD Mipo,False,8,0.07878017789072422,0.06676398957268748,0.06371064661002507,0.00014915417902288511,1.1548002978354823
392,2022-05-23,HD Mipo,False,9,0.07242693773824649,0.0772015821030293,0.07659831086155022,0.00014915417902288511,1.1548002978354823
392,2022-05-23,HD Mipo,False,10,0.082592121982211,0.08743876495249447,0.08669748493756775,0.00014915417902288511,1.1548002978354823
393,2022-06-08,HD Mipo,False,1,0.005875440658049458,0.0033858648023532556,0.0020085360837281668,0.0010140812287052655,1.1459073798007422
393,2022-06-08,HD Mipo,False,2,0.01527614571092828,0.02407748366703244,0.023333501369537886,0.0010140812287052655,1.1459073798007422
393,2022-06-08,HD Mipo,False,3,-0.021151586368977626,0.02253436050988844,0.025866218866982406,0.0010140812287052655,1.1459073798007422
393,2022-06-08,HD Mipo,False,4,-0.034077555816686256,0.014014787592047218,0.016975490492471955,0.0010140812287052655,1.1459073798007422
393,2022-06-08,HD Mipo,False,5,-0.06815511163337251,-0.0026548290741496006,0.0018317393867485349,0.0010140812287052655,1.1459073798007422
393,2022-06-08,HD Mipo,False,6,-0.031727379553466495,0.0322341007513921,0.03548206537861921,0.0010140812287052655,1.1459073798007422
393,2022-06-08,HD Mipo,False,7,-0.001175088131609825,0.06678804170817154,0.06960579530521482,0.0010140812287052655,1.1459073798007422
393,2022-06-08,HD Mipo,False,8,-0.007050528789659172,0.07996625675552738,0.08454999810346653,0.0010140812287052655,1.1459073798007422
393,2022-06-08,HD Mipo,False,9,0.021151586368977737,0.10133349341463027,0.10390589432074071,0.0010140812287052655,1.1459073798007422
393,2022-06-08,HD Mipo,False,10,0.011750881316098694,0.1171798367633824,0.1224218871207721,0.0010140812287052655,1.1459073798007422
394,2022-07-01,HD Mipo,False,1,-0.05027932960893855,-0.04578291505596188,-0.04627178558732256,0.0009741633651332423,1.1079288459849181
394,2022-07-01,HD Mipo,False,2,-0.025698324022346397,-0.03913563604062642,-0.042534236350165136,0.0009741633651332423,1.1079288459849181
394,2022-07-01,HD Mipo,False,3,-0.12737430167597763,-0.11927296573452195,-0.12132108799082422,0.0009741633651332423,1.1079288459849181
394,2022-07-01,HD Mipo,False,4,-0.10949720670391061,-0.11968446354482243,-0.12468061587994697,0.0009741633651332423,1.1079288459849181
394,2022-07-01,HD Mipo,False,5,-0.1005586592178771,-0.11781727446067913,-0.12455079371279869,0.0009741633651332423,1.1079288459849181
394,2022-07-01,HD Mipo,False,6,-0.09273743016759772,-0.10552126904102732,-0.11274599420869316,0.0009741633651332423,1.1079288459849181
394,2022-07-01,HD Mipo,False,7,-0.08715083798882683,-0.09019316660359378,-0.09734066517602516,0.0009741633651332423,1.1079288459849181
394,2022-07-01,HD Mipo,False,8,-0.1061452513966481,-0.11388306585355146,-0.12251150615939639,0.0009741633651332423,1.1079288459849181
394,2022-07-01,HD Mipo,False,9,-0.10391061452513961,-0.1089263454846201,-0.11823515782504684,0.0009741633651332423,1.1079288459849181
394,2022-07-01,HD Mipo,False,10,-0.11173184357541899,-0.12049530793516683,-0.1311827721816768,0.0009741633651332423,1.1079288459849181
395,2022-07-08,HD Mipo,False,1,-0.007334963325183352,-5.5850053527373156e-05,-0.0004429346425413889,0.0009231052016230206,1.073638174404595
395,2022-07-08,HD Mipo,False,2,-0.0012224938875305957,0.015605153168797514,0.014998099974304333,0.0009231052016230206,1.073638174404595
395,2022-07-08,HD Mipo,False,3,-0.022004889975550168,-0.009779712557769105,-0.011648788415820486,0.0009231052016230206,1.073638174404595
395,2022-07-08,HD Mipo,False,4,-0.019559902200488977,-0.004666564964600828,-0.007262267606250129,0.0009231052016230206,1.073638174404595
395,2022-07-08,HD Mipo,False,5,-0.028117359413202925,-0.016897514073150433,-0.020686831153322167,0.0009231052016230206,1.073638174404595
395,2022-07-08,HD Mipo,False,6,0.04034229828850866,0.03278321912178894,0.026687951122033773,0.0009231052016230206,1.073638174404595
395,2022-07-08,HD Mipo,False,7,0.033007334963325086,0.027263792207018467,0.020379111792468166,0.0009231052016230206,1.073638174404595
395,2022-07-08,HD Mipo,False,8,0.04523227383863082,0.03275258197079167,0.024448758631527963,0.0009231052016230206,1.073638174404595
395,2022-07-08,HD Mipo,False,9,0.05623471882640585,0.03429133132391371,0.024367513513370395,0.0009231052016230206,1.073638174404595
395,2022-07-08,HD Mipo,False,10,0.057457212713936334,0.0423093610279901,0.03196284886745525,0.0009231052016230206,1.073638174404595
396,2022-07-11,HD Mipo,False,1,0.0024539877300613355,0.008082763128194226,0.007384019343350309,0.0010954506327229758,1.070478358047587
396,2022-07-11,HD Mipo,False,2,-0.018404907975460127,-0.017431026866179478,-0.019553290590109768,0.0010954506327229758,1.070478358047587
396,2022-07-11,HD Mipo,False,3,-0.015950920245398792,-0.012278487516129144,-0.015306012385498929,0.0010954506327229758,1.070478358047587
396,2022-07-11,HD Mipo,False,4,-0.024539877300613466,-0.024582779552123513,-0.028967605763258387,0.0010954506327229758,1.070478358047587
396,2022-07-11,HD Mipo,False,5,0.04417177914110426,0.025136050146046696,0.018317190058621317,0.0010954506327229758,1.070478358047587
396,2022-07-11,HD Mipo,False,6,0.036809815950920255,0.019610303320497513,0.011825406114748728,0.0010954506327229758,1.070478358047587
396,2022-07-11,HD Mipo,False,7,0.04907975460122693,0.02506736443099089,0.01570685616993381,0.0010954506327229758,1.070478358047587
396,2022-07-11,HD Mipo,False,8,0.060122699386503164,0.02653881690435056,0.015408274948361514,0.0010954506327229758,1.070478358047587
396,2022-07-11,HD Mipo,False,9,0.06134969325153383,0.03463875146130868,0.022897152447522155,0.0010954506327229758,1.070478358047587
396,2022-07-11,HD Mipo,False,10,0.06503067484662584,0.033793545522078805,0.020637497609934843,0.0010954506327229758,1.070478358047587
397,2022-07-18,HD Mipo,False,1,0.0,-0.0014572210583225775,-0.0029605099231050837,0.001451297471236857,1.0356784533470145
397,2022-07-18,HD Mipo,False,2,0.01183431952662728,0.0036696577708659195,0.0004757603248451217,0.001451297471236857,1.0356784533470145
397,2022-07-18,HD Mipo,False,3,0.022485207100591653,0.004897182501010677,-8.422342784218662e-05,0.001451297471236857,1.0356784533470145
397,2022-07-18,HD Mipo,False,4,0.023668639053254337,0.012847188759275818,0.006655906264867641,0.001451297471236857,1.0356784533470145
397,2022-07-18,HD Mipo,False,5,0.02721893491124261,0.01194134485920495,0.004139776719094226,0.001451297471236857,1.0356784533470145
397,2022-07-18,HD Mipo,False,6,0.03431952662721893,0.015126446948905636,0.005733882723596262,0.001451297471236857,1.0356784533470145
397,2022-07-18,HD Mipo,False,7,0.03076923076923066,0.010490626998195918,-0.0003919645190495341,0.001451297471236857,1.0356784533470145
397,2022-07-18,HD Mipo,False,8,0.03905325443786989,0.010436811915736977,-0.0021945582636413163,0.001451297471236857,1.0356784533470145
397,2022-07-18,HD Mipo,False,9,0.06390532544378691,0.028433608203805916,0.014106354953989049,0.001451297471236857,1.0356784533470145
397,2022-07-18,HD Mipo,False,10,0.12426035502958577,0.08847185060301288,0.07268199740510141,0.001451297471236857,1.0356784533470145
398,2022-08-30,HD Mipo,True,1,-0.01382488479262678,-0.029678788888424235,-0.03256942695375148,0.002178325638512311,1.0449297802302056
398,2022-08-30,HD Mipo,True,2,-0.06451612903225812,-0.057176815212897414,-0.06120371273297765,0.002178325638512311,1.0449297802302056
398,2022-08-30,HD Mipo,True,3,-0.04608294930875578,-0.03619583337965049,-0.04228658434938216,0.002178325638512311,1.0449297802302056
398,2022-08-30,HD Mipo,True,4,-0.027649769585253448,-0.015407991383755149,-0.023571273533584153,0.002178325638512311,1.0449297802302056
398,2022-08-30,HD Mipo,True,5,-0.018433179723502335,-0.008796734647129933,-0.01925539948020963,0.002178325638512311,1.0449297802302056
398,2022-08-30,HD Mipo,True,6,-0.03686635944700456,-0.013438908112079595,-0.025456271703321445,0.002178325638512311,1.0449297802302056
398,2022-08-30,HD Mipo,True,7,-0.05069124423963134,-0.030477311049577738,-0.04481738294334675,0.002178325638512311,1.0449297802302056
398,2022-08-30,HD Mipo,True,8,-0.07373271889400923,-0.08033645758813746,-0.09805976722446083,0.002178325638512311,1.0449297802302056
398,2022-08-30,HD Mipo,True,9,-0.06451612903225812,-0.05545499410969912,-0.07465281005560309,0.002178325638512311,1.0449297802302056
398,2022-08-30,HD Mipo,True,10,-0.04608294930875578,-0.03308093983257576,-0.05428001878938305,0.002178325638512311,1.0449297802302056
399,2022-09-19,HD Mipo,True,1,0.0,0.002439291552215117,-0.000401014045279298,0.002977412539513462,1.056207689439395
399,2022-09-19,HD Mipo,True,2,0.033434650455927084,0.044569447645054217,0.0392404837884044,0.002977412539513462,1.056207689439395
399,2022-09-19,HD Mipo,True,3,0.11448834853090162,0.1319004244986136,0.12394687943856153,0.002977412539513462,1.056207689439395
399,2022-09-19,HD Mipo,True,4,0.12968591691995957,0.1649229368555858,0.1549938781708434,0.002977412539513462,1.056207689439395
399,2022-09-19,HD Mipo,True,5,0.05369807497467072,0.11802965010822075,0.10675851660690713,0.002977412539513462,1.056207689439395
399,2022-09-19,HD Mipo,True,6,0.08409321175278617,0.14719460876328472,0.132876917252562,0.002977412539513462,1.056207689439395
399,2022-09-19,HD Mipo,True,7,0.01823708206686936,0.10432848598658762,0.08832559710491442,0.002977412539513462,1.056207689439395
399,2022-09-19,HD Mipo,True,8,0.028368794326241176,0.1137692762864374,0.09475013973832308,0.002977412539513462,1.056207689439395
399,2022-09-19,HD Mipo,True,9,0.0435663627152989,0.13547162214806885,0.11384069157249185,0.002977412539513462,1.056207689439395
399,2022-09-19,HD Mipo,True,10,0.12462006079027366,0.19382179315069892,0.1679373372367472,0.002977412539513462,1.056207689439395
400,2022-12-12,HD Mipo,True,1,0.041469194312796276,0.04677306634902201,0.04376841794825296,0.00238095713993484,0.8824083129128378
400,2022-12-12,HD Mipo,True,2,0.042654028436019065,0.036700274845947733,0.03263847249523579,0.00238095713993484,0.8824083129128378
400,2022-12-12,HD Mipo,True,3,0.024881516587677677,0.034977740985489225,0.026647637505535476,0.00238095713993484,0.8824083129128378
400,2022-12-12,HD Mipo,True,4,0.03199052132701419,0.04248506022556986,0.031727161131547485,0.00238095713993484,0.8824083129128378
400,2022-12-12,HD Mipo,True,5,0.024881516587677677,0.03866739109764605,0.025141501156372766,0.00238095713993484,0.8824083129128378
400,2022-12-12,HD Mipo,True,6,0.018957345971563955,0.04065919708579646,0.023821496960750407,0.00238095713993484,0.8824083129128378
400,2022-12-12,HD Mipo,True,7,0.028436018957346043,0.05195753842234696,0.0325249032860601,0.00238095713993484,0.8824083129128378
400,2022-12-12,HD Mipo,True,8,0.056872037914691864,0.068746002821088,0.0483020661358524,0.00238095713993484,0.8824083129128378
400,2022-12-12,HD Mipo,True,9,0.010663507109004655,0.04058321529122311,0.015636292069506907,0.00238095713993484,0.8824083129128378
400,2022-12-12,HD Mipo,True,10,-0.0035545023696682554,0.024918695257216017,-0.002239087487843891,0.00238095713993484,0.8824083129128378
401,2023-01-31,HD Mipo,True,1,0.0,-0.001541273001557597,-0.0031898672396839453,0.0016937683538642435,0.9706903866529535
401,2023-01-31,HD Mipo,True,2,-0.011166253101737023,-0.020507921028949716,-0.023621657061715096,0.0016937683538642435,0.9706903866529535
401,2023-01-31,HD Mipo,True,3,0.002481389578163684,-0.01156995075699152,-0.016239416466353095,0.0016937683538642435,0.9706903866529535
401,2023-01-31,HD Mipo,True,4,-0.013647642679900707,-0.010442448957828532,-0.01731146536198182,0.0016937683538642435,0.9706903866529535
401,2023-01-31,HD Mipo,True,5,-0.0669975186104218,-0.06931964875600449,-0.07772042978861717,0.0016937683538642435,0.9706903866529535
401,2023-01-31,HD Mipo,True,6,-0.09801488833746896,-0.113390824037358,-0.12310277143033067,0.0016937683538642435,0.9706903866529535
401,2023-01-31,HD Mipo,True,7,-0.09677419354838712,-0.11128341870098113,-0.12271453739884305,0.0016937683538642435,0.9706903866529535
401,2023-01-31,HD Mipo,True,8,-0.08436724565756826,-0.09405641545515853,-0.10732257646565121,0.0016937683538642435,0.9706903866529535
401,2023-01-31,HD Mipo,True,9,-0.07816377171215882,-0.08089063933029905,-0.09605463107954097,0.0016937683538642435,0.9706903866529535
401,2023-01-31,HD Mipo,True,10,-0.07444168734491319,-0.08245875990739182,-0.09916146614905279,0.0016937683538642435,0.9706903866529535
402,2023-02-28,HD Mipo,False,1,0.0099290780141843,0.004445790858080612,0.0046047065262643985,0.000669701811702369,0.8488830775598201
402,2023-02-28,HD Mipo,False,2,0.007092198581560183,-0.00013878281916301916,-0.00038546278706828516,0.000669701811702369,0.8488830775598201
402,2023-02-28,HD Mipo,False,3,0.004255319148936065,-0.015627808975274382,-0.014632237279767018,0.000669701811702369,0.8488830775598201
402,2023-02-28,HD Mipo,False,4,-0.004255319148936176,-0.024440773528732307,-0.024069217031610343,0.000669701811702369,0.8488830775598201
402,2023-02-28,HD Mipo,False,5,-0.025531914893617058,-0.032696633005444564,-0.03496243191274562,0.000669701811702369,0.8488830775598201
402,2023-02-28,HD Mipo,False,6,-0.04680851063829783,-0.04866388272737221,-0.05240171547750409,0.000669701811702369,0.8488830775598201
402,2023-02-28,HD Mipo,False,7,-0.052482269503546064,-0.044191075480494724,-0.05013192788652924,0.000669701811702369,0.8488830775598201
402,2023-02-28,HD Mipo,False,8,-0.04680851063829783,-0.04514778696035393,-0.0507563649052073,0.000669701811702369,0.8488830775598201
402,2023-02-28,HD Mipo,False,9,-0.08085106382978724,-0.053666549560401955,-0.06380190600014393,0.000669701811702369,0.8488830775598201
402,2023-02-28,HD Mipo,False,10,-0.06950354609929077,-0.055054007664512294,-0.0639345955604808,0.000669701811702369,0.8488830775598201
403,2023-03-10,HD Mipo,False,1,0.009009009009008917,0.004780635162438429,0.005023434336947618,0.00032924164196521257,0.864713755871334
403,2023-03-10,HD Mipo,False,2,-0.027027027027026973,-0.005581048148066814,-0.009140877366194459,0.00032924164196521257,0.864713755871334
403,2023-03-10,HD Mipo,False,3,-0.01501501501501501,-0.00637913424265979,-0.008535175042990329,0.00032924164196521257,0.864713755871334
403,2023-03-10,HD Mipo,False,4,-0.043543543543543506,-0.03415363748426292,-0.03674092917560485,0.00032924164196521257,0.864713755871334
403,2023-03-10,HD Mipo,False,5,-0.037537537537537524,-0.035554576009490746,-0.0374690516366979,0.00032924164196521257,0.864713755871334
403,2023-03-10,HD Mipo,False,6,-0.0045045045045044585,0.0043480023171331705,0.0011749300663191457,0.00032924164196521257,0.864713755871334
403,2023-03-10,HD Mipo,False,7,0.04204204204204198,0.04708276357342145,0.044096131795986135,0.00032924164196521257,0.864713755871334
403,2023-03-10,HD Mipo,False,8,0.018018018018018056,0.011140140953300959,0.009436689973243527,0.00032924164196521257,0.864713755871334
403,2023-03-10,HD Mipo,False,9,0.006006006006006093,-0.004004617002179911,-0.005613492191701333,0.00032924164196521257,0.864713755871334
403,2023-03-10,HD Mipo,False,10,0.0030030030030030463,-0.003041696949089401,-0.005516348615338212,0.00032924164196521257,0.864713755871334
404,2023-03-27,HD Mipo,False,1,0.04925373134328348,0.042535218429267996,0.04328218389065667,0.0003910654879297601,0.8306126721964932
404,2023-03-27,HD Mipo,False,2,0.029850746268656803,0.019419479756619396,0.020404273140840097,0.0003910654879297601,0.8306126721964932
404,2023-03-27,HD Mipo,False,3,0.0388059701492538,0.024554453832570156,0.025795283634811993,0.0003910654879297601,0.8306126721964932
404,2023-03-27,HD Mipo,False,4,0.047761194029850795,0.023710985032418197,0.02622052371589012,0.0003910654879297601,0.8306126721964932
404,2023-03-27,HD Mipo,False,5,0.04925373134328348,0.027072302553318606,0.02887422806326573,0.0003910654879297601,0.8306126721964932
404,2023-03-27,HD Mipo,False,6,0.06567164179104479,0.04011235143138725,0.04209537839838501,0.0003910654879297601,0.8306126721964932
404,2023-03-27,HD Mipo,False,7,0.0343283582089553,0.0026913977055422755,0.005312839489532175,0.0003910654879297601,0.8306126721964932
404,2023-03-27,HD Mipo,False,8,0.028358208955223896,0.011597069660812531,0.011307670353397147,0.0003910654879297601,0.8306126721964932
404,2023-03-27,HD Mipo,False,9,0.023880597014925398,-0.005771818135424489,-0.004268664161554341,0.0003910654879297601,0.8306126721964932
404,2023-03-27,HD Mipo,False,10,0.011940298507462588,-0.026671512018069832,-0.024041815490792172,0.0003910654879297601,0.8306126721964932
405,2023-03-31,HD Mipo,False,1,-0.009859154929577452,-0.00444039806561769,-0.005810355593159868,0.0003761399894973683,0.8165967650892945
405,2023-03-31,HD Mipo,False,2,0.005633802816901401,0.007765904626774178,0.006622590278689804,0.0003761399894973683,0.8165967650892945
405,2023-03-31,HD Mipo,False,3,-0.023943661971830954,-0.02772512555915263,-0.028160012873032898,0.0003761399894973683,0.8165967650892945
405,2023-03-31,HD Mipo,False,4,-0.029577464788732355,-0.01888477307053993,-0.022350407279548803,0.0003761399894973683,0.8165967650892945
405,2023-03-31,HD Mipo,False,5,-0.033802816901408406,-0.0356533203590339,-0.03719463198617878,0.0003761399894973683,0.8165967650892945
405,2023-03-31,HD Mipo,False,6,-0.04507042253521132,-0.05563840641169426,-0.05595704391924732,0.0003761399894973683,0.8165967650892945
405,2023-03-31,HD Mipo,False,7,-0.04225352112676062,-0.06721520363668698,-0.06527013024203408,0.0003761399894973683,0.8165967650892945
405,2023-03-31,HD Mipo,False,8,-0.015492957746478853,-0.04157298799818743,-0.039798945999433955,0.0003761399894973683,0.8165967650892945
405,2023-03-31,HD Mipo,False,9,-0.008450704225352101,-0.038963897108154955,-0.03675293873147091,0.0003761399894973683,0.8165967650892945
405,2023-03-31,HD Mipo,False,10,0.022535211267605604,-0.011932427047470773,-0.009372350575727266,0.0003761399894973683,0.8165967650892945
406,2023-04-14,HD Mipo,False,1,0.001367989056087593,-0.0008146355402629535,-0.0005723402112859624,0.00020799122090673597,0.7936949163696643
406,2023-04-14,HD Mipo,False,2,-0.008207934336525335,-0.008515291454371576,-0.008867864560283401,0.00020799122090673597,0.7936949163696643
406,2023-04-14,HD Mipo,False,3,0.013679890560875485,0.011820185468084832,0.011579878420060561,0.00020799122090673597,0.7936949163696643
406,2023-04-14,HD Mipo,False,4,0.019151846785225635,0.021949185617268663,0.020540115511954695,0.00020799122090673597,0.7936949163696643
406,2023-04-14,HD Mipo,False,5,0.008207934336525335,0.018284579086165542,0.015165759943844156,0.00020799122090673597,0.7936949163696643
406,2023-04-14,HD Mipo,False,6,0.009575923392612928,0.027783914677677046,0.022779566187431054,0.00020799122090673597,0.7936949163696643
406,2023-04-14,HD Mipo,False,7,0.008207934336525335,0.0398307021068246,0.031850825811003174,0.00020799122090673597,0.7936949163696643
406,2023-04-14,HD Mipo,False,8,-0.0068399452804377425,0.02641298239337475,0.017888804601421473,0.00020799122090673597,0.7936949163696643
406,2023-04-14,HD Mipo,False,9,-0.0369357045143639,-0.007954651718970251,-0.015805511227779734,0.00020799122090673597,0.7936949163696643
406,2023-04-14,HD Mipo,False,10,0.004103967168262557,0.030859598806592725,0.023259863774797204,0.00020799122090673597,0.7936949163696643
407,2023-04-18,HD Mipo,False,1,0.022068965517241468,0.02011570372568805,0.020866360250705807,-0.00026516668509333195,0.7514466099609108
407,2023-04-18,HD Mipo,False,2,0.02758620689655178,0.030290423918722387,0.030148614980647137,-0.00026516668509333195,0.7514466099609108
407,2023-04-18,HD Mipo,False,3,0.016551724137930934,0.02653592684136974,0.024849819467872583,-0.00026516668509333195,0.7514466099609108
407,2023-04-18,HD Mipo,False,4,0.017931034482758568,0.03604734305143009,0.03260513988206591,-0.00026516668509333195,0.7514466099609108
407,2023-04-18,HD Mipo,False,5,0.016551724137930934,0.04808406190436443,0.04157242588212644,-0.00026516668509333195,0.7514466099609108
407,2023-04-18,HD Mipo,False,6,0.0013793103448276334,0.03454196024405176,0.027890271299480136,-0.00026516668509333195,0.7514466099609108
407,2023-04-18,HD Mipo,False,7,-0.0289655172413793,-7.514114121043303e-05,-0.00539977526475836,-0.00026516668509333195,0.7514466099609108
407,2023-04-18,HD Mipo,False,8,0.012413793103448256,0.03907854022997437,0.0345722604178879,-0.00026516668509333195,0.7514466099609108
407,2023-04-18,HD Mipo,False,9,0.0055172413793103114,0.02328725453075431,0.021256957686763694,-0.00026516668509333195,0.7514466099609108
407,2023-04-18,HD Mipo,False,10,-0.0193103448275862,0.007404984775613688,0.003416465887660043,-0.00026516668509333195,0.7514466099609108
408,2023-04-27,HD Mipo,False,1,0.03234880450070321,0.03643354088391981,0.036165867595865014,-0.0006199296782217749,0.7827025092920161
408,2023-04-27,HD Mipo,False,2,0.025316455696202445,0.0203001127694451,0.022630010856403763,-0.0006199296782217749,0.7827025092920161
408,2023-04-27,HD Mipo,False,3,0.0,0.004136492302302286,0.005097431939344433,-0.0006199296782217749,0.7827025092920161
408,2023-04-27,HD Mipo,False,4,-0.012658227848101222,-0.00833859921672686,-0.006797524966227772,-0.0006199296782217749,0.7827025092920161
408,2023-04-27,HD Mipo,False,5,0.002812939521800173,0.0022476056364035824,0.005470099662221331,-0.0006199296782217749,0.7827025092920161
408,2023-04-27,HD Mipo,False,6,0.012658227848101333,0.013346979694394245,0.016916893715804952,-0.0006199296782217749,0.7827025092920161
408,2023-04-27,HD Mipo,False,7,0.012658227848101333,0.018741538952930847,0.021759158462207807,-0.0006199296782217749,0.7827025092920161
408,2023-04-27,HD Mipo,False,8,0.00421940928270037,0.012496375111850089,0.01565724863227433,-0.0006199296782217749,0.7827025092920161
408,2023-04-27,HD Mipo,False,9,-0.02250351617440227,-0.008023802504071642,-0.005590840846808606,-0.0006199296782217749,0.7827025092920161
408,2023-04-27,HD Mipo,False,10,-0.019690576652601988,-0.006775484228474182,-0.003382604622281099,-0.0006199296782217749,0.7827025092920161
409,2023-05-19,HD Mipo,False,1,0.10014306151645203,0.09343054237297754,0.0950172447662361,-0.0002507377818377788,0.8009741822904844
409,2023-05-19,HD Mipo,False,2,0.08869814020028621,0.07786362249773937,0.08052144680665253,-0.0002507377818377788,0.8009741822904844
409,2023-05-19,HD Mipo,False,3,0.0815450643776825,0.0707499162888805,0.07365064281006296,-0.0002507377818377788,0.8009741822904844
409,2023-05-19,HD Mipo,False,4,0.05865522174535043,0.05288363637037463,0.055035281996460586,-0.0002507377818377788,0.8009741822904844
409,2023-05-19,HD Mipo,False,5,0.045779685264663916,0.0383860718034057,0.041111280677549586,-0.0002507377818377788,0.8009741822904844
409,2023-05-19,HD Mipo,False,6,0.11158798283261806,0.09367874554014533,0.09874757282786013,-0.0002507377818377788,0.8009741822904844
409,2023-05-19,HD Mipo,False,7,0.06723891273247506,0.05263672299455879,0.057298100220361525,-0.0002507377818377788,0.8009741822904844
409,2023-05-19,HD Mipo,False,8,0.06294706723891275,0.05147476179370147,0.055763949020650204,-0.0002507377818377788,0.8009741822904844
409,2023-05-19,HD Mipo,False,9,0.10300429184549365,0.07885890773585724,0.08592110258872798,-0.0002507377818377788,0.8009741822904844
409,2023-05-19,HD Mipo,False,10,0.1716738197424892,0.14199700490171963,0.15041083506079547,-0.0002507377818377788,0.8009741822904844
410,2023-05-22,HD Mipo,False,1,-0.015523932729624823,-0.016205981213528453,-0.015937954259746263,-0.00013460231557772294,0.8043766075971257
410,2023-05-22,HD Mipo,False,2,-0.021992238033635148,-0.0226353123184585,-0.022240307314138858,-0.00013460231557772294,0.8043766075971257
410,2023-05-22,HD Mipo,False,3,-0.04269081500646832,-0.03836078148865707,-0.03880403038789629,-0.00013460231557772294,0.8043766075971257
410,2023-05-22,HD Mipo,False,4,-0.05433376455368688,-0.051609468037980166,-0.051603994901983155,-0.00013460231557772294,0.8043766075971257
410,2023-05-22,HD Mipo,False,5,0.005174644243208348,-0.002511067815408774,-0.0003345511715817989,-0.00013460231557772294,0.8043766075971257
410,2023-05-22,HD Mipo,False,6,-0.03492884864165591,-0.03934072797753552,-0.03767004728151227,-0.00013460231557772294,0.8043766075971257
410,2023-05-22,HD Mipo,False,7,-0.03880983182406206,-0.04012326233306507,-0.038924108392164404,-0.00013460231557772294,0.8043766075971257
410,2023-05-22,HD Mipo,False,8,-0.002587322121604174,-0.016446547314526327,-0.012658540141589732,-0.00013460231557772294,0.8043766075971257
410,2023-05-22,HD Mipo,False,9,0.05950840879689512,0.040173308633203675,0.04516712735987387,-0.00013460231557772294,0.8043766075971257
410,2023-05-22,HD Mipo,False,10,0.05045278137128073,0.03104363022933687,0.03618653737516128,-0.00013460231557772294,0.8043766075971257
411,2023-05-25,HD Mipo,False,1,-0.016150740242261152,-0.014929009834835472,-0.01494667997543812,-0.00021770309568421744,0.8073443741301135
411,2023-05-25,HD Mipo,False,2,0.04576043068640656,0.036556468064331105,0.03876506943513853,-0.00021770309568421744,0.8073443741301135
411,2023-05-25,HD Mipo,False,3,0.004037685060565233,-0.0018875122508470454,-9.288036736169233e-05,-0.00021770309568421744,0.8073443741301135
411,2023-05-25,HD Mipo,False,4,0.0,-0.002822080142392158,-0.0014075781435677489,-0.00021770309568421744,0.8073443741301135
411,2023-05-25,HD Mipo,False,5,0.037685060565275874,0.0222982833573786,0.02635114802890764,-0.00021770309568421744,0.8073443741301135
411,2023-05-25,HD Mipo,False,6,0.10228802153432026,0.0814171190151356,0.08674423437654381,-0.00021770309568421744,0.8073443741301135
411,2023-05-25,HD Mipo,False,7,0.09286675639300124,0.07192169132512305,0.07748079761445013,-0.00021770309568421744,0.8073443741301135
411,2023-05-25,HD Mipo,False,8,0.08479138627187077,0.06570038492133179,0.07111999850047647,-0.00021770309568421744,0.8073443741301135
411,2023-05-25,HD Mipo,False,9,0.08613728129205911,0.05521540177887774,0.06313200369072088,-0.00021770309568421744,0.8073443741301135
411,2023-05-25,HD Mipo,False,10,0.10901749663526239,0.08270540501719181,0.08995160845265918,-0.00021770309568421744,0.8073443741301135
412,2023-05-30,HD Mipo,False,1,-0.03116883116883118,-0.027723395501031423,-0.02828594756693994,-8.42998552654057e-05,0.8122583082252111
412,2023-05-30,HD Mipo,False,2,-0.03506493506493502,-0.028545289121152395,-0.029600698769879974,-8.42998552654057e-05,0.8122583082252111
412,2023-05-30,HD Mipo,False,3,0.0012987012987013546,-0.004629304176873239,-0.0032634708342424356,-8.42998552654057e-05,0.8122583082252111
412,2023-05-30,HD Mipo,False,4,0.06363636363636371,0.05227531987430378,0.05474546087158195,-8.42998552654057e-05,0.8122583082252111
412,2023-05-30,HD Mipo,False,5,0.05454545454545445,0.04311093909126407,0.045679173643585765,-8.42998552654057e-05,0.8122583082252111
412,2023-05-30,HD Mipo,False,6,0.04675324675324677,0.037155523602316665,0.039463215515450775,-8.42998552654057e-05,0.8122583082252111
412,2023-05-30,HD Mipo,False,7,0.04805194805194812,0.026733556540635472,0.03132600641574445,-8.42998552654057e-05,0.8122583082252111
412,2023-05-30,HD Mipo,False,8,0.07012987012987004,0.05337832432413703,0.05719768671567146,-8.42998552654057e-05,0.8122583082252111
412,2023-05-30,HD Mipo,False,9,0.04675324675324677,0.026676140145821536,0.031204148803630996,-8.42998552654057e-05,0.8122583082252111
412,2023-05-30,HD Mipo,False,10,0.05714285714285716,0.04436264964333092,0.04760502597317888,-8.42998552654057e-05,0.8122583082252111
413,2023-06-23,HD Mipo,False,1,0.014723926380368013,0.009448781849194177,0.010965009326002615,-0.0005843218712417043,0.8233402705727638
413,2023-06-23,HD Mipo,False,2,0.020858895705521574,0.015899091917539687,0.017943933255220156,-0.0005843218712417043,0.8233402705727638
413,2023-06-23,HD Mipo,False,3,0.006134969325153339,0.007871289960506567,0.009317517640591251,-0.0005843218712417043,0.8233402705727638
413,2023-06-23,HD Mipo,False,4,-0.0012269938650306678,0.006025843228384176,0.0070818464748485035,-0.0005843218712417043,0.8233402705727638
413,2023-06-23,HD Mipo,False,5,0.030674846625766916,0.0323761294007654,0.03499719060226347,-0.0005843218712417043,0.8233402705727638
413,2023-06-23,HD Mipo,False,6,0.025766871165644245,0.012600421863481648,0.01843233446216934,-0.0005843218712417043,0.8233402705727638
413,2023-06-23,HD Mipo,False,7,0.07239263803680984,0.0627922642996328,0.06857851682513477,-0.0005843218712417043,0.8233402705727638
413,2023-06-23,HD Mipo,False,8,0.06748466257668717,0.0634553086359011,0.06884170818278057,-0.0005843218712417043,0.8233402705727638
413,2023-06-23,HD Mipo,False,9,0.06134969325153383,0.06616155940690738,0.07057039327503435,-0.0005843218712417043,0.8233402705727638
413,2023-06-23,HD Mipo,False,10,0.06748466257668717,0.08381230550195917,0.08677108723301313,-0.0005843218712417043,0.8233402705727638
414,2023-07-03,HD Mipo,False,1,0.045454545454545414,0.049835054683944335,0.04995002522294269,-0.0009265720452161572,0.8147243930520904
414,2023-07-03,HD Mipo,False,2,0.04066985645933019,0.05054423835066579,0.050567900342945456,-0.0009265720452161572,0.8147243930520904
414,2023-07-03,HD Mipo,False,3,0.0346889952153111,0.053282164538693166,0.05261701994286677,-0.0009265720452161572,0.8147243930520904
414,2023-07-03,HD Mipo,False,4,0.04066985645933019,0.07061933279459842,0.06877671356967417,-0.0009265720452161572,0.8147243930520904
414,2023-07-03,HD Mipo,False,5,0.0514354066985645,0.08369223276816118,0.0823486899659843,-0.0009265720452161572,0.8147243930520904
414,2023-07-03,HD Mipo,False,6,0.07535885167464107,0.09157172676294234,0.09412730876188362,-0.0009265720452161572,0.8147243930520904
414,2023-07-03,HD Mipo,False,7,0.10167464114832536,0.11319219389871693,0.11754427663884667,-0.0009265720452161572,0.8147243930520904
414,2023-07-03,HD Mipo,False,8,0.10167464114832536,0.10685370070175138,0.11330672366130026,-0.0009265720452161572,0.8147243930520904
414,2023-07-03,HD Mipo,False,9,0.11004784688995217,0.10099505042814427,0.11101146119412704,-0.0009265720452161572,0.8147243930520904
414,2023-07-03,HD Mipo,False,10,0.10885167464114831,0.10336931953196182,0.11365078665448189,-0.0009265720452161572,0.8147243930520904
415,2023-07-05,HD Mipo,False,1,-0.005747126436781658,0.001422501682453281,0.0015678154798634573,-0.0008304810438948121,0.9044347579693228
415,2023-07-05,HD Mipo,False,2,0.0,0.018658122147781286,0.018536016276680254,-0.0008304810438948121,0.9044347579693228
415,2023-07-05,HD Mipo,False,3,0.010344827586206806,0.0313371569385712,0.031822463034909244,-0.0008304810438948121,0.9044347579693228
415,2023-07-05,HD Mipo,False,4,0.03333333333333344,0.03809496067579399,0.040961838781931104,-0.0008304810438948121,0.9044347579693228
415,2023-07-05,HD Mipo,False,5,0.05862068965517242,0.058632341271834254,0.06278363300174197,-0.0008304810438948121,0.9044347579693228
415,2023-07-05,HD Mipo,False,6,0.05862068965517242,0.05222006823561709,0.0578146314340925,-0.0008304810438948121,0.9044347579693228
415,2023-07-05,HD Mipo,False,7,0.06666666666666665,0.045868530925332385,0.053669477108503554,-0.0008304810438948121,0.9044347579693228
415,2023-07-05,HD Mipo,False,8,0.06551724137931036,0.04833110680313801,0.05661735226464021,-0.0008304810438948121,0.9044347579693228
415,2023-07-05,HD Mipo,False,9,0.048275862068965614,0.03550957407984057,0.04420391687640794,-0.0008304810438948121,0.9044347579693228
415,2023-07-05,HD Mipo,False,10,0.051724137931034475,0.03871704986423197,0.04826488582239841,-0.0008304810438948121,0.9044347579693228
416,2023-07-19,HD Mipo,False,1,-0.005476451259583737,-0.007345156420292431,-0.007002149928646581,-0.0001111865826589875,0.8759462360028232
416,2023-07-19,HD Mipo,False,2,-0.010952902519167584,-0.016493516995660484,-0.015583809749676318,-0.0001111865826589875,0.8759462360028232
416,2023-07-19,HD Mipo,False,3,-0.018619934282584905,-0.0313926303810369,-0.029474569605654914,-0.0001111865826589875,0.8759462360028232
416,2023-07-19,HD Mipo,False,4,-0.0021905805038334725,-0.018018705865052165,-0.015610421006337862,-0.0001111865826589875,0.8759462360028232
416,2023-07-19,HD Mipo,False,5,-0.01533406352683464,-0.014170457426764482,-0.013758874229993324,-0.0001111865826589875,0.8759462360028232
416,2023-07-19,HD Mipo,False,6,-0.08214676889375683,-0.08539484817309162,-0.08432479221677498,-0.0001111865826589875,0.8759462360028232
416,2023-07-19,HD Mipo,False,7,-0.04490690032858713,-0.04989268275736447,-0.048495871601990745,-0.0001111865826589875,0.8759462360028232
416,2023-07-19,HD Mipo,False,8,0.02300109529025196,0.008667934057600135,0.01133550931976091,-0.0001111865826589875,0.8759462360028232
416,2023-07-19,HD Mipo,False,9,0.025191675794085322,-0.002430483581420395,0.0019968285027718823,-0.0001111865826589875,0.8759462360028232
416,2023-07-19,HD Mipo,False,10,0.024096385542168752,0.0159704078433347,0.018090331789622056,-0.0001111865826589875,0.8759462360028232
417,2023-07-26,HD Mipo,False,1,-0.06785317018909898,-0.06938789182367366,-0.06882186657868943,-0.00027803838673804153,0.8123523825048539
417,2023-07-26,HD Mipo,False,2,-0.030033370411568394,-0.033302827527830314,-0.03213324491598513,-0.00027803838673804153,0.8123523825048539
417,2023-07-26,HD Mipo,False,3,0.03893214682981094,0.02633127446172412,0.029529913300170157,-0.00027803838673804153,0.8123523825048539
417,2023-07-26,HD Mipo,False,4,0.04115684093437144,0.0152896655145347,0.021255732900348236,-0.00027803838673804153,0.8123523825048539
417,2023-07-26,HD Mipo,False,5,0.04004449388209119,0.033640204354354886,0.036232145959673924,-0.00027803838673804153,0.8123523825048539
417,2023-07-26,HD Mipo,False,6,0.030033370411568505,0.027890914395382937,0.02996117148283655,-0.00027803838673804153,0.8123523825048539
417,2023-07-26,HD Mipo,False,7,0.031145717463848754,0.029999484263088627,0.03216084089947139,-0.00027803838673804153,0.8123523825048539
417,2023-07-26,HD Mipo,False,8,0.018909899888765347,0.026260408770149457,0.027105410385085148,-0.00027803838673804153,0.8123523825048539
417,2023-07-26,HD Mipo,False,9,0.03337041156840925,0.04330956120184548,0.04394684893384579,-0.00027803838673804153,0.8123523825048539
417,2023-07-26,HD Mipo,False,10,0.034482758620689724,0.03244415594819716,0.035607078750090046,-0.00027803838673804153,0.8123523825048539
418,2023-11-23,HD Mipo,True,1,0.0,0.00843963969688788,0.007923317866999935,-0.0006683347082957625,0.8596318586182594
418,2023-11-23,HD Mipo,True,2,0.0037735849056603765,0.012598469332241624,0.012696406123965272,-0.0006683347082957625,0.8596318586182594
418,2023-11-23,HD Mipo,True,3,0.005031446540880502,0.0034904676221074737,0.005711776093731375,-0.0006683347082957625,0.8596318586182594
418,2023-11-23,HD Mipo,True,4,-0.010062893081761004,-0.010829410945995877,-0.008048477424874276,-0.0006683347082957625,0.8596318586182594
418,2023-11-23,HD Mipo,True,5,0.020125786163522008,0.013211239004801145,0.017523494679446,-0.0006683347082957625,0.8596318586182594
418,2023-11-23,HD Mipo,True,6,0.007547169811320753,0.012658612771271116,0.015951137272978675,-0.0006683347082957625,0.8596318586182594
418,2023-11-23,HD Mipo,True,7,0.03270440251572326,0.033868079895105985,0.03838307962226439,-0.0006683347082957625,0.8596318586182594
418,2023-11-23,HD Mipo,True,8,0.030188679245283012,0.03956164380276783,0.04359265585496286,-0.0006683347082957625,0.8596318586182594
418,2023-11-23,HD Mipo,True,9,0.007547169811320753,0.016483258902143194,0.021243929059904663,-0.0006683347082957625,0.8596318586182594
418,2023-11-23,HD Mipo,True,10,0.005031446540880502,0.01528213362684172,0.02052661081565716,-0.0006683347082957625,0.8596318586182594
419,2024-01-09,HD Mipo,True,1,-0.010012515644555742,-0.0014359722372616623,-0.000997086627410165,-0.0005338901759424517,0.9889227440963971
419,2024-01-09,HD Mipo,True,2,-0.03254067584480602,-0.02329719795699925,-0.022331809975116877,-0.0005338901759424517,0.9889227440963971
419,2024-01-09,HD Mipo,True,3,-0.03128911138923651,-0.016109526604703328,-0.014676004222044684,-0.0005338901759424517,0.9889227440963971
419,2024-01-09,HD Mipo,True,4,-0.02252816020025028,-0.007715194369916856,-0.005743720679340977,-0.0005338901759424517,0.9889227440963971
419,2024-01-09,HD Mipo,True,5,-0.06633291614518144,-0.04044337765604167,-0.03806071181939979,-0.0005338901759424517,0.9889227440963971
419,2024-01-09,HD Mipo,True,6,-0.09637046307884856,-0.04642058066992816,-0.04377054724407193,-0.0005338901759424517,0.9889227440963971
419,2024-01-09,HD Mipo,True,7,-0.09762202753441807,-0.049286828604633404,-0.04608501874073302,-0.0005338901759424517,0.9889227440963971
419,2024-01-09,HD Mipo,True,8,-0.07509386733416767,-0.039512327768572164,-0.03563535218024482,-0.0005338901759424517,0.9889227440963971
419,2024-01-09,HD Mipo,True,9,-0.09011264080100123,-0.05125883205908932,-0.046884214057871056,-0.0005338901759424517,0.9889227440963971
419,2024-01-09,HD Mipo,True,10,-0.10513141426783479,-0.07183929306516879,-0.06686917665187997,-0.0005338901759424517,0.9889227440963971
420,2024-02-01,HD Mipo,True,1,0.011887072808320909,-0.009957890855037732,-0.012090803374304935,0.00011541277684713127,1.0923553718610253
420,2024-02-01,HD Mipo,True,2,0.013372956909361022,0.000905191026732366,-0.00047709968132826977,0.00011541277684713127,1.0923553718610253
420,2024-02-01,HD Mipo,True,3,0.008915304606240682,0.0023512661597298035,0.0013988036175508305,0.00011541277684713127,1.0923553718610253
420,2024-02-01,HD Mipo,True,4,0.008915304606240682,-0.01069085308696871,-0.01296323817887949,0.00011541277684713127,1.0923553718610253
420,2024-02-01,HD Mipo,True,5,0.0014858841010401136,-0.022316569599045932,-0.025091917945957873,0.00011541277684713127,1.0923553718610253
420,2024-02-01,HD Mipo,True,6,-0.06835066864784545,-0.10360893230338952,-0.10755769901555415,0.00011541277684713127,1.0923553718610253
420,2024-02-01,HD Mipo,True,7,-0.06537890044576522,-0.08922042580327094,-0.09223020818132736,0.00011541277684713127,1.0923553718610253
420,2024-02-01,HD Mipo,True,8,-0.07280832095096579,-0.09406330258728679,-0.09694961653498553,0.00011541277684713127,1.0923553718610253
420,2024-02-01,HD Mipo,True,9,-0.0638930163447251,-0.09880744941497599,-0.10307069985612008,0.00011541277684713127,1.0923553718610253
420,2024-02-01,HD Mipo,True,10,-0.05349182763744431,-0.10071383279490309,-0.10622916640971476,0.00011541277684713127,1.0923553718610253
421,2024-02-22,HD Mipo,False,1,-0.0015625000000000222,0.00340946972805245,0.004097543955152484,0.0003163659831053604,1.2020205804026154
421,2024-02-22,HD Mipo,False,2,-0.026562500000000044,-0.01389945631902656,-0.011973992851143344,0.0003163659831053604,1.2020205804026154
421,2024-02-22,HD Mipo,False,3,-0.04062500000000002,-0.019744965088044575,-0.01647586626562054,0.0003163659831053604,1.2020205804026154
421,2024-02-22,HD Mipo,False,4,-0.014062499999999978,-0.0033427393110109227,-0.002442590967265656,0.0003163659831053604,1.2020205804026154
421,2024-02-22,HD Mipo,False,5,-0.017187500000000022,-0.002763938905942842,-0.0014319126377756314,0.0003163659831053604,1.2020205804026154
421,2024-02-22,HD Mipo,False,6,-0.04531249999999998,-0.042791080993125674,-0.044179898360550904,0.0003163659831053604,1.2020205804026154
421,2024-02-22,HD Mipo,False,7,-0.050000000000000044,-0.03820229538647457,-0.038033478134769066,0.0003163659831053604,1.2020205804026154
421,2024-02-22,HD Mipo,False,8,-0.042187500000000044,-0.02743943675564975,-0.026990952324054508,0.0003163659831053604,1.2020205804026154
421,2024-02-22,HD Mipo,False,9,-0.05312499999999998,-0.04066337144679455,-0.04099315986166243,0.0003163659831053604,1.2020205804026154
421,2024-02-22,HD Mipo,False,10,-0.06093749999999998,-0.06068386613540311,-0.0637962867059211,0.0003163659831053604,1.2020205804026154
422,2024-02-27,HD Mipo,False,1,0.021035598705501535,0.01221892690401738,0.009861106980390761,0.0002496425639587124,1.23911260474877
422,2024-02-27,HD Mipo,False,2,0.017799352750809128,0.012759624477743259,0.011055276795227035,0.0002496425639587124,1.23911260474877
422,2024-02-27,HD Mipo,False,3,-0.01132686084142398,-0.028503776223435362,-0.03335992089385345,0.0002496425639587124,1.23911260474877
422,2024-02-27,HD Mipo,False,4,-0.016181229773462813,-0.023898670276142453,-0.02674257783256669,0.0002496425639587124,1.23911260474877
422,2024-02-27,HD Mipo,False,5,-0.008090614886731351,-0.012799432699603153,-0.015173583211919897,0.0002496425639587124,1.23911260474877
422,2024-02-27,HD Mipo,False,6,-0.01941747572815533,-0.026457881036415554,-0.029639186071912994,0.0002496425639587124,1.23911260474877
422,2024-02-27,HD Mipo,False,7,-0.027508090614886682,-0.04699757564974638,-0.053405255129354845,0.0002496425639587124,1.23911260474877
422,2024-02-27,HD Mipo,False,8,0.009708737864077666,-0.001979628160927005,-0.006771604318092598,0.0002496425639587124,1.23911260474877
422,2024-02-27,HD Mipo,False,9,0.01941747572815533,-0.0006273303088686344,-0.007667079167693717,0.0002496425639587124,1.23911260474877
422,2024-02-27,HD Mipo,False,10,0.012944983818770295,-0.011572818783631256,-0.019931760066194786,0.0002496425639587124,1.23911260474877
423,2024-03-04,HD Mipo,False,1,-0.004909983633387904,-0.0006255578967673259,0.0006527351326241311,-0.00010847409218004787,1.2730398445729918
423,2024-03-04,HD Mipo,False,2,0.003273322422258529,0.010530538297183534,0.012728995576065803,-0.00010847409218004787,1.2730398445729918
423,2024-03-04,HD Mipo,False,3,-0.008183306055646433,-0.003229908581202534,-0.0015520114281319776,-0.00010847409218004787,1.2730398445729918
423,2024-03-04,HD Mipo,False,4,-0.016366612111292977,-0.02371402642277809,-0.02528626691567917,-0.00010847409218004787,1.2730398445729918
423,2024-03-04,HD Mipo,False,5,0.02127659574468077,0.02163738949092253,0.02227827102021953,-0.00010847409218004787,1.2730398445729918
423,2024-03-04,HD Mipo,False,6,0.03109656301145658,0.023200441544228845,0.02169533031916781,-0.00010847409218004787,1.2730398445729918
423,2024-03-04,HD Mipo,False,7,0.02454991816693952,0.012234073308250437,0.009630675587509225,-0.00010847409218004787,1.2730398445729918
423,2024-03-04,HD Mipo,False,8,0.06382978723404253,0.04204686480469788,0.03696705178768446,-0.00010847409218004787,1.2730398445729918
423,2024-03-04,HD Mipo,False,9,0.06219312602291316,0.05992313203614219,0.06027960006043305,-0.00010847409218004787,1.2730398445729918
423,2024-03-04,HD Mipo,False,10,0.0851063829787233,0.07569567943091804,0.07421092331870327,-0.00010847409218004787,1.2730398445729918
424,2024-04-01,HD Mipo,False,1,0.0016051364365972098,-0.0016782117768749938,-0.001747951658583441,-0.0005275228407333564,1.1819066037501356
424,2024-04-01,HD Mipo,False,2,0.008025682182985605,0.021574504222597213,0.02509417010610466,-0.0005275228407333564,1.1819066037501356
424,2024-04-01,HD Mipo,False,3,0.008025682182985605,0.008809167050795375,0.010534256644388344,-0.0005275228407333564,1.1819066037501356
424,2024-04-01,HD Mipo,False,4,0.0016051364365972098,0.012515618735305378,0.01661039887847278,-0.0005275228407333564,1.1819066037501356
424,2024-04-01,HD Mipo,False,5,-0.009630818619582704,2.6087890629966637e-05,0.004420357160302108,-0.0005275228407333564,1.1819066037501356
424,2024-04-01,HD Mipo,False,6,-0.0032102728731941976,0.010998134101643298,0.01674787420353586,-0.0005275228407333564,1.1819066037501356
424,2024-04-01,HD Mipo,False,7,-0.0321027287319422,-0.018550262576666365,-0.012392319600787988,-0.0005275228407333564,1.1819066037501356
424,2024-04-01,HD Mipo,False,8,-0.0160513643659711,0.006662408569181877,0.015014376588034156,-0.0005275228407333564,1.1819066037501356
424,2024-04-01,HD Mipo,False,9,-0.024077046548956704,0.0027873741277556485,0.01242189522137152,-0.0005275228407333564,1.1819066037501356
424,2024-04-01,HD Mipo,False,10,-0.051364365971107495,-0.0023437220558696348,0.011848685199729606,-0.0005275228407333564,1.1819066037501356
425,2024-04-03,HD Mipo,False,1,-0.00789889415481837,-0.00927203894855455,-0.008994936270769084,-0.0005218411766758062,1.178232113617408
425,2024-04-03,HD Mipo,False,2,-0.014218009478673022,-0.005442299533598871,-0.002834503848243384,-0.0005218411766758062,1.178232113617408
425,2024-04-03,HD Mipo,False,3,-0.025276461295418606,-0.01775703275737972,-0.014851305585822575,-0.0005218411766758062,1.178232113617408
425,2024-04-03,HD Mipo,False,4,-0.018957345971563955,-0.006876593371353601,-0.002636050594625884,-0.0005218411766758062,1.178232113617408
425,2024-04-03,HD Mipo,False,5,-0.04739336492891,-0.03596996887889259,-0.031324746972830206,-0.0005218411766758062,1.178232113617408
425,2024-04-03,HD Mipo,False,6,-0.03159557661927326,-0.010991100751562732,-0.004187674407626969,-0.0005218411766758062,1.178232113617408
425,2024-04-03,HD Mipo,False,7,-0.03949447077409163,-0.014730388735994193,-0.00666374581581855,-0.0005218411766758062,1.178232113617408
425,2024-04-03,HD Mipo,False,8,-0.06635071090047395,-0.019382585389196794,-0.006836627693267712,-0.0005218411766758062,1.178232113617408
425,2024-04-03,HD Mipo,False,9,-0.06635071090047395,-0.010088294165636946,0.004636045876318745,-0.0005218411766758062,1.178232113617408
425,2024-04-03,HD Mipo,False,10,0.025276461295418606,0.06308907085484361,0.0750469039447678,-0.0005218411766758062,1.178232113617408
426,2024-05-02,HD Mipo,False,1,-0.02309782608695654,-0.012862313146502324,-0.010827374397610024,-0.000527389250980618,1.1472861698951438
426,2024-05-02,HD Mipo,False,2,0.04619565217391308,0.03508376041594152,0.03450191094058171,-0.000527389250980618,1.1472861698951438
426,2024-05-02,HD Mipo,False,3,0.021739130434782705,0.006674289495689045,0.0060376145266322345,-0.000527389250980618,1.1472861698951438
426,2024-05-02,HD Mipo,False,4,0.03532608695652173,0.03243070883788901,0.034113816688319865,-0.000527389250980618,1.1472861698951438
426,2024-05-02,HD Mipo,False,5,0.036684782608695565,0.028061510868399475,0.029428368456709323,-0.000527389250980618,1.1472861698951438
426,2024-05-02,HD Mipo,False,6,0.0625,0.05403203589825134,0.05594915740477892,-0.000527389250980618,1.1472861698951438
426,2024-05-02,HD Mipo,False,7,0.061141304347826164,0.05151592855880782,0.05378996858190619,-0.000527389250980618,1.1472861698951438
426,2024-05-02,HD Mipo,False,8,0.048913043478260976,0.030908450809520982,0.032475737322665024,-0.000527389250980618,1.1472861698951438
426,2024-05-02,HD Mipo,False,9,0.021739130434782705,0.014228896770742683,0.017869246478174217,-0.000527389250980618,1.1472861698951438
426,2024-05-02,HD Mipo,False,10,0.0027173913043478937,-0.011271389567667489,-0.008057851014002904,-0.000527389250980618,1.1472861698951438
427,2024-05-17,HD Mipo,False,1,-0.023809523809523836,-0.024137842380681396,-0.023368139526205346,-0.0008081197121840828,1.1170109189150834
427,2024-05-17,HD Mipo,False,2,-0.02910052910052907,-0.02287706818503099,-0.02053261588010829,-0.0008081197121840828,1.1170109189150834
427,2024-05-17,HD Mipo,False,3,-0.04761904761904767,-0.04113293184662359,-0.03794962634335038,-0.0008081197121840828,1.1170109189150834
427,2024-05-17,HD Mipo,False,4,-0.04629629629629628,-0.03920826314341663,-0.03514640702216128,-0.0008081197121840828,1.1170109189150834
427,2024-05-17,HD Mipo,False,5,-0.0357142857142857,-0.016146498873294113,-0.009816255592974797,-0.0008081197121840828,1.1170109189150834
427,2024-05-17,HD Mipo,False,6,-0.03703703703703709,-0.030379466010786227,-0.02475173923415768,-0.0008081197121840828,1.1170109189150834
427,2024-05-17,HD Mipo,False,7,-0.030423280423280463,-0.023714637619294043,-0.01727281517483795,-0.0008081197121840828,1.1170109189150834
427,2024-05-17,HD Mipo,False,8,-0.030423280423280463,-0.007098069934596607,0.002096192076044695,-0.0008081197121840828,1.1170109189150834
427,2024-05-17,HD Mipo,False,9,-0.04761904761904767,-0.009023375587412397,0.002765816872811175,-0.0008081197121840828,1.1170109189150834
427,2024-05-17,HD Mipo,False,10,-0.044973544973545,-0.00677185522729884,0.00577935671585917,-0.0008081197121840828,1.1170109189150834
428,2024-06-07,HD Mipo,False,1,0.0028818443804035088,0.0019702977525701826,0.0018263164857508854,0.00011954093922848036,1.0268119335254517
428,2024-06-07,HD Mipo,False,2,0.043227665706051965,0.04077834732801211,0.04047359448802048,0.00011954093922848036,1.0268119335254517
428,2024-06-07,HD Mipo,False,3,0.07060518731988474,0.05968886063046641,0.05903754998724217,0.00011954093922848036,1.0268119335254517
428,2024-06-07,HD Mipo,False,4,0.05619596541786742,0.035378611941576876,0.03434229468708082,0.00011954093922848036,1.0268119335254517
428,2024-06-07,HD Mipo,False,5,0.09654178674351588,0.07441640091102553,0.07322547184071743,0.00011954093922848036,1.0268119335254517
428,2024-06-07,HD Mipo,False,6,0.09510086455331401,0.07828171762756075,0.07711351814286177,0.00011954093922848036,1.0268119335254517
428,2024-06-07,HD Mipo,False,7,0.11239193083573484,0.08822853424995869,0.08674388029235236,0.00011954093922848036,1.0268119335254517
428,2024-06-07,HD Mipo,False,8,0.14553314121037464,0.10898975566691127,0.10705362932909714,0.00011954093922848036,1.0268119335254517
428,2024-06-07,HD Mipo,False,9,0.15417867435158494,0.11381865048833184,0.11166065175836834,0.00011954093922848036,1.0268119335254517
428,2024-06-07,HD Mipo,False,10,0.15994236311239196,0.12824203221355512,0.12619667565647588,0.00011954093922848036,1.0268119335254517
429,2024-06-10,HD Mipo,False,1,0.012587412587412583,0.016783649225711628,0.01690871720167508,-0.00010882530383093005,1.0038707712487602
429,2024-06-10,HD Mipo,False,2,0.03916083916083912,0.03494619797588072,0.035147534671620004,-0.00010882530383093005,1.0038707712487602
429,2024-06-10,HD Mipo,False,3,0.025174825174825166,0.011124794255186643,0.011396885710951505,-0.00010882530383093005,1.0038707712487602
429,2024-06-10,HD Mipo,False,4,0.06433566433566429,0.04898627242188591,0.049362159652303825,-0.00010882530383093005,1.0038707712487602
429,2024-06-10,HD Mipo,False,5,0.06293706293706292,0.05285873318648138,0.05336384879660195,-0.00010882530383093005,1.0038707712487602
429,2024-06-10,HD Mipo,False,6,0.07972027972027962,0.06234638767398848,0.06293208913516221,-0.00010882530383093005,1.0038707712487602
429,2024-06-10,HD Mipo,False,7,0.11188811188811187,0.08221630176413885,0.08286322610142882,-0.00010882530383093005,1.0038707712487602
429,2024-06-10,HD Mipo,False,8,0.12027972027972034,0.08681657354395056,0.08755764778832013,-0.00010882530383093005,1.0038707712487602
429,2024-06-10,HD Mipo,False,9,0.12587412587412583,0.1010132642468693,0.10189646127294147,-0.00010882530383093005,1.0038707712487602
429,2024-06-10,HD Mipo,False,10,0.21538461538461529,0.19771256968244488,0.19873241827434346,-0.00010882530383093005,1.0038707712487602
430,2024-07-01,HD Mipo,False,1,-0.015789473684210575,-0.009432837448882792,-0.008699494764925672,-0.0005351965142057965,1.031171544574173
430,2024-07-01,HD Mipo,False,2,-0.03368421052631576,-0.03202626830417299,-0.03090419465588247,-0.0005351965142057965,1.031171544574173
430,2024-07-01,HD Mipo,False,3,0.007368421052631469,-0.0020253938223975254,-0.0007126239988786316,-0.0005351965142057965,1.031171544574173
430,2024-07-01,HD Mipo,False,4,-0.0189473684210526,-0.04166546464601817,-0.04023283673831185,-0.0005351965142057965,1.031171544574173
430,2024-07-01,HD Mipo,False,5,0.020000000000000018,-0.0011208975756169526,0.0008967139951871449,-0.0005351965142057965,1.031171544574173
430,2024-07-01,HD Mipo,False,6,0.008421052631578885,-0.016137216533911536,-0.01369155663063338,-0.0005351965142057965,1.031171544574173
430,2024-07-01,HD Mipo,False,7,0.05368421052631578,0.028907979129034977,0.0318820413270952,-0.0005351965142057965,1.031171544574173
430,2024-07-01,HD Mipo,False,8,0.05578947368421061,0.022666360754762582,0.025915434277293297,-0.0005351965142057965,1.031171544574173
430,2024-07-01,HD Mipo,False,9,0.05263157894736836,0.03178224087365433,0.035949103430399726,-0.0005351965142057965,1.031171544574173
430,2024-07-01,HD Mipo,False,10,0.04315789473684206,0.020907881337524525,0.025566279195129715,-0.0005351965142057965,1.031171544574173
431,2024-07-08,HD Mipo,False,1,-0.008281573498964856,-0.006453979969690327,-0.005925387426453079,-0.0005138133992397706,1.0080866690326615
431,2024-07-08,HD Mipo,False,2,0.03623188405797095,0.037847128624796555,0.03888781737149482,-0.0005138133992397706,1.0080866690326615
431,2024-07-08,HD Mipo,False,3,0.038302277432712195,0.03178560107689887,0.03327434306973575,-0.0005138133992397706,1.0080866690326615
431,2024-07-08,HD Mipo,False,4,0.035196687370600444,0.04063769439204079,0.042736947611986646,-0.0005138133992397706,1.0080866690326615
431,2024-07-08,HD Mipo,False,5,0.025879917184264967,0.029956321037180267,0.03255835256218111,-0.0005138133992397706,1.0080866690326615
431,2024-07-08,HD Mipo,False,6,0.06314699792960665,0.06542365729750299,0.0685249482837499,-0.0005138133992397706,1.0080866690326615
431,2024-07-08,HD Mipo,False,7,0.04761904761904767,0.05783268459979363,0.06151197269635507,-0.0005138133992397706,1.0080866690326615
431,2024-07-08,HD Mipo,False,8,0.039337474120082705,0.056144372328344905,0.060390791345538916,-0.0005138133992397706,1.0080866690326615
431,2024-07-08,HD Mipo,False,9,0.0041407867494824835,0.031004671064552625,0.03584623099909824,-0.0005138133992397706,1.0080866690326615
431,2024-07-08,HD Mipo,False,10,0.03105590062111796,0.06904199698577329,0.07448731196731476,-0.0005138133992397706,1.0080866690326615
432,2024-08-07,HD Mipo,True,1,0.0691642651296831,0.05868292168388223,0.05865284817122203,7.70310954135974e-05,0.9955198889344461
432,2024-08-07,HD Mipo,True,2,0.06340057636887608,0.04039062857798137,0.04033965350886998,7.70310954135974e-05,0.9955198889344461
432,2024-08-07,HD Mipo,True,3,0.05571565802113354,0.020900366009798388,0.02082524909854807,7.70310954135974e-05,0.9955198889344461
432,2024-08-07,HD Mipo,True,4,0.043227665706051965,0.007147656536852676,0.007001174603522502,7.70310954135974e-05,0.9955198889344461
432,2024-08-07,HD Mipo,True,5,0.0566762728146013,0.01150610907325178,0.011323320946594294,7.70310954135974e-05,0.9955198889344461
432,2024-08-07,HD Mipo,True,6,0.048030739673391,-0.017979591484892365,-0.01814604444231084,7.70310954135974e-05,0.9955198889344461
432,2024-08-07,HD Mipo,True,7,0.07588856868395766,0.018917012963286295,0.01863303419259711,7.70310954135974e-05,0.9955198889344461
432,2024-08-07,HD Mipo,True,8,0.09702209414024976,0.031248897449065893,0.030927319912070136,7.70310954135974e-05,0.9955198889344461
432,2024-08-07,HD Mipo,True,9,0.09029779058597498,0.022746085391544435,0.022355444674760666,7.70310954135974e-05,0.9955198889344461
432,2024-08-07,HD Mipo,True,10,0.028818443804034644,-0.04131802708178123,-0.04177411885660276,7.70310954135974e-05,0.9955198889344461
433,2024-08-28,HD Mipo,False,1,-0.01747572815533982,-0.01939505616473347,-0.019837681075867857,0.0005534008133357003,0.9422840172919102
433,2024-08-28,HD Mipo,False,2,0.000970873786407811,-0.005475810292201899,-0.006210535212067744,0.0005534008133357003,0.9422840172919102
433,2024-08-28,HD Mipo,False,3,-0.022330097087378653,-0.031294487907722046,-0.03243730172215365,0.0005534008133357003,0.9422840172919102
433,2024-08-28,HD Mipo,False,4,0.003883495145631022,0.0010797708966150399,-0.0009720126564533027,0.0005534008133357003,0.9422840172919102
433,2024-08-28,HD Mipo,False,5,-0.027184466019417486,0.001560293462439133,-0.0028657426454424054,0.0005534008133357003,0.9422840172919102
433,2024-08-28,HD Mipo,False,6,-0.06407766990291264,-0.03333831464658832,-0.03843287162303437,0.0005534008133357003,0.9422840172919102
433,2024-08-28,HD Mipo,False,7,-0.08155339805825246,-0.03906474467383758,-0.04539082475121239,0.0005534008133357003,0.9422840172919102
433,2024-08-28,HD Mipo,False,8,-0.05533980582524267,-0.009708723248977646,-0.01676957252858638,0.0005534008133357003,0.9422840172919102
433,2024-08-28,HD Mipo,False,9,-0.05533980582524267,-0.005004487931836832,-0.012890247589000148,0.0005534008133357003,0.9422840172919102
433,2024-08-28,HD Mipo,False,10,-0.05436893203883497,-0.0002476455621943652,-0.008905316929976731,0.0005534008133357003,0.9422840172919102
434,2024-09-05,HD Mipo,False,1,-0.018672199170124526,-0.006105543111506129,-0.007613685997114329,0.0006677322542313948,0.9331237659838363
434,2024-09-05,HD Mipo,False,2,0.009336099585062207,0.025143384985541917,0.022750788759476358,0.0006677322542313948,0.9331237659838363
434,2024-09-05,HD Mipo,False,3,0.009336099585062207,0.02999462651527418,0.02660986527116592,0.0006677322542313948,0.9331237659838363
434,2024-09-05,HD Mipo,False,4,0.010373443983402453,0.03493625009674295,0.030622653110087956,0.0006677322542313948,0.9331237659838363
434,2024-09-05,HD Mipo,False,5,-0.011410788381742698,-0.009637174478472676,-0.013094448368079058,0.0006677322542313948,0.9331237659838363
434,2024-09-05,HD Mipo,False,6,0.0591286307053942,0.059613754858367396,0.0555749180565979,0.0006677322542313948,0.9331237659838363
434,2024-09-05,HD Mipo,False,7,0.07261410788381739,0.0710073766891699,0.06644070304092445,0.0006677322542313948,0.9331237659838363
434,2024-09-05,HD Mipo,False,8,0.09854771784232375,0.09206257816537766,0.08715442185018946,0.0006677322542313948,0.9331237659838363
434,2024-09-05,HD Mipo,False,9,0.09854771784232375,0.08870940002002659,0.08335775937695337,0.0006677322542313948,0.9331237659838363
434,2024-09-05,HD Mipo,False,10,0.11618257261410792,0.09482934789683828,0.08958004860771618,0.0006677322542313948,0.9331237659838363
435,2024-09-25,HD Mipo,False,1,-0.013133208255159512,-0.02858793684716765,-0.03092878198490609,0.0012363387859751964,1.0714672111637342
435,2024-09-25,HD Mipo,False,2,-0.07223264540337715,-0.07940506863336239,-0.0823903392908458,0.0012363387859751964,1.0714672111637342
435,2024-09-25,HD Mipo,False,3,-0.06472795497185746,-0.05042111817394346,-0.05310766480534744,0.0012363387859751964,1.0714672111637342
435,2024-09-25,HD Mipo,False,4,-0.06191369606003749,-0.03560340798480888,-0.03866844021505862,0.0012363387859751964,1.0714672111637342
435,2024-09-25,HD Mipo,False,5,-0.053470919324577815,-0.030209006146247996,-0.034728236014935826,0.0012363387859751964,1.0714672111637342
435,2024-09-25,HD Mipo,False,6,-0.08348968105065668,-0.07568629743054056,-0.08254664408142127,0.0012363387859751964,1.0714672111637342
435,2024-09-25,HD Mipo,False,7,-0.06191369606003749,-0.048021164578535,-0.05568267559937401,0.0012363387859751964,1.0714672111637342
435,2024-09-25,HD Mipo,False,8,-0.039399624765478425,-0.02733155706266832,-0.036359796207614925,0.0012363387859751964,1.0714672111637342
435,2024-09-25,HD Mipo,False,9,-0.075984990619137,-0.06306170552006485,-0.07326516344873708,0.0012363387859751964,1.0714672111637342
435,2024-09-25,HD Mipo,False,10,-0.05628517823639778,-0.05338884198772342,-0.0655452367731902,0.0012363387859751964,1.0714672111637342
436,2024-10-02,HD Mipo,False,1,0.0,-0.0023442680500840307,-0.0035732745520282824,0.0010730136600726635,1.0665422377214913
436,2024-10-02,HD Mipo,False,2,-0.031714568880079286,-0.049922627545289755,-0.05328025983358237,0.0010730136600726635,1.0665422377214913
436,2024-10-02,HD Mipo,False,3,-0.008919722497522264,-0.020879000104106704,-0.024893838177799343,0.0010730136600726635,1.0665422377214913
436,2024-10-02,HD Mipo,False,4,0.014866204162537144,0.0010346326058028321,-0.0041778057570778515,0.0010730136600726635,1.0665422377214913
436,2024-10-02,HD Mipo,False,5,-0.02378592666005952,-0.036739860427660975,-0.04296691246821648,0.0010730136600726635,1.0665422377214913
436,2024-10-02,HD Mipo,False,6,-0.0029732408325073845,-0.026216990101142645,-0.034201763150950894,0.0010730136600726635,1.0665422377214913
436,2024-10-02,HD Mipo,False,7,0.019821605550049526,-0.007385165913070146,-0.016706660987911987,0.0010730136600726635,1.0665422377214913
436,2024-10-02,HD Mipo,False,8,0.014866204162537144,-0.003334053277881166,-0.013129248415655128,0.0010730136600726635,1.0665422377214913
436,2024-10-02,HD Mipo,False,9,0.08721506442021809,0.0694282718937913,0.058587575976541,0.0010730136600726635,1.0665422377214913
436,2024-10-02,HD Mipo,False,10,0.04757185332011904,0.03582320878292666,0.024311291084500874,0.0010730136600726635,1.0665422377214913
437,2024-11-08,HD Mipo,True,1,0.0035874439461882623,0.015449039153151545,0.013946432288450755,0.001503408291467767,1.0000675648387078
437,2024-11-08,HD Mipo,True,2,-0.02959641255605383,0.0014256205814727752,-0.001579100002797429,0.001503408291467767,1.0000675648387078
437,2024-11-08,HD Mipo,True,3,-0.02959641255605383,0.026987182611878158,0.022480780798955886,0.001503408291467767,1.0000675648387078
437,2024-11-08,HD Mipo,True,4,-0.004484304932735439,0.05140453408289658,0.04539467703741917,0.001503408291467767,1.0000675648387078
437,2024-11-08,HD Mipo,True,5,-0.016143497757847514,0.040525966148009185,0.03301275355385881,0.001503408291467767,1.0000675648387078
437,2024-11-08,HD Mipo,True,6,-0.0053811659192825045,0.030910085227260353,0.021892087490983973,0.001503408291467767,1.0000675648387078
437,2024-11-08,HD Mipo,True,7,0.060089686098654616,0.09525683740327406,0.0847353554259054,0.001503408291467767,1.0000675648387078
437,2024-11-08,HD Mipo,True,8,0.09506726457399095,0.12619858519614902,0.11417342224706348,0.001503408291467767,1.0000675648387078
437,2024-11-08,HD Mipo,True,9,0.094170403587444,0.12594964286848853,0.11242111540445492,0.001503408291467767,1.0000675648387078
437,2024-11-08,HD Mipo,True,10,0.0968609865470853,0.12059588633436513,0.10556340706436333,0.001503408291467767,1.0000675648387078
438,2025-02-10,HD Mipo,True,1,0.0027649769585254003,0.0003250570258006569,-0.0025426326073751723,0.0035225313541233628,0.7316134385540067
438,2025-02-10,HD Mipo,True,2,0.02580645161290329,0.01967901514754966,0.014278474042717988,0.0035225313541233628,0.7316134385540067
438,2025-02-10,HD Mipo,True,3,0.04884792626728118,0.028989031021966483,0.023751297568602593,0.0035225313541233628,0.7316134385540067
438,2025-02-10,HD Mipo,True,4,0.010138248847926246,-0.012831741716137657,-0.020757030348695082,0.0035225313541233628,0.7316134385540067
438,2025-02-10,HD Mipo,True,5,0.021198156682027625,-0.009419285192209914,-0.018814632017927546,0.0035225313541233628,0.7316134385540067
438,2025-02-10,HD Mipo,True,6,0.030414746543778737,-0.006673615669836597,-0.017854785790401048,0.0035225313541233628,0.7316134385540067
438,2025-02-10,HD Mipo,True,7,0.07373271889400912,0.018992444027948086,0.009026278692995188,0.0035225313541233628,0.7316134385540067
438,2025-02-10,HD Mipo,True,8,-0.0055299539170506895,-0.05337686275958908,-0.06871564625250721,0.0035225313541233628,0.7316134385540067
438,2025-02-10,HD Mipo,True,9,-0.0036866359447004227,-0.05173884549355223,-0.07054506038996383,0.0035225313541233628,0.7316134385540067
438,2025-02-10,HD Mipo,True,10,0.011059907834101379,-0.033316629453639335,-0.056631876743336335,0.0035225313541233628,0.7316134385540067
439,2025-04-17,HD Mipo,False,1,-0.02470930232558144,-0.02880100167462929,-0.031062003348020922,0.0032407923155571825,0.7605418779379407
439,2025-04-17,HD Mipo,False,2,-0.05523255813953487,-0.06134584807605681,-0.06636355577935074,0.0032407923155571825,0.7605418779379407
439,2025-04-17,HD Mipo,False,3,-0.029069767441860517,-0.03446337112924169,-0.04289420586578595,0.0032407923155571825,0.7605418779379407
439,2025-04-17,HD Mipo,False,4,0.0007267441860465684,-0.02040292063423399,-0.028306420038797575,0.0032407923155571825,0.7605418779379407
439,2025-04-17,HD Mipo,False,5,0.15188953488372103,0.132065817582949,0.1206088061222951,0.0032407923155571825,0.7605418779379407
439,2025-04-17,HD Mipo,False,6,0.18822674418604657,0.158711521608923,0.14633442748614162,0.0032407923155571825,0.7605418779379407
439,2025-04-17,HD Mipo,False,7,0.21002906976744184,0.17947879280953138,0.16410875854944815,0.0032407923155571825,0.7605418779379407
439,2025-04-17,HD Mipo,False,8,0.20930232558139528,0.1720565405977703,0.15504900780021894,0.0032407923155571825,0.7605418779379407
439,2025-04-17,HD Mipo,False,9,0.21148255813953498,0.1777988157710395,0.156697530622607,0.0032407923155571825,0.7605418779379407
439,2025-04-17,HD Mipo,False,10,0.25072674418604657,0.21575727020391744,0.1917230716176043,0.0032407923155571825,0.7605418779379407
440,2025-04-24,HD Mipo,False,1,0.030895334174022793,0.030223320214995963,0.02722158589770523,0.0031476179970832247,0.7829157001385041
440,2025-04-24,HD Mipo,False,2,0.04981084489281207,0.04813277494834156,0.04220182159318911,0.0031476179970832247,0.7829157001385041
440,2025-04-24,HD Mipo,False,3,0.049180327868852514,0.040994333268543626,0.03332853018377199,0.0031476179970832247,0.7829157001385041
440,2025-04-24,HD Mipo,False,4,0.0510718789407314,0.04634813169657814,0.03478311107146492,0.0031476179970832247,0.7829157001385041
440,2025-04-24,HD Mipo,False,5,0.0851197982345524,0.07914634082098093,0.06470499465594243,0.0031476179970832247,0.7829157001385041
440,2025-04-24,HD Mipo,False,6,0.0851197982345524,0.07364054224439287,0.05724680051144819,0.0031476179970832247,0.7829157001385041
440,2025-04-24,HD Mipo,False,7,0.10088272383354346,0.08717128112568084,0.06811449408642564,0.0031476179970832247,0.7829157001385041
440,2025-04-24,HD Mipo,False,8,0.08385876418663307,0.07101583074745443,0.048622885984600524,0.0031476179970832247,0.7829157001385041
440,2025-04-24,HD Mipo,False,9,0.05170239596469095,0.027046164508935933,0.004070083277982486,0.0031476179970832247,0.7829157001385041
440,2025-04-24,HD Mipo,False,10,0.07566204287515754,0.050577451644350235,0.024546742598169607,0.0031476179970832247,0.7829157001385041
441,2025-04-28,HD Mipo,False,1,0.015873015873015817,0.00992457944521452,0.007969441322033057,0.0031423316813331383,0.8004192240160672
441,2025-04-28,HD Mipo,False,2,0.01770451770451764,0.015210644554826347,0.009423710330580953,0.0031423316813331383,0.8004192240160672
441,2025-04-28,HD Mipo,False,3,0.050671550671550714,0.04693074094701388,0.03825033961064577,0.0031423316813331383,0.8004192240160672
441,2025-04-28,HD Mipo,False,4,0.050671550671550714,0.04143716188613755,0.030710841640335086,0.0031423316813331383,0.8004192240160672
441,2025-04-28,HD Mipo,False,5,0.06593406593406592,0.054472444524400254,0.04104830541270969,0.0031423316813331383,0.8004192240160672
441,2025-04-28,HD Mipo,False,6,0.0494505494505495,0.03885550974855945,0.022116085905864363,0.0031423316813331383,0.8004192240160672
441,2025-04-28,HD Mipo,False,7,0.01831501831501825,-0.004067101085040603,-0.02159638209634379,0.0031423316813331383,0.8004192240160672
441,2025-04-28,HD Mipo,False,8,0.04151404151404159,0.018704513036441384,-0.0018817970208366563,0.0031423316813331383,0.8004192240160672
441,2025-04-28,HD Mipo,False,9,0.05189255189255193,0.016476416219578738,-0.004736189072455273,0.0031423316813331383,0.8004192240160672
441,2025-04-28,HD Mipo,False,10,0.06288156288156288,0.03499802205223235,0.009139723954798423,0.0031423316813331383,0.8004192240160672
442,2025-05-02,HD Mipo,False,1,-0.005202312138728349,-0.003945055751555571,-0.006896318231598756,0.0026284868521028702,0.7432698443742666
442,2025-05-02,HD Mipo,False,2,0.009248554913294793,0.00830173220196695,0.0032878364397903852,0.0026284868521028702,0.7432698443742666
442,2025-05-02,HD Mipo,False,3,-0.0063583815028901425,-0.006447631184695601,-0.01431017865630475,0.0026284868521028702,0.7432698443742666
442,2025-05-02,HD Mipo,False,4,-0.03583815028901738,-0.047591945340704656,-0.05508833911630349,0.0026284868521028702,0.7432698443742666
442,2025-05-02,HD Mipo,False,5,-0.01387283236994219,-0.026049593304968477,-0.03606588583561618,0.0026284868521028702,0.7432698443742666
442,2025-05-02,HD Mipo,False,6,-0.004046242774566444,-0.028698557057619922,-0.038140485687814335,0.0026284868521028702,0.7432698443742666
442,2025-05-02,HD Mipo,False,7,0.0063583815028902535,-0.010839644138931348,-0.024823800304171226,0.0026284868521028702,0.7432698443742666
442,2025-05-02,HD Mipo,False,8,0.0046242774566473965,-0.014711860127557763,-0.03077558533318714,0.0026284868521028702,0.7432698443742666
442,2025-05-02,HD Mipo,False,9,0.023121387283236983,0.012884836822242951,-0.00814351365376121,0.0026284868521028702,0.7432698443742666
442,2025-05-02,HD Mipo,False,10,0.0028901734104045396,-0.0067177488570031585,-0.030535973999080333,0.0026284868521028702,0.7432698443742666
443,2025-05-23,HD Mipo,True,1,0.0304347826086957,0.012751163528089915,0.014330924741107188,0.0029258188008207324,0.7452116564318316
443,2025-05-23,HD Mipo,True,2,0.028804347826086873,0.013883914490829374,0.011833829383997449,0.0029258188008207324,0.7452116564318316
443,2025-05-23,HD Mipo,True,3,0.019565217391304346,-0.008028155581044638,-0.009775142190423372,0.0029258188008207324,0.7452116564318316
443,2025-05-23,HD Mipo,True,4,0.03913043478260869,-0.007893752713783453,-0.007615813077221652,0.0029258188008207324,0.7452116564318316
443,2025-05-23,HD Mipo,True,5,0.05163043478260865,0.013446132602462635,0.008545953701144776,0.0029258188008207324,0.7452116564318316
443,2025-05-23,HD Mipo,True,6,0.052717391304347716,0.014032790869473066,0.006334263330946832,0.0029258188008207324,0.7452116564318316
443,2025-05-23,HD Mipo,True,7,0.09782608695652173,0.03148268993137204,0.02790548256035015,0.0029258188008207324,0.7452116564318316
443,2025-05-23,HD Mipo,True,8,0.07065217391304346,-0.01155067778700869,-0.014012899772338466,0.0029258188008207324,0.7452116564318316
443,2025-05-23,HD Mipo,True,9,0.01521739130434785,-0.08381087554704436,-0.08491199667693818,0.0029258188008207324,0.7452116564318316
443,2025-05-23,HD Mipo,True,10,0.01902173913043481,-0.08619483228714109,-0.08864506434794237,0.0029258188008207324,0.7452116564318316
444,2025-07-24,HD Mipo,True,1,0.03465851172273182,0.0309905962480852,0.028708110260907742,0.003136472853881784,0.7671737877802107
444,2025-07-24,HD Mipo,True,2,0.032110091743119185,0.024212140185982278,0.019778044623562283,0.003136472853881784,0.7671737877802107
444,2025-07-24,HD Mipo,True,3,0.05249745158002028,0.03798908728818229,0.03195759623011042,0.003136472853881784,0.7671737877802107
444,2025-07-24,HD Mipo,True,4,0.04485219164118237,0.022838418116120973,0.015417910207098158,0.003136472853881784,0.7671737877802107
444,2025-07-24,HD Mipo,True,5,0.08053007135575951,0.06135202357864822,0.05013481153095427,0.003136472853881784,0.7671737877802107
444,2025-07-24,HD Mipo,True,6,-0.003058103975535187,0.01734153551359452,-0.00622687240259949,0.003136472853881784,0.7671737877802107
444,2025-07-24,HD Mipo,True,7,-0.0020387359836900876,0.00946118393767581,-0.015171608835619197,0.003136472853881784,0.7671737877802107
444,2025-07-24,HD Mipo,True,8,0.008664627930683011,0.0043843464307316005,-0.019710874671454544,0.003136472853881784,0.7671737877802107
444,2025-07-24,HD Mipo,True,9,0.010703363914372988,0.006379117674143453,-0.020842340137974293,0.003136472853881784,0.7671737877802107
444,2025-07-24,HD Mipo,True,10,0.01783893985728846,0.004238133418338119,-0.02395997087416439,0.003136472853881784,0.7671737877802107
445,2025-09-29,HD Mipo,True,1,0.05440414507772018,0.057721956486334824,0.053778613189280663,0.0027935229084784857,0.6534401004257847
445,2025-09-29,HD Mipo,True,2,0.08031088082901561,0.07453963519455686,0.07095267168509604,0.0027935229084784857,0.6534401004257847
445,2025-09-29,HD Mipo,True,3,0.06217616580310881,0.029227970226857414,0.03226592485147925,0.0027935229084784857,0.6534401004257847
445,2025-09-29,HD Mipo,True,4,0.04404145077720201,-0.006773450270527892,-0.00033713490046687056,0.0027935229084784857,0.6534401004257847
445,2025-09-29,HD Mipo,True,5,0.04663212435233155,0.0033987134093744764,0.004414065421624036,0.0027935229084784857,0.6534401004257847
445,2025-09-29,HD Mipo,True,6,0.015544041450777257,-0.021071208840258926,-0.02514296882738358,0.0027935229084784857,0.6534401004257847
445,2025-09-29,HD Mipo,True,7,0.03886010362694292,-0.02554036203079879,-0.02277640347926852,0.0027935229084784857,0.6534401004257847
445,2025-09-29,HD Mipo,True,8,0.04404145077720201,-0.04686949217972458,-0.037711588186202766,0.0027935229084784857,0.6534401004257847
445,2025-09-29,HD Mipo,True,9,0.041450777202072464,-0.04961150452086116,-0.04319467548826875,0.0027935229084784857,0.6534401004257847
445,2025-09-29,HD Mipo,True,10,0.04663212435233155,-0.06358033199225521,-0.0533203432744325,0.0027935229084784857,0.6534401004257847
446,2016-06-09,Hanwha Ocean,True,1,0.011420013104933124,0.01396108302390553,0.019790360092208352,-0.00430644494272074,1.5992877701680508
446,2016-06-09,Hanwha Ocean,True,2,-0.02705232612562014,-0.005443344382762505,0.01611954398695825,-0.00430644494272074,1.5992877701680508
446,2016-06-09,Hanwha Ocean,True,3,-0.04156135916877279,-0.016476945221561734,0.011475172106996959,-0.00430644494272074,1.5992877701680508
446,2016-06-09,Hanwha Ocean,True,4,-0.08939436487877939,-0.06272796187695517,-0.029521332912706366,-0.00430644494272074,1.5992877701680508
446,2016-06-09,Hanwha Ocean,True,5,-0.15281288027707574,-0.11782125987534942,-0.07531898499662827,-0.00430644494272074,1.5992877701680508
446,2016-06-09,Hanwha Ocean,True,6,-0.13928671721426567,-0.10499216073972828,-0.05860118280487604,-0.00430644494272074,1.5992877701680508
446,2016-06-09,Hanwha Ocean,True,7,-0.148647383693719,-0.12805680740476866,-0.0855720122550433,-0.00430644494272074,1.5992877701680508
446,2016-06-09,Hanwha Ocean,True,8,-0.1517832069643359,-0.13197373777110089,-0.08565060560830845,-0.00430644494272074,1.5992877701680508
446,2016-06-09,Hanwha Ocean,True,9,-0.1237012075259758,-0.10877612953885907,-0.06107370834788896,-0.00430644494272074,1.5992877701680508
446,2016-06-09,Hanwha Ocean,True,10,-0.11434054104652247,-0.09651350188734964,-0.042765525913743024,-0.00430644494272074,1.5992877701680508
447,2018-09-28,Hanwha Ocean,True,1,0.010044895190723713,0.01462432012390491,0.014008403921682115,0.001967853204813434,1.2952198195880213
447,2018-09-28,Hanwha Ocean,True,2,0.06456509802654953,0.08161877433440934,0.08271765116770136,0.001967853204813434,1.2952198195880213
447,2018-09-28,Hanwha Ocean,True,3,0.0860760311359452,0.11805965415904662,0.12159829396325761,0.001967853204813434,1.2952198195880213
447,2018-09-28,Hanwha Ocean,True,4,0.0588159297180324,0.0937659646169956,0.09621249479520882,0.001967853204813434,1.2952198195880213
447,2018-09-28,Hanwha Ocean,True,5,-0.008623752462775802,0.03215270690972383,0.03435145986504428,0.001967853204813434,1.2952198195880213
447,2018-09-28,Hanwha Ocean,True,6,0.01434062207293052,0.06585064062896451,0.06925029978517189,0.001967853204813434,1.2952198195880213
447,2018-09-28,Hanwha Ocean,True,7,-0.055973644262136246,0.03764495262930234,0.0515080454799825,0.001967853204813434,1.2952198195880213
447,2018-09-28,Hanwha Ocean,True,8,-0.040179580762895295,0.03974330104027457,0.047595294148653655,0.001967853204813434,1.2952198195880213
447,2018-09-28,Hanwha Ocean,True,9,-0.018668647653499515,0.06837447384596418,0.07636064962809316,0.001967853204813434,1.2952198195880213
447,2018-09-28,Hanwha Ocean,True,10,-0.03872613933658475,0.04831698216287894,0.05433530474019449,0.001967853204813434,1.2952198195880213
448,2018-11-05,Hanwha Ocean,False,1,0.0538543166830896,0.05202768817905512,0.04902447996190103,0.0027240158026573926,1.1528457559268595
448,2018-11-05,Hanwha Ocean,False,2,0.023535208064882962,0.026948750046175585,0.02202246384537954,0.0027240158026573926,1.1528457559268595
448,2018-11-05,Hanwha Ocean,False,3,0.06564087015841724,0.062371157193190196,0.05369934803538404,0.0027240158026573926,1.1528457559268595
448,2018-11-05,Hanwha Ocean,False,4,0.08584097627529741,0.08570673586030275,0.07479015457196739,0.0027240158026573926,1.1528457559268595
448,2018-11-05,Hanwha Ocean,False,5,0.1279466383688319,0.13052117775640792,0.1172946061619785,0.0027240158026573926,1.1528457559268595
448,2018-11-05,Hanwha Ocean,False,6,0.1279466383688319,0.1349367285496249,0.11966103935136077,0.0027240158026573926,1.1528457559268595
448,2018-11-05,Hanwha Ocean,False,7,0.15656029712726438,0.16507497487835376,0.14730829661709088,0.0027240158026573926,1.1528457559268595
448,2018-11-05,Hanwha Ocean,False,8,0.21212006367012815,0.21104134604963543,0.18908434221824044,0.0027240158026573926,1.1528457559268595
448,2018-11-05,Hanwha Ocean,False,9,0.2525202759038885,0.24936083185097857,0.2243617820124864,0.0027240158026573926,1.1528457559268595
448,2018-11-05,Hanwha Ocean,False,10,0.19358750852724937,0.18651591523735234,0.1581948941887768,0.0027240158026573926,1.1528457559268595
449,2018-11-14,Hanwha Ocean,False,1,0.033009269726429924,0.020110707050281285,0.012222374771043373,0.004350549582641531,1.2742772807654195
449,2018-11-14,Hanwha Ocean,False,2,0.06743968218080809,0.05243582570945504,0.039619509590214624,0.004350549582641531,1.2742772807654195
449,2018-11-14,Hanwha Ocean,False,3,0.017215206227189084,-0.0017469906517371125,-0.019999539196952104,0.004350549582641531,1.2742772807654195
449,2018-11-14,Hanwha Ocean,False,4,0.02151093310939567,0.01127066766774476,-0.008940202822473473,0.004350549582641531,1.2742772807654195
449,2018-11-14,Hanwha Ocean,False,5,0.015794063499241062,0.00847889519700984,-0.015280237186475185,0.004350549582641531,1.2742772807654195
449,2018-11-14,Hanwha Ocean,False,6,-0.0057491683085171275,-0.00986273775168156,-0.037094293888641605,0.004350549582641531,1.2742772807654195
449,2018-11-14,Hanwha Ocean,False,7,0.004295726882206585,0.006231238919733095,-0.023691741180216115,0.004350549582641531,1.2742772807654195
449,2018-11-14,Hanwha Ocean,False,8,-0.004295726882206696,-0.014749432247795347,-0.052421042790524126,0.004350549582641531,1.2742772807654195
449,2018-11-14,Hanwha Ocean,False,9,-0.0057491683085171275,-0.024158361748150226,-0.06836253150963116,0.004350549582641531,1.2742772807654195
449,2018-11-14,Hanwha Ocean,False,10,-0.00717031103646526,-0.029848302954853634,-0.07957385673786466,0.004350549582641531,1.2742772807654195
450,2018-12-05,Hanwha Ocean,False,1,-0.0505148945846734,-0.038135560863043816,-0.040029419097316006,0.00399340974255186,1.1696013336009565
450,2018-12-05,Hanwha Ocean,False,2,-0.031738297112042346,-0.02273427728983135,-0.029194003005318638,0.00399340974255186,1.1696013336009565
450,2018-12-05,Hanwha Ocean,False,3,-0.021635318195107667,-0.0021425223657925985,-0.01081674742518518,0.00399340974255186,1.1696013336009565
450,2018-12-05,Hanwha Ocean,False,4,-0.025955884741578172,-0.00607160978955823,-0.018672849210214993,0.00399340974255186,1.1696013336009565
450,2018-12-05,Hanwha Ocean,False,5,0.06061787350160808,0.06637070695111191,0.047379346463372655,0.00399340974255186,1.1696013336009565
450,2018-12-05,Hanwha Ocean,False,6,0.06350907968684005,0.06306508507206487,0.0390293245379762,0.00399340974255186,1.1696013336009565
450,2018-12-05,Hanwha Ocean,False,7,0.07936198551148355,0.09141190387376397,0.06550171789992636,0.00399340974255186,1.1696013336009565
450,2018-12-05,Hanwha Ocean,False,8,0.07647077932625157,0.08770432049362309,0.05766226611625566,0.00399340974255186,1.1696013336009565
450,2018-12-05,Hanwha Ocean,False,9,0.07215021277978106,0.08767092775433483,0.05436257402949274,0.00399340974255186,1.1696013336009565
450,2018-12-05,Hanwha Ocean,False,10,-0.0014293603612383077,0.00610422568300828,-0.032552165502608546,0.00399340974255186,1.1696013336009565
451,2018-12-07,Hanwha Ocean,False,1,0.022613833146582385,0.02000698406556989,0.015444440368864587,0.003974103231061193,1.2257286276870154
451,2018-12-07,Hanwha Ocean,False,2,0.018097857458150735,0.015891311045009182,0.007445023889120647,0.003974103231061193,1.2257286276870154
451,2018-12-07,Hanwha Ocean,False,3,0.10858714474890485,0.09193064837359644,0.07624849061154074,0.003974103231061193,1.2257286276870154
451,2018-12-07,Hanwha Ocean,False,4,0.11160911344266755,0.08861611873935504,0.06752952867431672,0.003974103231061193,1.2257286276870154
451,2018-12-07,Hanwha Ocean,False,5,0.12817900920172498,0.11796152769131463,0.09578463345624627,0.003974103231061193,1.2257286276870154
451,2018-12-07,Hanwha Ocean,False,6,0.12515704050796228,0.11410478148284553,0.08776535083389733,0.003974103231061193,1.2257286276870154
451,2018-12-07,Hanwha Ocean,False,7,0.12064106481953085,0.11397260818158483,0.08464862399848255,0.003974103231061193,1.2257286276870154
451,2018-12-07,Hanwha Ocean,False,8,0.04373365929849582,0.028898051888014642,-0.006243595262146136,0.003974103231061193,1.2257286276870154
451,2018-12-07,Hanwha Ocean,False,9,0.027129808835014035,0.021432818427632894,-0.015620084478522075,0.003974103231061193,1.2257286276870154
451,2018-12-07,Hanwha Ocean,False,10,0.0467556279922583,0.04038983922514161,-0.0007881338480169933,0.003974103231061193,1.2257286276870154
452,2019-01-14,Hanwha Ocean,True,1,-0.004585258222436717,-0.018136782043927657,-0.026679052563998815,0.004620561637395439,1.2893924649607595
452,2019-01-14,Hanwha Ocean,True,2,-0.01682410535751222,-0.034686598953885595,-0.049096993280876744,0.004620561637395439,1.2893924649607595
452,2019-01-14,Hanwha Ocean,True,3,-0.032131283182789794,-0.050457737651796286,-0.06962296039675953,0.004620561637395439,1.2893924649607595
452,2019-01-14,Hanwha Ocean,True,4,-0.021443839205681603,-0.048092591827543996,-0.07428678658649601,0.004620561637395439,1.2893924649607595
452,2019-01-14,Hanwha Ocean,True,5,0.04137075087912856,0.014562511707298498,-0.01629839889487219,0.004620561637395439,1.2893924649607595
452,2019-01-14,Hanwha Ocean,True,6,0.03830242018892638,0.014799902234607032,-0.019724919193350586,0.004620561637395439,1.2893924649607595
452,2019-01-14,Hanwha Ocean,True,7,0.042887678411363206,0.014547401774692714,-0.02599799220063126,0.004620561637395439,1.2893924649607595
452,2019-01-14,Hanwha Ocean,True,8,0.04443908156933052,0.0077620080025344595,-0.039816553823671275,0.004620561637395439,1.2893924649607595
452,2019-01-14,Hanwha Ocean,True,9,0.05819485623664078,0.00571411544578071,-0.05105847023121192,0.004620561637395439,1.2893924649607595
452,2019-01-14,Hanwha Ocean,True,10,0.10108253464800376,0.04880960966467729,-0.012523397320910817,0.004620561637395439,1.2893924649607595
453,2019-02-25,Hanwha Ocean,True,1,-0.018375508515479533,-0.016685206009617315,-0.019407730451311115,0.003111544479865236,1.2301481757391095
453,2019-02-25,Hanwha Ocean,True,2,-0.024477694270151007,-0.026459428242541216,-0.03313860966081751,0.003111544479865236,1.2301481757391095
453,2019-02-25,Hanwha Ocean,True,3,-0.032131283182789794,-0.016470204527678778,-0.02220046928469398,0.003111544479865236,1.2301481757391095
453,2019-02-25,Hanwha Ocean,True,4,-0.032131283182789794,-0.014327062358442277,-0.022675631334723376,0.003111544479865236,1.2301481757391095
453,2019-02-25,Hanwha Ocean,True,5,-0.04133627525339589,-0.018407344179179552,-0.02868801492012706,0.003111544479865236,1.2301481757391095
453,2019-02-25,Hanwha Ocean,True,6,-0.04898986416603457,-0.02443340044028508,-0.037451041990391634,0.003111544479865236,1.2301481757391095
453,2019-02-25,Hanwha Ocean,True,7,-0.07501896159415289,-0.04606412450434272,-0.06118103292835646,0.003111544479865236,1.2301481757391095
453,2019-02-25,Hanwha Ocean,True,8,-0.07501896159415289,-0.03335322900269955,-0.04865629249486489,0.003111544479865236,1.2301481757391095
453,2019-02-25,Hanwha Ocean,True,9,-0.10718472040267535,-0.06581490283877345,-0.08429761511456878,0.003111544479865236,1.2301481757391095
453,2019-02-25,Hanwha Ocean,True,10,-0.0888092118871957,-0.055994028756145675,-0.07955711902064207,0.003111544479865236,1.2301481757391095
454,2019-04-12,Hanwha Ocean,True,1,-0.01641283454088427,-0.016667036680642067,-0.01833631445525032,0.001664882099079955,1.0172920477085134
454,2019-04-12,Hanwha Ocean,True,2,-0.013159840307555792,-0.015978362278202263,-0.019356864492746085,0.001664882099079955,1.0172920477085134
454,2019-04-12,Hanwha Ocean,True,3,-0.021366257577997927,-0.02296282540314254,-0.027985079627384682,0.001664882099079955,1.0172920477085134
454,2019-04-12,Hanwha Ocean,True,4,-0.024619251811326293,-0.011891306076793562,-0.018330742228240472,0.001664882099079955,1.0172920477085134
454,2019-04-12,Hanwha Ocean,True,5,-0.05090196658287738,-0.03923542627399956,-0.04735809839778493,0.001664882099079955,1.0172920477085134
454,2019-04-12,Hanwha Ocean,True,6,-0.05256542954310217,-0.04112187356734509,-0.05091328364593699,0.001664882099079955,1.0172920477085134
454,2019-04-12,Hanwha Ocean,True,7,-0.02790921188821527,-0.018187094964150496,-0.029673154348031507,0.001664882099079955,1.0172920477085134
454,2019-04-12,Hanwha Ocean,True,8,-0.05748188673665533,-0.03907230019420593,-0.052073017538059534,0.001664882099079955,1.0172920477085134
454,2019-04-12,Hanwha Ocean,True,9,-0.060771846813544306,-0.037666210215571705,-0.05225060533690358,0.001664882099079955,1.0172920477085134
454,2019-04-12,Hanwha Ocean,True,10,-0.0722682241608753,-0.04417219818766016,-0.060335181356911245,0.001664882099079955,1.0172920477085134
455,2019-10-11,Hanwha Ocean,False,1,-0.0016318658902940708,-0.0012788900135358716,-0.0008531743988590011,-0.0003453778860955784,1.2276011871381407
455,2019-10-11,Hanwha Ocean,False,2,0.006601639283462468,0.006582298139530485,0.007268651844402113,-0.0003453778860955784,1.2276011871381407
455,2019-10-11,Hanwha Ocean,False,3,-0.0016318658902940708,-0.008739736285288568,-0.009321362366926628,-0.0003453778860955784,1.2276011871381407
455,2019-10-11,Hanwha Ocean,False,4,-0.014835144457219118,-0.019578560006531798,-0.019276655472262566,-0.0003453778860955784,1.2276011871381407
455,2019-10-11,Hanwha Ocean,False,5,-0.037903794088194886,-0.03430634131685073,-0.031760667364941514,-0.0003453778860955784,1.2276011871381407
455,2019-10-11,Hanwha Ocean,False,6,-0.021399695879538605,-0.019808886791135127,-0.017374549437530883,-0.0003453778860955784,1.2276011871381407
455,2019-10-11,Hanwha Ocean,False,7,-0.0164670103475133,-0.02649055819025037,-0.026354284375924224,-0.0003453778860955784,1.2276011871381407
455,2019-10-11,Hanwha Ocean,False,8,-0.036234840336757834,-0.04227411252951163,-0.04088563496126813,-0.0003453778860955784,1.2276011871381407
455,2019-10-11,Hanwha Ocean,False,9,-0.023068649630975768,-0.031544905959156155,-0.030365710987076983,-0.0003453778860955784,1.2276011871381407
455,2019-10-11,Hanwha Ocean,False,10,-0.011534324815487884,-0.021088849917874852,-0.019809692312763506,-0.0003453778860955784,1.2276011871381407
456,2019-10-15,Hanwha Ocean,False,1,-0.016226290976866564,-0.017144154229658537,-0.01694720998827388,-0.00042712873645689057,1.250782994495156
456,2019-10-15,Hanwha Ocean,False,2,-0.029236560318678495,-0.02780450142165214,-0.02659110793024866,-0.00042712873645689057,1.250782994495156
456,2019-10-15,Hanwha Ocean,False,3,-0.051967985966451025,-0.04224632439368514,-0.03852691078362776,-0.00042712873645689057,1.250782994495156
456,2019-10-15,Hanwha Ocean,False,4,-0.03570514928918611,-0.027977797925366255,-0.02433139466500372,-0.00042712873645689057,1.250782994495156
456,2019-10-15,Hanwha Ocean,False,5,-0.030844571136205867,-0.0346601911504304,-0.03348144008116882,-0.00042712873645689057,1.250782994495156
456,2019-10-15,Hanwha Ocean,False,6,-0.050323429448525414,-0.050179262445469,-0.047580335393993776,-0.00042712873645689057,1.250782994495156
456,2019-10-15,Hanwha Ocean,False,7,-0.03734970580711183,-0.03962754445540184,-0.03720888649739858,-0.00042712873645689057,1.250782994495156
456,2019-10-15,Hanwha Ocean,False,8,-0.025983992983225512,-0.02933347302090117,-0.026756435763096092,-0.00042712873645689057,1.250782994495156
456,2019-10-15,Hanwha Ocean,False,9,-0.029236560318678495,-0.035330018981193034,-0.033013996163298864,-0.00042712873645689057,1.250782994495156
456,2019-10-15,Hanwha Ocean,False,10,-0.04546285129554506,-0.05111900338212205,-0.04826618277514495,-0.00042712873645689057,1.250782994495156
457,2019-12-09,Hanwha Ocean,True,1,0.013111298482293421,0.00504871980248045,0.0032778265919494644,-0.0001828768606969691,1.242325706057268
457,2019-12-09,Hanwha Ocean,True,2,0.046838111298482366,0.03511421858171038,0.03263897172277288,-0.0001828768606969691,1.242325706057268
457,2019-12-09,Hanwha Ocean,True,3,0.03933389544688026,0.012364137324240687,0.006377302227069212,-0.0001828768606969691,1.242325706057268
457,2019-12-09,Hanwha Ocean,True,4,0.05430016863406406,0.011522374840039262,0.0018877231981178563,-0.0001828768606969691,1.242325706057268
457,2019-12-09,Hanwha Ocean,True,5,0.046838111298482366,0.005069341057950316,-0.0041379213782455765,-0.0001828768606969691,1.242325706057268
457,2019-12-09,Hanwha Ocean,True,6,0.050590219224283306,-0.0044063693151310535,-0.016636195299503886,-0.0001828768606969691,1.242325706057268
457,2019-12-09,Hanwha Ocean,True,7,0.037478920741989885,-0.01707561938351354,-0.02901544881317694,-0.0001828768606969691,1.242325706057268
457,2019-12-09,Hanwha Ocean,True,8,0.037478920741989885,-0.01794049671507869,-0.029907031294069575,-0.0001828768606969691,1.242325706057268
457,2019-12-09,Hanwha Ocean,True,9,0.03558178752107932,-0.023498943972948272,-0.03616983220034567,-0.0001828768606969691,1.242325706057268
457,2019-12-09,Hanwha Ocean,True,10,0.037478920741989885,-0.021375981671017952,-0.03380926884621199,-0.0001828768606969691,1.242325706057268
458,2019-12-30,Hanwha Ocean,True,1,-0.017945194406272735,-0.006115337191377357,-0.0024065288908539616,-0.0008641265214250063,1.2404662818344547
458,2019-12-30,Hanwha Ocean,True,2,-0.012569719505294619,-0.0013259036040402794,0.0031061080422154844,-0.0008641265214250063,1.2404662818344547
458,2019-12-30,Hanwha Ocean,True,3,-0.04490340312020047,-0.023942204506710696,-0.016309363449056265,-0.0008641265214250063,1.2404662818344547
458,2019-12-30,Hanwha Ocean,True,4,-0.03770915851588397,-0.02604739067001738,-0.019786622630805217,-0.0008641265214250063,1.2404662818344547
458,2019-12-30,Hanwha Ocean,True,5,-0.06644571982863146,-0.04377636978933486,-0.03400452286665642,-0.0008641265214250063,1.2404662818344547
458,2019-12-30,Hanwha Ocean,True,6,-0.03233368361490585,-0.025628280677430504,-0.01883109823630394,-0.0008641265214250063,1.2404662818344547
458,2019-12-30,Hanwha Ocean,True,7,-0.021542316708430986,-0.023895567874834933,-0.01841255978306764,-0.0008641265214250063,1.2404662818344547
458,2019-12-30,Hanwha Ocean,True,8,-0.023361086411769483,-0.03610407776652447,-0.032255325345650954,-0.0008641265214250063,1.2404662818344547
458,2019-12-30,Hanwha Ocean,True,9,-0.0287365613127476,-0.045849876262252676,-0.042187912785197096,-0.0008641265214250063,1.2404662818344547
458,2019-12-30,Hanwha Ocean,True,10,-0.0287365613127476,-0.04226094108569056,-0.0368718331895572,-0.0008641265214250063,1.2404662818344547
459,2020-02-07,Hanwha Ocean,True,1,0.003999281028129742,-0.0030650436745875975,-0.004158691542595518,-0.0010974359800216473,1.3101618258269971
459,2020-02-07,Hanwha Ocean,True,2,0.019996405140648932,0.00284345610535941,-0.00028186192570012203,-0.0010974359800216473,1.3101618258269971
459,2020-02-07,Hanwha Ocean,True,3,0.03397142086815852,0.009836503247152129,0.0056430810717015625,-0.0010974359800216473,1.3101618258269971
459,2020-02-07,Hanwha Ocean,True,4,0.009975734699379846,-0.011679348731941985,-0.01400618502735013,-0.0010974359800216473,1.3101618258269971
459,2020-02-07,Hanwha Ocean,True,5,0.01797429675563933,-0.008544372918550813,-0.01128227202309241,-0.0010974359800216473,1.3101618258269971
459,2020-02-07,Hanwha Ocean,True,6,0.007998562056259484,-0.017870409361592454,-0.01930936088868993,-0.0010974359800216473,1.3101618258269971
459,2020-02-07,Hanwha Ocean,True,7,0.00202210838500938,-0.008615556727566753,-0.004232902501267985,-0.0010974359800216473,1.3101618258269971
459,2020-02-07,Hanwha Ocean,True,8,-0.005976453671250104,-0.01728211839949778,-0.012009216173625784,-0.0010974359800216473,1.3101618258269971
459,2020-02-07,Hanwha Ocean,True,9,-0.005976453671250104,-0.010492314086782528,-0.0020160377782491006,-0.0010974359800216473,1.3101618258269971
459,2020-02-07,Hanwha Ocean,True,10,-0.03392648512626939,-0.02349928564602799,-0.00929080661675753,-0.0010974359800216473,1.3101618258269971
460,2020-05-21,Hanwha Ocean,True,1,-0.039554848966613654,-0.02383242690426368,-0.01774171258353786,-0.0018312314620226784,1.2709177276765264
460,2020-05-21,Hanwha Ocean,True,2,0.03949125596184411,0.04298845820005359,0.047598375207699925,-0.0018312314620226784,1.2709177276765264
460,2020-05-21,Hanwha Ocean,True,3,0.08190779014308425,0.06782905313269261,0.06950856807934992,-0.0018312314620226784,1.2709177276765264
460,2020-05-21,Hanwha Ocean,True,4,0.19771065182829894,0.18292248236387043,0.18624103094416278,-0.0018312314620226784,1.2709177276765264
460,2020-05-21,Hanwha Ocean,True,5,0.180731319554849,0.1672720869409401,0.1727818995350235,-0.0018312314620226784,1.2709177276765264
460,2020-05-21,Hanwha Ocean,True,6,0.23160572337042917,0.21761691441759146,0.22481448685532368,-0.0018312314620226784,1.2709177276765264
460,2020-05-21,Hanwha Ocean,True,7,0.3530683624801272,0.321353734182765,0.32558029938449673,-0.0018312314620226784,1.2709177276765264
460,2020-05-21,Hanwha Ocean,True,8,0.5479809220985692,0.5052201307316626,0.5082853259970717,-0.0018312314620226784,1.2709177276765264
460,2020-05-21,Hanwha Ocean,True,9,0.65818759936407,0.5855457128732626,0.5823468212092411,-0.0018312314620226784,1.2709177276765264
460,2020-05-21,Hanwha Ocean,True,10,0.5593004769475358,0.48457026112019763,0.4826368354797056,-0.0018312314620226784,1.2709177276765264
461,2020-06-08,Hanwha Ocean,True,1,-0.04606223588167502,-0.038216272405518836,-0.03410984655200984,-0.0017645520999187607,1.298481347855769
461,2020-06-08,Hanwha Ocean,True,2,-0.05117172493276989,-0.04639434451459046,-0.041439281368314984,-0.0017645520999187607,1.298481347855769
461,2020-06-08,Hanwha Ocean,True,3,-0.07848636189012681,-0.06513779895697847,-0.055859845600998506,-0.0017645520999187607,1.298481347855769
461,2020-06-08,Hanwha Ocean,True,4,-0.1092201306185171,-0.07571047840637246,-0.05865026384823843,-0.0017645520999187607,1.298481347855769
461,2020-06-08,Hanwha Ocean,True,5,-0.2013830195927776,-0.12187634984393003,-0.0893223313941767,-0.0017645520999187607,1.298481347855769
461,2020-06-08,Hanwha Ocean,True,6,-0.14844410295812527,-0.11754070666671423,-0.09772930668882032,-0.0017645520999187607,1.298481347855769
461,2020-06-08,Hanwha Ocean,True,7,-0.14844410295812527,-0.11890049236448819,-0.09773041095454209,-0.0017645520999187607,1.298481347855769
461,2020-06-08,Hanwha Ocean,True,8,-0.1245870149827123,-0.0916122118116921,-0.06765343131657722,-0.0017645520999187607,1.298481347855769
461,2020-06-08,Hanwha Ocean,True,9,-0.1262773722627737,-0.0968561423819363,-0.07219348513226068,-0.0017645520999187607,1.298481347855769
461,2020-06-08,Hanwha Ocean,True,10,-0.13480599308490204,-0.09877167209389026,-0.07037057839623803,-0.0017645520999187607,1.298481347855769
462,2020-10-12,Hanwha Ocean,True,1,-0.04043114426050576,-0.03476260877009474,-0.031171537357164675,-0.0016643905563610256,1.3398904108174396
462,2020-10-12,Hanwha Ocean,True,2,-0.0646716390758596,-0.0496231255148194,-0.041179498945643586,-0.0016643905563610256,1.3398904108174396
462,2020-10-12,Hanwha Ocean,True,3,-0.0788157176641805,-0.0557940158622483,-0.042975988509989904,-0.0016643905563610256,1.3398904108174396
462,2020-10-12,Hanwha Ocean,True,4,-0.08281790067309447,-0.05165336832727252,-0.034403280399873615,-0.0016643905563610256,1.3398904108174396
462,2020-10-12,Hanwha Ocean,True,5,-0.07072039294160448,-0.041711559128997155,-0.023529781905290093,-0.0016643905563610256,1.3398904108174396
462,2020-10-12,Hanwha Ocean,True,6,-0.08081680916863743,-0.056636574565745224,-0.03843160135473997,-0.0016643905563610256,1.3398904108174396
462,2020-10-12,Hanwha Ocean,True,7,-0.06667273058031653,-0.0476438293245498,-0.02952535436479558,-0.0016643905563610256,1.3398904108174396
462,2020-10-12,Hanwha Ocean,True,8,-0.07476805530289243,-0.04919758133884844,-0.027191297987524676,-0.0016643905563610256,1.3398904108174396
462,2020-10-12,Hanwha Ocean,True,9,-0.07676914680734948,-0.05358194031956576,-0.03072131617347492,-0.0016643905563610256,1.3398904108174396
462,2020-10-12,Hanwha Ocean,True,10,-0.08486447152992538,-0.054684692064919216,-0.02778296886056829,-0.0016643905563610256,1.3398904108174396
463,2020-11-13,Hanwha Ocean,True,1,0.05231689088191338,0.03813122092107646,0.03446172458861967,-0.001183158722137945,1.3420814856113032
463,2020-11-13,Hanwha Ocean,True,2,0.07242831906509029,0.059790031714544334,0.057833025046362924,-0.001183158722137945,1.3420814856113032
463,2020-11-13,Hanwha Ocean,True,3,0.04425420120487389,0.029027637271650697,0.027368387827032055,-0.001183158722137945,1.3420814856113032
463,2020-11-13,Hanwha Ocean,True,4,0.0060243692530688175,-0.00991207639312286,-0.010631004506584114,-0.001183158722137945,1.3420814856113032
463,2020-11-13,Hanwha Ocean,True,5,0.026135797436245944,0.00777458728733027,0.0074093508526575855,-0.001183158722137945,1.3420814856113032
463,2020-11-13,Hanwha Ocean,True,6,0.08850840240974778,0.050569611761043465,0.04469040622646614,-0.001183158722137945,1.3420814856113032
463,2020-11-13,Hanwha Ocean,True,7,0.07645966390361014,0.0324709262966294,0.02570530464083324,-0.001183158722137945,1.3420814856113032
463,2020-11-13,Hanwha Ocean,True,8,0.09657109208678705,0.05905105188674398,0.05568141057202099,-0.001183158722137945,1.3420814856113032
463,2020-11-13,Hanwha Ocean,True,9,0.0865153779951986,0.03927633928670482,0.033765167245694915,-0.001183158722137945,1.3420814856113032
463,2020-11-13,Hanwha Ocean,True,10,0.09657109208678705,0.04632502634695479,0.04096836475392922,-0.001183158722137945,1.3420814856113032
464,2020-12-03,Hanwha Ocean,True,1,0.010869565217391353,0.0012182829386391258,-0.001215558009066588,-0.0009235635548385598,1.3478713403643539
464,2020-12-03,Hanwha Ocean,True,2,0.018075232046897982,0.003252695877691947,-5.6512537411752134e-05,-0.0009235635548385598,1.3478713403643539
464,2020-12-03,Hanwha Ocean,True,3,-0.0036231884057971175,-0.0019930790664902664,0.001344679918830539,-0.0009235635548385598,1.3478713403643539
464,2020-12-03,Hanwha Ocean,True,4,0.0,-0.018530018408037252,-0.02128182652926308,-0.0009235635548385598,1.3478713403643539
464,2020-12-03,Hanwha Ocean,True,5,0.010869565217391353,-0.0043300030438993,-0.004999679453721172,-0.0009235635548385598,1.3478713403643539
464,2020-12-03,Hanwha Ocean,True,6,0.03073603647614398,0.006812980594073759,0.004032216407798012,-0.0009235635548385598,1.3478713403643539
464,2020-12-03,Hanwha Ocean,True,7,0.005455137599739368,-0.01556255333744394,-0.01640906077125571,-0.0009235635548385598,1.3478713403643539
464,2020-12-03,Hanwha Ocean,True,8,-0.02169842045269499,-0.040727451923785574,-0.03995859816876085,-0.0009235635548385598,1.3478713403643539
464,2020-12-03,Hanwha Ocean,True,9,-0.010828855235303747,-0.03539138711669376,-0.03562391601146804,-0.0009235635548385598,1.3478713403643539
464,2020-12-03,Hanwha Ocean,True,10,-0.025321608858492106,-0.04938143128376937,-0.048515518411393316,-0.0009235635548385598,1.3478713403643539
465,2020-12-23,Hanwha Ocean,True,1,-0.03090336048463016,-0.04692449999089254,-0.051581130052014104,-0.0009170865780926921,1.3478976409284487
465,2020-12-23,Hanwha Ocean,True,2,-0.018173631861160056,-0.03482461282112537,-0.03878327666005643,-0.0009170865780926921,1.3478976409284487
465,2020-12-23,Hanwha Ocean,True,3,-0.02001555400925059,-0.040977691126459215,-0.04551910944407669,-0.0009170865780926921,1.3478976409284487
465,2020-12-23,Hanwha Ocean,True,4,-0.003642912692890188,-0.04377539658487606,-0.05406904674312614,-0.0009170865780926921,1.3478976409284487
465,2020-12-23,Hanwha Ocean,True,5,0.012729728623470216,-0.05309594284543584,-0.0714111057715359,-0.0009170865780926921,1.3478976409284487
465,2020-12-23,Hanwha Ocean,True,6,0.0454750112561908,-0.037045078514315266,-0.060251103606121986,-0.0009170865780926921,1.3478976409284487
465,2020-12-23,Hanwha Ocean,True,7,0.043633089108100265,-0.030793176004474843,-0.050266292013606176,-0.0009170865780926921,1.3478976409284487
465,2020-12-23,Hanwha Ocean,True,8,0.07453644959273054,-0.022864549466127038,-0.0494134346380361,-0.0009170865780926921,1.3478976409284487
465,2020-12-23,Hanwha Ocean,True,9,0.07453644959273054,-0.06648288002429692,-0.10728939292053785,-0.0009170865780926921,1.3478976409284487
465,2020-12-23,Hanwha Ocean,True,10,0.03818918587041065,-0.1014799663774717,-0.14089966917405938,-0.0009170865780926921,1.3478976409284487
466,2021-02-16,Hanwha Ocean,True,1,-0.02597945033831761,-0.016741239174688838,-0.012766686341877945,-0.0008158171128097455,1.3419207099787047
466,2021-02-16,Hanwha Ocean,True,2,-0.03153454180937265,-0.007414653730206111,0.0024640697520488947,-0.0008158171128097455,1.3419207099787047
466,2021-02-16,Hanwha Ocean,True,3,-0.020382591262216976,-0.002889428234031266,0.005539297826768454,-0.0008158171128097455,1.3419207099787047
466,2021-02-16,Hanwha Ocean,True,4,-0.03892740790243088,-0.012622850448155698,-0.0003655090364753158,-0.0008158171128097455,1.3419207099787047
466,2021-02-16,Hanwha Ocean,True,5,-0.0185448166402139,0.010813851691564902,0.02493127397564475,-0.0008158171128097455,1.3419207099787047
466,2021-02-16,Hanwha Ocean,True,6,-0.04824158382758337,0.004863903138698,0.027916671622832248,-0.0008158171128097455,1.3419207099787047
466,2021-02-16,Hanwha Ocean,True,7,-0.029654999582323982,-0.009654683421777777,0.0028945586693029587,-0.0008158171128097455,1.3419207099787047
466,2021-02-16,Hanwha Ocean,True,8,-0.05563444992064159,-0.008210367971827948,0.01453144470067666,-0.0008158171128097455,1.3419207099787047
466,2021-02-16,Hanwha Ocean,True,9,-0.05563444992064159,-0.017986052064210112,0.0022290688757093946,-0.0008158171128097455,1.3419207099787047
466,2021-02-16,Hanwha Ocean,True,10,-0.05563444992064159,-0.030354252636460632,-0.013552258504554299,-0.0008158171128097455,1.3419207099787047
467,2021-03-12,Hanwha Ocean,False,1,-0.014924121740588547,-0.011211404293106408,-0.008753326744579456,-0.0013048599602224452,1.3106128070927094
467,2021-03-12,Hanwha Ocean,False,2,-0.01676867611302091,-0.02007577509046976,-0.01849328246674369,-0.0013048599602224452,1.3106128070927094
467,2021-03-12,Hanwha Ocean,False,3,-0.018655152175735767,-0.015527964616446788,-0.010642040229683304,-0.0013048599602224452,1.3106128070927094
467,2021-03-12,Hanwha Ocean,False,4,-0.018655152175735767,-0.021582801616702008,-0.017272727186854152,-0.0013048599602224452,1.3106128070927094
467,2021-03-12,Hanwha Ocean,False,5,-0.022386182610882877,-0.01665191504662189,-0.008346478300753885,-0.0013048599602224452,1.3106128070927094
467,2021-03-12,Hanwha Ocean,False,6,-0.009348536933009188,-0.0022829248743646557,0.007740904482333694,-0.0013048599602224452,1.3106128070927094
467,2021-03-12,Hanwha Ocean,False,7,-0.024230736983315126,-0.0071162544412648465,0.007333742744617677,-0.0013048599602224452,1.3106128070927094
467,2021-03-12,Hanwha Ocean,False,8,-0.011193091305441438,0.008665858142721139,0.025273181858506688,-0.0013048599602224452,1.3106128070927094
467,2021-03-12,Hanwha Ocean,False,9,-0.009348536933009188,0.006591614715960703,0.023286569607132726,-0.0013048599602224452,1.3106128070927094
467,2021-03-12,Hanwha Ocean,False,10,0.059570721891506695,0.06482086418508282,0.0795002252227511,-0.0013048599602224452,1.3106128070927094
468,2021-03-16,Hanwha Ocean,False,1,-0.0112772427774962,-0.0046730755675449265,-0.0014676429769120425,-0.001223107691462351,1.3001627360651211
468,2021-03-16,Hanwha Ocean,False,2,-0.0112772427774962,-0.010706793980980178,-0.008089351126508172,-0.001223107691462351,1.3001627360651211
468,2021-03-16,Hanwha Ocean,False,3,-0.015036323703328303,-0.005834169688672675,0.0005972971124460491,-0.001223107691462351,1.3001627360651211
468,2021-03-16,Hanwha Ocean,False,4,-0.0019006588950836178,0.00862819603489795,0.016680996704163363,-0.001223107691462351,1.3001627360651211
468,2021-03-16,Hanwha Ocean,False,5,-0.016894745734076677,0.00364793035531763,0.015929614673721525,-0.001223107691462351,1.3001627360651211
468,2021-03-16,Hanwha Ocean,False,6,-0.0037590809258321034,0.019518489679430484,0.03384419511002924,-0.001223107691462351,1.3001627360651211
468,2021-03-16,Hanwha Ocean,False,7,-0.0019006588950836178,0.017471782234600663,0.03184842100858364,-0.001223107691462351,1.3001627360651211
468,2021-03-16,Hanwha Ocean,False,8,0.06753674607197158,0.07625646339014513,0.08865865912978134,-0.001223107691462351,1.3001627360651211
468,2021-03-16,Hanwha Ocean,False,9,0.09004899476262884,0.10038878666290796,0.11450037611320088,-0.001223107691462351,1.3001627360651211
468,2021-03-16,Hanwha Ocean,False,10,0.05254265923297852,0.05181248477343803,0.063824390524481,-0.001223107691462351,1.3001627360651211
469,2021-04-30,Hanwha Ocean,False,1,0.009372551383280081,0.016311151913598887,0.018855491386655765,-0.0006292068122787925,1.2760113732459086
469,2021-04-30,Hanwha Ocean,False,2,-0.02543547706587912,-0.024901982837460923,-0.023496318738298865,-0.0006292068122787925,1.2760113732459086
469,2021-04-30,Hanwha Ocean,False,3,-0.0026821770839612347,-0.01211041734689744,-0.01282509845232645,-0.0006292068122787925,1.2760113732459086
469,2021-04-30,Hanwha Ocean,False,4,-0.0026821770839612347,-0.017972502737729656,-0.019675979269688254,-0.0006292068122787925,1.2760113732459086
469,2021-04-30,Hanwha Ocean,False,5,0.06024350551503832,0.02840850765854186,0.022767720244283682,-0.0006292068122787925,1.2760113732459086
469,2021-04-30,Hanwha Ocean,False,6,0.07898860828159848,0.05981457166738169,0.05829756036449713,-0.0006292068122787925,1.2760113732459086
469,2021-04-30,Hanwha Ocean,False,7,0.042824422879874646,0.038820040605855644,0.04211923324135363,-0.0006292068122787925,1.2760113732459086
469,2021-04-30,Hanwha Ocean,False,8,0.0066903742993189574,0.015245335319309161,0.022640256356732218,-0.0006292068122787925,1.2760113732459086
469,2021-04-30,Hanwha Ocean,False,9,-0.02543547706587912,-0.02679144156310853,-0.021502841875552386,-0.0006292068122787925,1.2760113732459086
469,2021-04-30,Hanwha Ocean,False,10,-0.01606292568259904,-0.01144883571895916,-0.003883226289026827,-0.0006292068122787925,1.2760113732459086
470,2021-05-12,Hanwha Ocean,False,1,-0.005300458579000633,0.002599203635764602,0.005080498232231561,-0.00013171217559122881,1.2974282136373039
470,2021-05-12,Hanwha Ocean,False,2,-0.03704365433863377,-0.0390614682993643,-0.039398198749974335,-0.00013171217559122881,1.2974282136373039
470,2021-05-12,Hanwha Ocean,False,3,-0.027782740753975355,-0.023826554327031402,-0.022254736338475627,-0.00013171217559122881,1.2974282136373039
470,2021-05-12,Hanwha Ocean,False,4,-0.031743195759633136,-0.04003053246764121,-0.04196857151814999,-0.00013171217559122881,1.2974282136373039
470,2021-05-12,Hanwha Ocean,False,5,-0.08465844797808353,-0.08952344510230159,-0.09031187162835225,-0.00013171217559122881,1.2974282136373039
470,2021-05-12,Hanwha Ocean,False,6,-0.09787981656839972,-0.10088270506114039,-0.10098557576774089,-0.00013171217559122881,1.2974282136373039
470,2021-05-12,Hanwha Ocean,False,7,-0.11244118873205888,-0.11159275357061804,-0.11041841978702502,-0.00013171217559122881,1.2974282136373039
470,2021-05-12,Hanwha Ocean,False,8,-0.10452027872074321,-0.11225788028669414,-0.11350556389356231,-0.00013171217559122881,1.2974282136373039
470,2021-05-12,Hanwha Ocean,False,9,-0.12566255732237508,-0.13248181521170999,-0.1333246453237459,-0.00013171217559122881,1.2974282136373039
470,2021-05-12,Hanwha Ocean,False,10,-0.1349234709070335,-0.14081485214041045,-0.1412499933805978,-0.00013171217559122881,1.2974282136373039
471,2021-05-31,Hanwha Ocean,False,1,0.08968416870820373,0.0850850267989518,0.08439602282352178,-0.00043759607741316193,1.2449587499304684
471,2021-05-31,Hanwha Ocean,False,2,0.0941203734357412,0.08878536882100896,0.08835370491453719,-0.00043759607741316193,1.2449587499304684
471,2021-05-31,Hanwha Ocean,False,3,0.1029265708799576,0.09035766170287651,0.08859158565510862,-0.00043759607741316193,1.2449587499304684
471,2021-05-31,Hanwha Ocean,False,4,0.12792160497914318,0.11764447160090974,0.11687738216536163,-0.00043759607741316193,1.2449587499304684
471,2021-05-31,Hanwha Ocean,False,5,0.15880950804475935,0.14477822764365178,0.1435291231237384,-0.00043759607741316193,1.2449587499304684
471,2021-05-31,Hanwha Ocean,False,6,0.12351850625703498,0.11082487458749979,0.11034103490613162,-0.00043759607741316193,1.2449587499304684
471,2021-05-31,Hanwha Ocean,False,7,0.1014699066410647,0.09864494218697506,0.10101611496759538,-0.00043759607741316193,1.2449587499304684
471,2021-05-31,Hanwha Ocean,False,8,0.0941203734357412,0.0886575282662434,0.09082012516176483,-0.00043759607741316193,1.2449587499304684
471,2021-05-31,Hanwha Ocean,False,9,0.11911540753492678,0.10595718458099923,0.1066723274316172,-0.00043759607741316193,1.2449587499304684
471,2021-05-31,Hanwha Ocean,False,10,0.11911540753492678,0.10508100907150775,0.10601912114201416,-0.00043759607741316193,1.2449587499304684
472,2021-06-14,Hanwha Ocean,False,1,-0.022305490809311657,-0.023983853759910634,-0.023534258967241,-0.0006978767302489252,1.1479310166437398
472,2021-06-14,Hanwha Ocean,False,2,-0.011801846989053733,-0.01964342919963591,-0.019407688967644943,-0.0006978767302489252,1.1479310166437398
472,2021-06-14,Hanwha Ocean,False,3,-0.026229604933172057,-0.029853762293531316,-0.02829625738557938,-0.0006978767302489252,1.1479310166437398
472,2021-06-14,Hanwha Ocean,False,4,-0.04980379429380699,-0.054340907325096444,-0.05222058014744695,-0.0006978767302489252,1.1479310166437398
472,2021-06-14,Hanwha Ocean,False,5,-0.05635381937273187,-0.05254830044811365,-0.04849596251349326,-0.0006978767302489252,1.1479310166437398
472,2021-06-14,Hanwha Ocean,False,6,-0.03803145192222579,-0.04132362540224688,-0.037623379590620405,-0.0006978767302489252,1.1479310166437398
472,2021-06-14,Hanwha Ocean,False,7,-0.058979730327796354,-0.06605590525870997,-0.062217553898446486,-0.0006978767302489252,1.1479310166437398
472,2021-06-14,Hanwha Ocean,False,8,-0.07078157731685009,-0.08090401174234896,-0.07681841991583119,-0.0006978767302489252,1.1479310166437398
472,2021-06-14,Hanwha Ocean,False,9,-0.057681527159000434,-0.0729497117297423,-0.06892745922335607,-0.0006978767302489252,1.1479310166437398
472,2021-06-14,Hanwha Ocean,False,10,-0.04980379429380699,-0.06477995600684383,-0.06001662753198517,-0.0006978767302489252,1.1479310166437398
473,2021-06-21,Hanwha Ocean,False,1,-0.0040931028162991545,-0.009666476324751594,-0.009952355333796799,0.00022108860774079135,1.0116249882061834
473,2021-06-21,Hanwha Ocean,False,2,-0.025780438634003255,-0.03514641733256352,-0.03569747393995523,0.00022108860774079135,1.0116249882061834
473,2021-06-21,Hanwha Ocean,False,3,-0.0379986559960902,-0.05041782051381938,-0.051225458978091006,0.00022108860774079135,1.0116249882061834
473,2021-06-21,Hanwha Ocean,False,4,-0.024436434724173783,-0.04201304935420225,-0.043101731722944125,0.00022108860774079135,1.0116249882061834
473,2021-06-21,Hanwha Ocean,False,5,-0.016280774634980788,-0.033564702430679216,-0.03487107092616469,0.00022108860774079135,1.0116249882061834
473,2021-06-21,Hanwha Ocean,False,6,-0.023061885270938998,-0.035659742803311634,-0.03713272439499339,0.00022108860774079135,1.0116249882061834
473,2021-06-21,Hanwha Ocean,False,7,-0.028498991997067624,-0.044177763575019235,-0.0459076493638859,0.00022108860774079135,1.0116249882061834
473,2021-06-21,Hanwha Ocean,False,8,-0.05021687335817704,-0.0613913486014922,-0.06328996060633237,0.00022108860774079135,1.0116249882061834
473,2021-06-21,Hanwha Ocean,False,9,-0.021717881361109415,-0.03280609101114851,-0.034924788787225026,0.00022108860774079135,1.0116249882061834
473,2021-06-21,Hanwha Ocean,False,10,-0.024436434724173783,-0.039046129128309626,-0.041426852730861566,0.00022108860774079135,1.0116249882061834
474,2021-06-29,Hanwha Ocean,False,1,-0.02585071518270088,-0.028298543001579746,-0.028746098872909145,0.00036181920723906997,1.0350256106369435
474,2021-06-29,Hanwha Ocean,False,2,-0.04762779870746425,-0.04563000631367109,-0.04628367082963078,0.00036181920723906997,1.0350256106369435
474,2021-06-29,Hanwha Ocean,False,3,-0.019051119482985657,-0.016968185252014156,-0.017980686830374997,0.00036181920723906997,1.0350256106369435
474,2021-06-29,Hanwha Ocean,False,4,-0.021777083524763374,-0.02316976071860999,-0.024665816916700892,0.00036181920723906997,1.0350256106369435
474,2021-06-29,Hanwha Ocean,False,5,-0.028576679224478596,-0.033618292297399544,-0.03560397391006915,0.00036181920723906997,1.0350256106369435
474,2021-06-29,Hanwha Ocean,False,6,-0.04897546632362404,-0.04797504973677791,-0.05011092477836671,0.00036181920723906997,1.0350256106369435
474,2021-06-29,Hanwha Ocean,False,7,-0.09387730098931057,-0.08294569725158385,-0.08509554560610237,0.00036181920723906997,1.0350256106369435
474,2021-06-29,Hanwha Ocean,False,8,-0.11020245643051851,-0.08871022410277096,-0.09085199919945311,0.00036181920723906997,1.0350256106369435
474,2021-06-29,Hanwha Ocean,False,9,-0.09252963337315079,-0.07970970531800314,-0.08251705237470154,0.00036181920723906997,1.0350256106369435
474,2021-06-29,Hanwha Ocean,False,10,-0.08707770528959535,-0.08183235996342608,-0.08526683061276606,0.00036181920723906997,1.0350256106369435
475,2021-07-14,Hanwha Ocean,True,1,0.0,-0.005166196131929146,-0.0061941020478838045,0.00034284188438247056,1.1326051148809895
475,2021-07-14,Hanwha Ocean,True,2,-0.007448164799033763,-0.009766682660491521,-0.010759813756628694,0.00034284188438247056,1.1326051148809895
475,2021-07-14,Hanwha Ocean,True,3,-0.023854257532040513,-0.016118727622242535,-0.016121482443035857,0.00034284188438247056,1.1326051148809895
475,2021-07-14,Hanwha Ocean,True,4,-0.041736563108099034,-0.03053243259817806,-0.03041807512229827,0.00034284188438247056,1.1326051148809895
475,2021-07-14,Hanwha Ocean,True,5,-0.03277863517412605,-0.016438895839155254,-0.015986372249428383,0.00034284188438247056,1.1326051148809895
475,2021-07-14,Hanwha Ocean,True,6,-0.010434140777024759,-0.004585847701685242,-0.005867385432866973,0.00034284188438247056,1.1326051148809895
475,2021-07-14,Hanwha Ocean,True,7,-0.004462188821042767,9.83786346744342e-05,-0.0016967599846149785,0.00034284188438247056,1.1326051148809895
475,2021-07-14,Hanwha Ocean,True,8,-0.025330470375092284,-0.011755823582018432,-0.012698491059613782,0.00034284188438247056,1.1326051148809895
475,2021-07-14,Hanwha Ocean,True,9,-0.02234449439710129,-0.011088365465485417,-0.0126813221548355,0.00034284188438247056,1.1326051148809895
475,2021-07-14,Hanwha Ocean,True,10,-0.023854257532040513,-0.013922558988302303,-0.016033983805771247,0.00034284188438247056,1.1326051148809895
476,2021-08-02,Hanwha Ocean,True,1,-0.009391818213795755,-0.014224865454737223,-0.015157755500719194,0.00033742061448118334,1.123207864896597
476,2021-08-02,Hanwha Ocean,True,2,0.014070139646136015,-0.004184934743059365,-0.007108944711043043,0.00033742061448118334,1.123207864896597
476,2021-08-02,Hanwha Ocean,True,3,0.010939533574870763,-0.005996308266219108,-0.009095199023129795,0.00033742061448118334,1.123207864896597
476,2021-08-02,Hanwha Ocean,True,4,-0.0031306060712652517,-0.018275395723515553,-0.021491035378802124,0.00033742061448118334,1.123207864896597
476,2021-08-02,Hanwha Ocean,True,5,-0.03594920679587743,-0.04800854432385282,-0.05118145262514799,0.00033742061448118334,1.123207864896597
476,2021-08-02,Hanwha Ocean,True,6,-0.046888740370748194,-0.05359975394487504,-0.05645112728552239,0.00033742061448118334,1.123207864896597
476,2021-08-02,Hanwha Ocean,True,7,-0.05156706180308834,-0.051272174527629444,-0.053597786397403265,0.00033742061448118334,1.123207864896597
476,2021-08-02,Hanwha Ocean,True,8,-0.03594920679587743,-0.031854929781874874,-0.034049847568533874,0.00033742061448118334,1.123207864896597
476,2021-08-02,Hanwha Ocean,True,9,-0.046888740370748194,-0.03128144330751503,-0.032395287089877794,0.00033742061448118334,1.123207864896597
476,2021-08-02,Hanwha Ocean,True,10,-0.0968729114636463,-0.07251211843416061,-0.0728848832826216,0.00033742061448118334,1.123207864896597
477,2021-09-10,Hanwha Ocean,False,1,0.00890850722311387,0.005537053905392053,0.004953113898585089,0.00035877931062673054,1.0667844620587483
477,2021-09-10,Hanwha Ocean,False,2,0.05345104333868389,0.04335272264963708,0.04196075311346889,0.00035877931062673054,1.0667844620587483
477,2021-09-10,Hanwha Ocean,False,3,0.05702247191011245,0.04545816248062895,0.04360950836441979,0.00035877931062673054,1.0667844620587483
477,2021-09-10,Hanwha Ocean,False,4,0.0463483146067416,0.04226151010933177,0.040553457826926056,0.00035877931062673054,1.0667844620587483
477,2021-09-10,Hanwha Ocean,False,5,0.026725521669341834,0.019296134529623643,0.017006070352937726,0.00035877931062673054,1.0667844620587483
477,2021-09-10,Hanwha Ocean,False,6,-0.014285714285714235,-0.017567347724372073,-0.019939185712007222,0.00035877931062673054,1.0667844620587483
477,2021-09-10,Hanwha Ocean,False,7,-0.0463483146067416,-0.04887931048465077,-0.05155979685721696,0.00035877931062673054,1.0667844620587483
477,2021-09-10,Hanwha Ocean,False,8,-0.076645264847512,-0.08187085709733966,-0.08509007994969661,0.00035877931062673054,1.0667844620587483
477,2021-09-10,Hanwha Ocean,False,9,-0.0463483146067416,-0.04011545657026838,-0.042928212294854544,0.00035877931062673054,1.0667844620587483
477,2021-09-10,Hanwha Ocean,False,10,-0.05882825040128414,-0.040517826483533526,-0.04288276777838622,0.00035877931062673054,1.0667844620587483
478,2021-09-14,Hanwha Ocean,False,1,0.0,-0.001966821406896857,-0.0024590208159487453,0.0003451216365273666,1.074779424308063
478,2021-09-14,Hanwha Ocean,False,2,-0.010098325803879926,-0.004658587114691803,-0.004942049860182752,0.0003451216365273666,1.074779424308063
478,2021-09-14,Hanwha Ocean,False,3,-0.02866254128544854,-0.026533671588161112,-0.02740984084735318,0.0003451216365273666,1.074779424308063
478,2021-09-14,Hanwha Ocean,False,4,-0.06746137200561864,-0.061224101534312236,-0.06213816858532373,0.0003451216365273666,1.074779424308063
478,2021-09-14,Hanwha Ocean,False,5,-0.09779431304809993,-0.09081352689147226,-0.09201711590409878,0.0003451216365273666,1.074779424308063
478,2021-09-14,Hanwha Ocean,False,6,-0.12645685433354847,-0.12214509884217672,-0.12389339806793902,0.0003451216365273666,1.074779424308063
478,2021-09-14,Hanwha Ocean,False,7,-0.09779431304809993,-0.08213282239447339,-0.08337751659528066,0.0003451216365273666,1.074779424308063
478,2021-09-14,Hanwha Ocean,False,8,-0.10960100223985425,-0.08197653485445577,-0.08267176617877775,0.0003451216365273666,1.074779424308063
478,2021-09-14,Hanwha Ocean,False,9,-0.09274515014616003,-0.06783737468789708,-0.06908088030707997,0.0003451216365273666,1.074779424308063
478,2021-09-14,Hanwha Ocean,False,10,-0.11130936562772864,-0.07062888990478666,-0.07103804371492059,0.0003451216365273666,1.074779424308063
479,2021-10-15,Hanwha Ocean,False,1,-0.02628706567218486,-0.022707920160035644,-0.021564413119509376,-0.0006939115589461587,1.1256153123850319
479,2021-10-15,Hanwha Ocean,False,2,-0.04443332726941973,-0.048264338576868404,-0.04735774914111184,-0.0006939115589461587,1.1256153123850319
479,2021-10-15,Hanwha Ocean,False,3,-0.04647989812625064,-0.045038297850523934,-0.0427754761047157,-0.0006939115589461587,1.1256153123850319
479,2021-10-15,Hanwha Ocean,False,4,-0.0505275604875387,-0.04716382651084283,-0.0439656437807954,-0.0006939115589461587,1.1256153123850319
479,2021-10-15,Hanwha Ocean,False,5,-0.0646716390758596,-0.06092016433534764,-0.05697936386918288,-0.0006939115589461587,1.1256153123850319
479,2021-10-15,Hanwha Ocean,False,6,0.008095324722575903,0.0070812334941336985,0.011117317461362963,-0.0006939115589461587,1.1256153123850319
479,2021-10-15,Hanwha Ocean,False,7,0.008095324722575903,-0.002376989924082862,0.0011649079128058645,-0.0006939115589461587,1.1256153123850319
479,2021-10-15,Hanwha Ocean,False,8,0.028288157176641793,0.02563362425513116,0.03085146674452852,-0.0006939115589461587,1.1256153123850319
479,2021-10-15,Hanwha Ocean,False,9,0.01614517009277794,0.018773190825309705,0.02534851450109645,-0.0006939115589461587,1.1256153123850319
479,2021-10-15,Hanwha Ocean,False,10,0.04243223576496269,0.057941866317609336,0.06682922899391806,-0.0006939115589461587,1.1256153123850319
480,2021-10-21,Hanwha Ocean,False,1,-0.01067923802193571,-0.01094542909388696,-0.01049205455747613,-0.00048083535567160706,1.1031620597170395
480,2021-10-21,Hanwha Ocean,False,2,0.0662882432172407,0.06123726762696213,0.06167786929283172,-0.00048083535567160706,1.1031620597170395
480,2021-10-21,Hanwha Ocean,False,3,0.0662882432172407,0.05174090113509422,0.05168267342950644,-0.00048083535567160706,1.1031620597170395
480,2021-10-21,Hanwha Ocean,False,4,0.08764671926111212,0.08094868641313391,0.08218104497117051,-0.00048083535567160706,1.1031620597170395
480,2021-10-21,Hanwha Ocean,False,5,0.07480277082932463,0.07340859508997899,0.0756689458274586,-0.00048083535567160706,1.1031620597170395
480,2021-10-21,Hanwha Ocean,False,6,0.10260727342697717,0.11414665639607247,0.1182220950450577,-0.00048083535567160706,1.1031620597170395
480,2021-10-21,Hanwha Ocean,False,7,0.10472387916105452,0.11351483931225104,0.11778758035804014,-0.00048083535567160706,1.1031620597170395
480,2021-10-21,Hanwha Ocean,False,8,0.09832595728304794,0.09562079051434158,0.0991884027839766,-0.00048083535567160706,1.1031620597170395
480,2021-10-21,Hanwha Ocean,False,9,0.05132768905137586,0.061193395655576355,0.06653868047047415,-0.00048083535567160706,1.1031620597170395
480,2021-10-21,Hanwha Ocean,False,10,0.0256878968635752,0.03305473477983156,0.03862306650959022,-0.00048083535567160706,1.1031620597170395
481,2021-11-11,Hanwha Ocean,True,1,0.07437555235127213,0.06661914100688393,0.06596731086421168,-0.0002795918537233872,1.1200841413690015
481,2021-11-11,Hanwha Ocean,True,2,0.08679473463882048,0.06861044773646285,0.06698598696483243,-0.0002795918537233872,1.1200841413690015
481,2021-11-11,Hanwha Ocean,True,3,0.08884134145774225,0.07144118191667737,0.07019047425967512,-0.0002795918537233872,1.1200841413690015
481,2021-11-11,Hanwha Ocean,True,4,0.07437555235127213,0.06878482609997794,0.06923183595335569,-0.0002795918537233872,1.1200841413690015
481,2021-11-11,Hanwha Ocean,True,5,0.07851527978045492,0.07802986760441644,0.07936953656866373,-0.0002795918537233872,1.1200841413690015
481,2021-11-11,Hanwha Ocean,True,6,0.06818921810316758,0.05967922981416063,0.06033486629975529,-0.0002795918537233872,1.1200841413690015
481,2021-11-11,Hanwha Ocean,True,7,0.08884134145774225,0.0659964187672688,0.0652102488174058,-0.0002795918537233872,1.1200841413690015
481,2021-11-11,Hanwha Ocean,True,8,0.06614261128424581,0.04870171785428257,0.04884407797182427,-0.0002795918537233872,1.1200841413690015
481,2021-11-11,Hanwha Ocean,True,9,0.008279454858365565,-0.008129513386173626,-0.007583643565059844,-0.0002795918537233872,1.1200841413690015
481,2021-11-11,Hanwha Ocean,True,10,0.028931578212940234,0.017281685988021156,0.018678637220384216,-0.0002795918537233872,1.1200841413690015
482,2021-12-01,Hanwha Ocean,False,1,0.05444112021187886,0.029871087094688553,0.028810774571834206,-0.0011393994280195297,1.089528245256408
482,2021-12-01,Hanwha Ocean,False,2,0.05444112021187886,0.02184921305133014,0.021210115649725518,-0.0011393994280195297,1.089528245256408
482,2021-12-01,Hanwha Ocean,False,3,0.05880621903967831,0.02450279321940174,0.02484986598348761,-0.0011393994280195297,1.089528245256408
482,2021-12-01,Hanwha Ocean,False,4,0.09583598999460485,0.05510741180742307,0.05601865138261439,-0.0011393994280195297,1.089528245256408
482,2021-12-01,Hanwha Ocean,False,5,0.07621756829663062,0.031982464074884476,0.03371916995527487,-0.0011393994280195297,1.089528245256408
482,2021-12-01,Hanwha Ocean,False,6,0.08494776595222908,0.031052321653116666,0.03306355366581984,-0.0011393994280195297,1.089528245256408
482,2021-12-01,Hanwha Ocean,False,7,0.08278973956545199,0.035622094225513656,0.0393750537014891,-0.0011393994280195297,1.089528245256408
482,2021-12-01,Hanwha Ocean,False,8,0.05228309382510177,0.008096691353835839,0.013255955700546232,-0.0011393994280195297,1.089528245256408
482,2021-12-01,Hanwha Ocean,False,9,0.032664672127127314,-0.006752437493555696,-2.6787298799152426e-05,-0.0011393994280195297,1.089528245256408
482,2021-12-01,Hanwha Ocean,False,10,0.026141546912550995,-0.013776494998783972,-0.005956292964982242,-0.0011393994280195297,1.089528245256408
483,2021-12-03,Hanwha Ocean,False,1,0.004139727429182782,-0.0020975391386621745,-0.0015368908726730041,-0.001158832378935238,1.0959048497349613
483,2021-12-03,Hanwha Ocean,False,2,0.03925763989022735,0.02676956955091736,0.027889567799416686,-0.001158832378935238,1.0959048497349613
483,2021-12-03,Hanwha Ocean,False,3,0.02065212335457467,0.004752677703062869,0.006704340893791162,-0.001158832378935238,1.0959048497349613
483,2021-12-03,Hanwha Ocean,False,4,0.028931578212940234,0.003633928948348908,0.005843091212721474,-0.001158832378935238,1.0959048497349613
483,2021-12-03,Hanwha Ocean,False,5,0.026884971394018242,0.008132560079623596,0.012128274785024581,-0.001158832378935238,1.0959048497349613
483,2021-12-03,Hanwha Ocean,False,6,-0.00204660681892177,-0.01789867225776387,-0.012465967938053366,-0.001158832378935238,1.0959048497349613
483,2021-12-03,Hanwha Ocean,False,7,-0.02065212335457467,-0.0318643122527138,-0.024827788891643165,-0.001158832378935238,1.0959048497349613
483,2021-12-03,Hanwha Ocean,False,8,-0.026838457602679222,-0.03853798583113299,-0.030389368296370886,-0.001158832378935238,1.0959048497349613
483,2021-12-03,Hanwha Ocean,False,9,-0.010326061677287335,-0.02778567004598642,-0.019030639752600637,-0.001158832378935238,1.0959048497349613
483,2021-12-03,Hanwha Ocean,False,10,-0.004139727429182782,-0.025430364422299068,-0.015883915974533112,-0.001158832378935238,1.0959048497349613
484,2022-01-06,Hanwha Ocean,False,1,-0.005905599218507196,-0.013101094449914918,-0.013824650308160824,-0.00041168923399988855,1.1577716412472274
484,2022-01-06,Hanwha Ocean,False,2,0.00790373429243818,0.010310186037286284,0.011513234346653,-0.00041168923399988855,1.1577716412472274
484,2022-01-06,Hanwha Ocean,False,3,-0.00790373429243818,-0.005722248291442855,-0.0041430039627083064,-0.00041168923399988855,1.1577716412472274
484,2022-01-06,Hanwha Ocean,False,4,-0.015763065583233482,-0.02895423874550196,-0.02938867484928988,-0.00041168923399988855,1.1577716412472274
484,2022-01-06,Hanwha Ocean,False,5,-0.00395186714621909,-0.013601534128746762,-0.013065531756069889,-0.00041168923399988855,1.1577716412472274
484,2022-01-06,Hanwha Ocean,False,6,-0.00395186714621909,9.06990993754242e-05,0.0031986368147928447,-0.00041168923399988855,1.1577716412472274
484,2022-01-06,Hanwha Ocean,False,7,-0.07299853470094575,-0.05810989274415268,-0.052879062628687884,-0.00041168923399988855,1.1577716412472274
484,2022-01-06,Hanwha Ocean,False,8,-0.13414146796323434,-0.11043825913366956,-0.10340505110180424,-0.00041168923399988855,1.1577716412472274
484,2022-01-06,Hanwha Ocean,False,9,-0.1538564006926868,-0.12266796802220703,-0.11404211470585779,-0.00041168923399988855,1.1577716412472274
484,2022-01-06,Hanwha Ocean,False,10,-0.14595266640024862,-0.12171772035794126,-0.11377724080530954,-0.00041168923399988855,1.1577716412472274
485,2022-01-11,Hanwha Ocean,False,1,-0.009916026442737147,-0.01727001420190577,-0.01785721460394062,-0.0005083686926124929,1.1489761923089192
485,2022-01-11,Hanwha Ocean,False,2,0.0019653385742361973,-0.0018675462901047712,-0.0014218174975277912,-0.0005083686926124929,1.1489761923089192
485,2022-01-11,Hanwha Ocean,False,3,0.0019653385742361973,0.011745803400485588,0.014727965887149017,-0.0005083686926124929,1.1489761923089192
485,2022-01-11,Hanwha Ocean,False,4,-0.06749151331070213,-0.04692745906063933,-0.04183042978958096,-0.0005083686926124929,1.1489761923089192
485,2022-01-11,Hanwha Ocean,False,5,-0.12899767732713951,-0.09966983858619627,-0.09275884537885806,-0.0005083686926124929,1.1489761923089192
485,2022-01-11,Hanwha Ocean,False,6,-0.14882973021261392,-0.11205979141677014,-0.10353173378785838,-0.0005083686926124929,1.1489761923089192
485,2022-01-11,Hanwha Ocean,False,7,-0.14087904234411297,-0.11102252982877792,-0.10301603943033225,-0.0005083686926124929,1.1489761923089192
485,2022-01-11,Hanwha Ocean,False,8,-0.1547704127211006,-0.11529271529872409,-0.10534452871471486,-0.0005083686926124929,1.1489761923089192
485,2022-01-11,Hanwha Ocean,False,9,-0.19644452385206357,-0.14263502263543604,-0.13004336980062828,-0.0005083686926124929,1.1489761923089192
485,2022-01-11,Hanwha Ocean,False,10,-0.2282026085402894,-0.1501249477184049,-0.13340954817864834,-0.0005083686926124929,1.1489761923089192
486,2022-01-17,Hanwha Ocean,False,1,-0.06992273204235433,-0.057939206802442245,-0.055118753687170424,-0.00013095185923884959,1.224433228302084
486,2022-01-17,Hanwha Ocean,False,2,-0.0910998759896976,-0.0715412726188569,-0.0668897684047814,-0.00013095185923884959,1.224433228302084
486,2022-01-17,Hanwha Ocean,False,3,-0.0826099399026996,-0.07008829435840469,-0.06688516544752762,-0.00013095185923884959,1.224433228302084
486,2022-01-17,Hanwha Ocean,False,4,-0.09744347991987024,-0.07512873473363235,-0.0695967569957912,-0.00013095185923884959,1.224433228302084
486,2022-01-17,Hanwha Ocean,False,5,-0.14194409997138224,-0.1050414652515842,-0.09610452851237311,-0.00013095185923884959,1.224433228302084
486,2022-01-17,Hanwha Ocean,False,6,-0.17585614804922256,-0.11425172166477005,-0.0996399302181762,-0.00013095185923884959,1.224433228302084
486,2022-01-17,Hanwha Ocean,False,7,-0.1716111800057235,-0.10616057324058537,-0.09055461925528326,-0.00013095185923884959,1.224433228302084
486,2022-01-17,Hanwha Ocean,False,8,-0.22245540398740815,-0.12432088770926886,-0.10124862653919185,-0.00013095185923884959,1.224433228302084
486,2022-01-17,Hanwha Ocean,False,9,-0.1631212439187255,-0.08183748204385921,-0.06241613822459546,-0.00013095185923884959,1.224433228302084
486,2022-01-17,Hanwha Ocean,False,10,-0.10803205189354192,-0.04209161767185021,-0.025982874551446225,-0.00013095185923884959,1.224433228302084
487,2022-02-03,Hanwha Ocean,False,1,0.03533213264116952,0.022281591723321892,0.018742596698846304,2.573500519467665e-05,1.2692041687311408
487,2022-02-03,Hanwha Ocean,False,2,0.011759720309354904,0.0006245847760066869,-0.002424510139346263,2.573500519467665e-05,1.2692041687311408
487,2022-02-03,Hanwha Ocean,False,3,0.007098209556096968,-0.004556295514202002,-0.007770941879208732,2.573500519467665e-05,1.2692041687311408
487,2022-02-03,Hanwha Ocean,False,4,0.04237737048416146,0.02247925531672923,0.017019659742985423,2.573500519467665e-05,1.2692041687311408
487,2022-02-03,Hanwha Ocean,False,5,0.03766288801779849,0.01663026350723995,0.010839518283667436,2.573500519467665e-05,1.2692041687311408
487,2022-02-03,Hanwha Ocean,False,6,0.009428964932725936,-0.0026822906523382706,-0.0060971011755739275,2.573500519467665e-05,1.2692041687311408
487,2022-02-03,Hanwha Ocean,False,7,-0.004661510753257714,-0.0008491173437256139,-2.950181399181094e-06,2.573500519467665e-05,1.2692041687311408
487,2022-02-03,Hanwha Ocean,False,8,-0.021135713528975475,-0.0070316996496534445,-0.0034407203590554984,2.573500519467665e-05,1.2692041687311408
487,2022-02-03,Hanwha Ocean,False,9,0.002383727089734,-0.003086228671768554,-0.0047903786122920535,2.573500519467665e-05,1.2692041687311408
487,2022-02-03,Hanwha Ocean,False,10,-0.007045237842991825,-0.017823076602693333,-0.020981865778663813,2.573500519467665e-05,1.2692041687311408
488,2022-03-18,Hanwha Ocean,False,1,-0.02424049481535384,-0.012554615375658051,-0.0071651840617857135,-0.00011071496398519444,1.4517175089070198
488,2022-03-18,Hanwha Ocean,False,2,0.028288157176641793,0.03116179440661737,0.0326812965856148,-0.00011071496398519444,1.4517175089070198
488,2022-03-18,Hanwha Ocean,False,3,0.030289248681098835,0.02394590606332936,0.021412652029842383,-0.00011071496398519444,1.4517175089070198
488,2022-03-18,Hanwha Ocean,False,4,0.050482081135164725,0.04612195294371646,0.04459526655450096,-0.00011071496398519444,1.4517175089070198
488,2022-03-18,Hanwha Ocean,False,5,0.04243223576496269,0.03795436571517996,0.036485208231008724,-0.00011071496398519444,1.4517175089070198
488,2022-03-18,Hanwha Ocean,False,6,0.04647989812625064,0.04215656426553194,0.040867928447705884,-0.00011071496398519444,1.4517175089070198
488,2022-03-18,Hanwha Ocean,False,7,0.004047662361287951,-0.004510698966398774,-0.007601655877771235,-0.00011071496398519444,1.4517175089070198
488,2022-03-18,Hanwha Ocean,False,8,-0.004047662361287951,-0.01469226224133835,-0.018614894670585122,-0.00011071496398519444,1.4517175089070198
488,2022-03-18,Hanwha Ocean,False,9,0.002001091504457042,-0.012657769858184231,-0.01828299952046316,-0.00011071496398519444,1.4517175089070198
488,2022-03-18,Hanwha Ocean,False,10,-0.02019283245406589,-0.02830230294685232,-0.030858343116556844,-0.00011071496398519444,1.4517175089070198
489,2022-03-24,Hanwha Ocean,False,1,-0.02641974259864932,-0.022461087738625207,-0.020517372798038266,0.00014071953675019624,1.526551202628572
489,2022-03-24,Hanwha Ocean,False,2,-0.022639425731640017,-0.018527532618969778,-0.01664384942891351,0.00014071953675019624,1.526551202628572
489,2022-03-24,Hanwha Ocean,False,3,-0.06226903962961394,-0.06235660434541179,-0.06282487026207356,0.00014071953675019624,1.526551202628572
489,2022-03-24,Hanwha Ocean,False,4,-0.06982967336363255,-0.07198595449015266,-0.0736842250575279,0.00014071953675019624,1.526551202628572
489,2022-03-24,Hanwha Ocean,False,5,-0.06418043579832644,-0.07031726296382024,-0.07425221437188567,0.00014071953675019624,1.526551202628572
489,2022-03-24,Hanwha Ocean,False,6,-0.08490846536125385,-0.08455090943841292,-0.08520695515773524,0.00014071953675019624,1.526551202628572
489,2022-03-24,Hanwha Ocean,False,7,-0.06604935649662325,-0.0722773969077396,-0.07654181583348363,0.00014071953675019624,1.526551202628572
489,2022-03-24,Hanwha Ocean,False,8,-0.05475088136601114,-0.061453230654365365,-0.0661081170265866,0.00014071953675019624,1.526551202628572
489,2022-03-24,Hanwha Ocean,False,9,-0.07547891092893855,-0.07336276363049254,-0.07351497955630837,0.00014071953675019624,1.526551202628572
489,2022-03-24,Hanwha Ocean,False,10,-0.10381004969630037,-0.0874026110736934,-0.0801704499024072,0.00014071953675019624,1.526551202628572
490,2022-04-15,Hanwha Ocean,True,1,-0.047605812753116816,-0.05064859796302057,-0.053280745306228325,0.0009874325983100557,1.5405293609106643
490,2022-04-15,Hanwha Ocean,True,2,-0.01762884141983645,-0.030235729957809765,-0.03902498855893257,0.0009874325983100557,1.5405293609106643
490,2022-04-15,Hanwha Ocean,True,3,-0.04407210354959101,-0.05660450530152028,-0.06634093420609646,0.0009874325983100557,1.5405293609106643
490,2022-04-15,Hanwha Ocean,True,4,-0.05642023346303504,-0.07249820623066605,-0.08513855296873293,0.0009874325983100557,1.5405293609106643
490,2022-04-15,Hanwha Ocean,True,5,-0.07758278408639718,-0.08490855949383991,-0.09380551918455027,0.0009874325983100557,1.5405293609106643
490,2022-04-15,Hanwha Ocean,True,6,-0.08639720479631541,-0.07600257380385356,-0.0763085661464563,0.0009874325983100557,1.5405293609106643
490,2022-04-15,Hanwha Ocean,True,7,-0.06876836337647896,-0.06253754372388531,-0.06608163094728965,0.0009874325983100557,1.5405293609106643
490,2022-04-15,Hanwha Ocean,True,8,-0.07583578178353056,-0.05871126967197915,-0.05735442887089578,0.0009874325983100557,1.5405293609106643
490,2022-04-15,Hanwha Ocean,True,9,-0.06702136107361234,-0.06048514559823759,-0.06583902260934939,0.0009874325983100557,1.5405293609106643
490,2022-04-15,Hanwha Ocean,True,10,-0.07230207258000476,-0.07603013622151478,-0.08791959006219502,0.0009874325983100557,1.5405293609106643
491,2022-06-07,Hanwha Ocean,False,1,-0.01727233030905828,-0.014470007950854624,-0.013573100625393466,0.00044440366265461353,1.478642645871611
491,2022-06-07,Hanwha Ocean,False,2,-0.00863616515452914,-0.0055642426778532705,-0.004982696901013887,0.00044440366265461353,1.478642645871611
491,2022-06-07,Hanwha Ocean,False,3,-0.015089030129542436,-0.0007888322962159577,0.004722641243251068,0.00044440366265461353,1.478642645871611
491,2022-06-07,Hanwha Ocean,False,4,-0.07976323322497691,-0.03077195535838717,-0.009100255146309813,0.00044440366265461353,1.478642645871611
491,2022-06-07,Hanwha Ocean,False,5,-0.08621609819999032,-0.03284286911203593,-0.009518183835938873,0.00044440366265461353,1.478642645871611
491,2022-06-07,Hanwha Ocean,False,6,-0.11852894085682397,-0.04784434641514301,-0.01667810708514275,0.00044440366265461353,1.478642645871611
491,2022-06-07,Hanwha Ocean,False,7,-0.1228470234340886,-0.05369269445359459,-0.023703309095477396,0.00044440366265461353,1.478642645871611
491,2022-06-07,Hanwha Ocean,False,8,-0.07112706807044777,0.0020067105460860324,0.03345642654445552,0.00044440366265461353,1.478642645871611
491,2022-06-07,Hanwha Ocean,False,9,-0.09917034593178398,-0.007088615326854453,0.032985994882434394,0.00044440366265461353,1.478642645871611
491,2022-06-07,Hanwha Ocean,False,10,-0.01727233030905828,0.06801243956255898,0.1043893308399152,0.00044440366265461353,1.478642645871611
492,2022-06-09,Hanwha Ocean,False,1,-0.006509078451524486,-0.006316501892713489,-0.006249011024395844,1.7270669950186685e-05,1.4401446302247993
492,2022-06-09,Hanwha Ocean,False,2,-0.0717466842852249,-0.036366518900476374,-0.020828670429814358,1.7270669950186685e-05,1.4401446302247993
492,2022-06-09,Hanwha Ocean,False,3,-0.07825576273674939,-0.038430930374643846,-0.02095405627071084,1.7270669950186685e-05,1.4401446302247993
492,2022-06-09,Hanwha Ocean,False,4,-0.11085009543385704,-0.05346613243936871,-0.028277971946126815,1.7270669950186685e-05,1.4401446302247993
492,2022-06-09,Hanwha Ocean,False,5,-0.11520579454803503,-0.05937399861756287,-0.03488628679270968,1.7270669950186685e-05,1.4401446302247993
492,2022-06-09,Hanwha Ocean,False,6,-0.06303528605686881,-0.0031670854537190207,0.023079957543277324,1.7270669950186685e-05,1.4401446302247993
492,2022-06-09,Hanwha Ocean,False,7,-0.09132286007928347,-0.012235518906800524,0.02245345493937323,1.7270669950186685e-05,1.4401446302247993
492,2022-06-09,Hanwha Ocean,False,8,-0.008711398228356093,0.06348170213869486,0.09511894224493084,1.7270669950186685e-05,1.4401446302247993
492,2022-06-09,Hanwha Ocean,False,9,-0.041305730925463746,0.056353693578747865,0.0991825288355691,1.7270669950186685e-05,1.4401446302247993
492,2022-06-09,Hanwha Ocean,False,10,-0.08040914207409577,0.02822329475116403,0.075864571788535,1.7270669950186685e-05,1.4401446302247993
493,2022-07-25,Hanwha Ocean,True,1,0.017906494702901954,0.011361549828106776,0.00951429751909683,-2.7315294227735297e-05,1.2864145747746036
493,2022-07-25,Hanwha Ocean,True,2,-0.010248733302625546,-0.01786573097080657,-0.019992719530542317,-2.7315294227735297e-05,1.2864145747746036
493,2022-07-25,Hanwha Ocean,True,3,-0.012782128051589181,-0.02863349231176837,-0.03309160818326174,-2.7315294227735297e-05,1.2864145747746036
493,2022-07-25,Hanwha Ocean,True,4,0.015373099953938318,-0.007248465409996463,-0.013618350257532805,-2.7315294227735297e-05,1.2864145747746036
493,2022-07-25,Hanwha Ocean,True,5,0.05371948410870564,0.03078506287121474,0.024352886835915823,-2.7315294227735297e-05,1.2864145747746036
493,2022-07-25,Hanwha Ocean,True,6,0.043470750806080094,0.02580482247927507,0.020908934894920995,-2.7315294227735297e-05,1.2864145747746036
493,2022-07-25,Hanwha Ocean,True,7,0.04859511745739287,0.02182299750427963,0.01434627921168817,-2.7315294227735297e-05,1.2864145747746036
493,2022-07-25,Hanwha Ocean,True,8,0.04093735605711646,0.009301370123116381,0.0004588850180762896,-2.7315294227735297e-05,1.2864145747746036
493,2022-07-25,Hanwha Ocean,True,9,0.0511285122063565,0.012113299068078343,0.0011846110353874936,-2.7315294227735297e-05,1.2864145747746036
493,2022-07-25,Hanwha Ocean,True,10,0.0511285122063565,0.011153874389172813,-2.229156072729166e-05,-2.7315294227735297e-05,1.2864145747746036
494,2022-08-12,Hanwha Ocean,True,1,-0.023029550276872146,-0.019282081686006758,-0.019313670692594594,0.0010052601748642197,1.259821035098132
494,2022-08-12,Hanwha Ocean,True,2,-0.023029550276872146,-0.012577533997207846,-0.01187240065829138,0.0010052601748642197,1.259821035098132
494,2022-08-12,Hanwha Ocean,True,3,-0.036795528644620434,-0.023032527523918933,-0.022472390851274178,0.0010052601748642197,1.259821035098132
494,2022-08-12,Hanwha Ocean,True,4,-0.036795528644620434,-0.016992536174948114,-0.015868342872894216,0.0010052601748642197,1.259821035098132
494,2022-08-12,Hanwha Ocean,True,5,-0.048284427883869,-0.016609863876082986,-0.013406446743619085,0.0010052601748642197,1.259821035098132
494,2022-08-12,Hanwha Ocean,True,6,-0.009211820110748836,0.03314283276670149,0.038115901469357394,0.0010052601748642197,1.259821035098132
494,2022-08-12,Hanwha Ocean,True,7,0.009160068312373815,0.04675272280206155,0.04948326397960913,0.0010052601748642197,1.259821035098132
494,2022-08-12,Hanwha Ocean,True,8,-0.00693474098224911,0.018935768838635236,0.01761539007990004,0.0010052601748642197,1.259821035098132
494,2022-08-12,Hanwha Ocean,True,9,-0.029912539460746235,-0.005524501474863164,-0.008235317775136437,0.0010052601748642197,1.259821035098132
494,2022-08-12,Hanwha Ocean,True,10,-0.0689851472338664,-0.02330771265727516,-0.021492356073600213,0.0010052601748642197,1.259821035098132
495,2022-09-06,Hanwha Ocean,False,1,-0.031224418196702186,-0.02320992532208732,-0.021874669224619555,0.00028974048079154967,1.2027572553475387
495,2022-09-06,Hanwha Ocean,False,2,-0.041574084902350594,-0.036823828188125796,-0.036440160136136455,0.00028974048079154967,1.2027572553475387
495,2022-09-06,Hanwha Ocean,False,3,-0.02338907730090045,-0.045879747930288595,-0.051309116020403486,0.00028974048079154967,1.2027572553475387
495,2022-09-06,Hanwha Ocean,False,4,-0.015612209098351038,-0.022190771999597514,-0.02468358528075159,0.00028974048079154967,1.2027572553475387
495,2022-09-06,Hanwha Ocean,False,5,0.046719681908548694,0.044144191229570806,0.04217328940437033,0.00028974048079154967,1.2027572553475387
495,2022-09-06,Hanwha Ocean,False,6,0.03373874400654886,0.03911513297660285,0.03846679196310248,0.00028974048079154967,1.2027572553475387
495,2022-09-06,Hanwha Ocean,False,7,0.00514559700619821,0.02184245716164601,0.02319968333414544,0.00028974048079154967,1.2027572553475387
495,2022-09-06,Hanwha Ocean,False,8,0.018126534908197822,0.029735026931272834,0.02977080906626292,0.00028974048079154967,1.2027572553475387
495,2022-09-06,Hanwha Ocean,False,9,0.10905157291544842,0.12927564477873443,0.13076855775456175,0.00028974048079154967,1.2027572553475387
495,2022-09-06,Hanwha Ocean,False,10,0.15582972751724955,0.18227337978843994,0.1847376173363957,0.00028974048079154967,1.2027572553475387
496,2022-09-22,Hanwha Ocean,False,1,-0.01783919597989947,-0.00011111801581886738,0.003427935515271239,0.00025900087968892474,1.2142394916400066
496,2022-09-22,Hanwha Ocean,False,2,0.11386934673366844,0.16122000065224706,0.1708463789172074,0.00025900087968892474,1.2142394916400066
496,2022-09-22,Hanwha Ocean,False,3,-0.08929648241206034,-0.043198332429003505,-0.03409929085015541,0.00025900087968892474,1.2142394916400066
496,2022-09-22,Hanwha Ocean,False,4,-0.1428643216080402,-0.07335893198066012,-0.059504136159405335,0.00025900087968892474,1.2142394916400066
496,2022-09-22,Hanwha Ocean,False,5,-0.1428643216080402,-0.07406239309513118,-0.06061730730511812,0.00025900087968892474,1.2142394916400066
496,2022-09-22,Hanwha Ocean,False,6,-0.15402010050251258,-0.07859534296068016,-0.06399038652598078,0.00025900087968892474,1.2142394916400066
496,2022-09-22,Hanwha Ocean,False,7,-0.1272361809045226,-0.07492698400833042,-0.06553329441501568,0.00025900087968892474,1.2142394916400066
496,2022-09-22,Hanwha Ocean,False,8,-0.1361809045226131,-0.08637671549746428,-0.077778698396685,0.00025900087968892474,1.2142394916400066
496,2022-09-22,Hanwha Ocean,False,9,-0.06251256281407036,-0.022419568686254943,-0.016161073923186324,0.00025900087968892474,1.2142394916400066
496,2022-09-22,Hanwha Ocean,False,10,-0.08929648241206034,-0.047050210970436934,-0.040589400049987054,0.00025900087968892474,1.2142394916400066
497,2022-10-04,Hanwha Ocean,False,1,-0.017770413119250317,-0.0028161031385934843,-0.0010626716624533884,0.0006696741021526473,1.1620339274381093
497,2022-10-04,Hanwha Ocean,False,2,0.06599622878692646,0.07088317100183616,0.07033567323777579,0.0006696741021526473,1.1620339274381093
497,2022-10-04,Hanwha Ocean,False,3,0.035540826238500633,0.042660020493341944,0.04180454919219076,0.0006696741021526473,1.1620339274381093
497,2022-10-04,Hanwha Ocean,False,4,-0.017770413119250317,0.007478047204915295,0.008890457984394536,0.0006696741021526473,1.1620339274381093
497,2022-10-04,Hanwha Ocean,False,5,-0.040569110336552194,-0.01994523591184616,-0.0199518390505839,0.0006696741021526473,1.1620339274381093
497,2022-10-04,Hanwha Ocean,False,6,-0.10147991543340384,-0.06324704085306276,-0.061070062640477325,0.0006696741021526473,1.1620339274381093
497,2022-10-04,Hanwha Ocean,False,7,-0.07868121821610197,-0.06253963474010327,-0.06461186928948565,0.0006696741021526473,1.1620339274381093
497,2022-10-04,Hanwha Ocean,False,8,-0.08119536026512775,-0.06823762631221852,-0.07149542660635169,0.0006696741021526473,1.1620339274381093
497,2022-10-04,Hanwha Ocean,False,9,-0.07359579452602705,-0.07408493341923905,-0.08019125743454275,0.0006696741021526473,1.1620339274381093
497,2022-10-04,Hanwha Ocean,False,10,-0.07359579452602705,-0.0685220901882545,-0.07439671896927191,0.0006696741021526473,1.1620339274381093
498,2022-10-21,Hanwha Ocean,True,1,0.0,0.005381939811231917,0.005502058806541646,0.0004971920182511249,1.114700467714735
498,2022-10-21,Hanwha Ocean,True,2,-0.008287463665038075,-0.0024207044823811863,-0.002742168496662975,0.0004971920182511249,1.114700467714735
498,2022-10-21,Hanwha Ocean,True,3,-0.03296431442884529,-0.03354253936724205,-0.03510043809287386,0.0004971920182511249,1.114700467714735
498,2022-10-21,Hanwha Ocean,True,4,-0.008287463665038075,-0.026310290206452258,-0.030366284913298503,0.0004971920182511249,1.114700467714735
498,2022-10-21,Hanwha Ocean,True,5,0.013729977116704761,0.004771938455695901,0.0012584871402158814,0.0004971920182511249,1.114700467714735
498,2022-10-21,Hanwha Ocean,True,6,0.005504360195435654,-0.014666794386329673,-0.019963587360711126,0.0004971920182511249,1.114700467714735
498,2022-10-21,Hanwha Ocean,True,7,0.016451233842538215,-0.022227566652066377,-0.03014438728720032,0.0004971920182511249,1.114700467714735
498,2022-10-21,Hanwha Ocean,True,8,0.024676850763807323,-0.014735850614147061,-0.02323404204210861,0.0004971920182511249,1.114700467714735
498,2022-10-21,Hanwha Ocean,True,9,0.008225616921269108,-0.027762213667719582,-0.03636476283257535,0.0004971920182511249,1.114700467714735
498,2022-10-21,Hanwha Ocean,True,10,0.019234337312140415,-0.025320118133403957,-0.03540245519429446,0.0004971920182511249,1.114700467714735
499,2022-11-07,Hanwha Ocean,False,1,0.007920910011315563,0.002961124488527256,0.0015520375329048097,0.0009955288178687286,1.0833822623687208
499,2022-11-07,Hanwha Ocean,False,2,0.010541361443630493,-0.00504593748398352,-0.008336699368522969,0.0009955288178687286,1.0833822623687208
499,2022-11-07,Hanwha Ocean,False,3,-0.005300458579000633,-0.011596537667472484,-0.015108105439527847,0.0009955288178687286,1.0833822623687208
499,2022-11-07,Hanwha Ocean,False,4,0.02376273003394669,-0.016434991145678035,-0.023768883351177106,0.0009955288178687286,1.0833822623687208
499,2022-11-07,Hanwha Ocean,False,5,-0.005300458579000633,-0.04193333391412146,-0.049965510025978786,0.0009955288178687286,1.0833822623687208
499,2022-11-07,Hanwha Ocean,False,6,0.02376273003394669,-0.015249501869538662,-0.024475602932916833,0.0009955288178687286,1.0833822623687208
499,2022-11-07,Hanwha Ocean,False,7,0.0661068429515812,0.028301045364449884,0.01818001070589985,0.0009955288178687286,1.0833822623687208
499,2022-11-07,Hanwha Ocean,False,8,0.0661068429515812,0.04277406815265339,0.032864298059629087,0.0009955288178687286,1.0833822623687208
499,2022-11-07,Hanwha Ocean,False,9,0.06348639151926627,0.03949175344956113,0.02853126688177192,0.0009955288178687286,1.0833822623687208
499,2022-11-07,Hanwha Ocean,False,10,0.01852182716931683,0.0049913311907645586,-0.006092160353585292,0.0009955288178687286,1.0833822623687208
500,2022-11-08,Hanwha Ocean,False,1,-0.005217799144046409,-0.011806853093741965,-0.013507469104561643,0.001121940583308716,1.0878237501056884
500,2022-11-08,Hanwha Ocean,False,2,-0.020812569619511057,-0.018192725232454965,-0.020206521840307794,0.001121940583308716,1.0878237501056884
500,2022-11-08,Hanwha Ocean,False,3,0.007797385237732213,-0.023184039193665962,-0.029270765820773495,0.001121940583308716,1.0878237501056884
500,2022-11-08,Hanwha Ocean,False,4,-0.020812569619511057,-0.04826073323730451,-0.05515909623296852,0.001121940583308716,1.0878237501056884
500,2022-11-08,Hanwha Ocean,False,5,0.007797385237732213,-0.022009053517696442,-0.030236469663037294,0.001121940583308716,1.0878237501056884
500,2022-11-08,Hanwha Ocean,False,6,0.049481151433429016,0.020870457818209953,0.011626115911944242,0.001121940583308716,1.0878237501056884
500,2022-11-08,Hanwha Ocean,False,7,0.049481151433429016,0.03521524760787487,0.0261087783521066,0.001121940583308716,1.0878237501056884
500,2022-11-08,Hanwha Ocean,False,8,0.04690156533974332,0.03197966244421324,0.02169364030674513,0.001121940583308716,1.0878237501056884
500,2022-11-08,Hanwha Ocean,False,9,0.002638213050360605,-0.0019122615109918861,-0.012409366501508843,0.001121940583308716,1.0878237501056884
500,2022-11-08,Hanwha Ocean,False,10,0.015653397432139338,0.01701106639341876,0.005910896139913255,0.001121940583308716,1.0878237501056884
501,2023-02-13,Hanwha Ocean,True,1,0.01728384392688942,0.019586247895602593,0.018274125862688916,0.0007169446315925953,0.7414974047088139
501,2023-02-13,Hanwha Ocean,True,2,0.0038456552737329286,0.021419188553383872,0.015442495328972882,0.0007169446315925953,0.7414974047088139
501,2023-02-13,Hanwha Ocean,True,3,-0.0019444324417750014,-0.003623690169395344,-0.005340431583420492,0.0007169446315925953,0.7414974047088139
501,2023-02-13,Hanwha Ocean,True,4,-0.03456768785377873,-0.026426322677942315,-0.031398665231479696,0.0007169446315925953,0.7414974047088139
501,2023-02-13,Hanwha Ocean,True,5,-0.05759840988635878,-0.0510391887382321,-0.056319487586074655,0.0007169446315925953,0.7414974047088139
501,2023-02-13,Hanwha Ocean,True,6,-0.0019444324417750014,0.0030609695077824517,-0.002534607676209285,0.0007169446315925953,0.7414974047088139
501,2023-02-13,Hanwha Ocean,True,7,0.0038456552737329286,0.025554613607909338,0.014924179116308344,0.0007169446315925953,0.7414974047088139
501,2023-02-13,Hanwha Ocean,True,8,-0.0019444324417750014,0.011101174579545403,0.0019932942546443963,0.0007169446315925953,0.7414974047088139
501,2023-02-13,Hanwha Ocean,True,9,-0.0038456552737329286,0.015463785391819584,0.004019743181819732,0.0007169446315925953,0.7414974047088139
501,2023-02-13,Hanwha Ocean,True,10,-0.023030722032580053,0.004764028162658973,-0.009590433214206473,0.0007169446315925953,0.7414974047088139
502,2023-03-14,Hanwha Ocean,True,1,0.0365528927620431,0.036708349068317325,0.03653668202126496,0.00013390321025653172,0.757077485623403
502,2023-03-14,Hanwha Ocean,True,2,0.027983539094650123,0.028899470845130226,0.028409163980793177,0.00013390321025653172,0.757077485623403
502,2023-03-14,Hanwha Ocean,True,3,0.006439118857419546,-0.0001152551368410748,0.0010752402432396982,0.00013390321025653172,0.757077485623403
502,2023-03-14,Hanwha Ocean,True,4,0.0,0.00037393543941632856,-0.0002525147387673305,0.00013390321025653172,0.757077485623403
502,2023-03-14,Hanwha Ocean,True,5,0.05591866376180099,0.052448206762275795,0.05262174285135366,0.00013390321025653172,0.757077485623403
502,2023-03-14,Hanwha Ocean,True,6,0.05591866376180099,0.04042765291767325,0.0433873489606247,0.00013390321025653172,0.757077485623403
502,2023-03-14,Hanwha Ocean,True,7,0.040861776809489214,0.02221122157838451,0.025804538877848338,0.00013390321025653172,0.757077485623403
502,2023-03-14,Hanwha Ocean,True,8,0.015056886952311777,0.00040618046642260097,0.002893941241316063,0.00013390321025653172,0.757077485623403
502,2023-03-14,Hanwha Ocean,True,9,0.002178649237472685,-0.010060383740271739,-0.00829237596808876,0.00013390321025653172,0.757077485623403
502,2023-03-14,Hanwha Ocean,True,10,0.07097555071411277,0.04793020368942047,0.05218940523077463,0.00013390321025653172,0.757077485623403
503,2023-04-07,Hanwha Ocean,True,1,-0.00995560339028656,-0.018142850548830136,-0.016386827580649778,0.0010188402918860976,0.6610749368704688
503,2023-04-07,Hanwha Ocean,True,2,-0.003991210368177955,-0.02653824690577522,-0.020934171707658416,0.0010188402918860976,0.6610749368704688
503,2023-04-07,Hanwha Ocean,True,3,0.02188438943450377,-0.0017783601962675366,0.0031850178405016284,0.0010188402918860976,0.6610749368704688
503,2023-04-07,Hanwha Ocean,True,4,0.04780483429750215,0.019719365858537286,0.025162873854691518,0.0010188402918860976,0.6610749368704688
503,2023-04-07,Hanwha Ocean,True,5,0.05973362034171936,0.027703022512142628,0.03346479344417806,0.0010188402918860976,0.6610749368704688
503,2023-04-07,Hanwha Ocean,True,6,0.12547647876586399,0.09167197738526944,0.09701612839843318,0.0010188402918860976,0.6610749368704688
503,2023-04-07,Hanwha Ocean,True,7,0.11753890308982462,0.08566883951825832,0.08933852078299093,0.0010188402918860976,0.6610749368704688
503,2023-04-07,Hanwha Ocean,True,8,0.18328176151396924,0.14981036871874664,0.153003940299812,0.0010188402918860976,0.6610749368704688
503,2023-04-07,Hanwha Ocean,True,9,0.18722812682183054,0.15856072169757685,0.1591072611620995,0.0010188402918860976,0.6610749368704688
503,2023-04-07,Hanwha Ocean,True,10,0.11951208574375527,0.09835367053795019,0.09533638482843754,0.0010188402918860976,0.6610749368704688
504,2023-07-31,Hanwha Ocean,True,1,0.037122803666921333,0.028527086020930348,0.029602070340053625,0.002768640718656261,0.5528441956708302
504,2023-07-31,Hanwha Ocean,True,2,0.00532372039724982,0.015863212293148354,0.005613135879904557,0.002768640718656261,0.5528441956708302
504,2023-07-31,Hanwha Ocean,True,3,-0.0222498090145149,-0.007520235661617636,-0.0224125720376267,0.002768640718656261,0.5528441956708302
504,2023-07-31,Hanwha Ocean,True,4,-0.013774828113063409,0.0019341956887169998,-0.016164748359219237,0.002768640718656261,0.5528441956708302
504,2023-07-31,Hanwha Ocean,True,5,-0.040297937356760904,-0.016235222274736616,-0.04083820858486414,0.002768640718656261,0.5528441956708302
504,2023-07-31,Hanwha Ocean,True,6,-0.013774828113063409,0.01283294547127145,-0.015676719239177808,0.002768640718656261,0.5528441956708302
504,2023-07-31,Hanwha Ocean,True,7,-0.03179908326967151,-0.016967405043724626,-0.04297996108099317,0.002768640718656261,0.5528441956708302
504,2023-07-31,Hanwha Ocean,True,8,-0.014825248281130632,0.0013527016042851336,-0.028030488338375043,0.002768640718656261,0.5528441956708302
504,2023-07-31,Hanwha Ocean,True,9,-0.015899541634835757,0.004173520074324144,-0.029720032447490663,0.002768640718656261,0.5528441956708302
504,2023-07-31,Hanwha Ocean,True,10,-0.08164629488158903,-0.05386242442620115,-0.09397255055362018,0.002768640718656261,0.5528441956708302
505,2023-11-10,Hanwha Ocean,False,1,-0.06211180124223603,-0.05080892698876882,-0.05529807662287358,0.002942245510729268,0.8631406411602807
505,2023-11-10,Hanwha Ocean,False,2,-0.039337474120082816,-0.040164212739059235,-0.045935556843196626,0.002942245510729268,0.8631406411602807
505,2023-11-10,Hanwha Ocean,False,3,0.037267080745341685,0.014468015247899979,0.008761544201836814,0.002942245510729268,0.8631406411602807
505,2023-11-10,Hanwha Ocean,False,4,0.05175983436852993,0.028339686624991645,0.01977597098618672,0.002942245510729268,0.8631406411602807
505,2023-11-10,Hanwha Ocean,False,5,0.01449275362318847,-0.0013880314905807545,-0.013925824975685279,0.002942245510729268,0.8631406411602807
505,2023-11-10,Hanwha Ocean,False,6,0.1366459627329193,0.11198365049718761,0.09770544567289921,0.002942245510729268,0.8631406411602807
505,2023-11-10,Hanwha Ocean,False,7,0.10766045548654235,0.07509271227731573,0.05895419415668224,0.002942245510729268,0.8631406411602807
505,2023-11-10,Hanwha Ocean,False,8,0.1428571428571428,0.10976291933334426,0.09075420946027554,0.002942245510729268,0.8631406411602807
505,2023-11-10,Hanwha Ocean,False,9,0.1262939958592133,0.0918588927842392,0.0700914493160964,0.002942245510729268,0.8631406411602807
505,2023-11-10,Hanwha Ocean,False,10,-0.06211180124223603,-0.08900754168744107,-0.11474906300188348,0.002942245510729268,0.8631406411602807
506,2023-11-14,Hanwha Ocean,False,1,0.043749999999999956,0.04195321407133146,0.03916391622693076,0.003045851074865925,0.8572154721540217
506,2023-11-14,Hanwha Ocean,False,2,0.05833333333333335,0.0559282185364387,0.05017992956739683,0.003045851074865925,0.8572154721540217
506,2023-11-14,Hanwha Ocean,False,3,0.02083333333333326,0.025812766983185687,0.015964227675953357,0.003045851074865925,0.8572154721540217
506,2023-11-14,Hanwha Ocean,False,4,0.14375000000000004,0.14012822746665288,0.12846195624832868,0.003045851074865925,0.8572154721540217
506,2023-11-14,Hanwha Ocean,False,5,0.11458333333333326,0.10321846090110554,0.08961193347104132,0.003045851074865925,0.8572154721540217
506,2023-11-14,Hanwha Ocean,False,6,0.1499999999999999,0.1381194580635805,0.12154070918533094,0.003045851074865925,0.8572154721540217
506,2023-11-14,Hanwha Ocean,False,7,0.1333333333333333,0.12013944562842527,0.10070237113076194,0.003045851074865925,0.8572154721540217
506,2023-11-14,Hanwha Ocean,False,8,-0.05625000000000002,-0.062059339258161095,-0.08559666409401487,0.003045851074865925,0.8572154721540217
506,2023-11-14,Hanwha Ocean,False,9,-0.027083333333333348,-0.032501891795349014,-0.0591408651575376,0.003045851074865925,0.8572154721540217
506,2023-11-14,Hanwha Ocean,False,10,0.06458333333333344,0.04864995138740613,0.020466481056885748,0.003045851074865925,0.8572154721540217
507,2023-11-27,Hanwha Ocean,False,1,0.1012931034482758,0.09506041094107331,0.09296003099976087,0.002623633005316505,0.9160470272840534
507,2023-11-27,Hanwha Ocean,False,2,0.15517241379310343,0.14971781029928422,0.14492847446694412,0.002623633005316505,0.9160470272840534
507,2023-11-27,Hanwha Ocean,False,3,0.17672413793103448,0.16509270473097382,0.15819829910911634,0.002623633005316505,0.9160470272840534
507,2023-11-27,Hanwha Ocean,False,4,0.17025862068965525,0.17070951329741046,0.16017712750134774,0.002623633005316505,0.9160470272840534
507,2023-11-27,Hanwha Ocean,False,5,0.16163793103448265,0.15812256477401831,0.1452995251951871,0.002623633005316505,0.9160470272840534
507,2023-11-27,Hanwha Ocean,False,6,0.10991379310344818,0.11464617038484493,0.09850707521215923,0.002623633005316505,0.9160470272840534
507,2023-11-27,Hanwha Ocean,False,7,0.1443965517241379,0.1486900069979853,0.1299641276273073,0.002623633005316505,0.9160470272840534
507,2023-11-27,Hanwha Ocean,False,8,0.10775862068965525,0.11337283218621952,0.09191243839909487,0.002623633005316505,0.9160470272840534
507,2023-11-27,Hanwha Ocean,False,9,0.10991379310344818,0.10524126882308082,0.08202084407865656,0.002623633005316505,0.9160470272840534
507,2023-11-27,Hanwha Ocean,False,10,0.09698275862068972,0.08931359408877992,0.0637211131963164,0.002623633005316505,0.9160470272840534
508,2023-12-22,Hanwha Ocean,True,1,-0.019920318725099584,-0.01729523441582248,-0.01889595968169161,0.001966362608966972,1.1392859428574058
508,2023-12-22,Hanwha Ocean,True,2,-0.005976095617529875,-0.00753198500375829,-0.011681423741834888,0.001966362608966972,1.1392859428574058
508,2023-12-22,Hanwha Ocean,True,3,0.0,-0.017566987552884994,-0.025912909804253807,0.001966362608966972,1.1392859428574058
508,2023-12-22,Hanwha Ocean,True,4,0.013944223107569709,-0.009191008972876613,-0.02027887202229437,0.001966362608966972,1.1392859428574058
508,2023-12-22,Hanwha Ocean,True,5,-0.007968127490039834,-0.007151860398249998,-0.016869978911581436,0.001966362608966972,1.1392859428574058
508,2023-12-22,Hanwha Ocean,True,6,0.0,0.008591881783064581,-0.0020095655156637336,0.001966362608966972,1.1392859428574058
508,2023-12-22,Hanwha Ocean,True,7,-0.007968127490039834,0.00404977673462148,-0.008040836407045374,0.001966362608966972,1.1392859428574058
508,2023-12-22,Hanwha Ocean,True,8,-0.03585657370517925,-0.01990679137640372,-0.033416111778105606,0.001966362608966972,1.1392859428574058
508,2023-12-22,Hanwha Ocean,True,9,-0.05179282868525892,-0.03332143252363029,-0.04844589017406793,0.001966362608966972,1.1392859428574058
508,2023-12-22,Hanwha Ocean,True,10,-0.06374501992031878,-0.03789272977377389,-0.053955495255358886,0.001966362608966972,1.1392859428574058
509,2024-01-22,Hanwha Ocean,True,1,-0.004474272930648726,-0.0045912876825774385,-0.006881610084339347,0.002243187984440298,1.4028074797810581
509,2024-01-22,Hanwha Ocean,True,2,-0.020134228187919434,-0.01665203057017839,-0.01973575129255711,0.002243187984440298,1.4028074797810581
509,2024-01-22,Hanwha Ocean,True,3,-0.006711409395973145,-0.003491486222210294,-0.008924041036819149,0.002243187984440298,1.4028074797810581
509,2024-01-22,Hanwha Ocean,True,4,-0.017897091722595126,-0.01799393151729478,-0.027005691248701457,0.002243187984440298,1.4028074797810581
509,2024-01-22,Hanwha Ocean,True,5,-0.015659955257270708,-0.02467009115578267,-0.03951538121174861,0.002243187984440298,1.4028074797810581
509,2024-01-22,Hanwha Ocean,True,6,-0.029082774049216997,-0.03735047152169835,-0.05413988981082257,0.002243187984440298,1.4028074797810581
509,2024-01-22,Hanwha Ocean,True,7,-0.017897091722595126,-0.025470770666395692,-0.04422382108550095,0.002243187984440298,1.4028074797810581
509,2024-01-22,Hanwha Ocean,True,8,-0.01342281879194629,-0.039303253925423665,-0.06767359065269923,0.002243187984440298,1.4028074797810581
509,2024-01-22,Hanwha Ocean,True,9,0.008948545861297452,-0.04632680195496519,-0.08878081736281804,0.002243187984440298,1.4028074797810581
509,2024-01-22,Hanwha Ocean,True,10,0.0,-0.045591368346298955,-0.08638779237404452,0.002243187984440298,1.4028074797810581
510,2024-02-23,Hanwha Ocean,True,1,0.04318181818181821,0.04704657066079165,0.048777093223150325,0.0003514768690211345,1.5387148187903676
510,2024-02-23,Hanwha Ocean,True,2,0.09772727272727266,0.10988223914118112,0.11572734593221054,0.0003514768690211345,1.5387148187903676
510,2024-02-23,Hanwha Ocean,True,3,0.1045454545454545,0.10644960717871699,0.10642097181243079,0.0003514768690211345,1.5387148187903676
510,2024-02-23,Hanwha Ocean,True,4,0.07272727272727275,0.0783682308246253,0.08000119106776009,0.0003514768690211345,1.5387148187903676
510,2024-02-23,Hanwha Ocean,True,5,0.040909090909091006,0.03454184534490112,0.029354331459489125,0.0003514768690211345,1.5387148187903676
510,2024-02-23,Hanwha Ocean,True,6,0.022727272727272707,0.025718974987042675,0.02522178811366258,0.0003514768690211345,1.5387148187903676
510,2024-02-23,Hanwha Ocean,True,7,0.013636363636363669,0.019604715565917585,0.020359617110976426,0.0003514768690211345,1.5387148187903676
510,2024-02-23,Hanwha Ocean,True,8,0.031818181818181746,0.03547972433234059,0.03464043659217982,0.0003514768690211345,1.5387148187903676
510,2024-02-23,Hanwha Ocean,True,9,0.02499999999999991,0.016344760757897925,0.008518763296811463,0.0003514768690211345,1.5387148187903676
510,2024-02-23,Hanwha Ocean,True,10,0.11136363636363633,0.11042661263699127,0.10640705537967807,0.0003514768690211345,1.5387148187903676
511,2024-03-25,Hanwha Ocean,False,1,-0.04530744336569581,-0.045550512273917376,-0.0459508040128339,0.0002517188050985995,1.6112379197527384
511,2024-03-25,Hanwha Ocean,False,2,-0.08737864077669899,-0.08690338664271358,-0.08711633090469964,0.0002517188050985995,1.6112379197527384
511,2024-03-25,Hanwha Ocean,False,3,-0.11326860841423947,-0.10942304061252572,-0.1078276401644339,0.0002517188050985995,1.6112379197527384
511,2024-03-25,Hanwha Ocean,False,4,-0.10679611650485432,-0.10324440812949787,-0.102080344510971,0.0002517188050985995,1.6112379197527384
511,2024-03-25,Hanwha Ocean,False,5,-0.09546925566343045,-0.0923637782688389,-0.0917241867518226,0.0002517188050985995,1.6112379197527384
511,2024-03-25,Hanwha Ocean,False,6,-0.08576051779935279,-0.08457782430561811,-0.08536523002539423,0.0002517188050985995,1.6112379197527384
511,2024-03-25,Hanwha Ocean,False,7,-0.10194174757281549,-0.0840018109884052,-0.07479827310574441,0.0002517188050985995,1.6112379197527384
511,2024-03-25,Hanwha Ocean,False,8,-0.1634304207119741,-0.15819899734398224,-0.15701510344797381,0.0002517188050985995,1.6112379197527384
511,2024-03-25,Hanwha Ocean,False,9,-0.12135922330097082,-0.10604588208301413,-0.09895125649837382,0.0002517188050985995,1.6112379197527384
511,2024-03-25,Hanwha Ocean,False,10,-0.1326860841423948,-0.11862073851291888,-0.11254065396074074,0.0002517188050985995,1.6112379197527384
512,2024-04-02,Hanwha Ocean,False,1,-0.021164021164021163,-0.012481202232472954,-0.007417072048593579,0.00016369851079286622,1.6020888764220818
512,2024-04-02,Hanwha Ocean,False,2,-0.08818342151675485,-0.09232890908761637,-0.09515225806296383,0.00016369851079286622,1.6020888764220818
512,2024-04-02,Hanwha Ocean,False,3,-0.042328042328042326,-0.036296577637928595,-0.033156195371857156,0.00016369851079286622,1.6020888764220818
512,2024-04-02,Hanwha Ocean,False,4,-0.05467372134038806,-0.04990201612410505,-0.04768381953498729,0.00016369851079286622,1.6020888764220818
512,2024-04-02,Hanwha Ocean,False,5,-0.03880070546737213,-0.029455047975465387,-0.024646624110701974,0.00016369851079286622,1.6020888764220818
512,2024-04-02,Hanwha Ocean,False,6,-0.07760141093474426,-0.06891492991170245,-0.06466708737723467,0.00016369851079286622,1.6020888764220818
512,2024-04-02,Hanwha Ocean,False,7,0.005291005291005346,0.023183984329193552,0.03281125839859009,0.00016369851079286622,1.6020888764220818
512,2024-04-02,Hanwha Ocean,False,8,0.04585537918871263,0.06791948043821827,0.07989444228245324,0.00016369851079286622,1.6020888764220818
512,2024-04-02,Hanwha Ocean,False,9,0.022927689594356204,0.06725730712552047,0.09247439013994399,0.00016369851079286622,1.6020888764220818
512,2024-04-02,Hanwha Ocean,False,10,0.022927689594356204,0.07657732997697153,0.10724219656746048,0.00016369851079286622,1.6020888764220818
513,2024-04-17,Hanwha Ocean,False,1,0.13265306122448983,0.11753435394331424,0.10937993846644814,0.00022969443422277822,1.524166576894471
513,2024-04-17,Hanwha Ocean,False,2,0.11224489795918369,0.11363193532442917,0.11389958508374906,0.00022969443422277822,1.524166576894471
513,2024-04-17,Hanwha Ocean,False,3,0.09523809523809534,0.08214600366280611,0.07459448353472947,0.00022969443422277822,1.524166576894471
513,2024-04-17,Hanwha Ocean,False,4,0.18197278911564618,0.17135424750837802,0.16486958516559364,0.00022969443422277822,1.524166576894471
513,2024-04-17,Hanwha Ocean,False,5,0.17176870748299322,0.14083392135644912,0.12347046823442204,0.00022969443422277822,1.524166576894471
513,2024-04-17,Hanwha Ocean,False,6,0.10884353741496589,0.09606738212842725,0.08799238194067342,0.00022969443422277822,1.524166576894471
513,2024-04-17,Hanwha Ocean,False,7,0.1054421768707483,0.08198968675338958,0.0680888142493628,0.00022969443422277822,1.524166576894471
513,2024-04-17,Hanwha Ocean,False,8,0.12925170068027203,0.09381289599825027,0.07339950358506095,0.00022969443422277822,1.524166576894471
513,2024-04-17,Hanwha Ocean,False,9,0.09013605442176864,0.05291721845434871,0.03134109870130439,0.00022969443422277822,1.524166576894471
513,2024-04-17,Hanwha Ocean,False,10,0.061224489795918435,0.027245927228974676,0.0071385560582373705,0.00022969443422277822,1.524166576894471
514,2024-04-30,Hanwha Ocean,False,1,-0.028037383177570097,-0.02975814882496619,-0.03137032846980419,0.0007330714199715121,1.510882017081628
514,2024-04-30,Hanwha Ocean,False,2,-0.034267912772585674,-0.033368336805075005,-0.03437490246021802,0.0007330714199715121,1.510882017081628
514,2024-04-30,Hanwha Ocean,False,3,0.0031152647975076775,-0.017533922971245453,-0.03028243592955787,0.0007330714199715121,1.510882017081628
514,2024-04-30,Hanwha Ocean,False,4,0.010903426791277315,-0.013735996285645813,-0.029256120126797965,0.0007330714199715121,1.510882017081628
514,2024-04-30,Hanwha Ocean,False,5,0.014018691588784993,0.0016635195868739405,-0.008313872706710395,0.0007330714199715121,1.510882017081628
514,2024-04-30,Hanwha Ocean,False,6,-0.014018691588784993,-0.03215578547316156,-0.04582012910063979,0.0007330714199715121,1.510882017081628
514,2024-04-30,Hanwha Ocean,False,7,0.03426791277258556,0.016287591463459927,0.0019702687054774584,0.0007330714199715121,1.510882017081628
514,2024-04-30,Hanwha Ocean,False,8,0.012461059190031154,-0.006687591072749521,-0.022334863503161655,0.0007330714199715121,1.510882017081628
514,2024-04-30,Hanwha Ocean,False,9,0.024922118380062308,-0.002684785585537419,-0.023386299148605412,0.0007330714199715121,1.510882017081628
514,2024-04-30,Hanwha Ocean,False,10,-0.0015576323987538387,-0.01857118949383274,-0.03459382406001521,0.0007330714199715121,1.510882017081628
515,2024-07-01,Hanwha Ocean,True,1,-0.022012578616352196,-0.015655942381024412,-0.012761450699169582,-0.0001384936338080154,1.4335623348603808
515,2024-07-01,Hanwha Ocean,True,2,-0.055031446540880546,-0.053373504318737774,-0.05237769575022592,-0.0001384936338080154,1.4335623348603808
515,2024-07-01,Hanwha Ocean,True,3,-0.05188679245283023,-0.06128060732785923,-0.06493793073689892,-0.0001384936338080154,1.4335623348603808
515,2024-07-01,Hanwha Ocean,True,4,-0.053459119496855334,-0.0761772157218209,-0.08547295202946772,-0.0001384936338080154,1.4335623348603808
515,2024-07-01,Hanwha Ocean,True,5,-0.04402515723270439,-0.06514605480832136,-0.07361081230651273,-0.0001384936338080154,1.4335623348603808
515,2024-07-01,Hanwha Ocean,True,6,-0.04874213836477992,-0.07330040753027034,-0.08311698624694197,-0.0001384936338080154,1.4335623348603808
515,2024-07-01,Hanwha Ocean,True,7,-0.061320754716981174,-0.08609698611426198,-0.095869571411252,-0.0001384936338080154,1.4335623348603808
515,2024-07-01,Hanwha Ocean,True,8,-0.05660377358490565,-0.08972688651435368,-0.1029798716234251,-0.0001384936338080154,1.4335623348603808
515,2024-07-01,Hanwha Ocean,True,9,-0.05974842767295596,-0.08059776574666999,-0.08839081073793074,-0.0001384936338080154,1.4335623348603808
515,2024-07-01,Hanwha Ocean,True,10,-0.053459119496855334,-0.07570913289617287,-0.08397096431817558,-0.0001384936338080154,1.4335623348603808
516,2024-08-23,Hanwha Ocean,True,1,-0.025335320417287588,-0.018389853558243408,-0.014753352891168008,-0.0012708924045423463,1.3405974444255864
516,2024-08-23,Hanwha Ocean,True,2,-0.010432190760059634,-0.00026243721923335794,0.005743139656294822,-0.0012708924045423463,1.3405974444255864
516,2024-08-23,Hanwha Ocean,True,3,-0.03576751117734722,-0.025811237804949427,-0.018607479324681184,-0.0012708924045423463,1.3405974444255864
516,2024-08-23,Hanwha Ocean,True,4,-0.025335320417287588,-0.005238739044536533,0.0066896748308827025,-0.0012708924045423463,1.3405974444255864
516,2024-08-23,Hanwha Ocean,True,5,0.02980625931445613,0.04547496753859559,0.05716615153989939,-0.0012708924045423463,1.3405974444255864
516,2024-08-23,Hanwha Ocean,True,6,0.02980625931445613,0.04301258421654974,0.05513597915571089,-0.0012708924045423463,1.3405974444255864
516,2024-08-23,Hanwha Ocean,True,7,0.013412816691505292,0.032644435312865094,0.048090922299264184,-0.0012708924045423463,1.3405974444255864
516,2024-08-23,Hanwha Ocean,True,8,-0.023845007451564815,0.026241856892830207,0.053468454124160944,-0.0012708924045423463,1.3405974444255864
516,2024-08-23,Hanwha Ocean,True,9,-0.0432190760059612,0.008818555394763172,0.03798047130469165,-0.0012708924045423463,1.3405974444255864
516,2024-08-23,Hanwha Ocean,True,10,-0.08643815201192251,-0.02290939844165074,0.01143725671735013,-0.0012708924045423463,1.3405974444255864
517,2024-10-02,Hanwha Ocean,False,1,0.01788617886178856,0.015541910811704529,0.01428221047470544,0.0003810779016495701,1.3747960628128786
517,2024-10-02,Hanwha Ocean,False,2,0.008130081300812941,-0.010077977364397528,-0.017664441866883467,0.0003810779016495701,1.3747960628128786
517,2024-10-02,Hanwha Ocean,False,3,0.003252032520325132,-0.008707245086259308,-0.014332768952242093,0.0003810779016495701,1.3747960628128786
517,2024-10-02,Hanwha Ocean,False,4,0.030894308943089532,0.01706273738635522,0.010354407217778323,0.0003810779016495701,1.3747960628128786
517,2024-10-02,Hanwha Ocean,False,5,0.003252032520325132,-0.009701901247276323,-0.016462374129559997,0.0003810779016495701,1.3747960628128786
517,2024-10-02,Hanwha Ocean,False,6,-0.001626016260162566,-0.024869765528797827,-0.03586789864958947,0.0003810779016495701,1.3747960628128786
517,2024-10-02,Hanwha Ocean,False,7,0.01300813008130075,-0.014198641381818922,-0.027063177519592946,0.0003810779016495701,1.3747960628128786
517,2024-10-02,Hanwha Ocean,False,8,0.006504065040650486,-0.011696192399767824,-0.02156620044381397,0.0003810779016495701,1.3747960628128786
517,2024-10-02,Hanwha Ocean,False,9,0.019512195121951237,0.00172540259552445,-0.008370718328295973,0.0003810779016495701,1.3747960628128786
517,2024-10-02,Hanwha Ocean,False,10,0.003252032520325132,-0.008496612016867244,-0.016710736749290682,0.0003810779016495701,1.3747960628128786
518,2024-10-10,Hanwha Ocean,False,1,-0.03442879499217533,-0.028644000082488574,-0.026915820900681117,0.0005327871875591999,1.3908464180088087
518,2024-10-10,Hanwha Ocean,False,2,-0.03912363067292646,-0.043438299013903836,-0.046190246054989254,0.0005327871875591999,1.3908464180088087
518,2024-10-10,Hanwha Ocean,False,3,-0.025039123630672955,-0.03324350185136027,-0.03804851525358299,0.0005327871875591999,1.3908464180088087
518,2024-10-10,Hanwha Ocean,False,4,-0.031298904538341166,-0.03066338107374289,-0.032546137754280904,0.0005327871875591999,1.3908464180088087
518,2024-10-10,Hanwha Ocean,False,5,-0.018779342723004744,-0.01773800307016904,-0.019994935134723668,0.0005327871875591999,1.3908464180088087
518,2024-10-10,Hanwha Ocean,False,6,-0.03442879499217533,-0.027461007609230426,-0.027934395994514638,0.0005327871875591999,1.3908464180088087
518,2024-10-10,Hanwha Ocean,False,7,-0.029733959311424085,-0.0270157565411544,-0.029682867037887275,0.0005327871875591999,1.3908464180088087
518,2024-10-10,Hanwha Ocean,False,8,-0.04538341158059467,-0.029564237148545836,-0.027643666986396618,0.0005327871875591999,1.3908464180088087
518,2024-10-10,Hanwha Ocean,False,9,-0.04381846635367759,-0.03907118264222054,-0.042010808496358784,0.0005327871875591999,1.3908464180088087
518,2024-10-10,Hanwha Ocean,False,10,-0.06885758998435054,-0.05699320916031403,-0.057683930288938964,0.0005327871875591999,1.3908464180088087
519,2024-11-11,Hanwha Ocean,False,1,-0.01997336884154466,-0.002025949203420363,0.0039368761100423665,0.0011291639490519764,1.3951536992788505
519,2024-11-11,Hanwha Ocean,False,2,-0.09986684420772307,-0.056012955270485554,-0.04094225672727624,0.0011291639490519764,1.3951536992788505
519,2024-11-11,Hanwha Ocean,False,3,0.04394141145139807,0.08709116975262354,0.10075446452118514,0.0011291639490519764,1.3951536992788505
519,2024-11-11,Hanwha Ocean,False,4,0.04127829560585883,0.0852192119250752,0.09806597176210805,0.0011291639490519764,1.3951536992788505
519,2024-11-11,Hanwha Ocean,False,5,0.01464713715046595,0.03793487341002899,0.04149128879556567,0.0011291639490519764,1.3951536992788505
519,2024-11-11,Hanwha Ocean,False,6,-0.013315579227696439,0.008832889485959838,0.010809955137211141,0.0011291639490519764,1.3951536992788505
519,2024-11-11,Hanwha Ocean,False,7,0.0,0.01805818176064311,0.017289791442247265,0.0011291639490519764,1.3951536992788505
519,2024-11-11,Hanwha Ocean,False,8,-0.045272969374167804,-0.026558126458592346,-0.028196198641495925,0.0011291639490519764,1.3951536992788505
519,2024-11-11,Hanwha Ocean,False,9,0.015978695073235683,0.026540654613414705,0.020551776455882204,0.0011291639490519764,1.3951536992788505
519,2024-11-11,Hanwha Ocean,False,10,0.005326231691078487,0.002794526033507383,-0.009497526313086799,0.0011291639490519764,1.3951536992788505
520,2024-11-18,Hanwha Ocean,False,1,-0.04139715394566623,-0.042539256629607336,-0.04392085341538723,0.0010466802104791473,1.2932455899193143
520,2024-11-18,Hanwha Ocean,False,2,-0.028460543337645583,-0.03379035586270496,-0.03744666030173364,0.0010466802104791473,1.2932455899193143
520,2024-11-18,Hanwha Ocean,False,3,-0.07244501940491588,-0.07710253035006664,-0.08160836552617048,0.0010466802104791473,1.2932455899193143
520,2024-11-18,Hanwha Ocean,False,4,-0.012936610608020649,-0.025941191168784794,-0.033941447908895916,0.0010466802104791473,1.2932455899193143
520,2024-11-18,Hanwha Ocean,False,5,-0.023285899094437235,-0.04969601115820066,-0.0626740611025699,0.0010466802104791473,1.2932455899193143
520,2024-11-18,Hanwha Ocean,False,6,-0.06856403622250973,-0.0893122349807769,-0.10167663402828302,0.0010466802104791473,1.2932455899193143
520,2024-11-18,Hanwha Ocean,False,7,-0.05821474773609314,-0.07195643002904639,-0.08331287923288129,0.0010466802104791473,1.2932455899193143
520,2024-11-18,Hanwha Ocean,False,8,-0.06856403622250973,-0.08295777004778415,-0.09555211069835151,0.0010466802104791473,1.2932455899193143
520,2024-11-18,Hanwha Ocean,False,9,-0.09443725743855114,-0.08908314485638646,-0.09693319684804749,0.0010466802104791473,1.2932455899193143
520,2024-11-18,Hanwha Ocean,False,10,-0.1410090556274256,-0.13507579168425532,-0.14380269030388482,0.0010466802104791473,1.2932455899193143
521,2024-12-19,Hanwha Ocean,True,1,0.006024096385542244,0.01651128990883588,0.01606122047797573,0.0016429316145818863,1.113744652568126
521,2024-12-19,Hanwha Ocean,True,2,0.07680722891566272,0.07171180286313605,0.06784636216794106,0.0016429316145818863,1.113744652568126
521,2024-12-19,Hanwha Ocean,True,3,0.0843373493975903,0.07985518544670067,0.0744165684216077,0.0016429316145818863,1.113744652568126
521,2024-12-19,Hanwha Ocean,True,4,0.13704819277108427,0.1370317293589598,0.13045813027554007,0.0016429316145818863,1.113744652568126
521,2024-12-19,Hanwha Ocean,True,5,0.11144578313253017,0.12167779376789445,0.1146269721897779,0.0016429316145818863,1.113744652568126
521,2024-12-19,Hanwha Ocean,True,6,0.125,0.1374051810357957,0.12895861435526565,0.0016429316145818863,1.113744652568126
521,2024-12-19,Hanwha Ocean,True,7,0.13855421686746983,0.151185769819977,0.14112202011988262,0.0016429316145818863,1.113744652568126
521,2024-12-19,Hanwha Ocean,True,8,0.125,0.11994161662475356,0.10622279964852467,0.0016429316145818863,1.113744652568126
521,2024-12-19,Hanwha Ocean,True,9,0.1475903614457832,0.12330271270914439,0.10575373801066175,0.0016429316145818863,1.113744652568126
521,2024-12-19,Hanwha Ocean,True,10,0.29216867469879526,0.266456940813389,0.24710305242985048,0.0016429316145818863,1.113744652568126
522,2025-02-10,Hanwha Ocean,True,1,0.056761268781302165,0.05432134884857742,0.051450370750200196,0.002425465581130364,1.182593088925399
522,2025-02-10,Hanwha Ocean,True,2,0.21702838063439067,0.21090094416903704,0.20493118545537325,0.002425465581130364,1.182593088925399
522,2025-02-10,Hanwha Ocean,True,3,0.2938230383973288,0.2739641431520141,0.2630616493831351,0.002425465581130364,1.182593088925399
522,2025-02-10,Hanwha Ocean,True,4,0.3005008347245408,0.2775308441604769,0.2636348203062758,0.002425465581130364,1.182593088925399
522,2025-02-10,Hanwha Ocean,True,5,0.3005008347245408,0.26988339285030327,0.25216553165784056,0.002425465581130364,1.182593088925399
522,2025-02-10,Hanwha Ocean,True,6,0.2954924874791318,0.2584041252655165,0.23707925315896622,0.002425465581130364,1.182593088925399
522,2025-02-10,Hanwha Ocean,True,7,0.3055091819699498,0.25076890710388877,0.22379545215955676,0.002425465581130364,1.182593088925399
522,2025-02-10,Hanwha Ocean,True,8,0.21702838063439067,0.16918147179185228,0.14104123226171827,0.002425465581130364,1.182593088925399
522,2025-02-10,Hanwha Ocean,True,9,0.21869782971619367,0.17064562016734186,0.14004242856595317,0.002425465581130364,1.182593088925399
522,2025-02-10,Hanwha Ocean,True,10,0.19365609348914847,0.14927955620140776,0.11692205137092239,0.002425465581130364,1.182593088925399
523,2025-02-25,Hanwha Ocean,True,1,-0.04353562005277045,-0.04780580934041312,-0.05247294006668341,0.003828063598813236,1.1964941296361735
523,2025-02-25,Hanwha Ocean,True,2,-0.0237467018469657,-0.02066288749943379,-0.027713063280882435,0.003828063598813236,1.1964941296361735
523,2025-02-25,Hanwha Ocean,True,3,-0.01978891820580475,0.017125594353799123,0.01289488857370237,0.003828063598813236,1.1964941296361735
523,2025-02-25,Hanwha Ocean,True,4,0.12269129287598934,0.16107356417560226,0.15330320077282622,0.003828063598813236,1.1964941296361735
523,2025-02-25,Hanwha Ocean,True,5,0.06200527704485492,0.08928049321605791,0.07549959508419074,0.003828063598813236,1.1964941296361735
523,2025-02-25,Hanwha Ocean,True,6,0.05145118733509224,0.07187052524661619,0.052914423684408594,0.003828063598813236,1.1964941296361735
523,2025-02-25,Hanwha Ocean,True,7,0.06068601583113464,0.08592690317875018,0.06409014417767195,0.003828063598813236,1.1964941296361735
523,2025-02-25,Hanwha Ocean,True,8,0.05277044854881274,0.07538381960278528,0.04920270547566957,0.003828063598813236,1.1964941296361735
523,2025-02-25,Hanwha Ocean,True,9,0.029023746701847042,0.06410546207833101,0.036546240818058066,0.003828063598813236,1.1964941296361735
523,2025-02-25,Hanwha Ocean,True,10,-0.0633245382585752,-0.04239566752020896,-0.07656390326833806,0.003828063598813236,1.1964941296361735
524,2025-03-17,Hanwha Ocean,True,1,0.029077117572692712,0.03475982243363196,0.03114220066178073,0.004961704059106399,1.2365215720587355
524,2025-03-17,Hanwha Ocean,True,2,0.012642225031605614,0.012128383667756593,0.002083440982377418,0.004961704059106399,1.2365215720587355
524,2025-03-17,Hanwha Ocean,True,3,-0.05436156763590394,-0.05810309401119085,-0.07387315788869213,0.004961704059106399,1.2365215720587355
524,2025-03-17,Hanwha Ocean,True,4,-0.07585335018963335,-0.0818900346567798,-0.10316465699339743,0.004961704059106399,1.2365215720587355
524,2025-03-17,Hanwha Ocean,True,5,-0.07585335018963335,-0.0776803417055415,-0.10292098490655406,0.004961704059106399,1.2365215720587355
524,2025-03-17,Hanwha Ocean,True,6,-0.134007585335019,-0.1296456430907883,-0.15838417400859184,0.004961704059106399,1.2365215720587355
524,2025-03-17,Hanwha Ocean,True,7,-0.10998735777496838,-0.1163323470604245,-0.15256500231466122,0.004961704059106399,1.2365215720587355
524,2025-03-17,Hanwha Ocean,True,8,-0.1466498103666245,-0.13899167092910958,-0.17687398822315475,0.004961704059106399,1.2365215720587355
524,2025-03-17,Hanwha Ocean,True,9,-0.1529709228824273,-0.1265975391038282,-0.1650150014439632,0.004961704059106399,1.2365215720587355
524,2025-03-17,Hanwha Ocean,True,10,-0.1517067003792667,-0.09607861495218839,-0.13253841332742217,0.004961704059106399,1.2365215720587355
525,2025-04-01,Hanwha Ocean,True,1,-0.016949152542372836,-0.009125331064874342,-0.0121974034563532,0.005336104436394442,1.2893767516841987
525,2025-04-01,Hanwha Ocean,True,2,0.011299435028248483,0.026709512553766968,0.0204966218585143,0.005336104436394442,1.2893767516841987
525,2025-04-01,Hanwha Ocean,True,3,-0.021186440677966156,0.0026492907463968596,-0.006461516029187316,0.005336104436394442,1.2893767516841987
525,2025-04-01,Hanwha Ocean,True,4,-0.11723163841807904,-0.039064693271936624,-0.03778941434204676,0.005336104436394442,1.2893767516841987
525,2025-04-01,Hanwha Ocean,True,5,-0.043785310734463234,0.031994101845418066,0.027242379920348614,0.005336104436394442,1.2893767516841987
525,2025-04-01,Hanwha Ocean,True,6,-0.031073446327683607,0.06075351101348414,0.0553094710275481,0.005336104436394442,1.2893767516841987
525,2025-04-01,Hanwha Ocean,True,7,0.03248587570621475,0.06438299403755521,0.036260547473603924,0.005336104436394442,1.2893767516841987
525,2025-04-01,Hanwha Ocean,True,8,0.09604519774011289,0.13282824507106528,0.10078356833358688,0.005336104436394442,1.2893767516841987
525,2025-04-01,Hanwha Ocean,True,9,0.13135593220338992,0.1589649945326398,0.11892947537897472,0.005336104436394442,1.2893767516841987
525,2025-04-01,Hanwha Ocean,True,10,0.12146892655367236,0.14055730881228612,0.09271999850124564,0.005336104436394442,1.2893767516841987
526,2025-04-28,Hanwha Ocean,True,1,-0.047330097087378675,-0.05327853351517997,-0.05974906818930616,0.005156463321798951,1.2209103801102497
526,2025-04-28,Hanwha Ocean,True,2,-0.047330097087378675,-0.04982397023706997,-0.06068781934611292,0.005156463321798951,1.2209103801102497
526,2025-04-28,Hanwha Ocean,True,3,-0.04247572815533984,-0.046216537879876674,-0.06251231154344108,0.005156463321798951,1.2209103801102497
526,2025-04-28,Hanwha Ocean,True,4,-0.024271844660194164,-0.033506233445607325,-0.056172059069474575,0.005156463321798951,1.2209103801102497
526,2025-04-28,Hanwha Ocean,True,5,-0.025485436893203928,-0.036947058302869595,-0.06526136605415336,0.005156463321798951,1.2209103801102497
526,2025-04-28,Hanwha Ocean,True,6,-0.03155339805825241,-0.04214843776024246,-0.07542777193888597,0.005156463321798951,1.2209103801102497
526,2025-04-28,Hanwha Ocean,True,7,-0.07524271844660191,-0.09762483784666076,-0.1386645236035934,0.005156463321798951,1.2209103801102497
526,2025-04-28,Hanwha Ocean,True,8,-0.05703883495145634,-0.07984836342905655,-0.12613893160957038,0.005156463321798951,1.2209103801102497
526,2025-04-28,Hanwha Ocean,True,9,-0.03519417475728159,-0.07061031043025479,-0.12484227231999803,0.005156463321798951,1.2209103801102497
526,2025-04-28,Hanwha Ocean,True,10,-0.02305825242718451,-0.050941793256515044,-0.10866619007793163,0.005156463321798951,1.2209103801102497
527,2025-07-22,Hanwha Ocean,False,1,-0.027939464493597188,-0.026096002044739164,-0.030912691410801073,0.00508490402089862,1.1454950465646119
527,2025-07-22,Hanwha Ocean,False,2,0.033760186263096514,0.03350937504556484,0.0233030752139939,0.00508490402089862,1.1454950465646119
527,2025-07-22,Hanwha Ocean,False,3,0.047729918509895164,0.04572342876964153,0.03017678238875605,0.00508490402089862,1.1454950465646119
527,2025-07-22,Hanwha Ocean,False,4,0.1362048894062864,0.12997536579084268,0.10872938487874387,0.00508490402089862,1.1454950465646119
527,2025-07-22,Hanwha Ocean,False,5,0.1268917345750873,0.11406274079834056,0.08677166564692257,0.00508490402089862,1.1454950465646119
527,2025-07-22,Hanwha Ocean,False,6,0.1525029103608848,0.13218093146037857,0.09871476006857263,0.00508490402089862,1.1454950465646119
527,2025-07-22,Hanwha Ocean,False,7,0.3073341094295692,0.28984316214695194,0.25170398781131803,0.00508490402089862,1.1454950465646119
527,2025-07-22,Hanwha Ocean,False,8,0.3667054714784632,0.3887266963777469,0.35125144335268904,0.00508490402089862,1.1454950465646119
527,2025-07-22,Hanwha Ocean,False,9,0.33061699650756693,0.34375323402578994,0.2999003553271,0.00508490402089862,1.1454950465646119
527,2025-07-22,Hanwha Ocean,False,10,0.3515715948777649,0.3489537527947777,0.29772382953002846,0.00508490402089862,1.1454950465646119
528,2025-07-29,Hanwha Ocean,False,1,-0.004024144869215318,-0.010568521993586266,-0.01720963086983871,0.005711092741763369,1.1421091903499478
528,2025-07-29,Hanwha Ocean,False,2,0.12977867203219318,0.12602709856723004,0.11407178001605905,0.005711092741763369,1.1421091903499478
528,2025-07-29,Hanwha Ocean,False,3,0.1810865191146882,0.21631357745428448,0.20418638796804478,0.005711092741763369,1.1421091903499478
528,2025-07-29,Hanwha Ocean,False,4,0.14989939637826954,0.17636144301159573,0.1572775720666068,0.005711092741763369,1.1421091903499478
528,2025-07-29,Hanwha Ocean,False,5,0.16800804828973837,0.17892874565559558,0.1519252134074975,0.005711092741763369,1.1421091903499478
528,2025-07-29,Hanwha Ocean,False,6,0.14889336016096588,0.15977075824528197,0.12704998002957799,0.005711092741763369,1.1421091903499478
528,2025-07-29,Hanwha Ocean,False,7,0.1770623742454729,0.17880362392459437,0.13907342231434786,0.005711092741763369,1.1421091903499478
528,2025-07-29,Hanwha Ocean,False,8,0.18410462776659964,0.19131086533738617,0.14664619598993306,0.005711092741763369,1.1421091903499478
528,2025-07-29,Hanwha Ocean,False,9,0.0764587525150906,0.08466705917297368,0.03443370031039922,0.005711092741763369,1.1421091903499478
528,2025-07-29,Hanwha Ocean,False,10,0.046277665995975825,0.059700443273750015,0.004497015867308496,0.005711092741763369,1.1421091903499478
529,2025-08-27,Hanwha Ocean,False,1,0.008264462809917328,0.0016541262464735418,-0.002135720979981692,0.003975990079602469,0.9718406390717479
529,2025-08-27,Hanwha Ocean,False,2,0.02846648301193766,0.02510305306922289,0.017245784947731747,0.003975990079602469,0.9718406390717479
529,2025-08-27,Hanwha Ocean,False,3,0.06887052341597788,0.07907418728713456,0.06685888839458869,0.003975990079602469,0.9718406390717479
529,2025-08-27,Hanwha Ocean,False,4,0.13131313131313127,0.13225161644695993,0.11632122898694078,0.003975990079602469,0.9718406390717479
529,2025-08-27,Hanwha Ocean,False,5,0.08080808080808088,0.07794538622200631,0.05814604747407059,0.003975990079602469,0.9718406390717479
529,2025-08-27,Hanwha Ocean,False,6,0.09182736455463725,0.08379670317456012,0.06016690098923947,0.003975990079602469,0.9718406390717479
529,2025-08-27,Hanwha Ocean,False,7,0.03305785123966931,0.023676149180355877,-0.0038915986424518725,0.003975990079602469,0.9718406390717479
529,2025-08-27,Hanwha Ocean,False,8,0.018365472910927494,0.004426764178291798,-0.026988651328451886,0.003975990079602469,0.9718406390717479
529,2025-08-27,Hanwha Ocean,False,9,0.010101010101010166,-0.01657968135468124,-0.05161228085058732,0.003975990079602469,0.9718406390717479
529,2025-08-27,Hanwha Ocean,False,10,0.016528925619834656,-0.027309037678468373,-0.06583448944361668,0.003975990079602469,0.9718406390717479
530,2025-09-05,Hanwha Ocean,False,1,-0.00805008944543828,-0.011096998764058341,-0.01563466695447962,0.004658486027868798,0.9603474127998541
530,2025-09-05,Hanwha Ocean,False,2,-0.01610017889087656,-0.031752195676916894,-0.04044852477218788,0.004658486027868798,0.9603474127998541
530,2025-09-05,Hanwha Ocean,False,3,-0.009838998211091243,-0.04246398224441428,-0.05514577530373597,0.004658486027868798,0.9603474127998541
530,2025-09-05,Hanwha Ocean,False,4,0.007155635062611854,-0.034712886750205785,-0.051686635649557014,0.004658486027868798,0.9603474127998541
530,2025-09-05,Hanwha Ocean,False,5,0.012522361359570633,-0.04534087665140207,-0.06633887969983318,0.004658486027868798,0.9603474127998541
530,2025-09-05,Hanwha Ocean,False,6,-0.020572450805008913,-0.08210257252560926,-0.10761366017586035,0.004658486027868798,0.9603474127998541
530,2025-09-05,Hanwha Ocean,False,7,-0.008944543828264706,-0.08365613111847803,-0.11330302558367313,0.004658486027868798,0.9603474127998541
530,2025-09-05,Hanwha Ocean,False,8,0.01073345259391778,-0.052693977690117855,-0.08744680420284934,0.004658486027868798,0.9603474127998541
530,2025-09-05,Hanwha Ocean,False,9,-0.007155635062611854,-0.0855060670196437,-0.12432564393511758,0.004658486027868798,0.9603474127998541
530,2025-09-05,Hanwha Ocean,False,10,-0.0008944543828264262,-0.07424147492298294,-0.11791793607383148,0.004658486027868798,0.9603474127998541
531,2025-09-17,Hanwha Ocean,False,1,-0.013333333333333308,-0.021644405732591188,-0.026132854171223734,0.005693175528927095,0.8550455305380181
531,2025-09-17,Hanwha Ocean,False,2,-0.007111111111111068,-0.010743745980327457,-0.021603530377965287,0.005693175528927095,0.8550455305380181
531,2025-09-17,Hanwha Ocean,False,3,-0.02577777777777779,-0.03622997818735951,-0.051794411609059565,0.005693175528927095,0.8550455305380181
531,2025-09-17,Hanwha Ocean,False,4,-0.01777777777777778,-0.03333955441879943,-0.05385650745762266,0.005693175528927095,0.8550455305380181
531,2025-09-17,Hanwha Ocean,False,5,-0.016888888888888842,-0.028357760965957657,-0.055161174343334285,0.005693175528927095,0.8550455305380181
531,2025-09-17,Hanwha Ocean,False,6,-0.02577777777777779,-0.03694660062346811,-0.06948668300691876,0.005693175528927095,0.8550455305380181
531,2025-09-17,Hanwha Ocean,False,7,-0.04888888888888887,-0.03527888880149599,-0.07710394784603122,0.005693175528927095,0.8550455305380181
531,2025-09-17,Hanwha Ocean,False,8,-0.04888888888888887,-0.04843444539282016,-0.09404572324011001,0.005693175528927095,0.8550455305380181
531,2025-09-17,Hanwha Ocean,False,9,-0.019555555555555548,-0.017175553399861987,-0.06875912511000276,0.005693175528927095,0.8550455305380181
531,2025-09-17,Hanwha Ocean,False,10,-0.01866666666666672,-0.025384273730349904,-0.0813422818516506,0.005693175528927095,0.8550455305380181
532,2025-10-01,Hanwha Ocean,False,1,0.0072267389340558985,0.0004957406019139299,-0.0036658962211443963,0.005447551555897094,0.8089563138504658
532,2025-10-01,Hanwha Ocean,False,2,-0.012646793134598044,-0.036791023140157475,-0.0430735235524474,0.005447551555897094,0.8089563138504658
532,2025-10-01,Hanwha Ocean,False,3,-0.011743450767841002,-0.028498616021934153,-0.041640302157438885,0.005447551555897094,0.8089563138504658
532,2025-10-01,Hanwha Ocean,False,4,-0.06865401987353204,-0.07895899962097064,-0.09878050452791205,0.005447551555897094,0.8089563138504658
532,2025-10-01,Hanwha Ocean,False,5,-0.05058717253839207,-0.08797215273966963,-0.10806774609487568,0.005447551555897094,0.8089563138504658
532,2025-10-01,Hanwha Ocean,False,6,-0.014453477868112019,-0.07767607450743474,-0.09828310593289594,0.005447551555897094,0.8089563138504658
532,2025-10-01,Hanwha Ocean,False,7,-0.031616982836495056,-0.09498707712152854,-0.12101348160895187,0.005447551555897094,0.8089563138504658
532,2025-10-01,Hanwha Ocean,False,8,0.027100271002709952,-0.054933948451094894,-0.08284224122341695,0.005447551555897094,0.8089563138504658
532,2025-10-01,Hanwha Ocean,False,9,0.09033423667570006,0.005704625956024945,-0.027155385257762038,0.005447551555897094,0.8089563138504658
532,2025-10-01,Hanwha Ocean,False,10,0.1960252935862692,0.09442210763712189,0.05935723924641262,0.005447551555897094,0.8089563138504658
533,2025-11-24,Hanwha Ocean,False,1,-0.05833333333333335,-0.03687917896894255,-0.04589583363854119,0.004415974263513713,0.7855575974730074
533,2025-11-24,Hanwha Ocean,False,2,-0.050833333333333286,-0.05552849054880826,-0.06335359828230729,0.004415974263513713,0.7855575974730074
533,2025-11-24,Hanwha Ocean,False,3,-0.07916666666666672,-0.0904670045353545,-0.10129165572396748,0.004415974263513713,0.7855575974730074
533,2025-11-24,Hanwha Ocean,False,4,-0.10166666666666668,-0.09766652461977088,-0.1161882217448113,0.004415974263513713,0.7855575974730074
533,2025-11-24,Hanwha Ocean,False,5,-0.125,-0.11942212278939512,-0.14269812749700636,0.004415974263513713,0.7855575974730074
533,2025-11-24,Hanwha Ocean,False,6,-0.11583333333333334,-0.1291679856735558,-0.1528043163699386,0.004415974263513713,0.7855575974730074
533,2025-11-24,Hanwha Ocean,False,7,-0.09833333333333338,-0.12216170009841831,-0.14796370772561515,0.004415974263513713,0.7855575974730074
533,2025-11-24,Hanwha Ocean,False,8,-0.11250000000000004,-0.13435239298288337,-0.16499410743877957,0.004415974263513713,0.7855575974730074
533,2025-11-24,Hanwha Ocean,False,9,-0.09583333333333333,-0.13583221725058092,-0.16699852885659147,0.004415974263513713,0.7855575974730074
533,2025-11-24,Hanwha Ocean,False,10,-0.050000000000000044,-0.10389918728883218,-0.1365006587074998,0.004415974263513713,0.7855575974730074
534,2025-11-28,Hanwha Ocean,False,1,-0.03403863845446187,-0.022055029913967017,-0.02877511141249295,0.003791797854156946,0.7556425817420714
534,2025-11-28,Hanwha Ocean,False,2,-0.023919043238270432,-0.030726136123207515,-0.036646368188316264,0.003791797854156946,0.7556425817420714
534,2025-11-28,Hanwha Ocean,False,3,-0.004599816007359703,-0.021833026354342477,-0.028997357128128783,0.003791797854156946,0.7556425817420714
534,2025-11-28,Hanwha Ocean,False,4,-0.02023919043238276,-0.03550915555264733,-0.04694501771559864,0.003791797854156946,0.7556425817420714
534,2025-11-28,Hanwha Ocean,False,5,-0.0018399264029438367,-0.035139488894123216,-0.0459614830454448,0.003791797854156946,0.7556425817420714
534,2025-11-28,Hanwha Ocean,False,6,0.048758049678012894,0.0016477248730772942,-0.009591304909237867,0.003791797854156946,0.7556425817420714
534,2025-11-28,Hanwha Ocean,False,7,0.059797608095676136,0.015535122964927428,-0.00019159542194149143,0.003791797854156946,0.7556425817420714
534,2025-11-28,Hanwha Ocean,False,8,0.034958601655933785,-0.0071491021284166845,-0.027194155176158766,0.003791797854156946,0.7556425817420714
534,2025-11-28,Hanwha Ocean,False,9,0.04047838086476552,0.004514954182776032,-0.02082329640891723,0.003791797854156946,0.7556425817420714
534,2025-11-28,Hanwha Ocean,False,10,0.04967801287948492,-0.000534693021843724,-0.026182824385619863,0.003791797854156946,0.7556425817420714
535,2025-12-02,Hanwha Ocean,False,1,-0.0018450184501844769,-0.008338363021359485,-0.011548385016864084,0.004501414141230281,0.8011206502950147
535,2025-12-02,Hanwha Ocean,False,2,-0.017527675276752808,-0.0220785024051684,-0.030176265147709862,0.004501414141230281,0.8011206502950147
535,2025-12-02,Hanwha Ocean,False,3,0.0009225092250921829,-0.021467560246712702,-0.030518880214001544,0.004501414141230281,0.8011206502950147
535,2025-12-02,Hanwha Ocean,False,4,0.05166051660516602,0.015605497728584439,0.004770439871438825,0.004501414141230281,0.8011206502950147
535,2025-12-02,Hanwha Ocean,False,5,0.0627306273062731,0.029493380843450323,0.013596512099809437,0.004501414141230281,0.8011206502950147
535,2025-12-02,Hanwha Ocean,False,6,0.037822878228782386,0.006717663105573424,-0.014104636785670796,0.004501414141230281,0.8011206502950147
535,2025-12-02,Hanwha Ocean,False,7,0.043357933579335706,0.018332124778908776,-0.008200657629632985,0.004501414141230281,0.8011206502950147
535,2025-12-02,Hanwha Ocean,False,8,0.0525830258302582,0.013458380545413817,-0.01477184857274036,0.004501414141230281,0.8011206502950147
535,2025-12-02,Hanwha Ocean,False,9,0.045202952029520294,0.025171831852773607,-0.011357119263685128,0.004501414141230281,0.8011206502950147
535,2025-12-02,Hanwha Ocean,False,10,0.002767527675276771,0.005542908822633863,-0.0400231985874388,0.004501414141230281,0.8011206502950147
536,2025-12-19,Hanwha Ocean,False,1,-0.02661934338952976,-0.028980033384793713,-0.03374333570935394,0.0052992207180470085,0.7729823083242853
536,2025-12-19,Hanwha Ocean,False,2,0.0949423247559893,0.08980104954396673,0.08036976853877564,0.0052992207180470085,0.7729823083242853
536,2025-12-19,Hanwha Ocean,False,3,0.05590062111801242,0.05288323452634103,0.037670572511134495,0.0052992207180470085,0.7729823083242853
536,2025-12-19,Hanwha Ocean,False,4,0.03371783496007108,0.025559173156376902,0.0062144508540263425,0.0052992207180470085,0.7729823083242853
536,2025-12-19,Hanwha Ocean,False,5,0.025732031943212164,-0.004612721563645339,-0.024220029258285036,0.0052992207180470085,0.7729823083242853
536,2025-12-19,Hanwha Ocean,False,6,0.007985803016858917,-0.020798990917119786,-0.04605965775114888,0.0052992207180470085,0.7729823083242853
536,2025-12-19,Hanwha Ocean,False,7,0.017746228926353247,-0.03434274980058305,-0.059612175114577615,0.0052992207180470085,0.7729823083242853
536,2025-12-19,Hanwha Ocean,False,8,0.04614019520851809,-0.04205244881310177,-0.06442492408891168,0.0052992207180470085,0.7729823083242853
536,2025-12-19,Hanwha Ocean,False,9,0.06299911268855363,-0.0417842750846833,-0.06568957872886483,0.0052992207180470085,0.7729823083242853
536,2025-12-19,Hanwha Ocean,False,10,0.07542147293700086,-0.0356066356303264,-0.0633934978927212,0.0052992207180470085,0.7729823083242853
537,2025-12-23,Hanwha Ocean,False,1,-0.09021406727828751,-0.08353650504785604,-0.09087927100826561,0.005328263659258494,0.6983177046302255
537,2025-12-23,Hanwha Ocean,False,2,-0.10932721712538229,-0.10774123565428795,-0.11887622550341861,0.005328263659258494,0.6983177046302255
537,2025-12-23,Hanwha Ocean,False,3,-0.11620795107033643,-0.1365936153451368,-0.14642841233185291,0.005328263659258494,0.6983177046302255
537,2025-12-23,Hanwha Ocean,False,4,-0.13149847094801226,-0.15033925388130442,-0.16596837787645913,0.005328263659258494,0.6983177046302255
537,2025-12-23,Hanwha Ocean,False,5,-0.12308868501529047,-0.16500839953862567,-0.1790032821362727,0.005328263659258494,0.6983177046302255
537,2025-12-23,Hanwha Ocean,False,6,-0.0986238532110092,-0.17629826281973615,-0.18483485059303428,0.005328263659258494,0.6983177046302255
537,2025-12-23,Hanwha Ocean,False,7,-0.08409785932721714,-0.1782026501517341,-0.18711074646531078,0.005328263659258494,0.6983177046302255
537,2025-12-23,Hanwha Ocean,False,8,-0.07339449541284404,-0.17368364691275717,-0.18605429476164426,0.005328263659258494,0.6983177046302255
537,2025-12-23,Hanwha Ocean,False,9,-0.00840978593272168,-0.10901565019591719,-0.12661901507066284,0.005328263659258494,0.6983177046302255
537,2025-12-23,Hanwha Ocean,False,10,0.02752293577981657,-0.08129086612722936,-0.10174630519258474,0.005328263659258494,0.6983177046302255
538,2026-01-15,Hanwha Ocean,False,1,-0.01869158878504673,-0.02285699352215742,-0.025414811767937834,0.0037981108473813226,0.7022395949784144
538,2026-01-15,Hanwha Ocean,False,2,-0.006675567423230944,-0.024100567319510602,-0.026508313987655928,0.0037981108473813226,0.7022395949784144
538,2026-01-15,Hanwha Ocean,False,3,-0.018024032042723626,-0.031526332557590964,-0.03890021462970487,0.0037981108473813226,0.7022395949784144
538,2026-01-15,Hanwha Ocean,False,4,-0.05540720961281709,-0.07392542081211362,-0.08360387413466111,0.0037981108473813226,0.7022395949784144
538,2026-01-15,Hanwha Ocean,False,5,-0.08077436582109476,-0.10812954125350449,-0.11897480737422025,0.0037981108473813226,0.7022395949784144
538,2026-01-15,Hanwha Ocean,False,6,-0.06341789052069424,-0.09856038138294132,-0.11088500415461919,0.0037981108473813226,0.7022395949784144
538,2026-01-15,Hanwha Ocean,False,7,-0.06675567423230977,-0.09350097466834961,-0.11212405910975966,0.0037981108473813226,0.7022395949784144
538,2026-01-15,Hanwha Ocean,False,8,-0.06208277703604803,-0.11688647611459746,-0.13095299125933807,0.0037981108473813226,0.7022395949784144
538,2026-01-15,Hanwha Ocean,False,9,-0.042723631508678195,-0.11535891381442076,-0.12791400036263756,0.0037981108473813226,0.7022395949784144
538,2026-01-15,Hanwha Ocean,False,10,-0.052736982643524666,-0.13583556250603324,-0.14907320418326733,0.0037981108473813226,0.7022395949784144
539,2026-01-21,Hanwha Ocean,False,1,-0.03706293706293706,-0.030139017960299275,-0.03532388488645941,0.0031881228879059235,0.7116164980186551
539,2026-01-21,Hanwha Ocean,False,2,-0.018881118881118875,-0.01948468089962252,-0.025686869346875356,0.0031881228879059235,0.7116164980186551
539,2026-01-21,Hanwha Ocean,False,3,-0.02237762237762242,-0.014864177582492588,-0.026595299768173406,0.0031881228879059235,0.7116164980186551
539,2026-01-21,Hanwha Ocean,False,4,-0.0174825174825175,-0.0370912649208881,-0.04418891721676675,0.0031881228879059235,0.7116164980186551
539,2026-01-21,Hanwha Ocean,False,5,0.002797202797202747,-0.0340481529835579,-0.03936317469128317,0.0031881228879059235,0.7116164980186551
539,2026-01-21,Hanwha Ocean,False,6,-0.007692307692307665,-0.05465183895922632,-0.0602382222085054,0.0031881228879059235,0.7116164980186551
539,2026-01-21,Hanwha Ocean,False,7,-0.03146853146853146,-0.07905167664825652,-0.08764634282138212,0.0031881228879059235,0.7116164980186551
539,2026-01-21,Hanwha Ocean,False,8,-0.06573426573426577,-0.05823686245457793,-0.08590397297138812,0.0031881228879059235,0.7116164980186551
539,2026-01-21,Hanwha Ocean,False,9,-0.01118881118881121,-0.07154902341806046,-0.08283524002620568,0.0031881228879059235,0.7116164980186551
539,2026-01-21,Hanwha Ocean,False,10,0.006993006993007089,-0.07001428788614006,-0.07968788338984076,0.0031881228879059235,0.7116164980186551
540,2026-02-06,Hanwha Ocean,True,1,-0.01552106430155209,-0.015321030333519725,-0.017960523032304727,0.002588223953351734,0.7436998029006094
540,2026-02-06,Hanwha Ocean,True,2,-0.03252032520325199,-0.03300908744589681,-0.03806026549347567,0.002588223953351734,0.7436998029006094
540,2026-02-06,Hanwha Ocean,True,3,-0.041389504804138944,-0.05184222319027987,-0.05692786126774273,0.002588223953351734,0.7436998029006094
540,2026-02-06,Hanwha Ocean,True,4,-0.025868440502586854,-0.06798313922501142,-0.06754202945507949,0.002588223953351734,0.7436998029006094
540,2026-02-06,Hanwha Ocean,True,5,-0.04065040650406504,-0.07988537093198678,-0.08277056158268153,0.002588223953351734,0.7436998029006094
540,2026-02-06,Hanwha Ocean,True,6,0.03917220990391712,-0.032188964635155415,-0.029428425255657517,0.002588223953351734,0.7436998029006094
540,2026-02-06,Hanwha Ocean,True,7,0.10790835181079084,0.01177315904220766,0.0182950602235213,0.002588223953351734,0.7436998029006094
540,2026-02-06,Hanwha Ocean,True,8,0.08795269770879521,-0.015270491134593334,-0.009520159115619098,0.002588223953351734,0.7436998029006094
540,2026-02-06,Hanwha Ocean,True,9,0.05764966740576494,-0.0688888013908231,-0.05975098247776811,0.002588223953351734,0.7436998029006094
540,2026-02-06,Hanwha Ocean,True,10,0.049519586104951996,-0.0985734863035701,-0.08649944218972891,0.002588223953351734,0.7436998029006094
541,2026-03-25,Hanwha Ocean,True,1,-0.02784222737819031,-0.003959752038276143,-0.009022808328023567,0.000750408877214988,0.8194220929300065
541,2026-03-25,Hanwha Ocean,True,2,-0.04717710750193349,-0.01943518124443888,-0.025945577980537333,0.000750408877214988,0.8194220929300065
541,2026-03-25,Hanwha Ocean,True,3,-0.08584686774941996,-0.029222519780324085,-0.04169885265743142,0.000750408877214988,0.8194220929300065
541,2026-03-25,Hanwha Ocean,True,4,-0.0703789636504254,0.026438017218567866,0.005953373935549497,0.000750408877214988,0.8194220929300065
541,2026-03-25,Hanwha Ocean,True,5,-0.017788089713843824,0.002833784202417422,-0.0046421150153172636,0.000750408877214988,0.8194220929300065
541,2026-03-25,Hanwha Ocean,True,6,-0.07733952049497295,-0.012983757417708852,-0.0291074396853835,0.000750408877214988,0.8194220929300065
541,2026-03-25,Hanwha Ocean,True,7,-0.010054137664346485,0.028694106008406384,0.01644416712283763,0.000750408877214988,0.8194220929300065
541,2026-03-25,Hanwha Ocean,True,8,-0.056457849961330187,-0.03076452525619644,-0.04140744307483915,0.000750408877214988,0.8194220929300065
541,2026-03-25,Hanwha Ocean,True,9,-0.06496519721577731,-0.047217800870367976,-0.05717626845329854,0.000750408877214988,0.8194220929300065
541,2026-03-25,Hanwha Ocean,True,10,-0.012374323279195631,-0.06211994631505868,-0.06064107459349955,0.000750408877214988,0.8194220929300065
542,2026-04-09,Hanwha Ocean,True,1,-0.015163607342378316,-0.012227996769415217,-0.013499578653905301,0.0007382612600452016,0.8183271891180826
542,2026-04-09,Hanwha Ocean,True,2,-0.04150039904229852,-0.03001322723505151,-0.033576656546447994,0.0007382612600452016,0.8183271891180826
542,2026-04-09,Hanwha Ocean,True,3,-0.009577015163607316,-0.025170638166541193,-0.024552484623900875,0.0007382612600452016,0.8183271891180826
542,2026-04-09,Hanwha Ocean,True,4,0.003990422984836428,-0.03264429516251255,-0.028941807980997672,0.0007382612600452016,0.8183271891180826
542,2026-04-09,Hanwha Ocean,True,5,0.05267358339984041,-0.006877617052158502,0.0002499106251226402,0.0007382612600452016,0.8183271891180826
542,2026-04-09,Hanwha Ocean,True,6,0.03750997605746198,-0.016232969968146715,-0.010898905458870414,0.0007382612600452016,0.8183271891180826
542,2026-04-09,Hanwha Ocean,True,7,0.02713487629688749,-0.031231869106542076,-0.0257960472273882,0.0007382612600452016,0.8183271891180826
542,2026-04-09,Hanwha Ocean,True,8,0.04708699122106941,-0.0401048973040119,-0.03017059190991918,0.0007382612600452016,0.8183271891180826
542,2026-04-09,Hanwha Ocean,True,9,0.07741420590582604,-0.01479119493690706,-0.004684331927720636,0.0007382612600452016,0.8183271891180826
542,2026-04-09,Hanwha Ocean,True,10,0.07262569832402233,-0.0294297396180212,-0.018271653941757088,0.0007382612600452016,0.8183271891180826
543,2026-05-04,Hanwha Ocean,False,1,-0.02398800599700146,-0.0650918533058309,-0.05985327670541646,-0.0005218259474579303,0.8852479521559697
543,2026-05-04,Hanwha Ocean,False,2,-0.026236881559220437,-0.08221311731808734,-0.07474607773924126,-0.0005218259474579303,0.8852479521559697
543,2026-05-04,Hanwha Ocean,False,3,-0.05472263868065963,-0.11181969620630805,-0.1037022140869977,-0.0005218259474579303,0.8852479521559697
543,2026-05-04,Hanwha Ocean,False,4,-0.021739130434782594,-0.1245487979807186,-0.11066387430182678,-0.0005218259474579303,0.8852479521559697
543,2026-05-04,Hanwha Ocean,False,5,-0.0854572713643178,-0.1630181376256088,-0.15150873965227907,-0.0005218259474579303,0.8852479521559697
543,2026-05-04,Hanwha Ocean,False,6,-0.08995502248875564,-0.195833908885363,-0.1805531341631593,-0.0005218259474579303,0.8852479521559697
543,2026-05-04,Hanwha Ocean,False,7,-0.09745127436281864,-0.22270134450229384,-0.20467586082897513,-0.0005218259474579303,0.8852479521559697
543,2026-05-04,Hanwha Ocean,False,8,-0.11469265367316339,-0.17111016894524123,-0.160461535953835,-0.0005218259474579303,0.8852479521559697
543,2026-05-04,Hanwha Ocean,False,9,-0.13193403298350825,-0.19157443952459585,-0.18003414721263417,-0.0005218259474579303,0.8852479521559697
543,2026-05-04,Hanwha Ocean,False,10,-0.16116941529235385,-0.18635618367418327,-0.17824769094921578,-0.0005218259474579303,0.8852479521559697
544,2026-05-11,Hanwha Ocean,False,1,-0.05936777178103314,-0.020358089141762625,-0.023908040135785777,-0.0009862248645364417,0.8837166684869902
544,2026-05-11,Hanwha Ocean,False,2,-0.063993831919815,-0.0502387256194986,-0.049865765476342104,-0.0009862248645364417,0.8837166684869902
544,2026-05-11,Hanwha Ocean,False,3,-0.07170393215111792,-0.07522443467770712,-0.07185638432170603,-0.0009862248645364417,0.8837166684869902
544,2026-05-11,Hanwha Ocean,False,4,-0.08943716268311486,-0.03157141704696642,-0.03435533927187641,-0.0009862248645364417,0.8837166684869902
544,2026-05-11,Hanwha Ocean,False,5,-0.10717039321511179,-0.05217888642745716,-0.053642357718963724,-0.0009862248645364417,0.8837166684869902
544,2026-05-11,Hanwha Ocean,False,6,-0.1372397841171935,-0.05152183420640055,-0.05557205380527422,-0.0009862248645364417,0.8837166684869902
544,2026-05-11,Hanwha Ocean,False,7,-0.1480339244410177,-0.05443130619299574,-0.058412156429461085,-0.0009862248645364417,0.8837166684869902
544,2026-05-11,Hanwha Ocean,False,8,-0.12413261372397844,-0.1068041973591739,-0.1009294044276264,-0.0009862248645364417,0.8837166684869902
544,2026-05-11,Hanwha Ocean,False,9,-0.05782575173477256,-0.04453585469689825,-0.03720522441909918,-0.0009862248645364417,0.8837166684869902
544,2026-05-11,Hanwha Ocean,False,10,0.03855050115651504,0.026719098022513377,0.037957141640772976,-0.0009862248645364417,0.8837166684869902
545,2026-05-29,Hanwha Ocean,False,1,-0.011084718923198733,-0.04675780071874336,-0.041650569386882524,-0.0007243356618379445,0.877137173201271
545,2026-05-29,Hanwha Ocean,False,2,-0.0815518606492478,-0.11876990000265186,-0.11274851515611041,-0.0007243356618379445,0.877137173201271
545,2026-05-29,Hanwha Ocean,False,3,-0.08867775138558986,-0.10679535435624499,-0.10239636745493942,-0.0007243356618379445,0.877137173201271
545,2026-05-29,Hanwha Ocean,False,4,-0.11163895486935871,-0.07332966402962537,-0.07513910914749788,-0.0007243356618379445,0.877137173201271
545,2026-05-29,Hanwha Ocean,False,5,-0.18368962787015042,-0.06569540938180474,-0.07657083430200001,-0.0007243356618379445,0.877137173201271
545,2026-05-29,Hanwha Ocean,False,6,-0.19081551860649248,-0.14500416841257735,-0.1462866664258406,-0.0007243356618379445,0.877137173201271
545,2026-05-29,Hanwha Ocean,False,7,-0.12747426761678549,-0.038518416163688673,-0.04437743390063836,-0.0007243356618379445,0.877137173201271
545,2026-05-29,Hanwha Ocean,False,8,-0.17260490894695169,-0.08755328662367012,-0.09220828407142281,-0.0007243356618379445,0.877137173201271
545,2026-05-29,Hanwha Ocean,False,9,-0.10768012668250193,-0.0650140790987519,-0.06373712935667901,-0.0007243356618379445,0.877137173201271
545,2026-05-29,Hanwha Ocean,False,10,-0.022961203483768844,-0.030068479632853085,-0.021951902975957966,-0.0007243356618379445,0.877137173201271
546,2026-06-12,Hanwha Ocean,False,1,0.05470085470085473,0.05237154195367322,0.053260795945634876,-0.0005925881943841506,0.8726380568961926
546,2026-06-12,Hanwha Ocean,False,2,0.10427350427350435,0.08075987791121997,0.08493979544290572,-0.0005925881943841506,0.8726380568961926
546,2026-06-12,Hanwha Ocean,False,3,0.13760683760683756,0.09794987758281737,0.10477842965221905,-0.0005925881943841506,0.8726380568961926
546,2026-06-12,Hanwha Ocean,False,4,0.0692307692307692,0.006163395091066892,0.0165661311854908,-0.0005925881943841506,0.8726380568961926
546,2026-06-12,Hanwha Ocean,False,5,0.09743589743589753,0.03570793676914641,0.04653267075541999,-0.0005925881943841506,0.8726380568961926
546,2026-06-12,Hanwha Ocean,False,6,-0.004273504273504258,-0.07328848412365874,-0.06094307302036804,-0.0005925881943841506,0.8726380568961926
546,2026-06-12,Hanwha Ocean,False,7,-0.10683760683760679,-0.06903846725242613,-0.06970452175695774,-0.0005925881943841506,0.8726380568961926
546,2026-06-12,Hanwha Ocean,False,8,-0.09401709401709402,-0.08755459994006953,-0.08363697018794301,-0.0005925881943841506,0.8726380568961926
546,2026-06-12,Hanwha Ocean,False,9,-0.09743589743589742,-0.144840813153715,-0.13346993722576417,-0.0005925881943841506,0.8726380568961926
546,2026-06-12,Hanwha Ocean,False,10,-0.16239316239316237,-0.1489157541465037,-0.14470638110495992,-0.0005925881943841506,0.8726380568961926
547,2026-07-15,Hanwha Ocean,True,1,0.006968641114982521,0.027067771924550788,0.024075315158585155,-0.0011736433070133917,0.7927223762832701
547,2026-07-15,Hanwha Ocean,True,2,-0.03368176538908241,0.03013979915369458,0.019258303527410647,-0.0011736433070133917,0.7927223762832701
547,2026-07-15,Hanwha Ocean,True,3,-0.04878048780487809,-0.01824388842264979,-0.02105251225794766,-0.0011736433070133917,0.7927223762832701
547,2026-07-15,Hanwha Ocean,True,4,-0.025551684088269466,-0.002162559743754011,-0.002316028630646727,-0.0011736433070133917,0.7927223762832701
547,2026-07-15,Hanwha Ocean,True,5,0.04413472706155641,0.024539870370226646,0.034469662237342304,-0.0011736433070133917,0.7927223762832701
547,2026-07-15,Hanwha Ocean,True,6,0.020905923344947785,0.05967899999174042,0.058684068642286966,-0.0011736433070133917,0.7927223762832701
547,2026-07-15,Hanwha Ocean,True,7,0.03135888501742157,0.0607748752480084,0.06289310184283156,-0.0011736433070133917,0.7927223762832701
547,2026-07-15,Hanwha Ocean,True,8,-0.059233449477351874,0.07536032970517814,0.0568511974452762,-0.0011736433070133917,0.7927223762832701
547,2026-07-15,Hanwha Ocean,True,9,-0.13356562137049943,0.05280892068826071,0.024740438252147695,-0.0011736433070133917,0.7927223762832701
547,2026-07-15,Hanwha Ocean,True,10,-0.07897793263646924,0.11740738451028743,0.08843753570938526,-0.0011736433070133917,0.7927223762832701
548,2026-07-31,Hanwha Ocean,False,1,0.0,0.01585651442923952,0.012909282615716083,-0.0011287791577806175,0.742944075793362
548,2026-07-31,Hanwha Ocean,False,2,0.054216867469879526,0.05410992013986693,0.056394969900185984,-0.0011287791577806175,0.742944075793362
548,2026-07-31,Hanwha Ocean,False,3,0.10722891566265069,0.06948437194242496,0.0825731679855273,-0.0011287791577806175,0.742944075793362
548,2026-07-31,Hanwha Ocean,False,4,0.09277108433734949,0.10250486412336046,0.10451785499556598,-0.0011287791577806175,0.742944075793362
548,2026-07-31,Hanwha Ocean,False,5,0.0771084337349397,0.09275734452356621,0.09437859508687169,-0.0011287791577806175,0.742944075793362
548,2026-07-31,Hanwha Ocean,False,6,0.13734939759036147,0.14656731378454646,0.1509704687646746,-0.0011287791577806175,0.742944075793362
548,2026-07-31,Hanwha Ocean,False,7,0.07228915662650603,0.07429284630939159,0.08167924011059846,-0.0011287791577806175,0.742944075793362
548,2026-07-31,Hanwha Ocean,False,8,0.08554216867469888,0.050820459782185745,0.06877611401382949,-0.0011287791577806175,0.742944075793362
548,2026-07-31,Hanwha Ocean,False,9,0.09277108433734949,0.021199729236040632,0.049756582488354614,-0.0011287791577806175,0.742944075793362
548,2026-07-31,Hanwha Ocean,False,10,0.15421686746987961,0.0567579674860792,0.0930981466713835,-0.0011287791577806175,0.742944075793362
549,2026-08-03,Hanwha Ocean,False,1,0.046650717703349276,0.045458850739004575,0.04691356087787097,-0.0011511351663489146,0.7452945827016956
549,2026-08-03,Hanwha Ocean,False,2,0.09928229665071764,0.06041200389544232,0.07261474836487981,-0.0011511351663489146,0.7452945827016956
549,2026-08-03,Hanwha Ocean,False,3,0.08492822966507174,0.09358776507312483,0.09483553999245396,-0.0011511351663489146,0.7452945827016956
549,2026-08-03,Hanwha Ocean,False,4,0.06937799043062198,0.0839590735968,0.084849733389693,-0.0011511351663489146,0.7452945827016956
549,2026-08-03,Hanwha Ocean,False,5,0.1291866028708133,0.13732971507634972,0.14101129611567623,-0.0011511351663489146,0.7452945827016956
549,2026-08-03,Hanwha Ocean,False,6,0.06459330143540676,0.06551436111062703,0.0721865732197869,-0.0011511351663489146,0.7452945827016956
549,2026-08-03,Hanwha Ocean,False,7,0.0777511961722488,0.04190701742684233,0.0590946700963485,-0.0011511351663489146,0.7452945827016956
549,2026-08-03,Hanwha Ocean,False,8,0.08492822966507174,0.012194430081359231,0.039929204186811285,-0.0011511351663489146,0.7452945827016956
549,2026-08-03,Hanwha Ocean,False,9,0.14593301435406691,0.04728358698552659,0.08277034704680966,-0.0011511351663489146,0.7452945827016956
549,2026-08-03,Hanwha Ocean,False,10,0.08732057416267947,0.005692644484404763,0.03799507203979552,-0.0011511351663489146,0.7452945827016956
550,2026-09-01,Hanwha Ocean,False,1,-0.0341578327444052,-0.024686806537962513,-0.024247319894274057,-0.002855663088383746,0.7448875769078034
550,2026-09-01,Hanwha Ocean,False,2,0.018845700824499323,0.02578709517086275,0.029727585416290996,-0.002855663088383746,0.7448875769078034
550,2026-09-01,Hanwha Ocean,False,3,0.022379269729092988,0.013060685538084593,0.02400496139599262,-0.002855663088383746,0.7448875769078034
550,2026-09-01,Hanwha Ocean,False,4,0.028268551236749095,-0.027564468911255524,-0.0018981194992076442,-0.002855663088383746,0.7448875769078034
550,2026-09-01,Hanwha Ocean,False,5,0.014134275618374659,-0.03553012554863688,-0.008581804383578917,-0.002855663088383746,0.7448875769078034
550,2026-09-01,Hanwha Ocean,False,6,0.03769140164899887,-0.0266315822298806,0.006911988578283117,-0.002855663088383746,0.7448875769078034
550,2026-09-01,Hanwha Ocean,False,7,0.007067137809187329,-0.05458131882860595,-0.01886439005715807,-0.002855663088383746,0.7448875769078034
550,2026-09-01,Hanwha Ocean,False,8,0.008244994110718551,-0.03468629982012694,-0.0008886886918756665,-0.002855663088383746,0.7448875769078034
550,2026-09-01,Hanwha Ocean,False,9,0.0035335689045936647,-0.0053563664509357345,0.022612534294200074,-0.002855663088383746,0.7448875769078034
550,2026-09-01,Hanwha Ocean,False,10,-0.021201413427561877,-0.02147158294006435,0.007153971542753254,-0.002855663088383746,0.7448875769078034
551,2026-09-03,Hanwha Ocean,False,1,0.0,-0.004936612987575195,-0.0003799142198863655,-0.0032678203350452488,0.7389144265739449
551,2026-09-03,Hanwha Ocean,False,2,0.005760368663594528,-0.045488737185803485,-0.02557269432745031,-0.0032678203350452488,0.7389144265739449
551,2026-09-03,Hanwha Ocean,False,3,-0.008064516129032251,-0.05317178414579127,-0.03159146620481724,-0.0032678203350452488,0.7389144265739449
551,2026-09-03,Hanwha Ocean,False,4,0.01497695852534564,-0.044725251754831774,-0.016066584608847734,-0.0032678203350452488,0.7389144265739449
551,2026-09-03,Hanwha Ocean,False,5,-0.01497695852534564,-0.07201625306306236,-0.040785014465638696,-0.0032678203350452488,0.7389144265739449
551,2026-09-03,Hanwha Ocean,False,6,-0.01382488479262678,-0.05222827745548253,-0.02259478365032339,-0.0032678203350452488,0.7389144265739449
551,2026-09-03,Hanwha Ocean,False,7,-0.018433179723502335,-0.022943004860705662,0.0011091877666090447,-0.0032678203350452488,0.7389144265739449
551,2026-09-03,Hanwha Ocean,False,8,-0.04262672811059909,-0.03855421024261485,-0.01347492322510338,-0.0032678203350452488,0.7389144265739449
551,2026-09-03,Hanwha Ocean,False,9,-0.056451612903225756,-0.06601075908708132,-0.034104620908798663,-0.0032678203350452488,0.7389144265739449
551,2026-09-03,Hanwha Ocean,False,10,-0.02880184331797231,-0.03931825661692223,-0.003894369469928008,-0.0032678203350452488,0.7389144265739449
552,2022-05-17,HD HHI,True,1,-0.04878048780487809,-0.045451898754683584,-0.04827970331941638,0.0016974677151914352,0.6604156198028381
552,2022-05-17,HD HHI,True,2,-0.06910569105691056,-0.05300928722352982,-0.06187030997307451,0.0016974677151914352,0.6604156198028381
552,2022-05-17,HD HHI,True,3,-0.06504065040650409,-0.06676377404252276,-0.07127103131615659,0.0016974677151914352,0.6604156198028381
552,2022-05-17,HD HHI,True,4,-0.06504065040650409,-0.06983427408996545,-0.07499630522328453,0.0016974677151914352,0.6604156198028381
552,2022-05-17,HD HHI,True,5,-0.08130081300813008,-0.07033962124420556,-0.08254920933153728,0.0016974677151914352,0.6604156198028381
552,2022-05-17,HD HHI,True,6,-0.08130081300813008,-0.07464743033425203,-0.08709162145692405,0.0016974677151914352,0.6604156198028381
552,2022-05-17,HD HHI,True,7,-0.03252032520325199,-0.02405652408360115,-0.03881297274726987,0.0016974677151914352,0.6604156198028381
552,2022-05-17,HD HHI,True,8,0.0,-0.001252490748647972,-0.014406906175597152,0.0016974677151914352,0.6604156198028381
552,2022-05-17,HD HHI,True,9,-0.028455284552845517,-0.04170511850293568,-0.052482891290001915,0.0016974677151914352,0.6604156198028381
552,2022-05-17,HD HHI,True,10,-0.03252032520325199,-0.05193393180729422,-0.062316051393183365,0.0016974677151914352,0.6604156198028381
553,2022-06-07,HD HHI,True,1,0.0076045627376426506,0.010406885095846308,0.0066441281871209255,0.0030250500926165213,0.7367516217578391
553,2022-06-07,HD HHI,True,2,0.02281368821292773,0.0258856106896036,0.019026831894299993,0.0030250500926165213,0.7367516217578391
553,2022-06-07,HD HHI,True,3,0.049429657794676896,0.06372985562800337,0.050890201461988555,0.0030250500926165213,0.7367516217578391
553,2022-06-07,HD HHI,True,4,0.011406844106463865,0.06039812197305361,0.0354010471561967,0.0030250500926165213,0.7367516217578391
553,2022-06-07,HD HHI,True,5,-0.01520912547528519,0.0381641036126692,0.00898843715063527,0.0030250500926165213,0.7367516217578391
553,2022-06-07,HD HHI,True,6,-0.049429657794676785,0.021254936647004175,-0.015502968762172324,0.0030250500926165213,0.7367516217578391
553,2022-06-07,HD HHI,True,7,-0.019011406844106515,0.05014292213638749,0.010762806535531928,0.0030250500926165213,0.7367516217578391
553,2022-06-07,HD HHI,True,8,0.03802281368821303,0.11115659230474684,0.06770384294829092,0.0030250500926165213,0.7367516217578391
553,2022-06-07,HD HHI,True,9,0.015209125475285079,0.1072908560802146,0.05582503899918667,0.0030250500926165213,0.7367516217578391
553,2022-06-07,HD HHI,True,10,0.07604562737642584,0.1613303972480431,0.10862881896441874,0.0030250500926165213,0.7367516217578391
554,2022-06-27,HD HHI,False,1,0.007168458781362075,0.00014617373230163544,0.0002289274218879511,0.0020238225830302705,0.700015556489203
554,2022-06-27,HD HHI,False,2,0.010752688172043001,0.022065676696905845,0.01462431096377029,0.0020238225830302705,0.700015556489203
554,2022-06-27,HD HHI,False,3,0.02508960573476693,0.055257575134400994,0.0401361858731102,0.0020238225830302705,0.700015556489203
554,2022-06-27,HD HHI,False,4,0.0035842293906809264,0.0450693449735845,0.024529165329344998,0.0020238225830302705,0.700015556489203
554,2022-06-27,HD HHI,False,5,-0.028673835125448077,0.014923370928102475,-0.008274225583648792,0.0020238225830302705,0.700015556489203
554,2022-06-27,HD HHI,False,6,-0.032258064516129004,-0.005890194900296852,-0.025943081091749136,0.0020238225830302705,0.700015556489203
554,2022-06-27,HD HHI,False,7,-0.13261648745519716,-0.0855559519487945,-0.1138401385852147,0.0020238225830302705,0.700015556489203
554,2022-06-27,HD HHI,False,8,-0.11469534050179209,-0.08520506942246397,-0.11024227264542094,0.0020238225830302705,0.700015556489203
554,2022-06-27,HD HHI,False,9,-0.10035842293906805,-0.07766176569642724,-0.10268481303618858,0.0020238225830302705,0.700015556489203
554,2022-06-27,HD HHI,False,10,-0.1362007168458781,-0.10920504081062121,-0.1375415494935582,0.0020238225830302705,0.700015556489203
555,2022-07-07,HD HHI,False,1,0.0040000000000000036,0.004799153237633136,0.003288468929886411,0.0012402095518588936,0.661548319958133
555,2022-07-07,HD HHI,False,2,-0.03600000000000003,-0.030805503955383506,-0.03504400897237259,0.0012402095518588936,0.661548319958133
555,2022-07-07,HD HHI,False,3,-0.03200000000000003,-0.017236919179252852,-0.025954137341205278,0.0012402095518588936,0.661548319958133
555,2022-07-07,HD HHI,False,4,-0.07599999999999996,-0.06584905355601944,-0.07424549664143523,0.0012402095518588936,0.661548319958133
555,2022-07-07,HD HHI,False,5,-0.07999999999999996,-0.0671752908620229,-0.07771688297511399,0.0012402095518588936,0.661548319958133
555,2022-07-07,HD HHI,False,6,-0.08799999999999997,-0.07885649673324868,-0.08939238808650232,0.0012402095518588936,0.661548319958133
555,2022-07-07,HD HHI,False,7,-0.008000000000000007,-0.017674855153475777,-0.023081851035632442,0.0012402095518588936,0.661548319958133
555,2022-07-07,HD HHI,False,8,-0.016000000000000014,-0.023855506293331663,-0.031118473405645254,0.0012402095518588936,0.661548319958133
555,2022-07-07,HD HHI,False,9,-0.02400000000000002,-0.038605800662277145,-0.04482432885650288,0.0012402095518588936,0.661548319958133
555,2022-07-07,HD HHI,False,10,-0.01200000000000001,-0.036089369136532046,-0.04033837719971302,0.0012402095518588936,0.661548319958133
556,2022-08-10,HD HHI,True,1,-0.007067137809187329,-0.01346333518212095,-0.014516717680699238,0.002745548977585575,0.7354417976268338
556,2022-08-10,HD HHI,True,2,-0.03180212014134276,-0.03985718167084751,-0.043217247027767636,0.002745548977585575,0.7354417976268338
556,2022-08-10,HD HHI,True,3,-0.02473498233215543,-0.03501515491783036,-0.04053209787123502,0.002745548977585575,0.7354417976268338
556,2022-08-10,HD HHI,True,4,-0.04240282685512364,-0.04588404899138976,-0.05594525903129982,0.002745548977585575,0.7354417976268338
556,2022-08-10,HD HHI,True,5,-0.04946996466431097,-0.049593581945209464,-0.06328862286752057,0.002745548977585575,0.7354417976268338
556,2022-08-10,HD HHI,True,6,-0.021201413427561877,-0.015199993822658797,-0.03326101247053248,0.002745548977585575,0.7354417976268338
556,2022-08-10,HD HHI,True,7,-0.02473498233215543,-0.006694834629443092,-0.0306863465193181,0.002745548977585575,0.7354417976268338
556,2022-08-10,HD HHI,True,8,0.021201413427561766,0.05007202999865756,0.020469679756518918,0.002745548977585575,0.7354417976268338
556,2022-08-10,HD HHI,True,9,0.03886925795053009,0.06291082525814573,0.03184049063073928,0.002745548977585575,0.7354417976268338
556,2022-08-10,HD HHI,True,10,0.02473498233215543,0.03688935240241775,0.0062183243297951885,0.002745548977585575,0.7354417976268338
557,2022-09-05,HD HHI,True,1,-0.014598540145985384,-0.014723035938027706,-0.016707845971182026,0.0020062920762506007,0.8274476370335608
557,2022-09-05,HD HHI,True,2,-0.062043795620437936,-0.04824136214268959,-0.05463558880646336,0.0020062920762506007,0.8274476370335608
557,2022-09-05,HD HHI,True,3,-0.07299270072992703,-0.06243545756474622,-0.07027601104806126,0.0020062920762506007,0.8274476370335608
557,2022-09-05,HD HHI,True,4,-0.06934306569343063,-0.08586780715716924,-0.09104159227519405,0.0020062920762506007,0.8274476370335608
557,2022-09-05,HD HHI,True,5,-0.08759124087591241,-0.08829671703081854,-0.09820644583452601,0.0020062920762506007,0.8274476370335608
557,2022-09-05,HD HHI,True,6,-0.08759124087591241,-0.08431700154520183,-0.0969197317361372,0.0020062920762506007,0.8274476370335608
557,2022-09-05,HD HHI,True,7,-0.12408759124087587,-0.1129078691154839,-0.12888100111928266,0.0020062920762506007,0.8274476370335608
557,2022-09-05,HD HHI,True,8,-0.15328467153284675,-0.1308505298068371,-0.15077193058278884,0.0020062920762506007,0.8274476370335608
557,2022-09-05,HD HHI,True,9,-0.11678832116788318,-0.09941285845852277,-0.12046766429291356,0.0020062920762506007,0.8274476370335608
557,2022-09-05,HD HHI,True,10,-0.11678832116788318,-0.09084754796601746,-0.11538661044168189,0.0020062920762506007,0.8274476370335608
558,2022-10-05,HD HHI,True,1,0.02892561983471076,0.02559442360797415,0.0236073739133655,0.002662724511530426,0.7971675125293661
558,2022-10-05,HD HHI,True,2,0.008264462809917328,0.007183953670423904,0.002077667003861257,0.002662724511530426,0.7971675125293661
558,2022-10-05,HD HHI,True,3,-0.037190082644628086,-0.019991605220992414,-0.031468188712127254,0.002662724511530426,0.7971675125293661
558,2022-10-05,HD HHI,True,4,0.004132231404958775,0.016667930799246,0.003474385662796899,0.002662724511530426,0.7971675125293661
558,2022-10-05,HD HHI,True,5,-0.045454545454545414,-0.01516442202543089,-0.03462186566400284,0.002662724511530426,0.7971675125293661
558,2022-10-05,HD HHI,True,6,-0.03305785123966942,-0.02504145978152028,-0.04264379147069757,0.002662724511530426,0.7971675125293661
558,2022-10-05,HD HHI,True,7,-0.03305785123966942,-0.02825160311711017,-0.047865537959922905,0.002662724511530426,0.7971675125293661
558,2022-10-05,HD HHI,True,8,-0.05371900826446285,-0.062470683950317185,-0.0819973558936625,0.002662724511530426,0.7971675125293661
558,2022-10-05,HD HHI,True,9,-0.07851239669421484,-0.08165528842361247,-0.1049823284800617,0.002662724511530426,0.7971675125293661
558,2022-10-05,HD HHI,True,10,-0.10330578512396693,-0.09777321965452845,-0.12552264878609307,0.002662724511530426,0.7971675125293661
559,2022-11-11,HD HHI,True,1,-0.008620689655172376,-0.0043835720218421415,-0.006493853564116145,0.0017010010737851025,0.9034059226325466
559,2022-11-11,HD HHI,True,2,-0.004310344827586188,-0.0023587759271443964,-0.005949288072071792,0.0017010010737851025,0.9034059226325466
559,2022-11-11,HD HHI,True,3,-0.008620689655172376,-0.005510250974674391,-0.01091370415058044,0.0017010010737851025,0.9034059226325466
559,2022-11-11,HD HHI,True,4,-0.02155172413793105,-0.0045388719501620045,-0.012986217005768828,0.0017010010737851025,0.9034059226325466
559,2022-11-11,HD HHI,True,5,0.012931034482758674,0.029308117832858027,0.019221183207759784,0.0017010010737851025,0.9034059226325466
559,2022-11-11,HD HHI,True,6,-0.017241379310344862,0.00918728984038053,-0.0035715695149940822,0.0017010010737851025,0.9034059226325466
559,2022-11-11,HD HHI,True,7,0.004310344827586299,0.03646495737074207,0.021452004722532274,0.0017010010737851025,0.9034059226325466
559,2022-11-11,HD HHI,True,8,-0.012931034482758674,0.014097188825009654,-0.0021215860585665474,0.0017010010737851025,0.9034059226325466
559,2022-11-11,HD HHI,True,9,-0.012931034482758674,0.00471356268927714,-0.01229981055914196,0.0017010010737851025,0.9034059226325466
559,2022-11-11,HD HHI,True,10,-0.012931034482758674,0.006109839820108598,-0.012739406603297546,0.0017010010737851025,0.9034059226325466
560,2022-12-01,HD HHI,False,1,-0.029535864978902926,-0.014496415252016392,-0.01642402923960886,0.0014602291447886788,0.9689227430995545
560,2022-12-01,HD HHI,False,2,-0.03375527426160341,-0.012642589657112291,-0.016219172270001497,0.0014602291447886788,0.9689227430995545
560,2022-12-01,HD HHI,False,3,0.00421940928270037,0.0359167590702788,0.03055100495350091,0.0014602291447886788,0.9689227430995545
560,2022-12-01,HD HHI,False,4,0.0,0.035885090026299804,0.028928963285502155,0.0014602291447886788,0.9689227430995545
560,2022-12-01,HD HHI,False,5,-0.008438818565400852,0.032192377064783284,0.0236285252360684,0.0014602291447886788,0.9689227430995545
560,2022-12-01,HD HHI,False,6,-0.021097046413502074,0.012267307217895929,0.0024690597600435862,0.0014602291447886788,0.9689227430995545
560,2022-12-01,HD HHI,False,7,-0.029535864978902926,0.010310382239385518,-0.001149533835456646,0.0014602291447886788,0.9689227430995545
560,2022-12-01,HD HHI,False,8,0.0,0.04009710702002833,0.027169165765892823,0.0014602291447886788,0.9689227430995545
560,2022-12-01,HD HHI,False,9,0.0,0.029233259154359703,0.015182707346484258,0.0014602291447886788,0.9689227430995545
560,2022-12-01,HD HHI,False,10,-0.021097046413502074,0.023624782435375247,0.007632659223294147,0.0014602291447886788,0.9689227430995545
561,2022-12-09,HD HHI,False,1,-0.0043290043290042934,-0.004093073793694835,-0.00558441742558655,0.0014793125135723483,0.9490056753205512
561,2022-12-09,HD HHI,False,2,0.025974025974025983,0.02647116531628524,0.023487189004110447,0.0014793125135723483,0.9490056753205512
561,2022-12-09,HD HHI,False,3,0.025974025974025983,0.015159138757247836,0.011272699086634795,0.0014793125135723483,0.9490056753205512
561,2022-12-09,HD HHI,False,4,0.0043290043290042934,0.009641654418742207,0.0034534893608684164,0.0014793125135723483,0.9490056753205512
561,2022-12-09,HD HHI,False,5,0.025974025974025983,0.031686915364735335,0.023999027860425983,0.0014793125135723483,0.9490056753205512
561,2022-12-09,HD HHI,False,6,0.030303030303030276,0.03932316023334648,0.02998730971759503,0.0014793125135723483,0.9490056753205512
561,2022-12-09,HD HHI,False,7,0.017316017316017396,0.034290376722483584,0.023069593132678153,0.0014793125135723483,0.9490056753205512
561,2022-12-09,HD HHI,False,8,0.04761904761904767,0.06642186867416278,0.053628531403809875,0.0014793125135723483,0.9490056753205512
561,2022-12-09,HD HHI,False,9,0.05627705627705626,0.06337603756270915,0.049700217183984104,0.0014793125135723483,0.9490056753205512
561,2022-12-09,HD HHI,False,10,0.04329004329004338,0.06852197143234318,0.052442161160642736,0.0014793125135723483,0.9490056753205512
562,2022-12-14,HD HHI,False,1,-0.016949152542372836,-0.007359542545015585,-0.009492099596520495,0.0016212322435807396,0.9466792906004432
562,2022-12-14,HD HHI,False,2,0.004237288135593209,0.014225416483671705,0.010450377907416857,0.0016212322435807396,0.9466792906004432
562,2022-12-14,HD HHI,False,3,0.008474576271186418,0.02175572467522524,0.01618386768993888,0.0016212322435807396,0.9466792906004432
562,2022-12-14,HD HHI,False,4,-0.004237288135593209,0.016963888122780935,0.009348497390256427,0.0016212322435807396,0.9466792906004432
562,2022-12-14,HD HHI,False,5,0.025423728813559254,0.04844550469522868,0.03911180605567676,0.0016212322435807396,0.9466792906004432
562,2022-12-14,HD HHI,False,6,0.03389830508474567,0.045266565405322146,0.03493300823890574,0.0016212322435807396,0.9466792906004432
562,2022-12-14,HD HHI,False,7,0.021186440677966045,0.0506096797512221,0.03769218606593815,0.0016212322435807396,0.9466792906004432
562,2022-12-14,HD HHI,False,8,0.016949152542372836,0.04492514076300935,0.030463583276285452,0.0016212322435807396,0.9466792906004432
562,2022-12-14,HD HHI,False,9,0.025423728813559254,0.046834651572313035,0.03110191578969051,0.0016212322435807396,0.9466792906004432
562,2022-12-14,HD HHI,False,10,0.021186440677966045,0.06455362709646073,0.046028935516156375,0.0016212322435807396,0.9466792906004432
563,2023-01-17,HD HHI,False,1,-0.018099547511312264,-0.013041489066371148,-0.014350585353545473,0.0015792048562176689,1.0534016306817284
563,2023-01-17,HD HHI,False,2,-0.02714932126696834,-0.027140919176528278,-0.03029888020363298,0.0015792048562176689,1.0534016306817284
563,2023-01-17,HD HHI,False,3,-0.018099547511312264,-0.02435910488918791,-0.02943099002916532,0.0015792048562176689,1.0534016306817284
563,2023-01-17,HD HHI,False,4,-0.021719457013574694,-0.041972696019439426,-0.04937107143381007,0.0015792048562176689,1.0534016306817284
563,2023-01-17,HD HHI,False,5,-0.021719457013574694,-0.058810485261402756,-0.06868723093458717,0.0015792048562176689,1.0534016306817284
563,2023-01-17,HD HHI,False,6,0.025339366515837014,-0.018208668235208947,-0.030009433441205394,0.0015792048562176689,1.0534016306817284
563,2023-01-17,HD HHI,False,7,-0.004524886877828038,-0.033978414915603716,-0.04660571533567463,0.0015792048562176689,1.0534016306817284
563,2023-01-17,HD HHI,False,8,0.002714932126696823,-0.016072142097369957,-0.029709041346415145,0.0015792048562176689,1.0534016306817284
563,2023-01-17,HD HHI,False,9,0.007239819004524861,-0.021932239003507492,-0.037702918177437414,0.0015792048562176689,1.0534016306817284
563,2023-01-17,HD HHI,False,10,0.0063348416289592535,-0.030852810658929863,-0.04863074049450494,0.0015792048562176689,1.0534016306817284
564,2023-01-20,HD HHI,False,1,-0.010073260073260037,-0.010893344307037811,-0.012751342500121297,0.0018207963641008484,1.0453634242073697
564,2023-01-20,HD HHI,False,2,-0.010073260073260037,-0.027410417719000213,-0.031838483284035664,0.0018207963641008484,1.0453634242073697
564,2023-01-20,HD HHI,False,3,0.037545787545787634,0.013874612476348247,0.0073384178278838065,0.0018207963641008484,1.0453634242073697
564,2023-01-20,HD HHI,False,4,0.0073260073260073,-0.002519124505623971,-0.010248918853683134,0.0018207963641008484,1.0453634242073697
564,2023-01-20,HD HHI,False,5,0.0146520146520146,0.015270168597073086,0.006194228356203991,0.0018207963641008484,1.0453634242073697
564,2023-01-20,HD HHI,False,6,0.019230769230769162,0.009661746161263807,-0.001697115676093361,0.0018207963641008484,1.0453634242073697
564,2023-01-20,HD HHI,False,7,0.01831501831501825,0.0008830770643690755,-0.012653270030048007,0.0018207963641008484,1.0453634242073697
564,2023-01-20,HD HHI,False,8,0.027472527472527375,0.0052931639238291694,-0.010279338866286687,0.0018207963641008484,1.0453634242073697
564,2023-01-20,HD HHI,False,9,0.012820512820512775,0.008036001285760097,-0.008568207817523578,0.0018207963641008484,1.0453634242073697
564,2023-01-20,HD HHI,False,10,-0.005494505494505475,-0.015850644587385165,-0.03452839815921448,0.0018207963641008484,1.0453634242073697
565,2023-02-17,HD HHI,True,1,-0.0027700831024930483,-0.0035323372551476773,-0.005191315556891238,0.0017137880589609353,0.9280951674366176
565,2023-02-17,HD HHI,True,2,0.03601108033241007,0.03368355562029346,0.030423339777083468,0.0017137880589609353,0.9280951674366176
565,2023-02-17,HD HHI,True,3,0.04155124653739617,0.0560503803394955,0.04986645837425866,0.0017137880589609353,0.9280951674366176
565,2023-02-17,HD HHI,True,4,0.03416435826408115,0.03993629345209704,0.03266611118299232,0.0017137880589609353,0.9280951674366176
565,2023-02-17,HD HHI,True,5,0.024007386888273308,0.03608931901912005,0.026651629417404687,0.0017137880589609353,0.9280951674366176
565,2023-02-17,HD HHI,True,6,0.005540166204986097,0.02616994303164466,0.014403834029338217,0.0017137880589609353,0.9280951674366176
565,2023-02-17,HD HHI,True,7,-0.01754385964912286,-0.001075908971450379,-0.014256550620317006,0.0017137880589609353,0.9280951674366176
565,2023-02-17,HD HHI,True,8,-0.02216066481994461,-0.011807052265170315,-0.026261831514034977,0.0017137880589609353,0.9280951674366176
565,2023-02-17,HD HHI,True,9,-0.03785780240073866,-0.02922435697120651,-0.04526923594991054,0.0017137880589609353,0.9280951674366176
565,2023-02-17,HD HHI,True,10,-0.05724838411819022,-0.061067807332294,-0.07793105293520453,0.0017137880589609353,0.9280951674366176
566,2023-03-20,HD HHI,True,1,0.029682702149437024,0.03310012893972636,0.03230717081758432,0.0007382076406798197,0.9839790331082459
566,2023-03-20,HD HHI,True,2,0.0051177072671442225,-0.0034029099560191067,-0.004742816710949135,0.0007382076406798197,0.9839790331082459
566,2023-03-20,HD HHI,True,3,0.007164790174001956,-0.0044936841264477945,-0.00652152701771138,0.0007382076406798197,0.9839790331082459
566,2023-03-20,HD HHI,True,4,-0.0030706243602866,-0.010756705126724886,-0.013586397243957708,0.0007382076406798197,0.9839790331082459
566,2023-03-20,HD HHI,True,5,-0.0061412487205732,-0.011432209856210296,-0.015038481746429796,0.0007382076406798197,0.9839790331082459
566,2023-03-20,HD HHI,True,6,0.020470829068577334,0.004447729099455122,0.0002751888094847804,0.0007382076406798197,0.9839790331082459
566,2023-03-20,HD HHI,True,7,0.0184237461617196,-0.0013464224980983541,-0.006197138765313755,0.0007382076406798197,0.9839790331082459
566,2023-03-20,HD HHI,True,8,0.01535312180143289,-0.00827260528845497,-0.013799759422392817,0.0007382076406798197,0.9839790331082459
566,2023-03-20,HD HHI,True,9,0.023541453428863823,-0.009973530673216713,-0.01608045698865799,0.0007382076406798197,0.9839790331082459
566,2023-03-20,HD HHI,True,10,0.02763561924257929,-0.003993312467302612,-0.010868662806355234,0.0007382076406798197,0.9839790331082459
567,2023-05-02,HD HHI,True,1,-0.006363636363636349,-0.0028619094027290126,-0.0019508509661830837,-0.00107821973055189,0.9522631844595194
567,2023-05-02,HD HHI,True,2,-0.017272727272727217,-0.013587747251294524,-0.011607217001744233,-0.00107821973055189,0.9522631844595194
567,2023-05-02,HD HHI,True,3,-0.010000000000000009,-0.011203096179970506,-0.007911005007894129,-0.00107821973055189,0.9522631844595194
567,2023-05-02,HD HHI,True,4,0.030000000000000027,0.030051788908409427,0.034362195593049205,-0.00107821973055189,0.9522631844595194
567,2023-05-02,HD HHI,True,5,0.020909090909090988,0.026358877578625872,0.03148982077040677,-0.00107821973055189,0.9522631844595194
567,2023-05-02,HD HHI,True,6,0.047272727272727355,0.05491756690638061,0.06102194499026369,-0.00107821973055189,0.9522631844595194
567,2023-05-02,HD HHI,True,7,0.023636363636363678,0.037487904754765045,0.04437421440530777,-0.00107821973055189,0.9522631844595194
567,2023-05-02,HD HHI,True,8,0.028181818181818086,0.04046774076138382,0.048507007785873586,-0.00107821973055189,0.9522631844595194
567,2023-05-02,HD HHI,True,9,0.021818181818181737,0.033749549563252934,0.04288396163702784,-0.00107821973055189,0.9522631844595194
567,2023-05-02,HD HHI,True,10,0.009090909090909038,0.015277691764730594,0.025764551766960235,-0.00107821973055189,0.9522631844595194
568,2023-06-01,HD HHI,True,1,-0.0008510638297872797,-0.006685721464141037,-0.006473996326500745,-0.00019023883247007333,0.9963174694186494
568,2023-06-01,HD HHI,True,2,0.062127659574467975,0.05086046782727993,0.05128243727039504,-0.00019023883247007333,0.9963174694186494
568,2023-06-01,HD HHI,True,3,0.06808510638297882,0.05674444976166715,0.057356928573897945,-0.00019023883247007333,0.9963174694186494
568,2023-06-01,HD HHI,True,4,0.08340425531914897,0.0739002205509307,0.07469617477949118,-0.00019023883247007333,0.9963174694186494
568,2023-06-01,HD HHI,True,5,0.06297872340425537,0.041755107927139656,0.04278445870253133,-0.00019023883247007333,0.9963174694186494
568,2023-06-01,HD HHI,True,6,0.0655319148936171,0.04887472132914006,0.050077494948661164,-0.00019023883247007333,0.9963174694186494
568,2023-06-01,HD HHI,True,7,0.05702127659574474,0.0370388308340881,0.038444088628986094,-0.00019023883247007333,0.9963174694186494
568,2023-06-01,HD HHI,True,8,0.05617021276595735,0.04348398897648442,0.0450526170433116,-0.00019023883247007333,0.9963174694186494
568,2023-06-01,HD HHI,True,9,0.07063829787234033,0.062027441310573694,0.06377130054542468,-0.00019023883247007333,0.9963174694186494
568,2023-06-01,HD HHI,True,10,0.08425531914893614,0.06897462533119869,0.0709332852781875,-0.00019023883247007333,0.9963174694186494
569,2023-07-03,HD HHI,False,1,0.03186646433990892,0.03624697356930784,0.0371247691096839,-0.000957859420460736,0.9817227002862267
569,2023-07-03,HD HHI,False,2,0.03186646433990892,0.04174084623124452,0.0434760880348498,-0.000957859420460736,0.9817227002862267
569,2023-07-03,HD HHI,False,3,0.03414264036418824,0.0527358096875703,0.05526955502060012,-0.000957859420460736,0.9817227002862267
569,2023-07-03,HD HHI,False,4,0.03186646433990892,0.06181594067517715,0.06509998280176985,-0.000957859420460736,0.9817227002862267
569,2023-07-03,HD HHI,False,5,0.04628224582701068,0.07853907189660736,0.08273880132102196,-0.000957859420460736,0.9817227002862267
569,2023-07-03,HD HHI,False,6,0.06221547799696503,0.0784283530852663,0.08387918203081987,-0.000957859420460736,0.9817227002862267
569,2023-07-03,HD HHI,False,7,0.08270106221547802,0.09421861496586958,0.10071312114550664,-0.000957859420460736,0.9817227002862267
569,2023-07-03,HD HHI,False,8,0.1039453717754173,0.10912443132884331,0.11669264746883574,-0.000957859420460736,0.9817227002862267
569,2023-07-03,HD HHI,False,9,0.12139605462822467,0.11234325816641677,0.12112945362474364,-0.000957859420460736,0.9817227002862267
569,2023-07-03,HD HHI,False,10,0.11229135053110784,0.10680899542192135,0.11648779227399665,-0.000957859420460736,0.9817227002862267
570,2023-07-07,HD HHI,False,1,0.013970588235294068,0.016889799652654358,0.017787422347897403,-0.0007982227095346689,1.034050286703201
570,2023-07-07,HD HHI,False,2,0.02941176470588225,0.015800644804613295,0.01693362768869278,-0.0007982227095346689,1.034050286703201
570,2023-07-07,HD HHI,False,3,0.04926470588235299,0.030815922616000746,0.03258240438506024,-0.0007982227095346689,1.034050286703201
570,2023-07-07,HD HHI,False,4,0.06985294117647056,0.04487351014580687,0.04721584419566861,-0.0007982227095346689,1.034050286703201
570,2023-07-07,HD HHI,False,5,0.08676470588235285,0.047121973057442146,0.049763240186728876,-0.0007982227095346689,1.034050286703201
570,2023-07-07,HD HHI,False,6,0.07794117647058818,0.04197712470007464,0.0455418746834879,-0.0007982227095346689,1.034050286703201
570,2023-07-07,HD HHI,False,7,0.04926470588235299,0.01780209393969301,0.02231834194935656,-0.0007982227095346689,1.034050286703201
570,2023-07-07,HD HHI,False,8,0.06470588235294117,0.03299802500665461,0.0383041450495467,-0.0007982227095346689,1.034050286703201
570,2023-07-07,HD HHI,False,9,0.05147058823529416,0.022931143281020416,0.02914337138378919,-0.0007982227095346689,1.034050286703201
570,2023-07-07,HD HHI,False,10,0.04852941176470593,0.016220307622431873,0.023102400458610547,-0.0007982227095346689,1.034050286703201
571,2023-08-03,HD HHI,True,1,0.005904059040590326,0.0071971442959650744,0.006899636607929497,0.0001807483054335739,0.9097048070754116
571,2023-08-03,HD HHI,True,2,-0.00811808118081181,0.0016510436268561968,0.0004074420067762836,0.0001807483054335739,0.9097048070754116
571,2023-08-03,HD HHI,True,3,0.0,0.012351458270181914,0.010693936046475113,0.0001807483054335739,0.9097048070754116
571,2023-08-03,HD HHI,True,4,-0.0088560885608856,-0.008453198496154557,-0.009212570754011142,0.0001807483054335739,0.9097048070754116
571,2023-08-03,HD HHI,True,5,-0.02583025830258301,-0.02406137906600203,-0.02512484188509728,0.0001807483054335739,0.9097048070754116
571,2023-08-03,HD HHI,True,6,-0.022140221402214055,-0.016419182483033867,-0.018020254628571764,0.0001807483054335739,0.9097048070754116
571,2023-08-03,HD HHI,True,7,-0.057564575645756455,-0.044019795374323545,-0.046508062060088756,0.0001807483054335739,0.9097048070754116
571,2023-08-03,HD HHI,True,8,-0.08487084870848705,-0.0539710992677368,-0.058207184548279375,0.0001807483054335739,0.9097048070754116
571,2023-08-03,HD HHI,True,9,-0.09446494464944655,-0.061343544280322404,-0.06596098226548716,0.0001807483054335739,0.9097048070754116
571,2023-08-03,HD HHI,True,10,-0.1070110701107011,-0.06799980070003331,-0.07332981385203838,0.0001807483054335739,0.9097048070754116
572,2023-08-21,HD HHI,True,1,0.0024630541871921707,0.00746623803145674,0.0069973036519829866,0.00015005120325146438,0.9362639498870619
572,2023-08-21,HD HHI,True,2,-0.009852216748768461,-0.0007990247965775632,-0.0016761418990273794,0.00015005120325146438,0.9362639498870619
572,2023-08-21,HD HHI,True,3,-0.005747126436781658,-0.009421401370632854,-0.009637371209074595,0.00015005120325146438,0.9362639498870619
572,2023-08-21,HD HHI,True,4,-0.013957307060755375,-0.010298852471075759,-0.011132232729145345,0.00015005120325146438,0.9362639498870619
572,2023-08-21,HD HHI,True,5,0.07635467980295574,0.07041414056652462,0.07004251105673835,0.00015005120325146438,0.9362639498870619
572,2023-08-21,HD HHI,True,6,0.09523809523809534,0.08583685571412958,0.08553574636804401,0.00015005120325146438,0.9362639498870619
572,2023-08-21,HD HHI,True,7,0.07963875205254523,0.06665420457371485,0.06643142991975916,0.00015005120325146438,0.9362639498870619
572,2023-08-21,HD HHI,True,8,0.07389162561576357,0.06286484572816708,0.06236723949765556,0.00015005120325146438,0.9362639498870619
572,2023-08-21,HD HHI,True,9,0.05090311986863716,0.03693375596512527,0.0364736472136622,0.00015005120325146438,0.9362639498870619
572,2023-08-21,HD HHI,True,10,0.05829228243021345,0.03608051921330446,0.03599569723427945,0.00015005120325146438,0.9362639498870619
573,2023-09-07,HD HHI,True,1,-0.007923930269413626,-0.008556277376916332,-0.008580304298156734,5.3868038655654774e-05,0.9528089603618125
573,2023-09-07,HD HHI,True,2,0.019809825673534176,0.015564066523157338,0.015656692234205658,5.3868038655654774e-05,0.9528089603618125
573,2023-09-07,HD HHI,True,3,0.007923930269413626,0.011651243344073858,0.011313743449056668,5.3868038655654774e-05,0.9528089603618125
573,2023-09-07,HD HHI,True,4,0.006339144215530945,0.010804850185908932,0.010378636723825715,5.3868038655654774e-05,0.9528089603618125
573,2023-09-07,HD HHI,True,5,0.007131537242472286,-0.003402344386862266,-0.0031745797546266375,5.3868038655654774e-05,0.9528089603618125
573,2023-09-07,HD HHI,True,6,0.019017432646592614,-0.0026669672324366456,-0.001966866090148997,5.3868038655654774e-05,0.9528089603618125
573,2023-09-07,HD HHI,True,7,0.01188589540412055,0.0006332589879969319,0.0007872063285547497,5.3868038655654774e-05,0.9528089603618125
573,2023-09-07,HD HHI,True,8,0.006339144215530945,0.0011782491890783842,0.0009908528815949936,5.3868038655654774e-05,0.9528089603618125
573,2023-09-07,HD HHI,True,9,0.008716323296354966,0.00334726431525878,0.0031158234425545635,5.3868038655654774e-05,0.9528089603618125
573,2023-09-07,HD HHI,True,10,-0.004754358161648153,0.007460545591980172,0.0063454311982095064,5.3868038655654774e-05,0.9528089603618125
574,2023-10-26,HD HHI,True,1,0.0073260073260073,0.011124258746025628,0.010049162916406635,0.00033894672783500225,0.8061873687707488
574,2023-10-26,HD HHI,True,2,-0.011904761904761862,-0.01145485513063671,-0.012219946202007774,0.00033894672783500225,0.8061873687707488
574,2023-10-26,HD HHI,True,3,-0.06501831501831501,-0.0504828653927325,-0.05431685931427189,0.00033894672783500225,0.8061873687707488
574,2023-10-26,HD HHI,True,4,-0.05860805860805862,-0.054269053853755245,-0.056465794693443025,0.00033894672783500225,0.8061873687707488
574,2023-10-26,HD HHI,True,5,-0.009157509157509125,-0.022797471261515323,-0.02184860795544562,0.00033894672783500225,0.8061873687707488
574,2023-10-26,HD HHI,True,6,0.020146520146520075,-0.004403681230021661,-0.0016792224710361348,0.00033894672783500225,0.8061873687707488
574,2023-10-26,HD HHI,True,7,0.06043956043956045,-0.022092376452362394,-0.00846927169773734,0.00033894672783500225,0.8061873687707488
574,2023-10-26,HD HHI,True,8,0.04304029304029311,-0.014223322047157483,-0.005836483956039654,0.00033894672783500225,0.8061873687707488
574,2023-10-26,HD HHI,True,9,0.016483516483516425,-0.03111575501359143,-0.024940935510656473,0.00033894672783500225,0.8061873687707488
574,2023-10-26,HD HHI,True,10,0.015567765567765512,-0.03439351649349964,-0.028099856235969077,0.00033894672783500225,0.8061873687707488
575,2023-11-14,HD HHI,False,1,0.009865470852017832,0.008068684923349334,0.008083848476704686,0.00027610995085031057,0.8378919271582292
575,2023-11-14,HD HHI,False,2,0.00627802690582957,0.0038729121089349228,0.00371058073192212,0.00027610995085031057,0.8378919271582292
575,2023-11-14,HD HHI,False,3,-0.0008968609865470656,0.004082572663305362,0.002447036417933388,0.00027610995085031057,0.8378919271582292
575,2023-11-14,HD HHI,False,4,0.028699551569506765,0.025077779036159598,0.024560457798410523,0.00027610995085031057,0.8378919271582292
575,2023-11-14,HD HHI,False,5,0.06188340807174897,0.050518535639521245,0.0509803234533507,0.00027610995085031057,0.8378919271582292
575,2023-11-14,HD HHI,False,6,0.10762331838565031,0.0957427764492309,0.09601204850175783,0.00027610995085031057,0.8378919271582292
575,2023-11-14,HD HHI,False,7,0.09237668161434986,0.07918279390944183,0.07938885996262303,0.00027610995085031057,0.8378919271582292
575,2023-11-14,HD HHI,False,8,0.07533632286995506,0.06952698361179399,0.06825984479661604,0.00027610995085031057,0.8378919271582292
575,2023-11-14,HD HHI,False,9,0.11390134529147988,0.10848278682946422,0.10687618934166926,0.00027610995085031057,0.8378919271582292
575,2023-11-14,HD HHI,False,10,0.12107623318385641,0.1051428512379291,0.10496468157053214,0.00027610995085031057,0.8378919271582292
576,2023-11-17,HD HHI,False,1,0.03054806828391743,0.01980445440485612,0.021470736347159913,0.00015600226196300056,0.8303844288542126
576,2023-11-17,HD HHI,False,2,0.06379155435759198,0.045249894453018635,0.04808284416379779,0.00015600226196300056,0.8303844288542126
576,2023-11-17,HD HHI,False,3,0.10961365678346802,0.09055266811132667,0.09331770180566631,0.00015600226196300056,0.8303844288542126
576,2023-11-17,HD HHI,False,4,0.09433962264150941,0.07395596851446862,0.07678934460341283,0.00015600226196300056,0.8303844288542126
576,2023-11-17,HD HHI,False,5,0.07726864330637917,0.06432193942115072,0.06573789068528413,0.00015600226196300056,0.8303844288542126
576,2023-11-17,HD HHI,False,6,0.11590296495956864,0.1033498149060128,0.10454301105024745,0.00015600226196300056,0.8303844288542126
576,2023-11-17,HD HHI,False,7,0.1230907457322552,0.09994815752750963,0.1027814850099083,0.00015600226196300056,0.8303844288542126
576,2023-11-17,HD HHI,False,8,0.10242587601078168,0.08007445272537805,0.08261758405614904,0.00015600226196300056,0.8303844288542126
576,2023-11-17,HD HHI,False,9,0.12488769092542684,0.09625563535724857,0.09970805745785605,0.00015600226196300056,0.8303844288542126
576,2023-11-17,HD HHI,False,10,0.15813117699910162,0.14178449258870196,0.14299712218168184,0.00015600226196300056,0.8303844288542126
577,2023-12-15,HD HHI,True,1,-0.017813765182186247,-0.017070218659920755,-0.017151885538227024,4.064704012582137e-05,0.9448321833912064
577,2023-12-15,HD HHI,True,2,-0.028340080971659964,-0.028254436869619037,-0.028340455747985698,4.064704012582137e-05,0.9448321833912064
577,2023-12-15,HD HHI,True,3,-0.0080971659919028,-0.025821602200671978,-0.024965724874789805,4.064704012582137e-05,0.9448321833912064
577,2023-12-15,HD HHI,True,4,-0.02267206477732797,-0.03483742018088698,-0.034328872245505924,4.064704012582137e-05,0.9448321833912064
577,2023-12-15,HD HHI,True,5,-0.006477732793522262,-0.01844454959689512,-0.017987601642724727,4.064704012582137e-05,0.9448321833912064
577,2023-12-15,HD HHI,True,6,-0.012955465587044523,-0.02612129981899214,-0.025638851731337203,4.064704012582137e-05,0.9448321833912064
577,2023-12-15,HD HHI,True,7,0.0161943319838056,-0.0012186711266324313,-0.0005425630453081837,4.064704012582137e-05,0.9448321833912064
577,2023-12-15,HD HHI,True,8,0.044534412955465674,0.010856816284685378,0.012389559440637327,4.064704012582137e-05,0.9448321833912064
577,2023-12-15,HD HHI,True,9,0.028340080971659853,-0.010993919347559,-0.0091897717925905,4.064704012582137e-05,0.9448321833912064
577,2023-12-15,HD HHI,True,10,-0.01619433198380571,-0.03119762149590677,-0.030776393172832754,4.064704012582137e-05,0.9448321833912064
578,2024-01-05,HD HHI,False,1,0.02892561983471076,0.03527567381597396,0.03517024054128387,-0.00022650829518715444,0.9477261814062229
578,2024-01-05,HD HHI,False,2,0.012396694214876103,0.021292961188017157,0.02128093593247568,-0.00022650829518715444,0.9477261814062229
578,2024-01-05,HD HHI,False,3,0.009090909090909038,0.02544007305851259,0.025264964712671627,-0.00022650829518715444,0.9477261814062229
578,2024-01-05,HD HHI,False,4,-0.02066115702479343,-0.003650287249270301,-0.0036334771892897466,-0.00022650829518715444,0.9477261814062229
578,2024-01-05,HD HHI,False,5,-0.016528925619834656,0.006371512808633351,0.006306960920441421,-0.00022650829518715444,0.9477261814062229
578,2024-01-05,HD HHI,False,6,0.0016528925619834212,0.024189586277326147,0.02437055700946973,-0.00022650829518715444,0.9477261814062229
578,2024-01-05,HD HHI,False,7,-0.017355371900826477,0.01617105570043187,0.01600405937221637,-0.00022650829518715444,0.9477261814062229
578,2024-01-05,HD HHI,False,8,-0.05867768595041323,-0.00127954414414988,-0.0024678978350531483,-0.00022650829518715444,0.9477261814062229
578,2024-01-05,HD HHI,False,9,-0.04793388429752066,0.00786223292114796,0.006984131468106544,-0.00022650829518715444,0.9477261814062229
578,2024-01-05,HD HHI,False,10,-0.008264462809917328,0.03487798194151748,0.034887844562760464,-0.00022650829518715444,0.9477261814062229
579,2024-01-08,HD HHI,False,1,-0.02545743834526648,-0.011190472509781002,-0.011555740659202614,-0.00012018255323143908,0.9659737951116687
579,2024-01-08,HD HHI,False,2,-0.02863961813842486,-0.0069601418634615,-0.00745744705860224,-0.00012018255323143908,0.9659737951116687
579,2024-01-08,HD HHI,False,3,-0.05727923627684961,-0.03494163991613819,-0.03534115588692628,-0.00012018255323143908,0.9659737951116687
579,2024-01-08,HD HHI,False,4,-0.05330151153540175,-0.02510626154598561,-0.02558490868607745,-0.00012018255323143908,0.9659737951116687
579,2024-01-08,HD HHI,False,5,-0.03579952267303099,-0.007966046298002571,-0.00831220110173662,-0.00012018255323143908,0.9659737951116687
579,2024-01-08,HD HHI,False,6,-0.05409705648369134,-0.015333398567584422,-0.015931283414670427,-0.00012018255323143908,0.9659737951116687
579,2024-01-08,HD HHI,False,7,-0.0938743038981702,-0.03136829037399491,-0.03265385492430123,-0.00012018255323143908,0.9659737951116687
579,2024-01-08,HD HHI,False,8,-0.08353221957040569,-0.022619549411725615,-0.023730715980988693,-0.00012018255323143908,0.9659737951116687
579,2024-01-08,HD HHI,False,9,-0.04534606205250602,0.0029815047120448357,0.0024187440026426713,-0.00012018255323143908,0.9659737951116687
579,2024-01-08,HD HHI,False,10,-0.05330151153540175,-0.0017449228296660957,-0.0022973723479964916,-0.00012018255323143908,0.9659737951116687
580,2024-01-15,HD HHI,False,1,-0.012458471760797396,-0.005034785113498086,-0.005368488692089721,0.0003597606612858402,1.0035099922628987
580,2024-01-15,HD HHI,False,2,-0.0539867109634552,-0.02204657735299209,-0.022653989053715094,0.0003597606612858402,1.0035099922628987
580,2024-01-15,HD HHI,False,3,-0.04318936877076407,-0.012894527597122174,-0.013867474922854468,0.0003597606612858402,1.0035099922628987
580,2024-01-15,HD HHI,False,4,-0.0033222591362126463,0.013977156268334623,0.012598834437413893,0.0003597606612858402,1.0035099922628987
580,2024-01-15,HD HHI,False,5,-0.011627906976744207,0.009005808800974457,0.007279429677279903,0.0003597606612858402,1.0035099922628987
580,2024-01-15,HD HHI,False,6,-0.011627906976744207,0.00333869040747925,0.0012326590807847544,0.0003597606612858402,1.0035099922628987
580,2024-01-15,HD HHI,False,7,-0.02491694352159468,-0.006405416539196129,-0.00885876585171435,0.0003597606612858402,1.0035099922628987
580,2024-01-15,HD HHI,False,8,-0.004152823920265836,0.014100384201279126,0.01128636753027211,0.0003597606612858402,1.0035099922628987
580,2024-01-15,HD HHI,False,9,-0.004152823920265836,0.01083364414556176,0.007648400580948433,0.0003597606612858402,1.0035099922628987
580,2024-01-15,HD HHI,False,10,-0.01744186046511631,-0.011234259531989199,-0.014810077513601163,0.0003597606612858402,1.0035099922628987
581,2024-01-18,HD HHI,False,1,0.03626943005181338,0.0345233809436758,0.03363287935999821,0.0009181326147880014,0.9841751122682402
581,2024-01-18,HD HHI,False,2,0.02763385146804831,0.029286723941644888,0.027424302190739304,0.0009181326147880014,0.9841751122682402
581,2024-01-18,HD HHI,False,3,0.02763385146804831,0.023509772600103895,0.020820637840822033,0.0009181326147880014,0.9841751122682402
581,2024-01-18,HD HHI,False,4,0.013816925734024155,0.013306479823060435,0.009642027113142566,0.0009181326147880014,0.9841751122682402
581,2024-01-18,HD HHI,False,5,0.03540587219343694,0.03463210101094427,0.03005368277909728,0.0009181326147880014,0.9841751122682402
581,2024-01-18,HD HHI,False,6,0.03540587219343694,0.03130204911561019,0.02585819596635979,0.0009181326147880014,0.9841751122682402
581,2024-01-18,HD HHI,False,7,0.021588946459412783,0.00853611530762799,0.0023157465916705915,0.0009181326147880014,0.9841751122682402
581,2024-01-18,HD HHI,False,8,-0.005181347150259086,-0.017488765225716074,-0.024639062634708147,0.0009181326147880014,0.9841751122682402
581,2024-01-18,HD HHI,False,9,-0.014680483592400706,-0.02629110248781219,-0.03437055928038807,0.0009181326147880014,0.9841751122682402
581,2024-01-18,HD HHI,False,10,-0.025906735751295318,-0.05589745859942152,-0.06460418492523562,0.0009181326147880014,0.9841751122682402
582,2024-01-22,HD HHI,False,1,-0.030154849225753844,-0.030271863977682556,-0.03082101638931035,0.0005509467468572915,0.9846657348759666
582,2024-01-22,HD HHI,False,2,-0.0431947840260799,-0.03971258640833886,-0.04086787684353816,0.0005509467468572915,0.9846657348759666
582,2024-01-22,HD HHI,False,3,-0.02281988590057049,-0.01959996272680764,-0.021302178123005014,0.0005509467468572915,0.9846657348759666
582,2024-01-22,HD HHI,False,4,-0.02281988590057049,-0.022916725695270146,-0.02511902771561283,0.0005509467468572915,0.9846657348759666
582,2024-01-22,HD HHI,False,5,-0.03585982070089655,-0.04486995659940851,-0.047486526521023614,0.0005509467468572915,0.9846657348759666
582,2024-01-22,HD HHI,False,6,-0.06112469437652812,-0.06939239184900947,-0.07257129326514489,0.0005509467468572915,0.9846657348759666
582,2024-01-22,HD HHI,False,7,-0.07008964955175223,-0.0776633284955528,-0.0814038189226653,0.0005509467468572915,0.9846657348759666
582,2024-01-22,HD HHI,False,8,-0.0806845965770171,-0.10656503171049447,-0.11057574823149072,0.0005509467468572915,0.9846657348759666
582,2024-01-22,HD HHI,False,9,-0.07171964140179299,-0.12699498921805563,-0.13110590310153353,0.0005509467468572915,0.9846657348759666
582,2024-01-22,HD HHI,False,10,-0.04237978810105947,-0.08797115644735842,-0.09278151378634172,0.0005509467468572915,0.9846657348759666
583,2024-01-29,HD HHI,False,1,-0.03355704697986572,-0.023702390288050657,-0.024296988223154282,0.0004693403518358175,0.9872895031065017
583,2024-01-29,HD HHI,False,2,-0.04278523489932884,-0.03224903379617805,-0.03332163485124056,0.0004693403518358175,0.9872895031065017
583,2024-01-29,HD HHI,False,3,-0.05369127516778527,-0.061132789147370636,-0.062446224862557645,0.0004693403518358175,0.9872895031065017
583,2024-01-29,HD HHI,False,4,-0.04446308724832215,-0.080771177021986,-0.08218704456705225,0.0004693403518358175,0.9872895031065017
583,2024-01-29,HD HHI,False,5,-0.014261744966442946,-0.04105991272146736,-0.043065996452644764,0.0004693403518358175,0.9872895031065017
583,2024-01-29,HD HHI,False,6,-0.03271812080536918,-0.05352900015615847,-0.0560805256498342,0.0004693403518358175,0.9872895031065017
583,2024-01-29,HD HHI,False,7,-0.046979865771812124,-0.08101746166352575,-0.08387020936953268,0.0004693403518358175,0.9872895031065017
583,2024-01-29,HD HHI,False,8,-0.06040268456375841,-0.0986959705588133,-0.10196396668081785,0.0004693403518358175,0.9872895031065017
583,2024-01-29,HD HHI,False,9,-0.0738255033557047,-0.12373674408353086,-0.12732641057983154,0.0004693403518358175,0.9872895031065017
583,2024-01-29,HD HHI,False,10,-0.08053691275167785,-0.11886982342181052,-0.12307599659817722,0.0004693403518358175,0.9872895031065017
584,2024-01-31,HD HHI,False,1,-0.013123359580052507,-0.033400815206815815,-0.03411343593914361,0.000577425819011997,1.0066672523320608
584,2024-01-31,HD HHI,False,2,-0.0034995625546806464,-0.05301138672309624,-0.05449634618627169,0.000577425819011997,1.0066672523320608
584,2024-01-31,HD HHI,False,3,0.027996500437445393,-0.01188423457517529,-0.013882406955728475,0.000577425819011997,1.0066672523320608
584,2024-01-31,HD HHI,False,4,0.008748906386701671,-0.025068255411583085,-0.027603426238494363,0.000577425819011997,1.0066672523320608
584,2024-01-31,HD HHI,False,5,-0.006124234470691214,-0.05333663610316097,-0.05653854219310723,0.000577425819011997,1.0066672523320608
584,2024-01-31,HD HHI,False,6,-0.0201224846894138,-0.07164479871910168,-0.07545286590154127,0.000577425819011997,1.0066672523320608
584,2024-01-31,HD HHI,False,7,-0.034120734908136496,-0.09740902952315378,-0.10187296928610189,0.000577425819011997,1.0066672523320608
584,2024-01-31,HD HHI,False,8,-0.04111986001749779,-0.0926823035853348,-0.09764548995955519,0.000577425819011997,1.0066672523320608
584,2024-01-31,HD HHI,False,9,-0.03762029746281714,-0.0865261656051809,-0.0920490657397125,0.000577425819011997,1.0066672523320608
584,2024-01-31,HD HHI,False,10,-0.034120734908136496,-0.09705588958744138,-0.10324975233436555,0.000577425819011997,1.0066672523320608
585,2024-02-20,HD HHI,False,1,0.00994575045207946,0.011304466559451942,0.010924469916644601,0.00047371949147753016,1.0689789781409396
585,2024-02-20,HD HHI,False,2,0.001808318264014508,-0.0009580427856219487,-0.002096302526949829,0.00047371949147753016,1.0689789781409396
585,2024-02-20,HD HHI,False,3,0.00723327305605781,0.0031759435165912286,0.0014749145965451838,0.00047371949147753016,1.0689789781409396
585,2024-02-20,HD HHI,False,4,-0.008137432188065064,-0.004433895762429363,-0.0060733075701913854,0.00047371949147753016,1.0689789781409396
585,2024-02-20,HD HHI,False,5,0.03887884267631092,0.050873934737795556,0.04933274647351561,0.00047371949147753016,1.0689789781409396
585,2024-02-20,HD HHI,False,6,0.08047016274864371,0.08221278202208815,0.07949066916999387,0.00047371949147753016,1.0689789781409396
585,2024-02-20,HD HHI,False,7,0.0660036166365281,0.0714836461443793,0.06854561653967035,0.00047371949147753016,1.0689789781409396
585,2024-02-20,HD HHI,False,8,0.027124773960216952,0.020594656380463094,0.016354459610851246,0.00047371949147753016,1.0689789781409396
585,2024-02-20,HD HHI,False,9,0.015370705244122984,0.01820105015477136,0.01413280903119652,0.00047371949147753016,1.0689789781409396
585,2024-02-20,HD HHI,False,10,0.008137432188065175,0.013944908514036736,0.00960830738180465,0.00047371949147753016,1.0689789781409396
586,2024-03-06,HD HHI,False,1,-0.002680965147453085,-0.0002845642702798967,-0.00040061006731948075,0.00044966424889867376,1.1392164620856875
586,2024-03-06,HD HHI,False,2,-0.00893655049151032,-0.018872571109600833,-0.02115515724505919,0.00044966424889867376,1.1392164620856875
586,2024-03-06,HD HHI,False,3,0.011617515638963294,0.009409511057165254,0.007753127724322321,0.00044966424889867376,1.1392164620856875
586,2024-03-06,HD HHI,False,4,0.006255585344057124,-0.004230552456529146,-0.0074890524576644545,0.00044966424889867376,1.1392164620856875
586,2024-03-06,HD HHI,False,5,-0.007149240393208189,-0.022066459061020338,-0.026391502712605087,0.00044966424889867376,1.1392164620856875
586,2024-03-06,HD HHI,False,6,0.07059874888293116,0.04619012485411389,0.040094057079050206,0.00044966424889867376,1.1392164620856875
586,2024-03-06,HD HHI,False,7,0.0464700625558534,0.04162450983880195,0.03780227939039364,0.00044966424889867376,1.1392164620856875
586,2024-03-06,HD HHI,False,8,0.1000893655049151,0.08808475356360423,0.08281619996923395,0.00044966424889867376,1.1392164620856875
586,2024-03-06,HD HHI,False,9,0.0929401251117068,0.09211494933796316,0.08795309304605568,0.00044966424889867376,1.1392164620856875
586,2024-03-06,HD HHI,False,10,0.12421805183199286,0.11059323175045499,0.10419979001316251,0.00044966424889867376,1.1392164620856875
587,2024-03-18,HD HHI,False,1,-0.009716599190283448,-0.003208447168828954,-0.003024806865619143,0.0007871882089821031,1.1491711485828116
587,2024-03-18,HD HHI,False,2,0.018623481781376627,0.012425776091980145,0.00992688079775044,0.0007871882089821031,1.1491711485828116
587,2024-03-18,HD HHI,False,3,0.021052631578947434,-0.009352407376456817,-0.016249526587085908,0.0007871882089821031,1.1491711485828116
587,2024-03-18,HD HHI,False,4,0.012955465587044523,-0.015093173498522683,-0.0224259740430299,0.0007871882089821031,1.1491711485828116
587,2024-03-18,HD HHI,False,5,0.009716599190283448,-0.014221431233456983,-0.021728235771487144,0.0007871882089821031,1.1491711485828116
587,2024-03-18,HD HHI,False,6,-0.009716599190283448,-0.04095572889326493,-0.05033883500567872,0.0007871882089821031,1.1491711485828116
587,2024-03-18,HD HHI,False,7,-0.03319838056680158,-0.06369692745354849,-0.07375674818562598,0.0007871882089821031,1.1491711485828116
587,2024-03-18,HD HHI,False,8,-0.03886639676113357,-0.06589018891918452,-0.07621886470632099,0.0007871882089821031,1.1491711485828116
587,2024-03-18,HD HHI,False,9,-0.04453441295546556,-0.07186117081106691,-0.08302222854827027,0.0007871882089821031,1.1491711485828116
587,2024-03-18,HD HHI,False,10,-0.017813765182186247,-0.04560058205999373,-0.05761745553893756,0.0007871882089821031,1.1491711485828116
588,2024-04-17,HD HHI,True,1,0.06554472984942428,0.050426022568248685,0.05056159633417639,0.0004600706315371535,0.9606021608602411
588,2024-04-17,HD HHI,True,2,0.09300265721877765,0.09438969458402313,0.09341490704595205,0.0004600706315371535,0.9606021608602411
588,2024-04-17,HD HHI,True,3,0.08591674047829945,0.07282464890301021,0.07196023712628499,0.0004600706315371535,0.9606021608602411
588,2024-04-17,HD HHI,True,4,0.12666076173604957,0.1160422201287814,0.11462028519677478,0.0004600706315371535,0.9606021608602411
588,2024-04-17,HD HHI,True,5,0.15323294951284328,0.12229816338629917,0.12121657395624984,0.0004600706315371535,0.9606021608602411
588,2024-04-17,HD HHI,True,6,0.133746678476528,0.12097052318998935,0.11871345231157006,0.0004600706315371535,0.9606021608602411
588,2024-04-17,HD HHI,True,7,0.2356067316209034,0.21215424150354467,0.20985772451585508,0.0004600706315371535,0.9606021608602411
588,2024-04-17,HD HHI,True,8,0.2471213463241806,0.21168254164215883,0.20939818891602924,0.0004600706315371535,0.9606021608602411
588,2024-04-17,HD HHI,True,9,0.21966341895482722,0.1824445829874073,0.1797702890159864,0.0004600706315371535,0.9606021608602411
588,2024-04-17,HD HHI,True,10,0.20637732506643047,0.1723987624994867,0.16913673812632785,0.0004600706315371535,0.9606021608602411
589,2024-05-03,HD HHI,True,1,0.039346696362286604,0.033390483174737584,0.032850312813554695,0.0005320500404181015,1.0013633361515273
589,2024-05-03,HD HHI,True,2,0.020044543429844186,0.01015553722346274,0.009077955102962701,0.0005320500404181015,1.0013633361515273
589,2024-05-03,HD HHI,True,3,0.005939123979213035,0.008157528273278647,0.006564402582797146,0.0005320500404181015,1.0013633361515273
589,2024-05-03,HD HHI,True,4,0.01187824795842607,0.008397965268233776,0.006265020311352296,0.0005320500404181015,1.0013633361515273
589,2024-05-03,HD HHI,True,5,0.06533036377134382,0.0620045968031262,0.059339812462696366,0.0005320500404181015,1.0013633361515273
589,2024-05-03,HD HHI,True,6,0.05642167780252416,0.05194440081101881,0.04874599653492728,0.0005320500404181015,1.0013633361515273
589,2024-05-03,HD HHI,True,7,0.04305864884929478,0.030244880762677617,0.026503061006481136,0.0005320500404181015,1.0013633361515273
589,2024-05-03,HD HHI,True,8,-0.03340757238307346,-0.03578049239911352,-0.04004012781010088,0.0005320500404181015,1.0013633361515273
589,2024-05-03,HD HHI,True,9,-0.04899777282850781,-0.05781620581835023,-0.06261667867060802,0.0005320500404181015,1.0013633361515273
589,2024-05-03,HD HHI,True,10,-0.028953229398663738,-0.03116427580120662,-0.03648779060488093,0.0005320500404181015,1.0013633361515273
590,2024-07-08,HD HHI,False,1,-0.0039215686274509665,-0.002093975098176437,-0.002269910044475228,0.00022241872033045544,1.0254344159612538
590,2024-07-08,HD HHI,False,2,0.015032679738562038,0.01664792430538764,0.016244169666918527,0.00022241872033045544,1.0254344159612538
590,2024-07-08,HD HHI,False,3,0.028104575163398593,0.02158789880758527,0.02075489478947528,0.00022241872033045544,1.0254344159612538
590,2024-07-08,HD HHI,False,4,0.030065359477124076,0.03550636649856442,0.034755080453074016,0.00022241872033045544,1.0254344159612538
590,2024-07-08,HD HHI,False,5,0.045751633986928164,0.049828037839843464,0.04881962518941229,0.00022241872033045544,1.0254344159612538
590,2024-07-08,HD HHI,False,6,0.09477124183006547,0.0970479011979618,0.09577129437734423,0.00022241872033045544,1.0254344159612538
590,2024-07-08,HD HHI,False,7,0.1189542483660131,0.12916788534675905,0.1278707321958914,0.00022241872033045544,1.0254344159612538
590,2024-07-08,HD HHI,False,8,0.10457516339869288,0.12138206160695508,0.12003018548435883,0.00022241872033045544,1.0254344159612538
590,2024-07-08,HD HHI,False,9,0.07385620915032676,0.1007200934653969,0.0994015921904273,0.00022241872033045544,1.0254344159612538
590,2024-07-08,HD HHI,False,10,0.11372549019607847,0.1517115865607338,0.15045355353311216,0.00022241872033045544,1.0254344159612538
591,2024-07-15,HD HHI,False,1,0.037151702786377694,0.035621149376004135,0.035699226185432996,-0.00010184046555920156,1.0155261854759716
591,2024-07-15,HD HHI,False,2,0.0600619195046439,0.06649863042224213,0.06680224892092237,-0.00010184046555920156,1.0155261854759716
591,2024-07-15,HD HHI,False,3,0.04643962848297223,0.05949475985547337,0.0600029776432536,-0.00010184046555920156,1.0155261854759716
591,2024-07-15,HD HHI,False,4,0.017337461300309664,0.04048795523575388,0.04125475596069275,-0.00010184046555920156,1.0155261854759716
591,2024-07-15,HD HHI,False,5,0.05510835913312695,0.0894235063702683,0.09046549203870344,-0.00010184046555920156,1.0155261854759716
591,2024-07-15,HD HHI,False,6,0.08297213622291011,0.11352030497515964,0.11460564430251355,-0.00010184046555920156,1.0155261854759716
591,2024-07-15,HD HHI,False,7,0.08668730650154788,0.12267977254457807,0.12395148150701418,-0.00010184046555920156,1.0155261854759716
591,2024-07-15,HD HHI,False,8,0.09907120743034059,0.15185782801733227,0.15349212660368927,-0.00010184046555920156,1.0155261854759716
591,2024-07-15,HD HHI,False,9,0.28482972136222906,0.33019071181898396,0.33181155916022215,-0.00010184046555920156,1.0155261854759716
591,2024-07-15,HD HHI,False,10,0.28792569659442724,0.32153497216742377,0.3230752006692752,-0.00010184046555920156,1.0155261854759716
592,2024-10-15,HD HHI,True,1,0.018324607329842868,0.016920533213143463,0.014926427892586327,0.0019889213117238397,1.0036921190780737
592,2024-10-15,HD HHI,True,2,0.032460732984293195,0.031463303283905564,0.027481778031232047,0.0019889213117238397,1.0036921190780737
592,2024-10-15,HD HHI,True,3,0.003141361256544517,0.008082474541540763,0.0021339537849957013,0.0019889213117238397,1.0036921190780737
592,2024-10-15,HD HHI,True,4,0.008900523560209317,0.00958337927816677,0.001630215215895254,0.0019889213117238397,1.0036921190780737
592,2024-10-15,HD HHI,True,5,0.015183246073298351,0.028993811155586302,0.019100194847786398,0.0019889213117238397,1.0036921190780737
592,2024-10-15,HD HHI,True,6,0.03717277486910997,0.03988885266862652,0.027965352880944608,0.0019889213117238397,1.0036921190780737
592,2024-10-15,HD HHI,True,7,0.0350785340314137,0.044926234188700565,0.031040143888259555,0.0019889213117238397,1.0036921190780737
592,2024-10-15,HD HHI,True,8,0.03717277486910997,0.046161150976832266,0.03028296663794977,0.0019889213117238397,1.0036921190780737
592,2024-10-15,HD HHI,True,9,-0.019895287958115238,-0.022093469567046164,-0.04000187732081613,0.0019889213117238397,1.0036921190780737
592,2024-10-15,HD HHI,True,10,-0.020942408376963373,-0.025200665944002276,-0.04510560105524329,0.0019889213117238397,1.0036921190780737
593,2024-11-18,HD HHI,True,1,-0.015350877192982448,-0.016492979876923552,-0.01872617333742444,0.0023378967748426084,0.9083240799501358
593,2024-11-18,HD HHI,True,2,0.03508771929824572,0.02975790677318635,0.025570728690429242,0.0023378967748426084,0.9083240799501358
593,2024-11-18,HD HHI,True,3,0.002192982456140413,-0.0024645284890103536,-0.00905123721249917,0.0023378967748426084,0.9083240799501358
593,2024-11-18,HD HHI,True,4,0.03947368421052633,0.026469103649762182,0.01830972343816238,0.0023378967748426084,0.9083240799501358
593,2024-11-18,HD HHI,True,5,0.06140350877192979,0.03499339670816637,0.02572508415601886,0.0023378967748426084,0.9083240799501358
593,2024-11-18,HD HHI,True,6,0.002192982456140413,-0.018555216302126754,-0.030680486740640812,0.0023378967748426084,0.9083240799501358
593,2024-11-18,HD HHI,True,7,0.00877192982456143,-0.004969752468391819,-0.02007524852505066,0.0023378967748426084,0.9083240799501358
593,2024-11-18,HD HHI,True,8,-0.010964912280701733,-0.025358646105976157,-0.04274226151333214,0.0023378967748426084,0.9083240799501358
593,2024-11-18,HD HHI,True,9,-0.03508771929824561,-0.02973360671608094,-0.051265520886684915,0.0023378967748426084,0.9083240799501358
593,2024-11-18,HD HHI,True,10,-0.07456140350877194,-0.06862813956560165,-0.09255104474491656,0.0023378967748426084,0.9083240799501358
594,2025-01-23,HD HHI,True,1,0.013445378151260456,0.010476165447300012,0.007633898554448036,0.0032254960576691832,0.8709323975658454
594,2025-01-23,HD HHI,True,2,0.04537815126050426,0.050090936271317554,0.0430316762938459,0.0032254960576691832,0.8709323975658454
594,2025-01-23,HD HHI,True,3,0.04705882352941182,0.07684583885782414,0.06332481203270901,0.0032254960576691832,0.8709323975658454
594,2025-01-23,HD HHI,True,4,0.07731092436974785,0.09613043498339824,0.08079946163883353,0.0032254960576691832,0.8709323975658454
594,2025-01-23,HD HHI,True,5,0.04033613445378159,0.04825139921187571,0.031102314678571028,0.0032254960576691832,0.8709323975658454
594,2025-01-23,HD HHI,True,6,0.018487394957983128,0.01553795064752439,-0.0034343479928267417,0.0032254960576691832,0.8709323975658454
594,2025-01-23,HD HHI,True,7,0.04537815126050426,0.048292012462659795,0.025337454979787392,0.0032254960576691832,0.8709323975658454
594,2025-01-23,HD HHI,True,8,0.0117647058823529,0.014935556200030953,-0.011277666309502797,0.0032254960576691832,0.8709323975658454
594,2025-01-23,HD HHI,True,9,0.02857142857142847,0.024712638159889888,-0.003818781532419574,0.0032254960576691832,0.8709323975658454
594,2025-01-23,HD HHI,True,10,0.1865546218487395,0.1790030955310773,0.14772279235092456,0.0032254960576691832,0.8709323975658454
595,2025-03-04,HD HHI,True,1,0.017656500802568198,0.013858113547569939,0.008961601162111749,0.005356624822460849,0.8788663698265092
595,2025-03-04,HD HHI,True,2,0.022471910112359605,0.011598634199549762,0.0022025039378246944,0.005356624822460849,0.8788663698265092
595,2025-03-04,HD HHI,True,3,0.01284109149277679,0.006943388967712405,-0.00841207538312573,0.005356624822460849,0.8788663698265092
595,2025-03-04,HD HHI,True,4,-0.009630818619582704,-0.01823997320374182,-0.038623614346081275,0.005356624822460849,0.8788663698265092
595,2025-03-04,HD HHI,True,5,-0.0449438202247191,-0.04068633037794955,-0.06798517969081977,0.005356624822460849,0.8788663698265092
595,2025-03-04,HD HHI,True,6,-0.049759229534510396,-0.06010669564135984,-0.0909930184435051,0.005356624822460849,0.8788663698265092
595,2025-03-04,HD HHI,True,7,-0.0048154093097912964,-0.014699848871093324,-0.050998884582028295,0.005356624822460849,0.8788663698265092
595,2025-03-04,HD HHI,True,8,-0.022471910112359605,-0.0294997113248614,-0.07150140683154019,0.005356624822460849,0.8788663698265092
595,2025-03-04,HD HHI,True,9,0.011235955056179803,-0.013186733244552107,-0.05843794775423644,0.005356624822460849,0.8788663698265092
595,2025-03-04,HD HHI,True,10,0.01605136436597121,-0.009018776307771814,-0.05954818738360973,0.005356624822460849,0.8788663698265092
596,2025-06-10,HD HHI,False,1,-0.02336448598130836,-0.03019434896843831,-0.03501231870574617,0.005417705763622874,0.9121891570233331
596,2025-06-10,HD HHI,False,2,-0.01985981308411211,-0.031188657825948818,-0.04102927394646211,0.005417705763622874,0.9121891570233331
596,2025-06-10,HD HHI,False,3,-0.001168224299065379,-0.003696520435274575,-0.01972762591112802,0.005417705763622874,0.9121891570233331
596,2025-06-10,HD HHI,False,4,0.0490654205607477,0.028513490050793955,0.008647349339179378,0.005417705763622874,0.9121891570233331
596,2025-06-10,HD HHI,False,5,0.01985981308411211,-0.0019528020745818164,-0.02712594676808565,0.005417705763622874,0.9121891570233331
596,2025-06-10,HD HHI,False,6,0.001168224299065379,-0.028225815848891944,-0.05815093498674707,0.005417705763622874,0.9121891570233331
596,2025-06-10,HD HHI,False,7,0.005841121495327117,-0.02547511640002198,-0.06064915149693366,0.005417705763622874,0.9121891570233331
596,2025-06-10,HD HHI,False,8,0.035046728971962704,-0.011543188321582853,-0.05079373451880642,0.005417705763622874,0.9121891570233331
596,2025-06-10,HD HHI,False,9,0.012850467289719614,-0.031186909932063855,-0.07607930258834344,0.005417705763622874,0.9121891570233331
596,2025-06-10,HD HHI,False,10,0.0829439252336448,0.008023237537095884,-0.0395749713561073,0.005417705763622874,0.9121891570233331
597,2025-06-13,HD HHI,False,1,0.0490654205607477,0.03420060223803367,0.029408707076214437,0.005853484969886804,0.928583734760793
597,2025-06-13,HD HHI,False,2,0.01985981308411211,0.003741335384783717,-0.006814513076362411,0.005853484969886804,0.928583734760793
597,2025-06-13,HD HHI,False,3,0.001168224299065379,-0.022489430255782317,-0.038360343832816196,0.005853484969886804,0.928583734760793
597,2025-06-13,HD HHI,False,4,0.005841121495327117,-0.01972801919694067,-0.04131590654287029,0.005853484969886804,0.928583734760793
597,2025-06-13,HD HHI,False,5,0.035046728971962704,-0.005710977244672399,-0.032067638936397524,0.005853484969886804,0.928583734760793
597,2025-06-13,HD HHI,False,6,0.012850467289719614,-0.025368923101187768,-0.057760346799070744,0.005853484969886804,0.928583734760793
597,2025-06-13,HD HHI,False,7,0.0829439252336448,0.014013324234850355,-0.022038304470329423,0.005853484969886804,0.928583734760793
597,2025-06-13,HD HHI,False,8,0.02102803738317749,-0.0494903025513842,-0.09128202584148341,0.005853484969886804,0.928583734760793
597,2025-06-13,HD HHI,False,9,-0.010514018691588745,-0.07115118073739557,-0.11950206581836069,0.005853484969886804,0.928583734760793
597,2025-06-13,HD HHI,False,10,-0.014018691588784993,-0.06652084416326409,-0.12130618620824382,0.005853484969886804,0.928583734760793
598,2025-07-08,HD HHI,True,1,0.002538071065989911,-0.0008302475282813138,-0.0057514172234091054,0.005119390742213439,0.9411513366274862
598,2025-07-08,HD HHI,True,2,0.016497461928933976,-0.002716682447702956,-0.011824737217718248,0.005119390742213439,0.9411513366274862
598,2025-07-08,HD HHI,True,3,-0.015228426395939132,-0.03205401024850152,-0.04642201935495639,0.005119390742213439,0.9411513366274862
598,2025-07-08,HD HHI,True,4,-0.017766497461928932,-0.04300007050513455,-0.06199267142828296,0.005119390742213439,0.9411513366274862
598,2025-07-08,HD HHI,True,5,0.0012690355329949554,-0.028206953990637773,-0.05206928511665696,0.005119390742213439,0.9411513366274862
598,2025-07-08,HD HHI,True,6,0.019035532994923887,-0.001187185865739293,-0.030713450344311777,0.005119390742213439,0.9411513366274862
598,2025-07-08,HD HHI,True,7,0.016497461928933976,-0.005617534773187716,-0.04015183197227437,0.005119390742213439,0.9411513366274862
598,2025-07-08,HD HHI,True,8,0.02918781725888331,0.00842399018298079,-0.031309212284811844,0.005119390742213439,0.9411513366274862
598,2025-07-08,HD HHI,True,9,0.07868020304568524,0.05063542874224192,0.0062113095446624245,0.005119390742213439,0.9411513366274862
598,2025-07-08,HD HHI,True,10,0.05710659898477166,0.04214767838359723,-0.008165916555662484,0.005119390742213439,0.9411513366274862
599,2025-09-08,HD HHI,True,1,-0.01754385964912286,-0.02643808521089208,-0.029012886120066986,0.0035255480120569335,0.8931051280092669
599,2025-09-08,HD HHI,True,2,-0.01754385964912286,-0.043298120305018006,-0.047596217933103986,0.0035255480120569335,0.8931051280092669
599,2025-09-08,HD HHI,True,3,0.007797270955165692,-0.02713902423161607,-0.03398115746596537,0.0035255480120569335,0.8931051280092669
599,2025-09-08,HD HHI,True,4,-0.005847953216374324,-0.056672541386497355,-0.06534184558829806,0.0035255480120569335,0.8931051280092669
599,2025-09-08,HD HHI,True,5,-0.02826510721247566,-0.0827321809379925,-0.09453767012467823,0.0035255480120569335,0.8931051280092669
599,2025-09-08,HD HHI,True,6,-0.01949317738791423,-0.08705401184824135,-0.10098539316935917,0.0035255480120569335,0.8931051280092669
599,2025-09-08,HD HHI,True,7,-0.013645224171540016,-0.06999698243676378,-0.08865210453494848,0.0035255480120569335,0.8931051280092669
599,2025-09-08,HD HHI,True,8,-0.02631578947368418,-0.09749125700852301,-0.11808734861396131,0.0035255480120569335,0.8931051280092669
599,2025-09-08,HD HHI,True,9,-0.03898635477582846,-0.1051917018332138,-0.12984462184292495,0.0035255480120569335,0.8931051280092669
599,2025-09-08,HD HHI,True,10,-0.030214424951267027,-0.10366451175816582,-0.13106855425180347,0.0035255480120569335,0.8931051280092669
600,2025-10-20,HD HHI,False,1,0.0910852713178294,0.09814056330616494,0.09353437211798044,0.004286037873718098,0.9546222445512226
600,2025-10-20,HD HHI,False,2,0.12596899224806202,0.11748550350095432,0.10929838943123683,0.004286037873718098,0.9546222445512226
600,2025-10-20,HD HHI,False,3,0.11821705426356588,0.11963226741544042,0.10670993459797247,0.004286037873718098,0.9546222445512226
600,2025-10-20,HD HHI,False,4,0.15116279069767447,0.12764168844138335,0.11156487177258262,0.004286037873718098,0.9546222445512226
600,2025-10-20,HD HHI,False,5,0.20930232558139528,0.1594920160781741,0.14032210675304868,0.004286037873718098,0.9546222445512226
600,2025-10-20,HD HHI,False,6,0.15116279069767447,0.10977105190707159,0.08593308886520265,0.004286037873718098,0.9546222445512226
600,2025-10-20,HD HHI,False,7,0.1531007751937985,0.09333982936400331,0.0660493818332287,0.004286037873718098,0.9546222445512226
600,2025-10-20,HD HHI,False,8,0.15116279069767447,0.08991132679599678,0.058402477756061943,0.004286037873718098,0.9546222445512226
600,2025-10-20,HD HHI,False,9,0.16279069767441867,0.09618739100941398,0.060635358707875606,0.004286037873718098,0.9546222445512226
600,2025-10-20,HD HHI,False,10,0.1763565891472869,0.0800545800639556,0.04156417034418397,0.004286037873718098,0.9546222445512226
601,2025-10-30,HD HHI,False,1,0.020408163265306145,0.014469266553128302,0.010873989485656765,0.0038531489189324464,0.9565791654648349
601,2025-10-30,HD HHI,False,2,0.03231292517006801,-0.0016355227574407216,-0.00786775065511959,0.0038531489189324464,0.9565791654648349
601,2025-10-30,HD HHI,False,3,-0.0357142857142857,-0.04514060053703706,-0.056290748837639334,0.0038531489189324464,0.9565791654648349
601,2025-10-30,HD HHI,False,4,-0.10204081632653061,-0.08273511621020169,-0.09898598149626811,0.0038531489189324464,0.9565791654648349
601,2025-10-30,HD HHI,False,5,-0.1071428571428571,-0.0932323691737148,-0.11310211876478857,0.0038531489189324464,0.9565791654648349
601,2025-10-30,HD HHI,False,6,-0.11394557823129248,-0.08223309430304915,-0.10672897033399116,0.0038531489189324464,0.9565791654648349
601,2025-10-30,HD HHI,False,7,-0.08503401360544216,-0.08258253500383794,-0.10966102268309183,0.0038531489189324464,0.9565791654648349
601,2025-10-30,HD HHI,False,8,-0.09183673469387754,-0.09750378912355995,-0.1280829122423265,0.0038531489189324464,0.9565791654648349
601,2025-10-30,HD HHI,False,9,-0.08843537414965985,-0.10487815869628336,-0.13884253953957906,0.0038531489189324464,0.9565791654648349
601,2025-10-30,HD HHI,False,10,-0.03401360544217691,-0.05541322584259323,-0.09301552565539586,0.0038531489189324464,0.9565791654648349
602,2025-11-10,HD HHI,False,1,-0.029090909090909056,-0.024748353990649674,-0.028756248307870658,0.003769408728176809,0.9450817356284257
602,2025-11-10,HD HHI,False,2,-0.025454545454545507,-0.03178046742918361,-0.038971876230140104,0.003769408728176809,0.9450817356284257
602,2025-11-10,HD HHI,False,3,0.032727272727272716,0.02149385129818171,0.010802545121491411,0.003769408728176809,0.9450817356284257
602,2025-11-10,HD HHI,False,4,0.06545454545454543,0.09278766865120913,0.07620894605268672,0.003769408728176809,0.9450817356284257
602,2025-11-10,HD HHI,False,5,0.09636363636363643,0.10486204821534462,0.08554828654564994,0.003769408728176809,0.9450817356284257
602,2025-11-10,HD HHI,False,6,0.09636363636363643,0.13774762879871638,0.11285843939235457,0.003769408728176809,0.9450817356284257
602,2025-11-10,HD HHI,False,7,0.043636363636363695,0.09086619657771133,0.06188655502877545,0.003769408728176809,0.9450817356284257
602,2025-11-10,HD HHI,False,8,0.06000000000000005,0.08896249060446637,0.05721665106317658,0.003769408728176809,0.9450817356284257
602,2025-11-10,HD HHI,False,9,0.009090909090909038,0.07480872787227799,0.037274940772928276,0.003769408728176809,0.9450817356284257
602,2025-11-10,HD HHI,False,10,0.0036363636363636598,0.07109993321180685,0.02970086378064448,0.003769408728176809,0.9450817356284257
603,2025-11-14,HD HHI,False,1,0.029010238907849928,0.026391674067722137,0.02252865819747102,0.004038941497596065,0.9328160125542808
603,2025-11-14,HD HHI,False,2,0.029010238907849928,0.059645976433502335,0.049509862432996425,0.004038941497596065,0.9328160125542808
603,2025-11-14,HD HHI,False,3,-0.020477815699658675,0.016069307434184776,0.0014971014795952912,0.004038941497596065,0.9328160125542808
603,2025-11-14,HD HHI,False,4,-0.005119453924914641,0.01295550862323347,-0.004414605424067419,0.004038941497596065,0.9328160125542808
603,2025-11-14,HD HHI,False,5,-0.05290102389078499,0.002341377244907128,-0.021564735027444923,0.004038941497596065,0.9328160125542808
603,2025-11-14,HD HHI,False,6,-0.058020477815699634,-0.0010127520686853408,-0.02907640738515814,0.004038941497596065,0.9328160125542808
603,2025-11-14,HD HHI,False,7,-0.06484641638225253,-0.010712246808112558,-0.042621786660338466,0.004038941497596065,0.9328160125542808
603,2025-11-14,HD HHI,False,8,-0.05460750853242324,-0.025749354816782644,-0.0599996926344894,0.004038941497596065,0.9328160125542808
603,2025-11-14,HD HHI,False,9,-0.05460750853242324,-0.03213394549439763,-0.06999428254976951,0.004038941497596065,0.9328160125542808
603,2025-11-14,HD HHI,False,10,-0.08703071672354945,-0.04976765638622538,-0.09266055234007789,0.004038941497596065,0.9328160125542808
604,2025-11-24,HD HHI,False,1,-0.038596491228070184,-0.017142336863679386,-0.022187591627755514,0.003110249823496298,0.9098074476525854
604,2025-11-24,HD HHI,False,2,-0.028070175438596467,-0.032765332654071444,-0.03856236408812797,0.003110249823496298,0.9098074476525854
604,2025-11-24,HD HHI,False,3,-0.028070175438596467,-0.03937051330728425,-0.04768205646300805,0.003110249823496298,0.9098074476525854
604,2025-11-24,HD HHI,False,4,-0.06140350877192979,-0.05740336672503399,-0.07020514903998093,0.003110249823496298,0.9098074476525854
604,2025-11-24,HD HHI,False,5,-0.0964912280701754,-0.09091335085957053,-0.10696768295935695,0.003110249823496298,0.9098074476525854
604,2025-11-24,HD HHI,False,6,-0.08771929824561409,-0.10105395058583655,-0.11851276319758425,0.003110249823496298,0.9098074476525854
604,2025-11-24,HD HHI,False,7,-0.06315789473684208,-0.08698626150192701,-0.10660886904958777,0.003110249823496298,0.9098074476525854
604,2025-11-24,HD HHI,False,8,-0.07543859649122808,-0.09729098947411141,-0.12020206496405682,0.003110249823496298,0.9098074476525854
604,2025-11-24,HD HHI,False,9,-0.06315789473684208,-0.10315677865408968,-0.12754142563401183,0.003110249823496298,0.9098074476525854
604,2025-11-24,HD HHI,False,10,-0.047368421052631615,-0.10126760834146376,-0.12750880130539563,0.003110249823496298,0.9098074476525854
605,2025-12-11,HD HHI,False,1,0.023214285714285632,0.012707063059617552,0.011192175292192578,0.0029693594714743465,0.8615741046085865
605,2025-12-11,HD HHI,False,2,-0.016071428571428625,-0.008010960511397158,-0.015065456962829597,0.0029693594714743465,0.8615741046085865
605,2025-12-11,HD HHI,False,3,-0.06428571428571428,-0.03404683440948275,-0.047140756846406534,0.0029693594714743465,0.8615741046085865
605,2025-12-11,HD HHI,False,4,-0.07321428571428568,-0.05686540615329505,-0.07100595233106895,0.0029693594714743465,0.8615741046085865
605,2025-12-11,HD HHI,False,5,-0.09999999999999998,-0.06864080236091208,-0.08782852473023085,0.0029693594714743465,0.8615741046085865
605,2025-12-11,HD HHI,False,6,-0.06964285714285712,-0.04459817780350517,-0.06588116679469187,0.0029693594714743465,0.8615741046085865
605,2025-12-11,HD HHI,False,7,-0.08214285714285718,-0.07780223204434444,-0.09918860326048494,0.0029693594714743465,0.8615741046085865
605,2025-12-11,HD HHI,False,8,-0.048214285714285765,-0.04663565613935172,-0.0706090551235481,0.0029693594714743465,0.8615741046085865
605,2025-12-11,HD HHI,False,9,-0.07321428571428568,-0.06952596684566115,-0.09676076093080865,0.0029693594714743465,0.8615741046085865
605,2025-12-11,HD HHI,False,10,-0.08571428571428574,-0.08713286989452607,-0.11663009582393168,0.0029693594714743465,0.8615741046085865
606,2025-12-24,HD HHI,False,1,-0.019157088122605415,-0.018990032870896845,-0.021102426947424785,0.002097269319833069,0.9094625488263133
606,2025-12-24,HD HHI,False,2,0.0019157088122605526,-0.019920107349487903,-0.02213768684957214,0.002097269319833069,0.9094625488263133
606,2025-12-24,HD HHI,False,3,-0.02490421455938696,-0.045192953824876536,-0.04964787104375082,0.002097269319833069,0.9094625488263133
606,2025-12-24,HD HHI,False,4,-0.03448275862068961,-0.07788322879648513,-0.08234293812636126,0.002097269319833069,0.9094625488263133
606,2025-12-24,HD HHI,False,5,-0.017241379310344862,-0.09644735843570185,-0.09976259756714113,0.002097269319833069,0.9094625488263133
606,2025-12-24,HD HHI,False,6,0.05363984674329503,-0.042019864130064866,-0.045942693646577465,0.002097269319833069,0.9094625488263133
606,2025-12-24,HD HHI,False,7,0.06704980842911867,-0.034803052210485186,-0.04026243905225822,0.002097269319833069,0.9094625488263133
606,2025-12-24,HD HHI,False,8,0.11494252873563227,0.01277250522684259,0.0052445641830195094,0.002097269319833069,0.9094625488263133
606,2025-12-24,HD HHI,False,9,0.16666666666666674,0.05627704055568894,0.0473960120612955,0.002097269319833069,0.9094625488263133
606,2025-12-24,HD HHI,False,10,0.15708812260536398,0.0373845609389758,0.02724952311033213,0.002097269319833069,0.9094625488263133
607,2025-12-26,HD HHI,False,1,0.03155818540433919,0.013692429389598804,0.012787201084457193,0.0023743654600244836,0.9177679828566593
607,2025-12-26,HD HHI,False,2,0.0039447731755424265,-0.012379916681878989,-0.01578623542571276,0.0023743654600244836,0.9177679828566593
607,2025-12-26,HD HHI,False,3,-0.00591715976331364,-0.04526378629955663,-0.04915133021176912,0.0023743654600244836,0.9177679828566593
607,2025-12-26,HD HHI,False,4,0.01183431952662728,-0.06317870356766009,-0.06650769320669477,0.0023743654600244836,0.9177679828566593
607,2025-12-26,HD HHI,False,5,0.08481262327416172,-0.006590205148982786,-0.010945793495263353,0.0023743654600244836,0.9177679828566593
607,2025-12-26,HD HHI,False,6,0.09861932938856022,0.0010474129678850197,-0.005175244288448316,0.0023743654600244836,0.9177679828566593
607,2025-12-26,HD HHI,False,7,0.14792899408284033,0.050041147041494316,0.04147010393735161,0.0023743654600244836,0.9177679828566593
607,2025-12-26,HD HHI,False,8,0.20118343195266264,0.09510791729926993,0.08483579715854053,0.0023743654600244836,0.9177679828566593
607,2025-12-26,HD HHI,False,9,0.1913214990138068,0.0759682355228457,0.06408467792355435,0.0023743654600244836,0.9177679828566593
607,2025-12-26,HD HHI,False,10,0.2721893491124261,0.1404728088180074,0.1275604710173147,0.0023743654600244836,0.9177679828566593
608,2026-01-06,HD HHI,False,1,0.022018348623853212,0.025364573390296297,0.022682394261844735,0.0022676244792514937,0.876112730574066
608,2026-01-06,HD HHI,False,2,0.06788990825688068,0.0709492511879809,0.06603498858750637,0.0022676244792514937,0.876112730574066
608,2026-01-06,HD HHI,False,3,0.11743119266055047,0.1130556971871517,0.10679489193598213,0.0022676244792514937,0.876112730574066
608,2026-01-06,HD HHI,False,4,0.10825688073394502,0.0954566950272302,0.08797197716557399,0.0022676244792514937,0.876112730574066
608,2026-01-06,HD HHI,False,5,0.1834862385321101,0.1558273257047691,0.14791579049398085,0.0022676244792514937,0.876112730574066
608,2026-01-06,HD HHI,False,6,0.12844036697247696,0.09411090398899336,0.08475814054336686,0.0022676244792514937,0.876112730574066
608,2026-01-06,HD HHI,False,7,0.15779816513761458,0.10716461616841833,0.09756409693679591,0.0022676244792514937,0.876112730574066
608,2026-01-06,HD HHI,False,8,0.14128440366972472,0.08119251388490811,0.07049613819098127,0.0022676244792514937,0.876112730574066
608,2026-01-06,HD HHI,False,9,0.18899082568807346,0.11490085428865959,0.10367103822391507,0.0022676244792514937,0.876112730574066
608,2026-01-06,HD HHI,False,10,0.1761467889908257,0.10619798973365269,0.09218751068073171,0.0022676244792514937,0.876112730574066
609,2026-01-20,HD HHI,False,1,0.016103059581320522,-0.004897410376716094,-0.004617851950671811,0.001180725592033259,0.9304642219438185
609,2026-01-20,HD HHI,False,2,-0.012882447665056307,-0.04274141866490255,-0.043026603068537804,0.001180725592033259,0.9304642219438185
609,2026-01-20,HD HHI,False,3,0.009661835748792313,-0.02800342936160627,-0.02892652262256213,0.001180725592033259,0.9304642219438185
609,2026-01-20,HD HHI,False,4,-0.025764895330112725,-0.05501250499045385,-0.057701652064571576,0.001180725592033259,0.9304642219438185
609,2026-01-20,HD HHI,False,5,-0.0531400966183575,-0.11051448681661347,-0.11242854191384508,0.001180725592033259,0.9304642219438185
609,2026-01-20,HD HHI,False,6,-0.056360708534621606,-0.13161013980221914,-0.13346196560294116,0.001180725592033259,0.9304642219438185
609,2026-01-20,HD HHI,False,7,-0.0531400966183575,-0.13887832583311188,-0.14118153049973753,0.001180725592033259,0.9304642219438185
609,2026-01-20,HD HHI,False,8,-0.07407407407407407,-0.16045901545408714,-0.16389797607915638,0.001180725592033259,0.9304642219438185
609,2026-01-20,HD HHI,False,9,-0.1159420289855072,-0.14520627432855593,-0.15379789258769938,0.001180725592033259,0.9304642219438185
609,2026-01-20,HD HHI,False,10,-0.0628019323671497,-0.16243719502378517,-0.1673162354334566,0.001180725592033259,0.9304642219438185
610,2026-02-26,HD HHI,False,1,0.006677796327211993,-0.0008478309831991826,-0.0011388934305610696,0.0005527100367922235,0.9652324545664962
610,2026-02-26,HD HHI,False,2,-0.015025041736227096,0.05041758100297855,0.04703688157002112,0.0005527100367922235,0.9652324545664962
610,2026-02-26,HD HHI,False,3,-0.1469115191986644,0.0312170457526304,0.023365822667304775,0.0005527100367922235,0.9652324545664962
610,2026-02-26,HD HHI,False,4,-0.06677796327212016,0.032228247306678726,0.026575204235012403,0.0005527100367922235,0.9652324545664962
610,2026-02-26,HD HHI,False,5,-0.07512520868113526,0.02372448692143936,0.01752417545452771,0.0005527100367922235,0.9652324545664962
610,2026-02-26,HD HHI,False,6,-0.03839732888146907,0.11418379670324341,0.10556266526642843,0.0005527100367922235,0.9652324545664962
610,2026-02-26,HD HHI,False,7,-0.026711185308848084,0.08057418344527656,0.07297516425522176,0.0005527100367922235,0.9652324545664962
610,2026-02-26,HD HHI,False,8,-0.015025041736227096,0.07977785427490003,0.07206010998626765,0.0005527100367922235,0.9652324545664962
610,2026-02-26,HD HHI,False,9,0.008347245409014992,0.10745833715744857,0.09903809744099074,0.0005527100367922235,0.9652324545664962
610,2026-02-26,HD HHI,False,10,-0.005008347245408995,0.1095945000363131,0.10008293996871469,0.0005527100367922235,0.9652324545664962
611,2026-02-27,HD HHI,False,1,-0.031198686371100126,0.029341608674438024,0.027439298744524714,0.0008870576647474721,0.9832301401173851
611,2026-02-27,HD HHI,False,2,-0.16091954022988508,0.012897804035866711,0.008208796197866852,0.0008870576647474721,0.9832301401173851
611,2026-02-27,HD HHI,False,3,-0.08210180623973728,0.012178138287159856,0.00793590383346067,0.0008870576647474721,0.9832301401173851
611,2026-02-27,HD HHI,False,4,-0.090311986863711,0.0038106216697391115,-0.001316031946142951,0.0008870576647474721,0.9832301401173851
611,2026-02-27,HD HHI,False,5,-0.054187192118226646,0.09394870076353612,0.08702919427258554,0.0008870576647474721,0.9832301401173851
611,2026-02-27,HD HHI,False,6,-0.04269293924466333,0.05990959272941665,0.05286661665612498,0.0008870576647474721,0.9832301401173851
611,2026-02-27,HD HHI,False,7,-0.031198686371100126,0.05885589462044105,0.051136288262193005,0.0008870576647474721,0.9832301401173851
611,2026-02-27,HD HHI,False,8,-0.008210180623973717,0.0861751952387384,0.07749590439257299,0.0008870576647474721,0.9832301401173851
611,2026-02-27,HD HHI,False,9,-0.021346469622331665,0.08861192555053521,0.07878441968784178,0.0008870576647474721,0.9832301401173851
611,2026-02-27,HD HHI,False,10,-0.04269293924466333,0.05710998525839006,0.04656572755112394,0.0008870576647474721,0.9832301401173851
612,2026-03-05,HD HHI,False,1,0.029739776951672958,0.01264823476096888,0.01257791791109936,0.0010380283694113523,0.9433806786570634
612,2026-03-05,HD HHI,False,2,0.07063197026022294,0.11418489849577851,0.10964290451776103,0.0010380283694113523,0.9433806786570634
612,2026-03-05,HD HHI,False,3,0.08364312267657992,0.07607258022727192,0.07338713409471558,0.0010380283694113523,0.9433806786570634
612,2026-03-05,HD HHI,False,4,0.09665427509293689,0.07499527548994878,0.07206947987079149,0.0010380283694113523,0.9433806786570634
612,2026-03-05,HD HHI,False,5,0.12267657992565062,0.10588006488837176,0.10164093032365215,0.0010380283694113523,0.9433806786570634
612,2026-03-05,HD HHI,False,6,0.10780669144981414,0.1084950881411394,0.10222794137119372,0.0010380283694113523,0.9433806786570634
612,2026-03-05,HD HHI,False,7,0.08364312267657992,0.07292926623460749,0.06626967892943815,0.0010380283694113523,0.9433806786570634
612,2026-03-05,HD HHI,False,8,0.09107806691449816,0.06385908027813558,0.05709597387383807,0.0010380283694113523,0.9433806786570634
612,2026-03-05,HD HHI,False,9,0.09665427509293689,0.017614315304045336,0.012747248861563198,0.0010380283694113523,0.9433806786570634
612,2026-03-05,HD HHI,False,10,0.05390334572490696,0.004331499328426913,-0.003242060065001613,0.0010380283694113523,0.9433806786570634
613,2026-03-16,HD HHI,False,1,0.0,0.012486431597745096,0.011909316089734487,0.00015739683944639206,0.9663860194741295
613,2026-03-16,HD HHI,False,2,0.005110732538330387,-0.03222075665947055,-0.03128069038746671,0.00015739683944639206,0.9663860194741295
613,2026-03-16,HD HHI,False,3,-0.03407155025553665,-0.04307396630651894,-0.04324354978703461,0.00015739683944639206,0.9663860194741295
613,2026-03-16,HD HHI,False,4,-0.047700170357751315,-0.059850455731889074,-0.060071623633724605,0.00015739683944639206,0.9663860194741295
613,2026-03-16,HD HHI,False,5,-0.14480408858603067,-0.09122203039071564,-0.09381012084866097,0.00015739683944639206,0.9663860194741295
613,2026-03-16,HD HHI,False,6,-0.12095400340715501,-0.0933129795617823,-0.09518648543571415,0.00015739683944639206,0.9663860194741295
613,2026-03-16,HD HHI,False,7,-0.10902896081771718,-0.09684541097353494,-0.098356726456858,0.00015739683944639206,0.9663860194741295
613,2026-03-16,HD HHI,False,8,-0.12947189097103917,-0.08546824938695008,-0.08820656165379617,0.00015739683944639206,0.9663860194741295
613,2026-03-16,HD HHI,False,9,-0.15076660988074952,-0.10298307404265994,-0.10600584044079625,0.00015739683944639206,0.9663860194741295
613,2026-03-16,HD HHI,False,10,-0.18228279386712098,-0.10621220316016344,-0.1103432069092425,0.00015739683944639206,0.9663860194741295
614,2026-04-03,HD HHI,False,1,-0.011542497376705096,-0.0165172823343418,-0.016265703821069608,9.130957121105463e-05,0.9310747926989521
614,2026-04-03,HD HHI,False,2,-0.01364113326337879,-0.02681195941326764,-0.026086776632982596,9.130957121105463e-05,0.9310747926989521
614,2026-04-03,HD HHI,False,3,0.016789087093389332,-0.06599922640288147,-0.06056695344668002,9.130957121105463e-05,0.9310747926989521
614,2026-04-03,HD HHI,False,4,-0.012591815320041944,-0.07798682025241765,-0.07384469426584483,9.130957121105463e-05,0.9310747926989521
614,2026-04-03,HD HHI,False,5,-0.0031479538300105414,-0.08345256260502953,-0.07837409865403706,9.130957121105463e-05,0.9310747926989521
614,2026-04-03,HD HHI,False,6,-0.02833158447009443,-0.09937070235848444,-0.09502217385880991,9.130957121105463e-05,0.9310747926989521
614,2026-04-03,HD HHI,False,7,0.005246589716684236,-0.09513417125208967,-0.08885457349175738,9.130957121105463e-05,0.9310747926989521
614,2026-04-03,HD HHI,False,8,-0.0041972717733472775,-0.12737575002018742,-0.11961612444168479,9.130957121105463e-05,0.9310747926989521
614,2026-04-03,HD HHI,False,9,0.03567681007345236,-0.11233133987077037,-0.10295163359451975,9.130957121105463e-05,0.9310747926989521
614,2026-04-03,HD HHI,False,10,0.07869884575026243,-0.06301614590618598,-0.05416150644070955,9.130957121105463e-05,0.9310747926989521
615,2026-04-16,HD HHI,False,1,0.02594810379241519,0.03163432886800932,0.03133801719791866,-0.00019493640464929881,0.91360734613752
615,2026-04-16,HD HHI,False,2,0.045908183632734634,0.0472313831419946,0.047506941234098696,-0.00019493640464929881,0.91360734613752
615,2026-04-16,HD HHI,False,3,0.14970059880239517,0.1238243404380559,0.12664466828413026,-0.00019493640464929881,0.91360734613752
615,2026-04-16,HD HHI,False,4,0.2794411177644711,0.24883409998959793,0.2522580671005825,-0.00019493640464929881,0.91360734613752
615,2026-04-16,HD HHI,False,5,0.2794411177644711,0.23953958693183486,0.24396146809688837,-0.00019493640464929881,0.91360734613752
615,2026-04-16,HD HHI,False,6,0.3393213572854292,0.299448731296442,0.3040630516999925,-0.00019493640464929881,0.91360734613752
615,2026-04-16,HD HHI,False,7,0.343313373253493,0.2810555516830928,0.2877987249448015,-0.00019493640464929881,0.91360734613752
615,2026-04-16,HD HHI,False,8,0.3313373253493015,0.26490596552093204,0.2722046382333926,-0.00019493640464929881,0.91360734613752
615,2026-04-16,HD HHI,False,9,0.3772455089820359,0.30280429581363144,0.31098989741783617,-0.00019493640464929881,0.91360734613752
615,2026-04-16,HD HHI,False,10,0.3672654690618762,0.3076026601212869,0.3147064525690475,-0.00019493640464929881,0.91360734613752
616,2026-04-17,HD HHI,False,1,0.0,-0.000832002986842495,-0.0007374526734688709,-4.119165584266552e-06,0.8913091067947371
616,2026-04-17,HD HHI,False,2,0.0992366412213741,0.07114648235225451,0.0742078651411854,-4.119165584266552e-06,0.8913091067947371
616,2026-04-17,HD HHI,False,3,0.2232824427480915,0.19045131521506886,0.1940321172883218,-4.119165584266552e-06,0.8913091067947371
616,2026-04-17,HD HHI,False,4,0.2232824427480915,0.18113674405869729,0.18573407435634448,-4.119165584266552e-06,0.8913091067947371
616,2026-04-17,HD HHI,False,5,0.2805343511450382,0.2384176196776231,0.24301592066762398,-4.119165584266552e-06,0.8913091067947371
616,2026-04-17,HD HHI,False,6,0.28435114503816794,0.21980090943809594,0.22684164719558353,-4.119165584266552e-06,0.8913091067947371
616,2026-04-17,HD HHI,False,7,0.27290076335877855,0.204167982762955,0.2116674442374863,-4.119165584266552e-06,0.8913091067947371
616,2026-04-17,HD HHI,False,8,0.3167938931297709,0.24003397346553323,0.2484100310208776,-4.119165584266552e-06,0.8913091067947371
616,2026-04-17,HD HHI,False,9,0.3072519083969465,0.24530228561454837,0.25207271793875474,-4.119165584266552e-06,0.8913091067947371
616,2026-04-17,HD HHI,False,10,0.2977099236641221,0.1813469836842061,0.19403576722245625,-4.119165584266552e-06,0.8913091067947371
617,2026-04-22,HD HHI,False,1,0.004702194357366851,0.006708719416583908,0.006069771511154995,0.0001758790313075584,0.7692184944343315
617,2026-04-22,HD HHI,False,2,0.051724137931034475,0.05375840296802881,0.05293717415745654,0.0001758790313075584,0.7692184944343315
617,2026-04-22,HD HHI,False,3,0.054858934169278895,0.03541012752771189,0.03937091531198562,0.0001758790313075584,0.7692184944343315
617,2026-04-22,HD HHI,False,4,0.045454545454545414,0.022000394243926413,0.02670966244684768,0.0001758790313075584,0.7692184944343315
617,2026-04-22,HD HHI,False,5,0.08150470219435735,0.05036349491970227,0.05667091446314192,0.0001758790313075584,0.7692184944343315
617,2026-04-22,HD HHI,False,6,0.07366771159874608,0.0567093385176205,0.05956774320138161,0.0001758790313075584,0.7692184944343315
617,2026-04-22,HD HHI,False,7,0.0658307210031348,-0.0032356592225761815,0.011472430770731401,0.0001758790313075584,0.7692184944343315
617,2026-04-22,HD HHI,False,8,0.01567398119122254,-0.12236785377748527,-0.0919173835228198,0.0001758790313075584,0.7692184944343315
617,2026-04-22,HD HHI,False,9,0.0862068965517242,-0.06809210650429676,-0.03406566155351459,0.0001758790313075584,0.7692184944343315
617,2026-04-22,HD HHI,False,10,0.03134796238244508,-0.12417622302540199,-0.09004290767818046,0.0001758790313075584,0.7692184944343315
618,2026-05-04,HD HHI,False,1,-0.04565537555228272,-0.08675922286111215,-0.0762963580146316,-0.0004472352223537276,0.7563335239916729
618,2026-05-04,HD HHI,False,2,0.020618556701030855,-0.035357679057836044,-0.020823676505554188,-0.0004472352223537276,0.7563335239916729
618,2026-05-04,HD HHI,False,3,-0.030927835051546393,-0.08802489257719481,-0.07277054811241415,-0.0004472352223537276,0.7563335239916729
618,2026-05-04,HD HHI,False,4,0.008836524300441795,-0.09397314324549422,-0.0671329329655734,-0.0004472352223537276,0.7563335239916729
618,2026-05-04,HD HHI,False,5,0.04123711340206193,-0.036323752859229064,-0.015188593789418496,-0.0004472352223537276,0.7563335239916729
618,2026-05-04,HD HHI,False,6,0.07952871870397638,-0.026350167692630988,0.002132378773438706,-0.0004472352223537276,0.7563335239916729
618,2026-05-04,HD HHI,False,7,-0.01178203240058906,-0.13703210254006426,-0.10338221277290645,-0.0004472352223537276,0.7563335239916729
618,2026-05-04,HD HHI,False,8,-0.05743740795287189,-0.11385492322494972,-0.09652998431462673,-0.0004472352223537276,0.7563335239916729
618,2026-05-04,HD HHI,False,9,-0.09425625920471281,-0.1538966657458004,-0.13533918105504605,-0.0004472352223537276,0.7563335239916729
618,2026-05-04,HD HHI,False,10,-0.11929307805596467,-0.1444798464377941,-0.1338703231206185,-0.0004472352223537276,0.7563335239916729
619,2026-05-08,HD HHI,False,1,0.028528528528528607,0.022492756321375484,0.02476823171960899,-0.0010761852350481427,0.8013029448387634
619,2026-05-08,HD HHI,False,2,0.06156156156156145,0.07855895459155005,0.07733399312116947,-0.0010761852350481427,0.8013029448387634
619,2026-05-08,HD HHI,False,3,0.10060060060060061,0.09176494002886781,0.0967491154700198,-0.0010761852350481427,0.8013029448387634
619,2026-05-08,HD HHI,False,4,0.007507507507507505,-0.01899947420769088,-0.009427874059475646,-0.0010761852350481427,0.8013029448387634
619,2026-05-08,HD HHI,False,5,-0.03903903903903905,-0.002753669066652087,-0.004582539050360622,-0.0010761852350481427,0.8013029448387634
619,2026-05-08,HD HHI,False,6,-0.07657657657657657,-0.04323128230535134,-0.04339978267023979,-0.0010761852350481427,0.8013029448387634
619,2026-05-08,HD HHI,False,7,-0.10210210210210213,-0.03732654974470406,-0.04266396459922456,-0.0010761852350481427,0.8013029448387634
619,2026-05-08,HD HHI,False,8,-0.04504504504504503,0.027795780594061403,0.021932004924443,-0.0010761852350481427,0.8013029448387634
619,2026-05-08,HD HHI,False,9,0.009009009009008917,0.0038285081672417842,0.014543525544194505,-0.0010761852350481427,0.8013029448387634
619,2026-05-08,HD HHI,False,10,0.021021021021021102,0.01170949517832165,0.02432152029280521,-0.0010761852350481427,0.8013029448387634
620,2026-05-14,HD HHI,False,1,-0.05604719764011801,0.0016218689175578893,-0.008500686096329438,-0.0014642567111869311,0.7990809906124269
620,2026-05-14,HD HHI,False,2,-0.09292035398230092,-0.038126126296571305,-0.04620681482097137,-0.0014642567111869311,0.7990809906124269
620,2026-05-14,HD HHI,False,3,-0.11799410029498525,-0.032467015062174864,-0.045258262169396865,-0.0014642567111869311,0.7990809906124269
620,2026-05-14,HD HHI,False,4,-0.06194690265486724,0.03146649691126602,0.018554996051660694,-0.0014642567111869311,0.7990809906124269
620,2026-05-14,HD HHI,False,5,-0.008849557522123908,0.008273717228717059,0.012154609384241503,-0.0014642567111869311,0.7990809906124269
620,2026-05-14,HD HHI,False,6,0.002949852507374562,0.01603376485371344,0.022190498413294783,-0.0014642567111869311,0.7990809906124269
620,2026-05-14,HD HHI,False,7,0.09882005899705004,0.08677742687204604,0.09944681756732933,-0.0014642567111869311,0.7990809906124269
620,2026-05-14,HD HHI,False,8,0.09734513274336276,0.06251632147540276,0.08122814542300347,-0.0014642567111869311,0.7990809906124269
620,2026-05-14,HD HHI,False,9,0.03834808259587019,0.008978446981068533,0.028057675475550853,-0.0014642567111869311,0.7990809906124269
620,2026-05-14,HD HHI,False,10,0.026548672566371723,-0.03939907478484028,-0.011506351603823503,-0.0014642567111869311,0.7990809906124269
621,2026-06-01,HD HHI,False,1,-0.008836524300441795,0.0003606222201212317,-0.0004480487196380275,-0.0016617700064535553,0.7313904980540007
621,2026-06-01,HD HHI,False,2,-0.04123711340206182,-0.013794269108514001,-0.01784213783327838,-0.0016617700064535553,0.7313904980540007
621,2026-06-01,HD HHI,False,3,-0.022091310751104598,0.05925334133896665,0.042388704874442684,-0.0016617700064535553,0.7313904980540007
621,2026-06-01,HD HHI,False,4,-0.08541973490427102,0.072043969012903,0.036394801954952816,-0.0016617700064535553,0.7313904980540007
621,2026-06-01,HD HHI,False,5,-0.09867452135493371,-0.010163524742230368,-0.02562956942684487,-0.0016617700064535553,0.7313904980540007
621,2026-06-01,HD HHI,False,6,-0.055964653902798256,0.07376014090627381,0.04888544842128334,-0.0016617700064535553,0.7313904980540007
621,2026-06-01,HD HHI,False,7,-0.048600883652430094,0.07739439507064128,0.05518325605046459,-0.0016617700064535553,0.7313904980540007
621,2026-06-01,HD HHI,False,8,-0.04270986745213545,0.042796577867620256,0.033122894228736294,-0.0016617700064535553,0.7313904980540007
621,2026-06-01,HD HHI,False,9,0.05154639175257736,0.08950685415403459,0.09426624331282132,-0.0016617700064535553,0.7313904980540007
621,2026-06-01,HD HHI,False,10,0.027982326951399017,0.045610003495523355,0.057492742143076495,-0.0016617700064535553,0.7313904980540007
622,2026-06-08,HD HHI,False,1,-0.02080000000000004,-0.07265534493151249,-0.05812182662896369,-0.0010815642823684564,0.7405869339419705
622,2026-06-08,HD HHI,False,2,0.025600000000000067,0.02130524412296575,0.024582488477734876,-0.0010815642823684564,0.7405869339419705
622,2026-06-08,HD HHI,False,3,0.033600000000000074,0.025001394691442913,0.030476678105463943,-0.0010815642823684564,0.7405869339419705
622,2026-06-08,HD HHI,False,4,0.040000000000000036,-0.015322587350086181,0.003355071786136671,-0.0010815642823684564,0.7405869339419705
622,2026-06-08,HD HHI,False,5,0.14240000000000008,0.032209503024256625,0.06620217910703455,-0.0010815642823684564,0.7405869339419705
622,2026-06-08,HD HHI,False,6,0.11680000000000001,-0.016854465714701394,0.024306634722907824,-0.0010815642823684564,0.7405869339419705
622,2026-06-08,HD HHI,False,7,0.13119999999999998,-0.02033499199767208,0.026546114868102197,-0.0010815642823684564,0.7405869339419705
622,2026-06-08,HD HHI,False,8,0.09440000000000004,-0.08306461308224722,-0.02837545942683191,-0.0010815642823684564,0.7405869339419705
622,2026-06-08,HD HHI,False,9,0.06719999999999993,-0.10878106462139647,-0.053395198538487704,-0.0010815642823684564,0.7405869339419705
622,2026-06-08,HD HHI,False,10,0.01760000000000006,-0.16645224376961587,-0.10789104407479538,-0.0010815642823684564,0.7405869339419705
623,2026-07-01,HD HHI,False,1,-0.032786885245901676,0.0031398016734615064,-0.007588488764518706,-0.0008782842425362132,0.6769372387003795
623,2026-07-01,HD HHI,False,2,-0.0540983606557377,-0.07366700343094545,-0.06558853517602854,-0.0008782842425362132,0.6769372387003795
623,2026-07-01,HD HHI,False,3,-0.04426229508196722,-0.05916567459312916,-0.051716094927948354,-0.0008782842425362132,0.6769372387003795
623,2026-07-01,HD HHI,False,4,-0.09508196721311479,-0.06019144522297226,-0.06795013663014798,-0.0008782842425362132,0.6769372387003795
623,2026-07-01,HD HHI,False,5,-0.15245901639344261,-0.06594680805118036,-0.08950425975167861,-0.0008782842425362132,0.6769372387003795
623,2026-07-01,HD HHI,False,6,-0.16885245901639345,-0.0880278129133567,-0.1088695408092511,-0.0008782842425362132,0.6769372387003795
623,2026-07-01,HD HHI,False,7,-0.17377049180327864,-0.11614358681027459,-0.12861270416471188,-0.0008782842425362132,0.6769372387003795
623,2026-07-01,HD HHI,False,8,-0.2008196721311475,-0.058861295204095,-0.09769648650347121,-0.0008782842425362132,0.6769372387003795
623,2026-07-01,HD HHI,False,9,-0.23606557377049175,-0.1003972978127955,-0.13632210748162185,-0.0008782842425362132,0.6769372387003795
623,2026-07-01,HD HHI,False,10,-0.22786885245901645,-0.14609880039866163,-0.16373281678353147,-0.0008782842425362132,0.6769372387003795
624,2026-07-09,HD HHI,False,1,-0.0117647058823529,-0.0016289758118728237,-0.004954594381010077,-4.50228610478992e-05,0.6674495663610837
624,2026-07-09,HD HHI,False,2,-0.044117647058823484,0.05459946478111266,0.021861092153256295,-4.50228610478992e-05,0.6674495663610837
624,2026-07-09,HD HHI,False,3,-0.0862745098039216,0.005835509540691897,-0.024660648751704595,-4.50228610478992e-05,0.6674495663610837
624,2026-07-09,HD HHI,False,4,-0.07647058823529407,-0.04097500995581271,-0.05259898846072674,-4.50228610478992e-05,0.6674495663610837
624,2026-07-09,HD HHI,False,5,-0.050980392156862786,0.04592672059667935,0.013925332533033047,-4.50228610478992e-05,0.6674495663610837
624,2026-07-09,HD HHI,False,6,-0.12058823529411766,0.01661419728109914,-0.028742394001815996,-4.50228610478992e-05,0.6674495663610837
624,2026-07-09,HD HHI,False,7,-0.11470588235294121,-0.008179425515527305,-0.043289684903491304,-4.50228610478992e-05,0.6674495663610837
624,2026-07-09,HD HHI,False,8,-0.08921568627450982,0.010723539067066246,-0.022151110769429064,-4.50228610478992e-05,0.6674495663610837
624,2026-07-09,HD HHI,False,9,-0.02352941176470591,0.03679506400421262,0.01713933917764955,-4.50228610478992e-05,0.6674495663610837
624,2026-07-09,HD HHI,False,10,-0.04803921568627456,0.06607811515428264,0.028578575908018655,-4.50228610478992e-05,0.6674495663610837
625,2026-08-10,HD HHI,False,1,-0.06331471135940414,-0.08021679242913726,-0.0717748049171447,-0.001258947571875482,0.5750203829645639
625,2026-08-10,HD HHI,False,2,-0.07635009310986962,-0.13067328872016815,-0.10506914270981144,-0.001258947571875482,0.5750203829645639
625,2026-08-10,HD HHI,False,3,-0.07635009310986962,-0.16822100460751532,-0.12540089710692298,-0.001258947571875482,0.5750203829645639
625,2026-08-10,HD HHI,False,4,-0.05027932960893855,-0.16852819260064034,-0.11323904580404924,-0.001258947571875482,0.5750203829645639
625,2026-08-10,HD HHI,False,5,-0.08845437616387342,-0.18937808523077337,-0.14019282814234907,-0.001258947571875482,0.5750203829645639
625,2026-08-10,HD HHI,False,6,-0.11731843575418999,-0.15435493860832905,-0.1310614943777923,-0.001258947571875482,0.5750203829645639
625,2026-08-10,HD HHI,False,7,-0.11452513966480449,-0.2126844522355168,-0.16215611216762543,-0.001258947571875482,0.5750203829645639
625,2026-08-10,HD HHI,False,8,-0.15642458100558654,-0.26425848003860863,-0.20835969034911317,-0.001258947571875482,0.5750203829645639
625,2026-08-10,HD HHI,False,9,-0.15176908752327745,-0.22498953732664473,-0.182541810463168,-0.001258947571875482,0.5750203829645639
625,2026-08-10,HD HHI,False,10,-0.13500931098696467,-0.21556622870890962,-0.1687417049471275,-0.001258947571875482,0.5750203829645639
626,2026-08-24,HD HHI,False,1,0.02879291251384264,-0.0028491032360200563,0.012171917282814575,-0.0012505814868151264,0.5648052532152836
626,2026-08-24,HD HHI,False,2,0.02879291251384264,-0.01286604038191963,0.007764880048498311,-0.0012505814868151264,0.5648052532152836
626,2026-08-24,HD HHI,False,3,0.04097452934662238,-0.01662094673711767,0.012196046353536147,-0.0012505814868151264,0.5648052532152836
626,2026-08-24,HD HHI,False,4,0.012181616832779518,-0.02651983804816327,-0.004674842243790743,-0.0012505814868151264,0.5648052532152836
626,2026-08-24,HD HHI,False,5,-0.0044296788482834915,-0.04789556664083949,-0.02272653317510956,-0.0012505814868151264,0.5648052532152836
626,2026-08-24,HD HHI,False,6,0.0033222591362125353,-0.04255797519922244,-0.01508764931429861,-0.0012505814868151264,0.5648052532152836
626,2026-08-24,HD HHI,False,7,-0.06533776301218164,-0.0694366441201495,-0.05889876218656088,-0.0012505814868151264,0.5648052532152836
626,2026-08-24,HD HHI,False,8,-0.03654485049833889,-0.04320801855552425,-0.030303590925572447,-0.0012505814868151264,0.5648052532152836
626,2026-08-24,HD HHI,False,9,-0.03322259136212624,-0.05636849408752265,-0.03504028543050394,-0.0012505814868151264,0.5648052532152836
626,2026-08-24,HD HHI,False,10,-0.0055370985603543366,-0.0758346690667705,-0.03273572080249871,-0.0012505814868151264,0.5648052532152836
