종목,code,date,근거,수정주가 수익률(%),KOSPI(%),Yahoo 무조정 수익률(%),Yahoo 수정 비율 변화(%),네이버 수정 전 무조정 수익률(%),네이버 수정 전 수정 비율 변화(%),직전 60일 DART 자본변동 공시,판정
현대중공업,009540,2005-10-06,수정 비율 변화 (Yahoo),0.0,-2.0294932377383113,0.5128160677560833,-0.5101996818101306,0.0,0.0,,수정 반영됨 (수정주가 수익률 ±15.5% 안)
현대중공업,009540,2005-10-07,수정 비율 변화 (Yahoo),1.1544541040984457,-0.12307794659415228,0.6377610495885255,0.5134186702100196,1.1538461538461497,0.0006010154585345262,,수정 반영됨 (수정주가 수익률 ±15.5% 안)
현대중공업,009540,2005-10-21,수정 비율 변화 (Yahoo),1.857239459654969,1.8283816456295288,2.428571831517301,-0.5577861349097879,1.857142857142846,9.484117597935438e-05,,수정 반영됨 (수정주가 수익률 ±15.5% 안)
현대중공업,009540,2005-10-24,수정 비율 변화 (Yahoo),-0.27945036282229774,0.09463615777198786,-0.5578752375208884,0.2799868520142912,-0.28050490883591017,0.0010575123877698545,,수정 반영됨 (수정주가 수익률 ±15.5% 안)
현대중공업,009540,2005-10-25,수정 비율 변화 (Yahoo),-0.8453451826162306,-0.28026338004388807,-1.1220182818768354,0.27981264832985797,-0.8438818565400852,-0.0014757799151055018,,수정 반영됨 (수정주가 수익률 ±15.5% 안)
현대중공업,009540,2005-10-31,수정 비율 변화 (Yahoo),-1.7364430000637254,1.524475769689304,-2.753620989185701,1.0459803228342945,-1.736613603473225,0.00017361849184993616,,수정 반영됨 (수정주가 수익률 ±15.5% 안)
현대중공업,009540,2005-11-01,수정 비율 변화 (Yahoo),0.8835640867676187,2.662959477079041,2.53353230750355,-1.609198652971,0.8836524300441795,-8.756946685561928e-05,,수정 반영됨 (수정주가 수익률 ±15.5% 안)
현대중공업,009540,2005-11-02,수정 비율 변화 (Yahoo),5.547431179391582,1.634215063711686,5.087204195708361,0.43794769040208514,5.547445255474459,-1.3336261084351264e-05,,수정 반영됨 (수정주가 수익률 ±15.5% 안)
현대중공업,009540,2005-11-11,수정 비율 변화 (Yahoo),5.075249737118814,1.7570862665359677,5.373132435720129,-0.2826932176311914,5.074626865671639,0.0005927895875057487,,수정 반영됨 (수정주가 수익률 ±15.5% 안)
현대중공업,009540,2005-12-02,수정 비율 변화 (Yahoo),4.2954031650339175,0.31700332317492474,4.026851027553335,0.2581565574924838,4.295302013422808,9.698577896344318e-05,,수정 반영됨 (수정주가 수익률 ±15.5% 안)
현대중공업,009540,2005-12-05,수정 비율 변화 (Yahoo),4.503853564547211,0.38393429609502316,4.774194544538646,-0.2580224846076229,4.504504504504503,-0.0006228822005072132,,수정 반영됨 (수정주가 수익률 ±15.5% 안)
현대중공업,009540,2005-12-19,수정 비율 변화 (Yahoo),1.306587619075028,1.3898140858717545,1.96078692075623,-0.6416185294741195,1.3071895424836555,-0.0005941566549649835,,수정 반영됨 (수정주가 수익률 ±15.5% 안)
현대중공업,009540,2005-12-20,수정 비율 변화 (Yahoo),2.9686656629072994,0.11945647304762996,2.3076876462752027,0.6460687674981092,2.9677419354838808,0.0008971037007032834,,수정 반영됨 (수정주가 수익률 ±15.5% 안)
현대중공업,009540,2005-12-21,수정 비율 변화 (Yahoo),0.0,0.9813571961223122,-0.7518732163057984,0.7575691760353997,0.0,0.0,,수정 반영됨 (수정주가 수익률 ±15.5% 안)
현대중공업,009540,2005-12-22,수정 비율 변화 (Yahoo),-3.5093527561661952,-0.24295504224022269,-2.777783863317995,-0.7524709083155501,-3.508771929824561,-0.0006019472995055786,,수정 반영됨 (수정주가 수익률 ±15.5% 안)
현대중공업,009540,2005-12-23,수정 비율 변화 (Yahoo),3.765654486189751,0.6410683485457591,3.24676020975474,0.5025768124644392,3.766233766233773,-0.0005582548609606164,,수정 반영됨 (수정주가 수익률 ±15.5% 안)
현대중공업,009540,2005-12-26,수정 비율 변화 (Yahoo),-1.1256234328070325,0.5913808448507973,-0.6289366395762386,-0.49983040981386173,-1.126408010012514,0.0007935154268112754,,수정 반영됨 (수정주가 수익률 ±15.5% 안)
현대중공업,009540,2005-12-27,수정 비율 변화 (Yahoo),-0.3804082770152539,0.43727194951630466,0.6329172883005718,-1.0069523895573695,-0.37974683544304,-0.0006639629505089673,,수정 반영됨 (수정주가 수익률 ±15.5% 안)
현대중공업,009540,2005-12-28,수정 비율 변화 (Yahoo),-2.0323952330330686,-0.3924138182082815,-3.0188717869058634,1.0171840357489303,-2.0330368487928796,0.0006549307431491513,,수정 반영됨 (수정주가 수익률 ±15.5% 안)
현대중공업,009540,2006-01-02,수정 비율 변화 (Yahoo),-0.26195997595122034,0.7177189586550448,0.13003399338959998,-0.3914849058841874,-0.2600780234070177,-0.0018868598520072055,,수정 반영됨 (수정주가 수익률 ±15.5% 안)
현대중공업,009540,2006-01-03,수정 비율 변화 (Yahoo),0.6530319339791868,0.40308939227076124,0.2597457897762334,0.3922672465453747,0.6518904823989535,0.001134058759122425,,수정 반영됨 (수정주가 수익률 ±15.5% 안)
현대중공업,009540,2006-01-06,수정 비율 변화 (Yahoo),2.9865042603076652,1.237540397417436,2.727276400508294,0.2523456952062908,2.9870129870129825,-0.0004939717063168203,,수정 반영됨 (수정주가 수익률 ±15.5% 안)
현대중공업,009540,2006-01-09,수정 비율 변화 (Yahoo),-1.639435290198088,-0.31498180891575966,-1.3906440554070088,-0.25229982734180645,-1.6393442622950838,-9.254503472444497e-05,,수정 반영됨 (수정주가 수익률 ±15.5% 안)
현대중공업,009540,2006-01-10,수정 비율 변화 (Yahoo),-2.5643558767076913,-0.8549132660669034,-1.4102556923588416,-1.170608761036629,-2.564102564102566,-0.0002599787263135589,,수정 반영됨 (수정주가 수익률 ±15.5% 안)
현대중공업,009540,2006-01-11,수정 비율 변화 (Yahoo),-1.5788177696664185,-0.15756039218214335,-2.73082278692266,1.18434744722129,-1.5789473684210575,0.00013167787904500017,,수정 반영됨 (수정주가 수익률 ±15.5% 안)
현대중공업,009540,2006-01-17,수정 비율 변화 (Yahoo),-1.8968492540636817,-2.265454110663323,-3.2869802964231365,1.437377352728908,-1.896333754740831,-0.0005254638716145621,,수정 반영됨 (수정주가 수익률 ±15.5% 안)
현대중공업,009540,2006-01-18,수정 비율 변화 (Yahoo),-0.7731264097144419,-2.6389268699894775,1.1764721524537336,-1.9269287816544023,-0.773195876288657,7.000787221045357e-05,,수정 반영됨 (수정주가 수익률 ±15.5% 안)
현대중공업,009540,2006-01-19,수정 비율 변화 (Yahoo),-2.207354034425568,0.5713609922315621,-2.713181860030034,0.5199345967680014,-2.207792207792203,0.00044806572683242507,,수정 반영됨 (수정주가 수익률 ±15.5% 안)
현대중공업,009540,2006-02-01,수정 비율 변화 (Yahoo),-2.714305933416161,-1.704492688397874,-2.42857183151729,-0.2928460792901988,-2.7142857142857135,-2.0783247145494954e-05,,수정 반영됨 (수정주가 수익률 ±15.5% 안)
현대중공업,009540,2006-02-03,수정 비율 변화 (Yahoo),-3.4779279207415303,-2.9786676755624186,-3.757227532591234,0.2902032066296467,-3.4782608695652195,0.0003449469794913895,,수정 반영됨 (수정주가 수익률 ±15.5% 안)
현대중공업,009540,2006-02-09,수정 비율 변화 (Yahoo),3.239194578645299,0.8138887405701123,4.579025424084571,-1.2811659317019108,3.2400589101620136,-0.0008372055632421826,,수정 반영됨 (수정주가 수익률 ±15.5% 안)
현대중공업,009540,2006-02-10,수정 비율 변화 (Yahoo),0.7129396984924652,1.0267391008277338,0.0,0.7129396984924652,0.7132667617689048,-0.00032474696428641536,,수정 반영됨 (수정주가 수익률 ±15.5% 안)
현대중공업,009540,2006-02-13,수정 비율 변화 (Yahoo),1.4157856986933615,-1.0814616208443484,0.9887047187334685,0.4228997501743992,1.4164305949008416,-0.0006358892772118097,,수정 반영됨 (수정주가 수익률 ±15.5% 안)
현대중공업,009540,2006-02-17,수정 비율 변화 (Yahoo),0.0,1.400724328930547,-0.27136807437857513,0.27210648450584074,0.0,0.0,,수정 반영됨 (수정주가 수익률 ±15.5% 안)
현대중공업,009540,2006-02-20,수정 비율 변화 (Yahoo),1.0843751400277712,1.1645269484441778,1.3605405628494216,-0.2724585142187541,1.085481682496603,-0.0010946601335937167,,수정 반영됨 (수정주가 수익률 ±15.5% 안)
현대중공업,009540,2006-02-28,수정 비율 변화 (Yahoo),-2.5223149214986695,-0.23929361107879465,-2.9003796612624755,0.38935758805740406,-2.522068095838592,-0.0002532118349884982,,수정 반영됨 (수정주가 수익률 ±15.5% 안)
현대중공업,009540,2006-03-02,수정 비율 변화 (Yahoo),0.6479635431501096,-0.2836124497845427,1.038967618492892,-0.38698344268437435,0.6468305304010435,0.0011257311761214694,,수정 반영됨 (수정주가 수익률 ±15.5% 안)
현대중공업,009540,2006-03-27,수정 비율 변화 (Yahoo),1.5227079055082804,0.6895090181119112,0.380711160946956,1.1376655249336842,1.522842639593902,-0.00013271307434115087,,수정 반영됨 (수정주가 수익률 ±15.5% 안)
현대중공업,009540,2006-03-28,수정 비율 변화 (Yahoo),0.0,0.07291369123683111,1.1378017446096678,-1.1250014583892298,0.0,0.0,,수정 반영됨 (수정주가 수익률 ±15.5% 안)
현대중공업,009540,2006-03-30,수정 비율 변화 (Yahoo),2.337043355810109,0.4066870760550012,1.1070125365455041,1.2165633108979224,2.337023370233693,1.952917503267315e-05,,수정 반영됨 (수정주가 수익률 ±15.5% 안)
현대중공업,009540,2006-03-31,수정 비율 변화 (Yahoo),1.9224662609155896,1.6037185944669297,2.189783890895569,-0.2615893877076503,1.9230769230769162,-0.0005991402337701679,,수정 반영됨 (수정주가 수익률 ±15.5% 안)
현대중공업,009540,2006-04-03,수정 비율 변화 (Yahoo),2.1237651396154966,1.4820535451603556,2.9761895434454733,-0.8277878678646822,2.1226415094339535,0.0011002752816846595,,수정 반영됨 (수정주가 수익률 ±15.5% 안)
현대중공업,009540,2006-04-06,수정 비율 변화 (Yahoo),-0.4494910720919343,0.592610727478271,-1.3498330577322082,0.9126613907984416,-0.4499437570303688,0.0004547309720548398,,수정 반영됨 (수정주가 수익률 ±15.5% 안)
현대중공업,009540,2006-04-07,수정 비율 변화 (Yahoo),-0.5659555942533756,0.3836793128131566,0.3420757155236709,-0.9049357443545181,-0.5649717514124242,-0.0009894328570791977,,수정 반영됨 (수정주가 수익률 ±15.5% 안)
현대중공업,009540,2006-04-12,수정 비율 변화 (Yahoo),-0.3354055581492488,-0.1796433106314166,-0.8928627472767681,0.5624793577742038,-0.33482142857143016,-0.0005860919392364217,,수정 반영됨 (수정주가 수익률 ±15.5% 안)
현대중공업,009540,2006-04-13,수정 비율 변화 (Yahoo),1.343671798917656,1.5994622684465831,0.45045330337811773,0.8892130061791459,1.3437849944008873,-0.00011169454864345951,,수정 반영됨 (수정주가 수익률 ±15.5% 안)
현대중공업,009540,2006-04-14,수정 비율 변화 (Yahoo),2.2101665227280964,1.920723899496335,3.1390131220490503,-0.9005773578828147,2.20994475138121,0.0002169762907344719,,수정 반영됨 (수정주가 수익률 ±15.5% 안)
현대중공업,009540,2006-04-17,수정 비율 변화 (Yahoo),-1.729185509592046,-0.7042548439332164,-1.1956515871925255,-0.5399903252945926,-1.7297297297297343,0.0005537993700510668,,수정 반영됨 (수정주가 수익률 ±15.5% 안)
현대중공업,009540,2006-04-18,수정 비율 변화 (Yahoo),0.11020284589766671,0.30717755143641057,-0.33003343776285554,0.44169402162448357,0.11001100110010764,0.00019163397908528168,,수정 반영됨 (수정주가 수익률 ±15.5% 안)
현대중공업,009540,2006-04-19,수정 비율 변화 (Yahoo),1.9778385309559,0.7596355991590586,2.4282548752318167,-0.4397383757290041,1.978021978021971,-0.00017988882557995467,,수정 반영됨 (수정주가 수익률 ±15.5% 안)
현대중공업,009540,2006-04-26,수정 비율 변화 (Yahoo),6.52116687007922,1.402368724452363,5.543479087933423,0.9263365113549193,6.521739130434789,-0.000537224007268744,,수정 반영됨 (수정주가 수익률 ±15.5% 안)
현대중공업,009540,2006-04-27,수정 비율 변화 (Yahoo),-1.5299245147376017,0.09026887722054511,-0.6179204827127083,-0.9176745309160461,-1.5306122448979553,0.0006984202664650496,,수정 반영됨 (수정주가 수익률 ±15.5% 안)
현대중공업,009540,2006-05-11,수정 비율 변화 (Yahoo),2.85687327015014,0.937915635832387,1.4285790804729581,1.40817726386957,2.857142857142847,-0.0002620984651424685,,수정 반영됨 (수정주가 수익률 ±15.5% 안)
현대중공업,009540,2006-05-12,수정 비율 변화 (Yahoo),1.8520217309319298,-1.3313306479142528,3.286387350314879,-1.388726681395125,1.85185185185186,0.00016679036951572357,,수정 반영됨 (수정주가 수익률 ±15.5% 안)
현대중공업,009540,2006-05-16,수정 비율 변화 (Yahoo),-1.4211481875665233,-2.2539215547603297,-0.4739437015904846,-0.9517150796531593,-1.4218009478673022,0.0006621751128088604,,수정 반영됨 (수정주가 수익률 ±15.5% 안)
현대중공업,009540,2006-05-17,수정 비율 변화 (Yahoo),-2.4048435581523364,1.4007568138570736,-3.8095138240636706,1.4603006198993018,-2.4038461538461564,-0.0010219709147052392,,수정 반영됨 (수정주가 수익률 ±15.5% 안)
현대중공업,009540,2006-05-18,수정 비율 변화 (Yahoo),-1.576938093792024,-2.5915645714856494,-1.089114236532407,-0.4931953176783743,-1.5763546798029604,-0.0005927579568631991,,수정 반영됨 (수정주가 수익률 ±15.5% 안)
현대중공업,009540,2006-05-22,수정 비율 변화 (Yahoo),-2.437924220293841,-2.4557491492323114,0.0,-2.437924220293841,-2.4390243902439046,0.0011276741988197614,,수정 반영됨 (수정주가 수익률 ±15.5% 안)
현대중공업,009540,2006-05-23,수정 비율 변화 (Yahoo),-3.600757358930895,-0.6521787851395899,-5.9512233789876685,2.499198931133817,-3.600000000000003,-0.0007856420444984913,,수정 반영됨 (수정주가 수익률 ±15.5% 안)
현대중공업,009540,2006-05-24,수정 비율 변화 (Yahoo),3.735254821801748,0.2646895161896978,3.423241117945164,0.3016862558975042,3.734439834024905,0.0007856482168833168,,수정 반영됨 (수정주가 수익률 ±15.5% 안)
현대중공업,009540,2006-05-26,수정 비율 변화 (Yahoo),0.20654591674611478,2.0582515280607616,0.4132257456791688,-0.2058292893174496,0.20618556701030855,0.0003596082754242502,,수정 반영됨 (수정주가 수익률 ±15.5% 안)
현대중공업,009540,2006-06-07,수정 비율 변화 (Yahoo),-3.7212636321744874,-2.6720548239885678,-4.186046459853888,0.4850888732867764,-3.7209302325581395,-0.0003462846256740981,,수정 반영됨 (수정주가 수익률 ±15.5% 안)
현대중공업,009540,2006-06-08,수정 비율 변화 (Yahoo),-6.2805118005552,-3.4503173249976204,-5.825244579540678,-0.48342808959991324,-6.28019323671497,-0.00033991090168106197,,수정 반영됨 (수정주가 수익률 ±15.5% 안)
현대중공업,009540,2006-06-15,수정 비율 변화 (Yahoo),3.464850136239783,-0.19071316903079838,1.9801926237777323,1.455829288280719,3.4653465346534684,-0.0004797726294913929,,수정 반영됨 (수정주가 수익률 ±15.5% 안)
현대중공업,009540,2006-06-16,수정 비율 변화 (Yahoo),3.349872009607191,3.5091028374610422,4.854367578515872,-1.4348430147958502,3.349282296650724,0.0005706018884277242,,수정 반영됨 (수정주가 수익률 ±15.5% 안)
현대중공업,009540,2006-06-20,수정 비율 변화 (Yahoo),-2.728018733863058,-2.0644419056141117,-3.6363646253115944,0.9426231045732703,-2.7272727272727226,-0.0007669226629536396,,수정 반영됨 (수정주가 수익률 ±15.5% 안)
현대중공업,009540,2006-06-21,수정 비율 변화 (Yahoo),0.4681069958847761,0.11094523710466486,1.8867873408598967,-1.3924085565962252,0.4672897196261738,0.0008134749736710134,,수정 반영됨 (수정주가 수익률 ±15.5% 안)
현대중공업,009540,2006-06-22,수정 비율 변화 (Yahoo),0.0,0.9485083809352979,-0.46296173186511913,0.4651150364932244,0.0,0.0,,수정 반영됨 (수정주가 수익률 ±15.5% 안)
현대중공업,009540,2006-06-30,수정 비율 변화 (Yahoo),4.926033577718969,2.54390270937912,4.433497304641798,0.47162671536356005,4.92610837438423,-7.128508473508433e-05,,수정 반영됨 (수정주가 수익률 ±15.5% 안)
현대중공업,009540,2006-07-03,수정 비율 변화 (Yahoo),-0.9385400946809175,-0.04169401227658298,-0.4716968352149742,-0.4690557807390805,-0.9389671361502372,0.00043108925573687173,,수정 반영됨 (수정주가 수익률 ±15.5% 안)
현대중공업,009540,2006-07-25,수정 비율 변화 (Yahoo),2.654625868233129,1.2997190010686,2.212394113060512,0.43265961922727136,2.6548672566371723,-0.00023514560048010225,,수정 반영됨 (수정주가 수익률 ±15.5% 안)
현대중공업,009540,2006-07-26,수정 비율 변화 (Yahoo),0.0,-0.05391593802012151,0.4328992667939513,-0.4310333266831168,0.0,0.0,,수정 반영됨 (수정주가 수익률 ±15.5% 안)
현대중공업,009540,2006-07-28,수정 비율 변화 (Yahoo),0.8691656775280387,0.061715537658035835,0.0,0.8691656775280387,0.8695652173912993,-0.0003960955540893707,,수정 반영됨 (수정주가 수익률 ±15.5% 안)
현대중공업,009540,2006-07-31,수정 비율 변화 (Yahoo),-2.5859778317643523,0.05782263100679863,-1.7391361351610013,-0.8618300952128788,-2.5862068965517238,0.00023514615341557743,,수정 반영됨 (수정주가 수익률 ±15.5% 안)
현대중공업,009540,2006-08-02,수정 비율 변화 (Yahoo),-1.8019715572128447,0.6020072085508366,-0.900898472877476,-0.9092646355514655,-1.8018018018018056,-0.0001728701892300677,,수정 반영됨 (수정주가 수익률 ±15.5% 안)
현대중공업,009540,2006-08-03,수정 비율 변화 (Yahoo),3.210559802862134,-0.2362733667410466,2.2727210918024987,0.9169979062332745,3.2110091743119185,-0.00043539100467171465,,수정 반영됨 (수정주가 수익률 ±15.5% 안)
현대중공업,009540,2006-08-10,수정 비율 변화 (Yahoo),-3.0298698080478803,-0.8076475553831841,-2.597405961171262,-0.44399623145993106,-3.0303030303030276,0.00044676045061198266,,수정 반영됨 (수정주가 수익률 ±15.5% 안)
현대중공업,009540,2006-08-11,수정 비율 변화 (Yahoo),-2.679299804409152,-0.9361271476872823,-3.1111134748189717,0.44567925785543583,-2.67857142857143,-0.0007484228791265757,,수정 반영됨 (수정주가 수익률 ±15.5% 안)
현대중공업,009540,2006-08-18,수정 비율 변화 (Yahoo),-0.4190525527053457,0.2500414225248049,0.0,-0.4190525527053457,-0.42016806722688926,0.001120221333872351,,수정 반영됨 (수정주가 수익률 ±15.5% 안)
현대중공업,009540,2006-08-21,수정 비율 변화 (Yahoo),2.5304696789536285,-0.7084366313575119,2.1008346322770155,0.42079484288641833,2.5316455696202445,-0.0011468563291816558,,수정 반영됨 (수정주가 수익률 ±15.5% 안)
현대중공업,009540,2006-08-25,수정 비율 변화 (Yahoo),-2.500688010274288,1.0351667895388772,-2.0833376960361805,-0.4262301271488633,-2.500000000000002,-0.0007056515633707683,,수정 반영됨 (수정주가 수익률 ±15.5% 안)
현대중공업,009540,2006-08-28,수정 비율 변화 (Yahoo),1.2833540325919213,-0.10982811148304572,0.8510615762929774,0.4286444282710189,1.2820512820512775,0.001286260027466568,,수정 반영됨 (수정주가 수익률 ±15.5% 안)
현대중공업,009540,2006-08-29,수정 비율 변화 (Yahoo),0.8434898929845502,1.2591404408497597,0.42194991857886777,0.41976876046270206,0.8438818565400741,-0.00038868352578713683,,수정 반영됨 (수정주가 수익률 ±15.5% 안)
현대중공업,009540,2006-08-30,수정 비율 변화 (Yahoo),2.092007811636387,-0.2424494834933566,2.5210015587324053,-0.41844474846479685,2.092050209205021,-4.152876599272659e-05,,수정 반영됨 (수정주가 수익률 ±15.5% 안)
현대중공업,009540,2006-09-06,수정 비율 변화 (Yahoo),-1.666819557838728,-0.3107460844524179,-1.2500066063785953,-0.42208909300752717,-1.6666666666666718,-0.0001554825478700117,,수정 반영됨 (수정주가 수익률 ±15.5% 안)
현대중공업,009540,2006-09-07,수정 비율 변화 (Yahoo),-1.2706053566930664,-0.43035791924893596,-1.6877592818379084,0.4243153467946126,-1.2711864406779627,0.0005885657529569599,,수정 반영됨 (수정주가 수익률 ±15.5% 안)
현대중공업,009540,2006-09-08,수정 비율 변화 (Yahoo),1.2869575077245843,0.2753169475343542,2.1459272873912028,-0.840924158679246,1.2875536480686733,-0.0005885622888723852,,수정 반영됨 (수정주가 수익률 ±15.5% 안)
현대중공업,009540,2006-09-11,수정 비율 변화 (Yahoo),1.2715382534307373,-1.5359180450073562,0.420166926455412,0.8478091134809906,1.2711864406779627,0.00034739669310113186,,수정 반영됨 (수정주가 수익률 ±15.5% 안)
현대중공업,009540,2006-09-20,수정 비율 변화 (Yahoo),0.8434898929845502,-0.546599221223476,0.0,0.843489892984528,0.8438818565400741,-0.00038868352578713683,,수정 반영됨 (수정주가 수익률 ±15.5% 안)
현대중공업,009540,2006-09-21,수정 비율 변화 (Yahoo),0.8364346512399035,0.025614004273877278,1.2658295594978108,-0.42402744353722266,0.8368200836819994,-0.0003822338326076036,,수정 반영됨 (수정주가 수익률 ±15.5% 안)
현대중공업,009540,2006-09-22,수정 비율 변화 (Yahoo),0.4147482277278458,-1.3469516165614204,0.8333310896575741,-0.41512350867151104,0.4149377593360981,-0.0001887484198048739,,수정 반영됨 (수정주가 수익률 ±15.5% 안)
현대중공업,009540,2006-10-02,수정 비율 변화 (Yahoo),4.199089090939645,0.2048986080019688,3.8167929169174553,0.3682411710869804,4.198473282442738,0.0005909957003336075,,수정 반영됨 (수정주가 수익률 ±15.5% 안)
현대중공업,009540,2006-10-04,수정 비율 변화 (Yahoo),0.36613198493535837,-1.6169172330485648,1.102947063855364,-0.7287770538030314,0.366300366300365,-0.00016776683446906304,,수정 반영됨 (수정주가 수익률 ±15.5% 안)
현대중공업,009540,2006-10-09,수정 비율 변화 (Yahoo),0.0,-2.41124260355029,-1.0909148505421462,1.102947063855364,0.0,0.0,,수정 반영됨 (수정주가 수익률 ±15.5% 안)
현대중공업,009540,2006-10-10,수정 비율 변화 (Yahoo),1.0951925626541792,0.6798544793087613,1.8382392406063541,-0.7296342547681189,1.0948905109489093,0.00029878038716457667,,수정 반영됨 (수정주가 수익률 ±15.5% 안)
현대중공업,009540,2006-11-29,수정 비율 변화 (Yahoo),4.528725127736477,0.784997201499138,3.773583712867312,0.7276817354198384,4.528301886792452,0.0004049055962740411,,수정 반영됨 (수정주가 수익률 ±15.5% 안)
현대중공업,009540,2006-11-30,수정 비율 변화 (Yahoo),-2.527500476886879,0.679062247372686,-1.818185615742074,-0.7224503494799195,-2.527075812274371,-0.00043567443580583287,,수정 반영됨 (수정주가 수익률 ±15.5% 안)
현대중공업,009540,2006-12-01,수정 비율 변화 (Yahoo),0.370201245963675,0.15011765034456115,0.0,0.3702012459636528,0.37037037037037646,-0.0001685003314100264,,수정 반영됨 (수정주가 수익률 ±15.5% 안)
현대중공업,009540,2006-12-04,수정 비율 변화 (Yahoo),-1.10650743358518,-0.5507682869014707,-0.740738770984184,-0.3684982721733898,-1.1070110701106972,0.0005092742478174372,,수정 반영됨 (수정주가 수익률 ±15.5% 안)
현대중공업,009540,2006-12-07,수정 비율 변화 (Yahoo),-1.2003311258278138,-0.24262058526027808,-2.0000042121273265,0.8159929802757038,-1.200000000000001,-0.00033514759899544444,,수정 반영됨 (수정주가 수익률 ±15.5% 안)
현대중공업,009540,2006-12-08,수정 비율 변화 (Yahoo),-2.833611138346892,-1.4089200879245478,-2.4489731327415054,-0.39429416373932824,-2.8340080971659964,0.00040853678464625176,,수정 반영됨 (수정주가 수익률 ±15.5% 안)
현대중공업,009540,2006-12-11,수정 비율 변화 (Yahoo),-0.83386845243556,0.02157605920469763,-0.4184089105957356,-0.4172051654274367,-0.8333333333333304,-0.0005396159013959512,,수정 반영됨 (수정주가 수익률 ±15.5% 안)
현대중공업,009540,2006-12-15,수정 비율 변화 (Yahoo),0.0,0.24605535893058583,1.5748084171694599,-1.5503927023930109,0.0,0.0,,수정 반영됨 (수정주가 수익률 ±15.5% 안)
현대중공업,009540,2006-12-18,수정 비율 변화 (Yahoo),-1.574093336107063,0.7989478644320647,-3.1007761286071744,1.575536657059673,-1.5748031496062964,0.0007211705152165848,,수정 반영됨 (수정주가 수익률 ±15.5% 안)
현대중공업,009540,2006-12-28,수정 비율 변화 (Yahoo),0.39822465484273817,0.6567960143147866,0.7968106217006943,-0.3954350979952226,0.3984063745019917,-0.0001809985495038191,,수정 반영됨 (수정주가 수익률 ±15.5% 안)
현대중공업,009540,2007-01-02,수정 비율 변화 (Yahoo),-0.7932902323955937,0.05577011558355327,-1.9762793504726872,1.2068396406893722,-0.7936507936507908,0.0003634457452328377,,수정 반영됨 (수정주가 수익률 ±15.5% 안)
현대중공업,009540,2007-01-03,수정 비율 변화 (Yahoo),-0.7996336480202926,-1.805247829661527,0.40322471691085493,-1.1980276214460517,-0.8000000000000007,0.00036930643116939166,,수정 반영됨 (수정주가 수익률 ±15.5% 안)
현대중공업,009540,2007-01-04,수정 비율 변화 (Yahoo),-0.4039274173502361,-0.8557136268492527,-0.8032106897915892,0.40251632660479597,-0.40322580645161255,-0.0007044514285792225,,수정 반영됨 (수정주가 수익률 ±15.5% 안)
현대중공업,009540,2007-01-10,수정 비율 변화 (Yahoo),-1.2003311258278138,-1.3497387837070884,0.0,-1.2003311258278027,-1.200000000000001,-0.00033514759899544444,,수정 반영됨 (수정주가 수익률 ±15.5% 안)
현대중공업,009540,2007-01-11,수정 비율 변화 (Yahoo),2.833611138346903,0.7021736404605461,2.0000042121273376,0.8172616586230141,2.8340080971659853,-0.0003860190091242721,,수정 반영됨 (수정주가 수익률 ±15.5% 안)
현대중공업,009540,2007-01-12,수정 비율 변화 (Yahoo),0.7879134595381698,1.6889937083885753,0.3921557953961097,0.3942117399576839,0.7874015748031482,0.0005078856355256178,,수정 반영됨 (수정주가 수익률 ±15.5% 안)
현대중공업,009540,2007-01-16,수정 비율 변화 (Yahoo),1.5505397448478897,-0.0898659918329825,1.93797928276771,-0.38007378667481717,1.5503875968992276,0.0001498250792097977,,수정 반영됨 (수정주가 수익률 ±15.5% 안)
현대중공업,009540,2007-01-17,수정 비율 변화 (Yahoo),2.6722239962353678,-0.736124803016458,2.281371900701612,0.3821341934220346,2.6717557251908497,0.00045608555265808093,,수정 반영됨 (수정주가 수익률 ±15.5% 안)
현대중공업,009540,2007-01-23,수정 비율 변화 (Yahoo),2.189581609121505,-0.02347056278010351,1.824812577196644,0.35823196988291617,2.1897810218978186,-0.0001951396453758747,,수정 반영됨 (수정주가 수익률 ±15.5% 안)
현대중공업,009540,2007-01-24,수정 비율 변화 (Yahoo),0.0,1.4650536648350476,0.3584219859601001,-0.3571419108306051,0.0,0.0,,수정 반영됨 (수정주가 수익률 ±15.5% 안)
현대중공업,009540,2007-01-31,수정 비율 변화 (Yahoo),-1.8115681910642056,-0.7652912338041329,-1.449280137768194,-0.3676158365991333,-1.8115942028985477,2.649175747659882e-05,,수정 반영됨 (수정주가 수익률 ±15.5% 안)
현대중공업,009540,2007-02-01,수정 비율 변화 (Yahoo),2.9523113169225734,1.6666299081772973,2.573531417357322,0.36927645400455233,2.9520295202952074,0.00027371643733786755,,수정 반영됨 (수정주가 수익률 ±15.5% 안)
현대중공업,009540,2007-02-09,수정 비율 변화 (Yahoo),1.333460539255249,0.28800629399121647,0.9999972876453711,0.33016164412380533,1.333333333333342,0.0001255321598003789,,수정 반영됨 (수정주가 수익률 ±15.5% 안)
현대중공업,009540,2007-02-12,수정 비율 변화 (Yahoo),-0.9871160712345839,-0.9378852403900129,-0.6600642339935958,-0.32922493327491864,-0.9868421052631526,-0.0002766965292888557,,수정 반영됨 (수정주가 수익률 ±15.5% 안)
현대중공업,009540,2007-02-15,수정 비율 변화 (Yahoo),-1.2501204023502521,0.5243367453520165,-0.937504954783952,-0.3155739691632298,-1.2499999999999956,-0.00012192643062958197,,수정 반영됨 (수정주가 수익률 ±15.5% 안)
현대중공업,009540,2007-02-20,수정 비율 변화 (Yahoo),-0.6434988213140369,0.28644197651865877,-0.9615358800574625,0.32112478880756967,-0.6430868167202619,-0.00041467129017203064,,수정 반영됨 (수정주가 수익률 ±15.5% 안)
현대중공업,009540,2007-02-21,수정 비율 변화 (Yahoo),-0.970431065194155,-0.10874353044818541,-1.2945026179024266,0.3283216855224813,-0.9708737864077666,0.00044706161765883934,,수정 반영됨 (수정주가 수익률 ±15.5% 안)
현대중공업,009540,2007-02-22,수정 비율 변화 (Yahoo),3.921201830373855,0.9666662073336996,4.262299404103254,-0.3271533197319543,3.9215686274509887,-0.0003529556779957588,,수정 반영됨 (수정주가 수익률 ±15.5% 안)
현대중공업,009540,2007-02-23,수정 비율 변화 (Yahoo),4.402581038230946,0.3050340860237144,4.088046764486042,0.3021809742059789,4.402515723270439,6.256071516386186e-05,,수정 반영됨 (수정주가 수익률 ±15.5% 안)
현대중공업,009540,2007-02-26,수정 비율 변화 (Yahoo),-1.2049311325822099,0.010204914686906541,-0.906341986188397,-0.30132013731111185,-1.2048192771084376,-0.00011321956491228136,,수정 반영됨 (수정주가 수익률 ±15.5% 안)
현대중공업,009540,2007-02-28,수정 비율 변화 (Yahoo),-3.303118657066728,-2.561528942664648,-3.0030022044530535,-0.30940798110707934,-3.3033033033033066,0.00019095402727931088,,수정 반영됨 (수정주가 수익률 ±15.5% 안)
현대중공업,009540,2007-03-06,수정 비율 변화 (Yahoo),3.6189427791336826,1.9460087926461478,3.27868762414516,0.32945340690888614,3.6184210526315708,0.0005035074813752871,,수정 반영됨 (수정주가 수익률 ±15.5% 안)
현대중공업,009540,2007-03-20,수정 비율 변화 (Yahoo),-2.06524351039441,0.05403944879762701,-1.769913816023283,-0.30065095720062107,-2.0648967551622377,-0.00035406633647205865,,수정 반영됨 (수정주가 수익률 ±15.5% 안)
현대중공업,009540,2007-03-21,수정 비율 변화 (Yahoo),2.4098622651644197,-0.09140198176116332,2.102103699202007,0.30142235547769847,2.4096385542168752,0.0002184471605604088,,수정 반영됨 (수정주가 수익률 ±15.5% 안)
현대중공업,009540,2007-04-05,수정 비율 변화 (Yahoo),-1.4929460217315116,-0.09235477716882379,-0.2487496139240264,-1.2472990594022293,-1.4925373134328401,-0.00041490084865536403,,수정 반영됨 (수정주가 수익률 ±15.5% 안)
현대중공업,009540,2007-04-06,수정 비율 변화 (Yahoo),5.555802653086195,0.1423713260100934,4.239396078727675,1.262868573571052,5.555555555555558,0.00023409239742200327,,수정 반영됨 (수정주가 수익률 ±15.5% 안)
현대중공업,009540,2007-04-19,수정 비율 변화 (Yahoo),-1.6865079365079416,-1.3632394531402636,-2.168668945813612,0.4928492785594596,-1.6867469879518038,0.0002431528166813024,,수정 반영됨 (수정주가 수익률 ±15.5% 안)
현대중공업,009540,2007-04-20,수정 비율 변화 (Yahoo),4.411899609857706,1.282982968434121,4.926106806332098,-0.49006602086504314,4.4117647058823595,0.00012920380738634663,,수정 반영됨 (수정주가 수익률 ±15.5% 안)
현대중공업,009540,2007-11-16,수정 비율 변화 (Yahoo),-0.42557178156948927,-1.1058970909875065,0.0,-0.42557178156947817,-0.42553191489361764,-4.003704628940952e-05,,수정 반영됨 (수정주가 수익률 ±15.5% 안)
현대중공업,009540,2007-11-19,수정 비율 변화 (Yahoo),-4.487248846256975,-1.6992004983906184,-4.893614247745193,0.4272745707599057,-4.487179487179482,-7.261755764487177e-05,,수정 반영됨 (수정주가 수익률 ±15.5% 안)
현대중공업,009540,2008-09-05,수정 비율 변화 (Yahoo),-3.91270012204753,-1.5458171799527465,-4.347824729723571,0.4549029924793002,-3.913043478260869,0.000357339045553573,,수정 반영됨 (수정주가 수익률 ±15.5% 안)
현대중공업,009540,2008-09-08,수정 비율 변화 (Yahoo),11.085873680015945,5.146043093749553,11.590899325047953,-0.45256884574517153,11.085972850678738,-8.927379420153869e-05,,수정 반영됨 (수정주가 수익률 ±15.5% 안)
현대중공업,009540,2008-10-17,수정 비율 변화 (Yahoo),-11.021217411890039,-2.727841948293752,-11.559140718838323,0.6082293990814502,-11.021505376344088,0.00032363376709643177,,수정 반영됨 (수정주가 수익률 ±15.5% 안)
현대중공업,009540,2008-10-20,수정 비율 변화 (Yahoo),-3.6250440659026384,2.283449227980716,-3.0395127712842696,-0.6038865019698081,-3.625377643504535,0.00034612597563654646,,수정 반영됨 (수정주가 수익률 ±15.5% 안)
현대중공업,009540,2008-10-31,수정 비율 변화 (Yahoo),5.713746540300257,2.6126558005752587,3.174602330421794,2.4610167158645613,5.714285714285716,-0.0005100294456994448,,수정 반영됨 (수정주가 수익률 ±15.5% 안)
현대중공업,009540,2008-11-03,수정 비율 변화 (Yahoo),2.7027920476558887,1.4392755107541344,5.230770091774306,-2.4023182971232626,2.7027027027026973,8.6993770209709e-05,,수정 반영됨 (수정주가 수익률 ±15.5% 안)
현대중공업,009540,2008-12-12,수정 비율 변화 (Yahoo),-4.534635048577873,-4.383981705257156,-5.011931429323435,0.5024803514037224,-4.534606205250602,-3.021338532693818e-05,,수정 반영됨 (수정주가 수익률 ±15.5% 안)
현대중공업,009540,2008-12-15,수정 비율 변화 (Yahoo),9.999834877231217,4.9256219311119676,10.55277197771074,-0.5001567039775279,10.000000000000009,-0.00015011160797717693,,수정 반영됨 (수정주가 수익률 ±15.5% 안)
현대중공업,009540,2009-01-16,수정 비율 변화 (Yahoo),0.25884923027910123,2.1469577267083206,0.7751979211958915,-0.5123767569482407,0.25839793281654533,0.0004501343247698131,,수정 반영됨 (수정주가 수익률 ±15.5% 안)
현대중공업,009540,2009-01-19,수정 비율 변화 (Yahoo),3.608291296181765,1.3609936575052828,3.0769147689797993,0.5155145828655394,3.6082474226804218,4.234556847393378e-05,,수정 반영됨 (수정주가 수익률 ±15.5% 안)
현대중공업,009540,2009-01-30,수정 비율 변화 (Yahoo),2.8275990876521773,-0.381463448086683,3.0848370486093346,-0.24954005683285319,2.8277634961439535,-0.00015988725826643346,,수정 반영됨 (수정주가 수익률 ±15.5% 안)
현대중공업,009540,2009-02-02,수정 비율 변화 (Yahoo),2.7498445093927293,-1.3045236681553218,2.4937648567518123,0.24984900593596482,2.750000000000008,-0.00015132905816228615,,수정 반영됨 (수정주가 수익률 ±15.5% 안)
현대중공업,009540,2009-02-13,수정 비율 변화 (Yahoo),2.500362770263842,1.0679414157852118,3.181809528523516,-0.6604330369601508,2.499999999999991,0.000353922208629065,,수정 반영됨 (수정주가 수익률 ±15.5% 안)
현대중공업,009540,2009-02-16,수정 비율 변화 (Yahoo),-3.3263688198078567,-1.4231324007916601,-3.964757802140706,0.6647444914207545,-3.325942350332589,-0.000441141590246108,,수정 반영됨 (수정주가 수익률 ±15.5% 안)
현대중공업,009540,2009-03-13,수정 비율 변화 (Yahoo),-0.7849827384485919,-0.209147546504318,-1.047123862992838,0.2649151139187733,-0.7853403141361293,0.00036040610194021383,,수정 반영됨 (수정주가 수익률 ±15.5% 안)
현대중공업,009540,2009-03-16,수정 비율 변화 (Yahoo),-5.013215603125277,-0.05062032095058955,-4.761904761904767,-0.26387638328153606,-5.013192612137207,-2.4204401327665437e-05,,수정 반영됨 (수정주가 수익률 ±15.5% 안)
현대중공업,009540,2009-03-20,수정 비율 변화 (Yahoo),1.5829678468732844,0.7858427798004941,1.8469671154239364,-0.2592117134440186,1.58311345646438,-0.00014334035071117412,,수정 반영됨 (수정주가 수익률 ±15.5% 안)
현대중공업,009540,2009-03-23,수정 비율 변화 (Yahoo),5.454909361239779,2.4390660494986838,3.626945735813125,1.7639848520546675,5.454545454545445,0.00034508393427223893,,수정 반영됨 (수정주가 수익률 ±15.5% 안)
현대중공업,009540,2009-03-24,수정 비율 변화 (Yahoo),1.230959443411117,1.850771154647779,2.7499985790053527,-1.4783836073985368,1.2315270935960632,-0.0005607444649391446,,수정 반영됨 (수정주가 수익률 ±15.5% 안)
삼성중공업,010140,2005-10-04,수정 비율 변화 (Yahoo),-0.3276003276003303,1.7829501805882053,0.0,-0.3276003276003303,-0.3289473684210509,0.0013514865000008314,,수정 반영됨 (수정주가 수익률 ±15.5% 안)
삼성중공업,010140,2005-10-12,수정 비율 변화 (Yahoo),0.9860312243221037,-2.1868244030636474,1.3157894736842035,-0.3254756746950749,0.990099009900991,-0.004027905328118919,,수정 반영됨 (수정주가 수익률 ±15.5% 안)
삼성중공업,010140,2005-10-13,수정 비율 변화 (Yahoo),-2.6037428803905582,-1.9407424449082167,-2.272725124537034,-0.3387158357534781,-2.614379084967322,0.010921740270086744,,수정 반영됨 (수정주가 수익률 ±15.5% 안)
삼성중공업,010140,2005-10-14,수정 비율 변화 (Yahoo),0.0,-0.27399785494034434,-0.9966843133996428,1.0067181149313154,0.0,0.0,,수정 반영됨 (수정주가 수익률 ±15.5% 안)
삼성중공업,010140,2005-10-21,수정 비율 변화 (Yahoo),8.808232820626305,1.8283816456295288,9.200008426680517,-0.3587688423277502,8.800000000000008,0.007566930722702203,,수정 반영됨 (수정주가 수익률 ±15.5% 안)
삼성중공업,010140,2005-10-25,수정 비율 변화 (Yahoo),-0.7242732119505102,-0.28026338004388807,-1.0869541244833525,0.3666664081796611,-0.727272727272732,0.0030214897934532914,,수정 반영됨 (수정주가 수익률 ±15.5% 안)
삼성중공업,010140,2005-10-27,수정 비율 변화 (Yahoo),-1.8207423800422506,-1.072094995759132,-2.545452200724374,0.7436387906440078,-1.8181818181818188,-0.002607979672664129,,수정 반영됨 (수정주가 수익률 ±15.5% 안)
삼성중공업,010140,2005-10-28,수정 비율 변화 (Yahoo),-2.961065573770494,-2.1982921225007557,-1.4925373134328401,-1.4907786885245966,-2.9629629629629672,0.0019553247403436558,,수정 반영됨 (수정주가 수익률 ±15.5% 안)
삼성중공업,010140,2005-10-31,수정 비율 변화 (Yahoo),1.1403230915425944,1.524475769689304,0.37879038500983064,0.7586589792643261,1.1450381679389388,-0.004661698172969686,,수정 반영됨 (수정주가 수익률 ±15.5% 안)
삼성중공업,010140,2005-11-03,수정 비율 변화 (Yahoo),2.103827797798763,0.7936245220874216,1.760565710009132,0.3373232896207057,2.1126760563380254,-0.008665191121193239,,수정 반영됨 (수정주가 수익률 ±15.5% 안)
삼성중공업,010140,2005-11-04,수정 비율 변화 (Yahoo),-2.060478870552318,0.3292363522910957,-1.7301060560397041,-0.33618924500012914,-2.0689655172413834,0.008665942041630181,,수정 반영됨 (수정주가 수익률 ±15.5% 안)
삼성중공업,010140,2005-11-07,수정 비율 변화 (Yahoo),-4.227135482614197,-0.2872387436782864,-3.87323710689228,-0.3681580083118585,-4.225352112676061,-0.0018620480236486436,,수정 반영됨 (수정주가 수익률 ±15.5% 안)
삼성중공업,010140,2005-11-10,수정 비율 변화 (Yahoo),2.9941980936593504,0.5571892895836594,2.611937829691824,0.3725300116658836,2.9962546816479474,-0.0019967599743875297,,수정 반영됨 (수정주가 수익률 ±15.5% 안)
삼성중공업,010140,2005-11-11,수정 비율 변화 (Yahoo),4.727894578010261,1.7570862665359677,5.090914025341253,-0.34543371393978006,4.7272727272727355,0.0005937810861889048,,수정 반영됨 (수정주가 수익률 ±15.5% 안)
삼성중공업,010140,2005-11-14,수정 비율 변화 (Yahoo),1.383152434924595,0.12021144476643819,1.038059970550731,0.34154700166892926,1.388888888888884,-0.00565787240313087,,수정 반영됨 (수정주가 수익률 ±15.5% 안)
삼성중공업,010140,2005-11-15,수정 비율 변화 (Yahoo),0.6821411653245013,-0.2997702026828364,1.0273949943746752,-0.34174278082633736,0.6849315068493178,-0.0027713596096878845,,수정 반영됨 (수정주가 수익률 ±15.5% 안)
삼성중공업,010140,2005-11-16,수정 비율 변화 (Yahoo),-0.6775195257363364,1.0607244827971263,-1.0169469324947777,0.3429146669450267,-0.6802721088435382,0.002771436416160178,,수정 반영됨 (수정주가 수익률 ±15.5% 안)
삼성중공업,010140,2005-11-22,수정 비율 변화 (Yahoo),-0.36477859965549086,-1.915195460277419,0.3662930866251468,-0.7284035942720868,-0.366300366300365,0.0015273613751976,,수정 반영됨 (수정주가 수익률 ±15.5% 안)
삼성중공업,010140,2005-11-23,수정 비율 변화 (Yahoo),2.939082680768834,3.0148654077942982,2.189785957161683,0.733240329832241,2.941176470588225,-0.0020339672531344277,,수정 반영됨 (수정주가 수익률 ±15.5% 안)
삼성중공업,010140,2005-11-24,수정 비율 변화 (Yahoo),-1.7881841533293863,0.75583844245799,-1.4285714285714235,-0.3648245033776365,-1.7857142857142905,-0.0025147742990005995,,수정 반영됨 (수정주가 수익률 ±15.5% 안)
삼성중공업,010140,2005-11-25,수정 비율 변화 (Yahoo),4.727894578010261,0.11689930402334348,5.072458973604399,-0.3279302673221851,4.7272727272727355,0.0005937810861889048,,수정 반영됨 (수정주가 수익률 ±15.5% 안)
삼성중공업,010140,2005-11-28,수정 비율 변화 (Yahoo),6.2433964076457515,0.04020970909821564,5.517241631064973,0.6881858977320077,6.25,-0.006215145745169792,,수정 반영됨 (수정주가 수익률 ±15.5% 안)
삼성중공업,010140,2005-11-29,수정 비율 변화 (Yahoo),0.33450863393906793,-1.1099602702243083,0.653599123967874,-0.3170184601504422,0.32679738562091387,0.0076861302454656055,,수정 반영됨 (수정주가 수익률 ±15.5% 안)
삼성중공업,010140,2005-11-30,수정 비율 변화 (Yahoo),-0.9821589475581205,1.4116212540449258,-1.2987012987012991,0.3207073820792772,-0.9771986970684043,-0.005009200330075014,,수정 반영됨 (수정주가 수익률 ±15.5% 안)
삼성중공업,010140,2005-12-01,수정 비율 변화 (Yahoo),-1.3104013104013101,0.6582192625477878,-0.32894954487695527,-0.9846909017641514,-1.3157894736842146,0.005460005460000694,,수정 반영됨 (수정주가 수익률 ±15.5% 안)
삼성중공업,010140,2005-12-02,수정 비율 변화 (Yahoo),2.6648224988473856,0.31700332317492474,2.3102288899104373,0.34658666370350755,2.6666666666666616,-0.0017962673564353437,,수정 반영됨 (수정주가 수익률 ±15.5% 안)
삼성중공업,010140,2005-12-05,수정 비율 변화 (Yahoo),4.544638045626015,0.38393429609502316,4.193550700436233,0.3369568872829687,4.545454545454541,-0.0007809998359920023,,수정 반영됨 (수정주가 수익률 ±15.5% 안)
삼성중공업,010140,2005-12-06,수정 비율 변화 (Yahoo),4.037800687285231,0.4493783979013788,3.7151703547404047,0.3110734248821245,4.037267080745344,0.0005128994204239845,,수정 반영됨 (수정주가 수익률 ±15.5% 안)
삼성중공업,010140,2005-12-07,수정 비율 변화 (Yahoo),-2.6919900908340177,0.27932115119677636,-2.985078635927585,0.3021066666576866,-2.68656716417911,-0.005572639353979003,,수정 반영됨 (수정주가 수익률 ±15.5% 안)
삼성중공업,010140,2005-12-09,수정 비율 변화 (Yahoo),0.6119540615307173,-0.5120072496601735,0.30395339719102576,0.3070673227804299,0.60606060606061,0.005857952726318061,,수정 반영됨 (수정주가 수익률 ±15.5% 안)
삼성중공업,010140,2005-12-12,수정 비율 변화 (Yahoo),0.0,1.200072869699853,0.6060646403186487,-0.602413624352971,0.0,0.0,,수정 반영됨 (수정주가 수익률 ±15.5% 안)
삼성중공업,010140,2005-12-14,수정 비율 변화 (Yahoo),-1.8218623481781382,-0.1653597509876703,-2.134152393072508,0.3191001279104766,-1.8292682926829285,0.007543943470711412,,수정 반영됨 (수정주가 수익률 ±15.5% 안)
삼성중공업,010140,2005-12-15,수정 비율 변화 (Yahoo),0.6185567010309256,0.2555704617506205,1.869163116469541,-1.2276594576601907,0.6211180124223503,-0.0025455008272889934,,수정 반영됨 (수정주가 수익률 ±15.5% 안)
삼성중공업,010140,2005-12-16,수정 비율 변화 (Yahoo),-0.6147540983606592,-1.2439447401471293,-2.1406708028165022,1.559296100815466,-0.6172839506172867,0.0025455656246897718,,수정 반영됨 (수정주가 수익률 ±15.5% 안)
삼성중공업,010140,2005-12-19,수정 비율 변화 (Yahoo),2.173539518900336,1.3898140858717545,3.1249958647337817,-0.9226243723504557,2.1739130434782705,-0.0003655772464750129,,수정 반영됨 (수정주가 수익률 ±15.5% 안)
삼성중공업,010140,2005-12-20,수정 비율 변화 (Yahoo),4.868409989069211,0.11945647304762996,4.5454527227476005,0.30891565143256194,4.863221884498481,0.004947496822516051,,수정 반영됨 (수정주가 수익률 ±15.5% 안)
삼성중공업,010140,2005-12-23,수정 비율 변화 (Yahoo),0.0,0.6410683485457591,0.2865348634100373,-0.28571618692408984,0.0,0.0,,수정 반영됨 (수정주가 수익률 ±15.5% 안)
삼성중공업,010140,2005-12-26,수정 비율 변화 (Yahoo),-2.005389980976535,0.5913808448507973,-2.2857143721329187,0.28688168710964135,-2.005730659025784,0.00034765099177214154,,수정 반영됨 (수정주가 수익률 ±15.5% 안)
삼성중공업,010140,2006-01-02,수정 비율 변화 (Yahoo),-0.2883191771214877,0.7177189586550448,0.0,-0.2883191771214766,-0.28169014084507005,-0.0066477623675953446,,수정 반영됨 (수정주가 수익률 ±15.5% 안)
삼성중공업,010140,2006-01-04,수정 비율 변화 (Yahoo),-4.160919540229891,0.5190447855355718,-4.419889664330789,0.27094562162714997,-4.155124653739617,-0.006046109893032003,,수정 반영됨 (수정주가 수익률 ±15.5% 안)
삼성중공업,010140,2006-01-05,수정 비율 변화 (Yahoo),1.4471895738386475,-0.47071913045337865,1.7341079370878143,-0.2820276985439185,1.4450867052023142,0.002072913242656682,,수정 반영됨 (수정주가 수익률 ±15.5% 안)
삼성중공업,010140,2006-01-06,수정 비율 변화 (Yahoo),-1.99401008827238,1.237540397417436,-2.2727272727272707,0.28519897944221384,-1.9943019943019946,0.0002978459779034992,,수정 반영됨 (수정주가 수익률 ±15.5% 안)
삼성중공업,010140,2006-01-09,수정 비율 변화 (Yahoo),-4.6562123039807,-0.31498180891575966,-5.232561986294149,0.6081726955941225,-4.651162790697672,-0.005295831004159535,,수정 반영됨 (수정주가 수익률 ±15.5% 안)
삼성중공업,010140,2006-01-10,수정 비율 변화 (Yahoo),-2.133940620782726,-0.8549132660669034,-1.8404868130972418,-0.29895605444448803,-2.1341463414634165,0.00021020680145422688,,수정 반영됨 (수정주가 수익률 ±15.5% 안)
삼성중공업,010140,2006-01-11,수정 비율 변화 (Yahoo),-0.30164612600189766,-0.15756039218214335,0.6249958647337905,-0.920886488265138,-0.31152647975077885,0.009911229854342452,,수정 반영됨 (수정주가 수익률 ±15.5% 안)
삼성중공업,010140,2006-01-12,수정 비율 변화 (Yahoo),0.3025587828492382,0.6089994189758308,-0.3105610737646036,0.6150299000754922,0.31250000000000444,-0.009910247626931934,,수정 반영됨 (수정주가 수익률 ±15.5% 안)
삼성중공업,010140,2006-01-13,수정 비율 변화 (Yahoo),2.4993536154442886,0.9767713784597065,3.1152691125265752,-0.5973077531419291,2.492211838006231,0.006968117196404222,,수정 반영됨 (수정주가 수익률 ±15.5% 안)
삼성중공업,010140,2006-01-16,수정 비율 변화 (Yahoo),3.3465063482720936,0.38904736351568214,3.0211440988035854,0.31582084659869114,3.3434650455927084,0.002942907592706767,,수정 반영됨 (수정주가 수익률 ±15.5% 안)
삼성중공업,010140,2006-01-17,수정 비율 변화 (Yahoo),-2.945244487836629,-2.265454110663323,-3.2258046990829903,0.2899122130377574,-2.941176470588236,-0.004191290498345435,,수정 반영됨 (수정주가 수익률 ±15.5% 안)
삼성중공업,010140,2006-01-18,수정 비율 변화 (Yahoo),0.0,-2.6389268699894775,-0.30303232015932435,0.30395339719102576,0.0,0.0,,수정 반영됨 (수정주가 수익률 ±15.5% 안)
삼성중공업,010140,2006-01-19,수정 비율 변화 (Yahoo),-3.3364070751949026,0.5713609922315621,-2.7355564418572564,-0.6177495201301064,-3.3333333333333326,-0.0031797329602456514,,수정 반영됨 (수정주가 수익률 ±15.5% 안)
삼성중공업,010140,2006-01-20,수정 비율 변화 (Yahoo),-2.194085508628918,-2.635524459078087,-3.437506202899321,1.2876849440975668,-2.1943573667711602,0.000277957523642236,,수정 반영됨 (수정주가 수익률 ±15.5% 안)
삼성중공업,010140,2006-01-23,수정 비율 변화 (Yahoo),-4.167405568363181,-2.0644937272603636,-3.2362418801031634,-0.9623062460081933,-4.1666666666666625,-0.0007710278572270468,,수정 반영됨 (수정주가 수익률 ±15.5% 안)
삼성중공업,010140,2006-01-24,수정 비율 변화 (Yahoo),1.0085122131754165,2.2660182052210764,1.6722430525313303,-0.6528141992627856,1.0033444816053505,0.005116396488236141,,수정 반영됨 (수정주가 수익률 ±15.5% 안)
삼성중공업,010140,2006-01-25,수정 비율 변화 (Yahoo),-0.9984427956398312,1.1877934626139064,-1.6447390185611588,0.657103866607911,-0.9933774834437137,-0.005116134726501631,,수정 반영됨 (수정주가 수익률 ±15.5% 안)
삼성중공업,010140,2006-01-26,수정 비율 변화 (Yahoo),-3.0070318282753528,0.7567462888893983,-2.675585343487663,-0.3405584158481356,-3.0100334448160515,0.0030947701574746134,,수정 반영됨 (수정주가 수익률 ±15.5% 안)
삼성중공업,010140,2006-01-27,수정 비율 변화 (Yahoo),5.866641228655922,2.351506191092212,6.1855626035777656,-0.30034344321596684,5.862068965517242,0.004319075929037908,,수정 반영됨 (수정주가 수익률 ±15.5% 안)
삼성중공업,010140,2006-01-31,수정 비율 변화 (Yahoo),0.9731483150117182,1.102877448431272,0.647253514992574,0.3237989996126345,0.9771986970684043,-0.004011184810981394,,수정 반영됨 (수정주가 수익률 ±15.5% 안)
삼성중공업,010140,2006-02-01,수정 비율 변화 (Yahoo),-3.2214884883098316,-1.704492688397874,-4.180066525079407,1.0003952225874357,-3.2258064516129004,0.004461895413165884,,수정 반영됨 (수정주가 수익률 ±15.5% 안)
삼성중공업,010140,2006-02-02,수정 비율 변화 (Yahoo),-2.6740433379437545,-0.11119428475910853,-1.6778457626674625,-1.0131974660274934,-2.6666666666666616,-0.007578771860017319,,수정 반영됨 (수정주가 수익률 ±15.5% 안)
삼성중공업,010140,2006-02-03,수정 비율 변화 (Yahoo),-1.3642823306489804,-2.9786676755624186,-1.7064868612687745,0.3481455893603158,-1.3698630136986356,0.005658192536439621,,수정 반영됨 (수정주가 수익률 ±15.5% 안)
삼성중공업,010140,2006-02-06,수정 비율 변화 (Yahoo),-0.7011814427048346,0.6104236970378762,-0.34722451959233736,-0.3551902306846322,-0.694444444444442,-0.0067841101363264045,,수정 반영됨 (수정주가 수익률 ±15.5% 안)
삼성중공업,010140,2006-02-08,수정 비율 변화 (Yahoo),1.024119448698313,-1.5980124298195508,0.6896597669356908,0.3321688468674644,1.038062283737018,-0.01379958673350945,,수정 반영됨 (수정주가 수익률 ±15.5% 안)
삼성중공업,010140,2006-02-10,수정 비율 변화 (Yahoo),0.3202277174879864,1.0267391008277338,1.286173660803458,-0.9536799628252379,0.3215434083601254,-0.0013114739142117138,,수정 반영됨 (수정주가 수익률 ±15.5% 안)
삼성중공업,010140,2006-02-13,수정 비율 변화 (Yahoo),1.2856889519418324,-1.0814616208443484,0.3174624245811497,0.9651624990899332,1.2820512820512775,0.0035916234362387556,,수정 반영됨 (수정주가 수익률 ±15.5% 안)
삼성중공업,010140,2006-02-15,수정 비율 변화 (Yahoo),-2.2148297294931285,-1.8348002198447677,-3.164561149636669,0.9807684370710001,-2.215189873417722,0.00036830252481134806,,수정 반영됨 (수정주가 수익률 ±15.5% 안)
삼성중공업,010140,2006-02-16,수정 비율 변화 (Yahoo),0.6445837063563165,0.8037796048594892,1.9607887229804444,-1.2908933258648614,0.6472491909385036,-0.00264834320223839,,수정 반영됨 (수정주가 수익률 ±15.5% 안)
삼성중공업,010140,2006-02-17,수정 비율 변화 (Yahoo),0.3202277174879864,1.400724328930547,-0.3205149411621644,0.6428029381090106,0.3215434083601254,-0.0013114739142117138,,수정 반영됨 (수정주가 수익률 ±15.5% 안)
삼성중공업,010140,2006-02-20,수정 비율 변화 (Yahoo),0.0,1.1645269484441778,0.643082575465348,-0.638973448555824,0.0,0.0,,수정 반영됨 (수정주가 수익률 ±15.5% 안)
삼성중공업,010140,2006-02-22,수정 비율 변화 (Yahoo),1.5857633688661776,-0.4389189670922278,1.2698412965136852,0.31196066697436464,1.5923566878981,-0.006489975473422671,,수정 반영됨 (수정주가 수익률 ±15.5% 안)
삼성중공업,010140,2006-02-23,수정 비율 변화 (Yahoo),5.645650854219064,1.540378045323676,5.956110902086431,-0.2930081570795551,5.642633228840133,0.0028564465753166957,,수정 반영됨 (수정주가 수익률 ±15.5% 안)
삼성중공업,010140,2006-02-24,수정 비율 변화 (Yahoo),1.1902807420784756,0.3371950368416643,0.29585995727119396,0.8917823579042361,1.1869436201780381,0.00329797677551813,,수정 반영됨 (수정주가 수익률 ±15.5% 안)
삼성중공업,010140,2006-02-27,수정 비율 변화 (Yahoo),-0.29204185933316973,0.6633377751094738,0.294987208242925,-0.5853025000713608,-0.2932551319648091,0.0012168410805424301,,수정 반영됨 (수정주가 수익률 ±15.5% 안)
삼성중공업,010140,2006-02-28,수정 비율 변화 (Yahoo),-0.5939305182653953,-0.23929361107879465,-0.8823587791993548,0.2909958887050479,-0.588235294117645,-0.005728923698922195,,수정 반영됨 (수정주가 수익률 ±15.5% 안)
삼성중공업,010140,2006-03-02,수정 비율 변화 (Yahoo),0.5974791291537107,-0.2836124497845427,0.8902136575604791,-0.29015155959561945,0.591715976331364,0.00572925192339202,,수정 반영됨 (수정주가 수익률 ±15.5% 안)
삼성중공업,010140,2006-03-07,수정 비율 변화 (Yahoo),0.290345995644814,-2.088848567774171,0.0,0.290345995644814,0.291545189504383,-0.001195707830903281,,수정 반영됨 (수정주가 수익률 ±15.5% 안)
삼성중공업,010140,2006-03-08,수정 비율 변화 (Yahoo),0.0,-0.19898683800801953,0.29154712411543215,-0.2906995977982274,0.0,0.0,,수정 반영됨 (수정주가 수익률 ±15.5% 안)
삼성중공업,010140,2006-03-09,수정 비율 변화 (Yahoo),-0.5790108564535545,-0.2161257181994558,-0.2906995977982385,-0.28915182183842925,-0.5813953488372103,0.002398436783557223,,수정 반영됨 (수정주가 수익률 ±15.5% 안)
삼성중공업,010140,2006-03-15,수정 비율 변화 (Yahoo),0.5836731430398867,0.5790545125537339,-0.28818635028633466,0.8743793352200768,0.5780346820809301,0.005606056010942773,,수정 반영됨 (수정주가 수익률 ±15.5% 안)
삼성중공업,010140,2006-03-16,수정 비율 변화 (Yahoo),1.717011128775825,0.1499272852666378,2.312138816751985,-0.5816784741858205,1.724137931034475,-0.007006009000032343,,수정 반영됨 (수정주가 수익률 ±15.5% 안)
삼성중공업,010140,2006-03-17,수정 비율 변화 (Yahoo),1.7036573929352983,0.3847362984475744,1.4124313003759603,0.28717001340472503,1.6949152542372836,0.008596436386376638,,수정 반영됨 (수정주가 수익률 ±15.5% 안)
삼성중공업,010140,2006-03-21,수정 비율 변화 (Yahoo),-1.1204698245885214,-0.7455316368280673,-0.8403343278359565,-0.28250952123893835,-1.1173184357541888,-0.003186997747717246,,수정 반영됨 (수정주가 수익률 ±15.5% 안)
삼성중공업,010140,2006-03-23,수정 비율 변화 (Yahoo),0.2972749793558993,0.18552025835414376,-0.298509443634809,0.5975682205612509,0.29850746268655914,-0.0012288152255179874,,수정 반영됨 (수정주가 수익률 ±15.5% 안)
삼성중공업,010140,2006-03-24,수정 비율 변화 (Yahoo),-0.8974147867610749,0.683553564080297,-0.29940319043278985,-0.5998074389369057,-0.8928571428571397,-0.00459870375891791,,수정 반영됨 (수정주가 수익률 ±15.5% 안)
삼성중공업,010140,2006-03-29,수정 비율 변화 (Yahoo),-0.5927877490531808,0.10591071951686626,0.0,-0.5927877490531919,-0.5952380952380931,0.0024650189165642544,,수정 반영됨 (수정주가 수익률 ±15.5% 안)
삼성중공업,010140,2006-03-30,수정 비율 변화 (Yahoo),1.1926453536524662,0.4066870760550012,0.5952341568893127,0.5938762425180322,1.1976047904191711,-0.004900745207325752,,수정 반영됨 (수정주가 수익률 ±15.5% 안)
삼성중공업,010140,2006-03-31,수정 비율 변화 (Yahoo),2.9628417089540005,1.6037185944669297,2.6627239552604376,0.29233371386518936,2.9585798816567976,0.004139360995569774,,수정 반영됨 (수정주가 수익률 ±15.5% 안)
삼성중공업,010140,2006-04-03,수정 비율 변화 (Yahoo),2.5834658187599446,1.4820535451603556,3.4582133224236644,-0.8455080322502861,2.586206896551735,-0.002671974990320347,,수정 반영됨 (수정주가 수익률 ±15.5% 안)
삼성중공업,010140,2006-04-04,수정 비율 변화 (Yahoo),2.7973653622626937,0.4268889291538347,2.5069656775201787,0.28329751331834796,2.8011204481792618,-0.0036527674992292702,,수정 반영됨 (수정주가 수익률 ±15.5% 안)
삼성중공업,010140,2006-04-05,수정 비율 변화 (Yahoo),-1.364390170360319,0.22588839814092765,-1.6304383784923604,0.27045785682739965,-1.3623978201634857,-0.002019868845970496,,수정 반영됨 (수정주가 수익률 ±15.5% 안)
삼성중공업,010140,2006-04-06,수정 비율 변화 (Yahoo),-0.5426060374474573,0.592610727478271,-0.8287274843199799,0.28851242866454463,-0.5524861878453025,0.009935040122277528,,수정 반영됨 (수정주가 수익률 ±15.5% 안)
삼성중공업,010140,2006-04-07,수정 비율 변화 (Yahoo),2.2206854157061695,0.3836793128131566,2.5069656775201787,-0.2792788372203314,2.2222222222222143,-0.0015033976787481862,,수정 반영됨 (수정주가 수익률 ±15.5% 안)
삼성중공업,010140,2006-04-19,수정 비율 변화 (Yahoo),3.711311969323483,0.7596355991590586,3.960396039603964,-0.23959515331741787,3.712871287128716,-0.0015034949721104418,,수정 반영됨 (수정주가 수익률 ±15.5% 안)
삼성중공업,010140,2006-04-20,수정 비율 변화 (Yahoo),0.0,-0.256634952428636,-0.23809681343475164,0.238665067354904,0.0,0.0,,수정 반영됨 (수정주가 수익률 ±15.5% 안)
삼성중공업,010140,2006-04-21,수정 비율 변화 (Yahoo),-0.23108411461771894,1.1965275598786684,-0.7159888856675289,0.48840167274406543,-0.23866348448687846,0.007597502332945538,,수정 반영됨 (수정주가 수익률 ±15.5% 안)
삼성중공업,010140,2006-04-24,수정 비율 변화 (Yahoo),0.9529481834425146,-1.403559542757915,1.4423045113336919,-0.48239867010955173,0.9569377990430672,-0.003951799338919315,,수정 반영됨 (수정주가 수익률 ±15.5% 안)
삼성중공업,010140,2006-04-26,수정 비율 변화 (Yahoo),3.701094960619833,1.402368724452363,3.9351805904449533,-0.22522270947651357,3.703703703703698,-0.0025155736880222435,,수정 반영됨 (수정주가 수익률 ±15.5% 안)
삼성중공업,010140,2006-04-27,수정 비율 변화 (Yahoo),1.5560358135226826,0.09026887722054511,1.3363000072146969,0.21683819745967892,1.5625,-0.006364737454589431,,수정 반영됨 (수정주가 수익률 ±15.5% 안)
삼성중공업,010140,2006-05-04,수정 비율 변화 (Yahoo),0.4181224583309495,0.4076172160789149,0.8281518817992328,-0.4066616473829332,0.41407867494824835,0.004027107987303324,,수정 반영됨 (수정주가 수익률 ±15.5% 안)
삼성중공업,010140,2006-05-08,수정 비율 변화 (Yahoo),-2.264430755190505,0.7779211947092968,-2.66939518852386,0.41607101293343884,-2.268041237113405,0.0036942694780828234,,수정 반영됨 (수정주가 수익률 ±15.5% 안)
삼성중공업,010140,2006-05-09,수정 비율 변화 (Yahoo),-4.645462503647502,-0.12325871246290365,-4.852324727252499,0.2174117475934212,-4.641350210970463,-0.004312448515308986,,수정 반영됨 (수정주가 수익률 ±15.5% 안)
삼성중공업,010140,2006-05-10,수정 비율 변화 (Yahoo),1.3281106554868805,0.044813987479641604,1.9955610383053157,-0.6543915990302462,1.327433628318575,0.0006681578167411217,,수정 반영됨 (수정주가 수익률 ±15.5% 안)
삼성중공업,010140,2006-05-11,수정 비율 변화 (Yahoo),2.83884996375936,0.937915635832387,2.391303047054172,0.4370946588105218,2.8384279475982543,0.00041036815665584925,,수정 반영됨 (수정주가 수익률 ±15.5% 안)
삼성중공업,010140,2006-05-12,수정 비율 변화 (Yahoo),1.0630799953013081,-1.3313306479142528,0.6369525532269771,0.42343039138525995,1.0615711252653925,0.0014930205607610603,,수정 반영됨 (수정주가 수익률 ±15.5% 안)
삼성중공업,010140,2006-05-15,수정 비율 변화 (Yahoo),-5.044458650549199,-2.1602546360365404,-4.852324727252499,-0.20193233596713656,-5.042016806722693,-0.0025714992509251466,,수정 반영됨 (수정주가 수익률 ±15.5% 안)
삼성중공업,010140,2006-05-16,수정 비율 변화 (Yahoo),-4.418875084154472,-2.2539215547603297,-3.9911338130648066,-0.4455226773085963,-4.424778761061942,0.006176995282825004,,수정 반영됨 (수정주가 수익률 ±15.5% 안)
삼성중공업,010140,2006-05-17,수정 비율 변화 (Yahoo),-2.087468784017421,1.4007568138570736,-1.616626721584935,-0.47857889676139465,-2.083333333333337,-0.0042234389965201125,,수정 반영됨 (수정주가 수익률 ±15.5% 안)
삼성중공업,010140,2006-05-18,수정 비율 변화 (Yahoo),-1.6545680465633428,-2.5915645714856494,-2.3474148069901557,0.7095017085901212,-1.654846335697402,0.00028297188392478745,,수정 반영됨 (수정주가 수익률 ±15.5% 안)
삼성중공업,010140,2006-05-22,수정 비율 변화 (Yahoo),-4.247406537482878,-2.4557491492323114,0.0,-4.247406537482867,-4.245283018867929,-0.0022176647604399413,,수정 반영됨 (수정주가 수익률 ±15.5% 안)
삼성중공업,010140,2006-05-23,수정 비율 변화 (Yahoo),-2.4597983101662613,-0.6521787851395899,-6.6037735849056585,4.436983627498758,-2.463054187192115,0.0033380961426798805,,수정 반영됨 (수정주가 수익률 ±15.5% 안)
삼성중공업,010140,2006-05-24,수정 비율 변화 (Yahoo),2.0188613342647654,0.2646895161896978,2.5252491836232682,-0.4939152583297468,2.020202020202011,-0.0013141377008807353,,수정 반영됨 (수정주가 수익률 ±15.5% 안)
삼성중공업,010140,2006-05-25,수정 비율 변화 (Yahoo),-4.704190632703364,-2.8214012509562236,-5.665023185521722,1.0185326644092552,-4.702970297029707,-0.0012805600315912713,,수정 반영됨 (수정주가 수익률 ±15.5% 안)
삼성중공업,010140,2006-05-26,수정 비율 변화 (Yahoo),3.6358410576992073,2.0582515280607616,4.438644101855238,-0.7686839015001667,3.6363636363636376,-0.0005042425709311793,,수정 반영됨 (수정주가 수익률 ±15.5% 안)
삼성중공업,010140,2006-05-29,수정 비율 변화 (Yahoo),1.7541426887609957,0.5134487269647492,1.49999669178702,0.25039015296297595,1.7543859649122862,-0.0002390817348763008,,수정 반영됨 (수정주가 수익률 ±15.5% 안)
삼성중공업,010140,2006-05-30,수정 비율 변화 (Yahoo),-1.226492232215859,-0.8666736883284898,-0.985221706988404,-0.2436712270500352,-1.2315270935960632,0.005097640200402154,,수정 반영됨 (수정주가 수익률 ±15.5% 안)
삼성중공업,010140,2006-06-01,수정 비율 변화 (Yahoo),0.0,-1.7158685588525513,-0.9950249083756635,1.0050251590435932,0.0,0.0,,수정 반영됨 (수정주가 수익률 ±15.5% 안)
삼성중공업,010140,2006-06-02,수정 비율 변화 (Yahoo),5.98096026490067,1.0771452177068763,6.783918161125602,-0.7519464635239892,5.985037406483795,-0.003846902999604662,,수정 반영됨 (수정주가 수익률 ±15.5% 안)
삼성중공업,010140,2006-06-07,수정 비율 변화 (Yahoo),-1.3992777921073007,-2.6720548239885678,-1.8648019510838498,0.47437022417227137,-1.3986013986013957,-0.0006859877400344772,,수정 반영됨 (수정주가 수익률 ±15.5% 안)
삼성중공업,010140,2006-06-08,수정 비율 변화 (Yahoo),-1.6545680465633428,-3.4503173249976204,-1.1876437972591192,-0.4725362973292402,-1.654846335697402,0.00028297188392478745,,수정 반영됨 (수정주가 수익률 ±15.5% 안)
삼성중공업,010140,2006-06-12,수정 비율 변화 (Yahoo),0.23442732752847473,0.33909278517378905,0.4842647285653534,-0.2486333573836319,0.2421307506053294,-0.007684815774744447,,수정 반영됨 (수정주가 수익률 ±15.5% 안)
삼성중공업,010140,2006-06-13,수정 비율 변화 (Yahoo),-2.6528566655529606,-2.9019873532068696,-2.8915663111610423,0.24581762524660267,-2.657004830917875,0.004261390722293257,,수정 반영됨 (수정주가 수익률 ±15.5% 안)
삼성중공업,010140,2006-06-15,수정 비율 변화 (Yahoo),0.746370857299361,-0.19071316903079838,0.990099009900991,-0.24133866090944034,0.7425742574257432,0.003768615107979656,,수정 반영됨 (수정주가 수익률 ±15.5% 안)
삼성중공업,010140,2006-06-16,수정 비율 변화 (Yahoo),3.4323387480459377,3.5091028374610422,3.186269644784856,0.2384707811496467,3.439803439803435,-0.007216459727554803,,수정 반영됨 (수정주가 수익률 ±15.5% 안)
삼성중공업,010140,2006-06-19,수정 비율 변화 (Yahoo),0.9528190300959416,-0.8334719812389535,1.1876500836498494,-0.23207481679808906,0.9501187648456089,0.002674850989148325,,수정 반영됨 (수정주가 수익률 ±15.5% 안)
삼성중공업,010140,2006-06-20,수정 비율 변화 (Yahoo),-0.7029876977152849,-2.0644419056141117,-0.46948047635534396,-0.2346086632296407,-0.7058823529411784,0.0029152333436144318,,수정 반영됨 (수정주가 수익률 ±15.5% 안)
삼성중공업,010140,2006-06-21,수정 비율 변화 (Yahoo),1.887905604719764,0.11094523710466486,2.3584874450821136,-0.4597389548324671,1.8957345971563955,-0.007683336763397719,,수정 반영됨 (수정주가 수익률 ±15.5% 안)
삼성중공업,010140,2006-06-22,수정 비율 변화 (Yahoo),1.402560638229433,0.9485083809352979,0.4608325561827664,0.9374081998773098,1.3953488372093092,0.007112556051969143,,수정 반영됨 (수정주가 수익률 ±15.5% 안)
삼성중공업,010140,2006-06-28,수정 비율 변화 (Yahoo),-2.062051900260131,-0.7077929364990188,-2.2935810167091453,0.23696407959501453,-2.064220183486243,0.0022139847460911355,,수정 반영됨 (수정주가 수익률 ±15.5% 안)
삼성중공업,010140,2006-06-29,수정 비율 변화 (Yahoo),0.0,1.9625255305923073,0.2347433444810365,-0.23419359061386258,0.0,0.0,,수정 반영됨 (수정주가 수익률 ±15.5% 안)
삼성중공업,010140,2006-06-30,수정 비율 변화 (Yahoo),2.5783881834672284,2.54390270937912,3.0444980838086444,-0.4523384644586459,2.576112412177989,0.0022186172157656614,,수정 반영됨 (수정주가 수익률 ±15.5% 안)
삼성중공업,010140,2006-07-03,수정 비율 변화 (Yahoo),1.818870784388027,-0.04169401227658298,1.5909015722432418,0.2243992410901674,1.82648401826484,-0.00747667362789306,,수정 반영됨 (수정주가 수익률 ±15.5% 안)
삼성중공업,010140,2006-07-04,수정 비율 변화 (Yahoo),-0.44659471529586714,-0.6712446219324653,-0.671133588343531,0.22605601086505,-0.4484304932735439,0.001844047247856473,,수정 반영됨 (수정주가 수익률 ±15.5% 안)
삼성중공업,010140,2006-07-21,수정 비율 변화 (Yahoo),0.43018462089980947,-0.1547160920442936,0.647958213680333,-0.21637159525699223,0.4319654427645814,-0.0017731624158967563,,수정 반영됨 (수정주가 수익률 ±15.5% 안)
삼성중공업,010140,2006-07-24,수정 비율 변화 (Yahoo),1.2909750728776315,-0.6276891129761708,1.7167381486752342,-0.4185772013012068,1.2903225806451646,0.0006441802294920862,,수정 반영됨 (수정주가 수익률 ±15.5% 안)
삼성중공업,010140,2006-07-25,수정 비율 변화 (Yahoo),0.851638670269006,1.2997190010686,0.42193254126807744,0.42790067680118504,0.849256900212314,0.0023617130456843327,,수정 반영됨 (수정주가 수익률 ±15.5% 안)
삼성중공업,010140,2006-07-26,수정 비율 변화 (Yahoo),0.41931163007395966,-0.05391593802012151,0.21009099532178777,0.2087820025649334,0.42105263157894424,-0.0017337017083174366,,수정 반영됨 (수정주가 수익률 ±15.5% 안)
삼성중공업,010140,2006-07-31,수정 비율 변화 (Yahoo),-2.080571724972624,0.05782263100679863,-2.291665288244593,0.21604458196398113,-2.083333333333337,0.002820365985400919,,수정 반영됨 (수정주가 수익률 ±15.5% 안)
삼성중공업,010140,2006-08-01,수정 비율 변화 (Yahoo),-2.130665097115947,-0.8059669291581306,-1.9189835725291204,-0.21582313509502793,-2.127659574468088,-0.0030708600967321864,,수정 반영됨 (수정주가 수익률 ±15.5% 안)
삼성중공업,010140,2006-08-02,수정 비율 변화 (Yahoo),0.8720230935771012,0.6020072085508366,1.0869580226297915,-0.21262379762636563,0.8695652173912993,0.0024366875979842106,,수정 반영됨 (수정주가 수익률 ±15.5% 안)
삼성중공업,010140,2006-08-03,수정 비율 변화 (Yahoo),1.9376378703869213,-0.2362733667410466,1.720430180966237,0.21353398627421694,1.93965517241379,-0.0019789178445361877,,수정 반영됨 (수정주가 수익률 ±15.5% 안)
삼성중공업,010140,2006-08-08,수정 비율 변화 (Yahoo),1.518151815181512,1.6719140158506063,1.0846001181484155,0.42889984876663956,1.5184381778741818,-0.00028207948999936505,,수정 반영됨 (수정주가 수익률 ±15.5% 안)
삼성중공업,010140,2006-08-09,수정 비율 변화 (Yahoo),-2.139732828939589,0.2921211196705187,-1.5021501395923842,-0.6473062003391816,-2.1367521367521403,-0.00304577280290097,,수정 반영됨 (수정주가 수익률 ±15.5% 안)
삼성중공업,010140,2006-08-10,수정 비율 변화 (Yahoo),-2.4039623097366514,-0.8076475553831841,-2.8322454910281847,0.44076677850160006,-2.4017467248908297,-0.0022701070679698176,,수정 반영됨 (수정주가 수익률 ±15.5% 안)
삼성중공업,010140,2006-08-11,수정 비율 변화 (Yahoo),-2.005198663200891,-0.9361271476872823,-1.7937220263140263,-0.21533922397866112,-2.0134228187919434,0.008393145089491405,,수정 반영됨 (수정주가 수익률 ±15.5% 안)
삼성중공업,010140,2006-08-14,수정 비율 변화 (Yahoo),-2.7472527472527486,0.23295410571937403,-2.0547960932269516,-0.7069837280495039,-2.73972602739726,-0.007738740133111932,,수정 반영됨 (수정주가 수익률 ±15.5% 안)
삼성중공업,010140,2006-08-17,수정 비율 변화 (Yahoo),0.23263124803520885,0.9250461762984497,-0.451470262465703,0.6872040323494533,0.2272727272727204,0.005346369921754857,,수정 반영됨 (수정주가 수익률 ±15.5% 안)
삼성중공업,010140,2006-08-18,수정 비율 변화 (Yahoo),0.4579099234725881,0.2500414225248049,0.22675888014420664,0.23062807369118588,0.45351473922903285,0.0043753414253222545,,수정 반영됨 (수정주가 수익률 ±15.5% 안)
삼성중공업,010140,2006-08-21,수정 비율 변화 (Yahoo),-1.1301904464564472,-0.7084366313575119,-0.904977402659346,-0.22726978398524,-1.1286681715575675,-0.0015396524662314448,,수정 반영됨 (수정주가 수익률 ±15.5% 안)
삼성중공업,010140,2006-08-29,수정 비율 변화 (Yahoo),0.0,1.2591404408497597,0.44443560947395877,-0.4424691191475483,0.0,0.0,,수정 반영됨 (수정주가 수익률 ±15.5% 안)
삼성중공업,010140,2006-08-30,수정 비율 변화 (Yahoo),2.446671174770998,-0.2424494834933566,2.212392437694044,0.22920776188637415,2.444444444444449,0.0021735979326420463,,수정 반영됨 (수정주가 수익률 ±15.5% 안)
삼성중공업,010140,2006-08-31,수정 비율 변화 (Yahoo),-0.22202220222021785,0.8491445185820234,-0.43290330955353395,0.21179798783219628,-0.2169197396963085,-0.005113554833746647,,수정 반영됨 (수정주가 수익률 ±15.5% 안)
삼성중공업,010140,2006-09-05,수정 비율 변화 (Yahoo),0.6583715873399454,0.16040498579901197,0.873356641643297,-0.21312372410396963,0.6550218340611424,0.0033279544505271375,,수정 반영됨 (수정주가 수익률 ±15.5% 안)
삼성중공업,010140,2006-09-07,수정 비율 변화 (Yahoo),-2.152268526799017,-0.43035791924893596,-2.365590075941204,0.2184901299737474,-2.155172413793105,0.0029678492626805664,,수정 반영됨 (수정주가 수익률 ±15.5% 안)
삼성중공업,010140,2006-09-08,수정 비율 변화 (Yahoo),0.43870338776506035,0.2753169475343542,0.6607915134395626,-0.2206302199052934,0.4405286343612369,-0.0018172411286654366,,수정 반영됨 (수정주가 수익률 ±15.5% 안)
삼성중공업,010140,2006-09-11,수정 비율 변화 (Yahoo),-1.9776753215238974,-1.5359180450073562,-2.40700084493356,0.439914263447827,-1.9736842105263164,-0.004071468937116851,,수정 반영됨 (수정주가 수익률 ±15.5% 안)
삼성중공업,010140,2006-09-12,수정 비율 변화 (Yahoo),-2.2341873994306205,-0.4527464619812904,-2.017938763106908,-0.22070227304251677,-2.2371364653243853,0.0030165502391543697,,수정 반영됨 (수정주가 수익률 ±15.5% 안)
삼성중공업,010140,2006-09-13,수정 비율 변화 (Yahoo),0.0,0.3832715882051918,0.228834476395412,-0.22831201978038562,0.0,0.0,,수정 반영됨 (수정주가 수익률 ±15.5% 안)
삼성중공업,010140,2006-09-14,수정 비율 변화 (Yahoo),2.2852440336772695,1.9217930734436894,2.0547900508286476,0.22581397966117134,2.2883295194507935,-0.0030164592461412454,,수정 반영됨 (수정주가 수익률 ±15.5% 안)
삼성중공업,010140,2006-09-18,수정 비율 변화 (Yahoo),2.928348909657319,0.9698038351333427,3.1531561335252034,-0.21793538103368482,2.9279279279279313,0.00040900631914642105,,수정 반영됨 (수정주가 수익률 ±15.5% 안)
삼성중공업,010140,2006-09-19,수정 비율 변화 (Yahoo),0.21791767554479868,-0.02546751073273512,-0.436684099359419,0.6574728543166097,0.2188183807439792,-0.0008987385939573933,,수정 반영됨 (수정주가 수익률 ±15.5% 안)
삼성중공업,010140,2006-09-20,수정 비율 변화 (Yahoo),0.2234839333172367,-0.546599221223476,0.8771871785737462,-0.6480189064940078,0.21834061135370675,0.005132116469042103,,수정 반영됨 (수정주가 수익률 ±15.5% 안)
삼성중공업,010140,2006-09-21,수정 비율 변화 (Yahoo),0.6448502380521859,0.025614004273877278,0.4347855104176013,0.20915535047645317,0.6535947712418277,-0.008687750506608527,,수정 반영됨 (수정주가 수익률 ±15.5% 안)
삼성중공업,010140,2006-09-25,수정 비율 변화 (Yahoo),-0.6566547090654851,0.5065337664456493,-1.318678506240667,0.6708704212246008,-0.659340659340657,0.002703777378787464,,수정 반영됨 (수정주가 수익률 ±15.5% 안)
삼성중공업,010140,2006-09-26,수정 비율 변화 (Yahoo),-1.9829854948283265,-0.8293917547833929,-1.336300007214708,-0.6554441883498296,-1.9911504424778736,0.008330826947178238,,수정 반영됨 (수정주가 수익률 ±15.5% 안)
삼성중공업,010140,2006-09-27,수정 비율 변화 (Yahoo),2.478926006868565,1.1949671495643521,2.934538783428331,-0.4426238092137047,2.483069977426644,-0.004043565985090147,,수정 반영됨 (수정주가 수익률 ±15.5% 안)
삼성중공업,010140,2006-09-28,수정 비율 변화 (Yahoo),1.754813551060197,0.8382168040411031,1.315786571743005,0.4333253426466843,1.7621145374449254,-0.007174562378076121,,수정 반영됨 (수정주가 수익률 ±15.5% 안)
삼성중공업,010140,2006-10-02,수정 비율 변화 (Yahoo),1.7365269461077748,0.2048986080019688,1.515155854929895,0.2180670357185166,1.7316017316017396,0.0048413810676439795,,수정 반영됨 (수정주가 수익률 ±15.5% 안)
삼성중공업,010140,2006-10-04,수정 비율 변화 (Yahoo),-0.8475573866980612,-1.6169172330485648,-0.6396574288382917,-0.20923836661580486,-0.8510638297872353,0.0035365413131094314,,수정 반영됨 (수정주가 수익률 ±15.5% 안)
삼성중공업,010140,2006-10-10,수정 비율 변화 (Yahoo),2.921473762560467,0.6798544793087613,2.690588973485508,0.22483539278810305,2.914798206278024,0.006486488239598742,,수정 반영됨 (수정주가 수익률 ±15.5% 안)
삼성중공업,010140,2006-10-11,수정 비율 변화 (Yahoo),-0.22298559633580073,-0.21680706429683116,0.218336271141939,-0.4403604009986073,-0.21786492374727962,-0.005131853096373984,,수정 반영됨 (수정주가 수익률 ±15.5% 안)
삼성중공업,010140,2006-10-13,수정 비율 변화 (Yahoo),1.2937459011506558,1.2629713616363114,1.0752702859912588,0.216151403346454,1.2931034482758674,0.0006342513487300749,,수정 반영됨 (수정주가 수익률 ±15.5% 안)
삼성중공업,010140,2006-10-16,수정 비율 변화 (Yahoo),2.3425544437904566,0.6021058875871343,2.5531971922477803,-0.2053985192313812,2.3404255319148914,0.0020802257411967062,,수정 반영됨 (수정주가 수익률 ±15.5% 안)
삼성중공업,010140,2006-10-17,수정 비율 변화 (Yahoo),2.076144467448815,-0.39949289462822835,1.8672157476423923,0.2050990775324779,2.079002079002068,-0.0027994117252849726,,수정 반영됨 (수정주가 수익률 ±15.5% 안)
삼성중공업,010140,2006-11-13,수정 비율 변화 (Yahoo),-4.981539648426736,0.06878121126578929,-4.581677381586536,-0.4190623518286807,-4.980079681274896,-0.0015364853463761818,,수정 반영됨 (수정주가 수익률 ±15.5% 안)
삼성중공업,010140,2006-11-14,수정 비율 변화 (Yahoo),1.6760424520095185,0.7646650294625079,1.252617977651016,0.41818619885163333,1.6771488469601747,-0.0010881451370403639,,수정 반영됨 (수정주가 수익률 ±15.5% 안)
삼성중공업,010140,2006-11-28,수정 비율 변화 (Yahoo),-2.090552090552089,-0.9585090482973513,-1.4613710649943545,-0.6385120559904811,-2.087682672233826,-0.002930599945527579,,수정 반영됨 (수정주가 수익률 ±15.5% 안)
삼성중공업,010140,2006-11-29,수정 비율 변화 (Yahoo),0.6370178129055049,0.784997201499138,0.2118602014241855,0.42425877598395445,0.6396588486140775,-0.002624249464655559,,수정 반영됨 (수정주가 수익률 ±15.5% 안)
삼성중공업,010140,2006-11-30,수정 비율 변화 (Yahoo),-0.42199038799671795,0.679062247372686,-0.6342480992532207,0.21361254476142122,-0.4237288135593209,0.001745823118182166,,수정 반영됨 (수정주가 수익률 ±15.5% 안)
삼성중공업,010140,2006-12-07,수정 비율 변화 (Yahoo),-0.23267838676318542,-0.24262058526027808,0.0,-0.23267838676318542,-0.2336448598130869,0.0009687364528110365,,수정 반영됨 (수정주가 수익률 ±15.5% 안)
삼성중공업,010140,2006-12-08,수정 비율 변화 (Yahoo),-1.878725058305264,-1.4089200879245478,-2.3364516899186616,0.4686770443360633,-1.87353629976581,-0.005287827914890464,,수정 반영됨 (수정주가 수익률 ±15.5% 안)
삼성중공업,010140,2006-12-11,수정 비율 변화 (Yahoo),1.6704080285223855,0.02157605920469763,1.913875658674713,-0.23889546794171324,1.670644391408116,-0.00023247898855993654,,수정 반영됨 (수정주가 수익률 ±15.5% 안)
삼성중공업,010140,2006-12-14,수정 비율 변화 (Yahoo),3.750971754340493,2.537447226881051,3.512879066979191,0.2300126221078891,3.74707259953162,0.003758327547176421,,수정 반영됨 (수정주가 수익률 ±15.5% 안)
삼성중공업,010140,2006-12-15,수정 비율 변화 (Yahoo),1.3487355604121065,0.24605535893058583,1.5837089577248609,-0.23131011824991665,1.3544018058690765,-0.005590527254861755,,수정 반영됨 (수정주가 수익률 ±15.5% 안)
삼성중공업,010140,2006-12-19,수정 비율 변화 (Yahoo),-0.8953380673047184,-0.38165542166993527,-1.3392886680472893,0.44997709295735433,-0.8928571428571397,-0.0025032751182707536,,수정 반영됨 (수정주가 수익률 ±15.5% 안)
삼성중공업,010140,2006-12-20,수정 비율 변화 (Yahoo),-0.903426791277262,1.0169776433013977,0.0,-0.903426791277262,-0.9009009009009028,-0.0025488530161599243,,수정 반영됨 (수정주가 수익률 ±15.5% 안)
삼성중공업,010140,2006-12-21,수정 비율 변화 (Yahoo),0.0,-0.40283440108715984,0.4524916951876623,-0.4504534308224839,0.0,0.0,,수정 반영됨 (수정주가 수익률 ±15.5% 안)
삼성중공업,010140,2006-12-22,수정 비율 변화 (Yahoo),2.728701666142719,0.07100740008492146,1.5765750863905525,1.1342443656643164,2.7272727272727337,0.0013910024398322562,,수정 반영됨 (수정주가 수익률 ±15.5% 안)
삼성중공업,010140,2006-12-26,수정 비율 변화 (Yahoo),-2.2155578676785637,-0.24834955373602696,-0.8869238413273695,-1.3405234484137551,-2.212389380530977,-0.0032401723771724456,,수정 반영됨 (수정주가 수익률 ±15.5% 안)
삼성중공업,010140,2006-12-27,수정 비율 변화 (Yahoo),0.23784189772797504,-0.6150970765454233,-0.8948487316177367,1.1429180167217723,0.2262443438914019,0.01157137425682464,,수정 반영됨 (수정주가 수익률 ±15.5% 안)
삼성중공업,010140,2007-01-03,수정 비율 변화 (Yahoo),-2.2532390311072126,-1.805247829661527,-1.809954805318692,-0.4514553638402141,-2.26244343891403,0.009417472802342175,,수정 반영됨 (수정주가 수익률 ±15.5% 안)
삼성중공업,010140,2007-01-04,수정 비율 변화 (Yahoo),-0.697957354165335,-0.8557136268492527,-1.3824854723710533,0.6941242856145502,-0.694444444444442,-0.003537475523140987,,수정 반영됨 (수정주가 수익률 ±15.5% 안)
삼성중공업,010140,2007-01-05,수정 비율 변화 (Yahoo),-0.935001289656956,-0.825168719449787,-0.7009392171209883,-0.23571428640977166,-0.9324009324009341,-0.0026248312066656787,,수정 반영됨 (수정주가 수익률 ±15.5% 안)
삼성중공업,010140,2007-01-10,수정 비율 변화 (Yahoo),-1.4259429622815123,-1.3497387837070884,-1.1876437972591192,-0.24116332630855775,-1.4251781472684133,-0.0007758725795503629,,수정 반영됨 (수정주가 수익률 ±15.5% 안)
삼성중공업,010140,2007-01-11,수정 비율 변화 (Yahoo),-0.7199520031997864,0.7021736404605461,-0.9615384615384581,0.24393195793419586,-0.7228915662650603,0.0029609676506892058,,수정 반영됨 (수정주가 수익률 ±15.5% 안)
삼성중공업,010140,2007-01-12,수정 비율 변화 (Yahoo),-0.4901631639025017,1.6889937083885753,-0.24272005253056506,-0.2480451667309258,-0.4854368932038833,-0.0047493256776443005,,수정 반영됨 (수정주가 수익률 ±15.5% 안)
삼성중공업,010140,2007-01-15,수정 비율 변화 (Yahoo),-0.479082321187585,0.1865496949660539,-0.7299254092138718,0.25268751842921766,-0.4878048780487809,0.008765314492875653,,수정 반영됨 (수정주가 수익률 ±15.5% 안)
삼성중공업,010140,2007-01-16,수정 비율 변화 (Yahoo),0.0,-0.0898659918329825,1.2254853310593505,-1.2106490050913465,0.0,0.0,,수정 반영됨 (수정주가 수익률 ±15.5% 안)
삼성중공업,010140,2007-01-17,수정 비율 변화 (Yahoo),1.4645060682080047,-0.736124803016458,0.4842647285653534,0.9755172536620949,1.4705882352941124,-0.005994019737043388,,수정 반영됨 (수정주가 수익률 ±15.5% 안)
삼성중공업,010140,2007-01-19,수정 비율 변화 (Yahoo),1.2065862275848271,-1.6374953911553636,0.48076604979521154,0.7223473768401822,1.2048192771084265,0.0017459153516696801,,수정 반영됨 (수정주가 수익률 ±15.5% 안)
삼성중공업,010140,2007-01-22,수정 비율 변화 (Yahoo),-0.9484916348307171,0.20947257011820763,-0.4784657489145472,-0.47228561080090437,-0.952380952380949,0.003926714834379119,,수정 반영됨 (수정주가 수익률 ±15.5% 안)
삼성중공업,010140,2007-01-23,수정 비율 변화 (Yahoo),-1.6824045750764682,-0.02347056278010351,-1.4423108732817047,-0.243607276024993,-1.6826923076923128,0.00029265713492598877,,수정 반영됨 (수정주가 수익률 ±15.5% 안)
삼성중공업,010140,2007-01-24,수정 비율 변화 (Yahoo),1.2174501183632058,1.4650536648350476,0.9756097875856184,0.23950370914949115,1.2224938875305513,-0.0049828540808039,,수정 반영됨 (수정주가 수익률 ±15.5% 안)
삼성중공업,010140,2007-01-29,수정 비율 변화 (Yahoo),-0.9573484748448435,-0.6001473022540171,-1.1933190203773258,0.2388204352103962,-0.9546539379474916,-0.002720508337328287,,수정 반영됨 (수정주가 수익률 ±15.5% 안)
삼성중공업,010140,2007-01-30,수정 비율 변화 (Yahoo),0.9666022265182317,0.5590198811532554,1.4492786049837614,-0.4757809864227247,0.9638554216867545,0.002720582351001255,,수정 반영됨 (수정주가 수익률 ±15.5% 안)
삼성중공업,010140,2007-01-31,수정 비율 변화 (Yahoo),-0.9573484748448435,-0.7652912338041329,-1.1904777658157006,0.23593808137065686,-0.9546539379474916,-0.002720508337328287,,수정 반영됨 (수정주가 수익률 ±15.5% 안)
삼성중공업,010140,2007-02-01,수정 비율 변화 (Yahoo),0.24665022331844533,1.6666299081772973,0.9638554370536845,-0.7103583858110274,0.24096385542169418,0.005672698743164339,,수정 반영됨 (수정주가 수익률 ±15.5% 안)
삼성중공업,010140,2007-02-05,수정 비율 변화 (Yahoo),2.7536323837320076,0.34037674964970677,1.8181818181818077,0.9187460911653567,2.752293577981657,0.0013029448820311984,,수정 반영됨 (수정주가 수익률 ±15.5% 안)
삼성중공업,010140,2007-02-07,수정 비율 변화 (Yahoo),-1.7230072139748365,-0.16029903820576896,-1.5086249675167696,-0.21766601023425203,-1.7241379310344862,0.0011505542010237235,,수정 반영됨 (수정주가 수익률 ±15.5% 안)
삼성중공업,010140,2007-02-08,수정 비율 변화 (Yahoo),0.21839359378792444,-0.19000343548647436,0.0,0.21839359378792444,0.21929824561404132,-0.000902672281632988,,수정 반영됨 (수정주가 수익률 ±15.5% 안)
삼성중공업,010140,2007-02-12,수정 비율 변화 (Yahoo),0.22496503921687339,-0.9378852403900129,1.0989026329596419,-0.8644382589548028,0.219780219780219,0.005173449218598414,,수정 반영됨 (수정주가 수익률 ±15.5% 안)
삼성중공업,010140,2007-02-13,수정 비율 변화 (Yahoo),-0.22446008250425198,0.2934334542420647,-1.0869580226297915,0.8719759526988113,-0.21929824561403022,-0.005173181586670683,,수정 반영됨 (수정주가 수익률 ±15.5% 안)
삼성중공업,010140,2007-02-16,수정 비율 변화 (Yahoo),0.8644845883264862,0.35881770259691415,0.6465502981840565,0.216534287063741,0.8620689655172376,0.00239497646044029,,수정 반영됨 (수정주가 수익률 ±15.5% 안)
삼성중공업,010140,2007-02-20,수정 비율 변화 (Yahoo),-0.8570753044095047,0.28644197651865877,-0.6423968792457768,-0.21606642916176533,-0.8547008547008517,-0.0023949191026884087,,수정 반영됨 (수정주가 수익률 ±15.5% 안)
삼성중공업,010140,2007-02-22,수정 비율 변화 (Yahoo),3.4683468346834667,0.9666662073336996,3.687631216211029,-0.21148557350133546,3.470715835141003,-0.0022895371298181644,,수정 반영됨 (수정주가 수익률 ±15.5% 안)
삼성중공업,010140,2007-02-26,수정 비율 변화 (Yahoo),2.270134610997032,0.010204914686906541,2.0576159475582667,0.20823400729641506,2.268041237113394,0.002046948253164871,,수정 반영됨 (수정주가 수익률 ±15.5% 안)
삼성중공업,010140,2007-02-28,수정 비율 변화 (Yahoo),-3.751945132845369,-2.561528942664648,-2.7083347117554,-1.0726616899793706,-3.749999999999998,-0.0020209172419516364,,수정 반영됨 (수정주가 수익률 ±15.5% 안)
삼성중공업,010140,2007-03-05,수정 비율 변화 (Yahoo),-4.015173621243074,-2.7091419400906314,-2.569598851331767,1.0824432405264206,-4.008438818565397,-0.007016036196083597,,수정 반영됨 (수정주가 수익률 ±15.5% 안)
삼성중공업,010140,2007-03-06,수정 비율 변화 (Yahoo),0.44384994223871654,1.9460087926461478,0.8791267596786057,-0.4314835302617559,0.439560439560438,0.0042707302376765455,,수정 반영됨 (수정주가 수익률 ±15.5% 안)
삼성중공업,010140,2007-03-07,수정 비율 변화 (Yahoo),1.7493946731234944,0.5716607385970685,0.8714539416024625,0.8703559800270932,1.7505470459518557,-0.0011325470592904452,,수정 반영됨 (수정주가 수익률 ±15.5% 안)
삼성중공업,010140,2007-03-08,수정 비율 변화 (Yahoo),0.42834195966445776,0.9171125837202032,1.2959049950904022,-0.8564640747007468,0.43010752688172893,-0.0017580059015531724,,수정 반영됨 (수정주가 수익률 ±15.5% 안)
삼성중공업,010140,2007-03-09,수정 비율 변화 (Yahoo),-1.7060600675315452,-0.021771344696586148,-1.9189835725291204,0.2170894152132119,-1.7130620985010725,0.007124070725006426,,수정 반영됨 (수정주가 수익률 ±15.5% 안)
삼성중공업,010140,2007-03-12,수정 비율 변화 (Yahoo),0.21093232085820368,1.246856516669248,0.4347855104176013,-0.22288412169326755,0.2178649237472685,-0.006917532013250849,,수정 반영됨 (수정주가 수익률 ±15.5% 안)
삼성중공업,010140,2007-03-13,수정 비율 변화 (Yahoo),0.43300457060380104,-0.36632832175836905,0.0,0.43300457060380104,0.43478260869564966,-0.0017703409572522588,,수정 반영됨 (수정주가 수익률 ±15.5% 안)
삼성중공업,010140,2007-03-16,수정 비율 변화 (Yahoo),0.0,0.06657649639436602,-0.2197758732810362,0.22025995151295774,0.0,0.0,,수정 반영됨 (수정주가 수익률 ±15.5% 안)
삼성중공업,010140,2007-03-19,수정 비율 변화 (Yahoo),3.5203988569344036,1.0862257332548975,4.185020691051022,-0.637924559315961,3.516483516483526,0.003782335255086977,,수정 반영됨 (수정주가 수익률 ±15.5% 안)
삼성중공업,010140,2007-03-20,수정 비율 변화 (Yahoo),0.6401973452367038,0.05403944879762701,0.21142349346632283,0.42786923568480795,0.6369426751592355,0.0032340708997713463,,수정 반영됨 (수정주가 수익률 ±15.5% 안)
삼성중공업,010140,2007-04-05,수정 비율 변화 (Yahoo),-1.4082155182010503,-0.09235477716882379,-1.0060375887559592,-0.40626510915316993,-1.4084507042253502,0.00023854582464899465,,수정 반영됨 (수정주가 수익률 ±15.5% 안)
삼성중공업,010140,2007-04-06,수정 비율 변화 (Yahoo),5.713317902105808,0.1423713260100934,5.28455581939975,0.4072411944649579,5.714285714285716,-0.0009154980080139374,,수정 반영됨 (수정주가 수익률 ±15.5% 안)
삼성중공업,010140,2007-04-13,수정 비율 변화 (Yahoo),-1.298501334428248,-0.3165946736059633,-0.5565850501669911,-0.7460687916193698,-1.2987012987012991,0.00020259538191513826,,수정 반영됨 (수정주가 수익률 ±15.5% 안)
삼성중공업,010140,2007-04-16,수정 비율 변화 (Yahoo),0.7539909521085741,0.7404095266902555,0.0,0.7539909521085741,0.7518796992481258,0.0020954972421050044,,수정 반영됨 (수정주가 수익률 ±15.5% 안)
삼성중공업,010140,2008-10-31,수정 비율 변화 (Yahoo),14.79783925356033,2.6126558005752587,13.609471903483183,1.046010803647368,14.792899408284033,0.004303267276783984,,수정 반영됨 (수정주가 수익률 ±15.5% 안)
삼성중공업,010140,2008-11-03,수정 비율 변화 (Yahoo) / 무조정 |수익률| > 15.5% (Yahoo),14.943676030229568,1.4392755107541344,16.14582988727815,-1.035038329155069,14.948453608247414,-0.004156278634359634,,수정 반영됨 (수정주가 수익률 ±15.5% 안)
삼성중공업,010140,2008-11-14,수정 비율 변화 (Yahoo),1.5236624069653093,-0.01653742971593486,0.5076175888386159,1.0109132446887603,1.522842639593902,0.0008074708608196701,,수정 반영됨 (수정주가 수익률 ±15.5% 안)
삼성중공업,010140,2008-11-17,수정 비율 변화 (Yahoo),-1.5007953523756834,-0.9133846691048109,-0.5050538466797705,-1.0007960647181902,-1.5000000000000013,-0.0008074643407907089,,수정 반영됨 (수정주가 수익률 ±15.5% 안)
삼성중공업,010140,2008-11-28,수정 비율 변화 (Yahoo),-1.9710460137293495,1.183849249633262,-1.2285028741299553,-0.751778763313804,-1.9656019656019708,-0.005553201974561883,,수정 반영됨 (수정주가 수익률 ±15.5% 안)
삼성중공업,010140,2008-12-01,수정 비율 변화 (Yahoo),0.24960133120710548,-1.6216417147583373,-0.4975091624335293,0.7508460213928148,0.25062656641603454,-0.0010226721209205536,,수정 반영됨 (수정주가 수익률 ±15.5% 안)
삼성중공업,010140,2008-12-12,수정 비율 변화 (Yahoo),-1.1809086435952132,-4.383981705257156,-1.5810276266373435,0.406546597056745,-1.1857707509881465,0.0049204526816559735,,수정 반영됨 (수정주가 수익률 ±15.5% 안)
삼성중공업,010140,2008-12-15,수정 비율 변화 (Yahoo),9.59336099585062,4.9256219311119676,10.040152404185921,-0.4060257992866134,9.600000000000009,-0.006057485537747098,,수정 반영됨 (수정주가 수익률 ±15.5% 안)
삼성중공업,010140,2008-12-24,수정 비율 변화 (Yahoo),-4.504114335210052,-1.3807447282641938,-4.892364338399313,0.40822169585907897,-4.500978473581219,-0.0032836583859330304,,수정 반영됨 (수정주가 수익률 ±15.5% 안)
삼성중공업,010140,2008-12-26,수정 비율 변화 (Yahoo),-5.7369614512471685,-0.9437222532365785,-5.349797107156917,-0.40904755854414,-5.737704918032782,0.0007887212856161341,,수정 반영됨 (수정주가 수익률 ±15.5% 안)
삼성중공업,010140,2009-01-16,수정 비율 변화 (Yahoo),4.681953912896497,2.1469577267083206,5.295318448719488,-0.5825183349644436,4.6843177189409335,-0.0022580326222154667,,수정 반영됨 (수정주가 수익률 ±15.5% 안)
삼성중공업,010140,2009-01-19,수정 비율 변화 (Yahoo),6.813778256189451,1.3609936575052828,6.189555046513084,0.5878386150153236,6.809338521400776,0.004156691587198225,,수정 반영됨 (수정주가 수익률 ±15.5% 안)
삼성중공업,010140,2009-01-30,수정 비율 변화 (Yahoo),0.7455779514603078,-0.381463448086683,1.115239148618996,-0.36558406059382653,0.743494423791824,0.002068151080525382,,수정 반영됨 (수정주가 수익률 ±15.5% 안)
삼성중공업,010140,2009-02-02,수정 비율 변화 (Yahoo),1.8475986321645488,-1.3045236681553218,1.4705882352941124,0.371546478075202,1.845018450184499,0.0025334395528764375,,수정 반영됨 (수정주가 수익률 ±15.5% 안)
삼성중공업,010140,2009-03-06,수정 비율 변화 (Yahoo),0.0,-0.29768092385039635,0.44443560947395877,-0.4424691191475483,0.0,0.0,,수정 반영됨 (수정주가 수익률 ±15.5% 안)
삼성중공업,010140,2009-03-09,수정 비율 변화 (Yahoo),2.8892850556341054,1.5828933774395093,2.433626997267835,0.4448324946830562,2.8888888888888964,0.0003850432728880193,,수정 반영됨 (수정주가 수익률 ±15.5% 안)
삼성중공업,010140,2009-03-13,수정 비율 변화 (Yahoo),-1.6128129025032245,-0.209147546504318,-1.2145722526053948,-0.40313704053209776,-1.619433198380571,0.006729271941185999,,수정 반영됨 (수정주가 수익률 ±15.5% 안)
삼성중공업,010140,2009-03-16,수정 비율 변화 (Yahoo),-2.8857646991860664,-0.05062032095058955,-3.2786885245901676,0.4062432771127167,-2.8806584362139898,-0.0052577199246339745,,수정 반영됨 (수정주가 수익률 ±15.5% 안)
삼성중공업,010140,2009-03-20,수정 비율 변화 (Yahoo),2.416532414865835,0.7858427798004941,2.811242248020207,-0.38391699635548227,2.4096385542168752,0.006731652163116664,,수정 반영됨 (수정주가 수익률 ±15.5% 안)
삼성중공업,010140,2009-03-23,수정 비율 변화 (Yahoo),2.9399001952701287,2.4390660494986838,1.5625,1.356209423035204,2.941176470588225,-0.0012398103090172086,,수정 반영됨 (수정주가 수익률 ±15.5% 안)
삼성중공업,010140,2009-03-24,수정 비율 변화 (Yahoo),1.9022025503214302,1.850771154647779,2.8846090226673615,-0.9548624246892845,1.904761904761898,-0.002511516039727102,,수정 반영됨 (수정주가 수익률 ±15.5% 안)
대우조선해양,042660,2005-09-30,수정 비율 변화 (Yahoo),-1.0521426743381412,-0.8292587839703769,-1.894740443730325,0.8588711484004419,-1.0526315789473717,0.0004941057220930745,,수정 반영됨 (수정주가 수익률 ±15.5% 안)
대우조선해양,042660,2005-10-04,수정 비율 변화 (Yahoo),-0.8516222973684928,1.7829501805882053,0.0,-0.8516222973684817,-0.8510638297872353,-0.0005632612944062032,,수정 반영됨 (수정주가 수익률 ±15.5% 안)
대우조선해양,042660,2005-10-05,수정 비율 변화 (Yahoo),-2.360386473429954,-1.2375480776967707,-3.4334744741324696,1.111242218624775,-2.3605150214592308,0.0001316557838304533,,수정 반영됨 (수정주가 수익률 ±15.5% 안)
대우조선해양,042660,2005-10-06,수정 비율 변화 (Yahoo),-1.5387355650771317,-2.0294932377383113,-0.44444618456098706,-1.0991746201772012,-1.538461538461533,-0.00027830828146502284,,수정 반영됨 (수정주가 수익률 ±15.5% 안)
대우조선해양,042660,2005-10-07,수정 비율 변화 (Yahoo),1.785893750879386,-0.12307794659415228,2.455362786140025,-0.6534250790347196,1.7857142857142794,0.00017631665343298408,,수정 반영됨 (수정주가 수익률 ±15.5% 안)
대우조선해양,042660,2005-10-10,수정 비율 변화 (Yahoo),3.070725421854492,2.1789993422203002,2.396511703601978,0.658434264053942,3.0701754385964897,0.0005336007779632723,,수정 반영됨 (수정주가 수익률 ±15.5% 안)
대우조선해양,042660,2005-10-12,수정 비율 변화 (Yahoo),-2.1141306934462922,-2.1868244030636474,-0.8456616708684361,-1.2792874663409282,-2.114164904862581,3.495032374623008e-05,,수정 반영됨 (수정주가 수익률 ±15.5% 안)
대우조선해양,042660,2005-10-13,수정 비율 변화 (Yahoo),-3.887819203765297,-1.9407424449082167,-4.26439350106026,0.3933482129233834,-3.88768898488121,-0.00013548616477621067,,수정 반영됨 (수정주가 수익률 ±15.5% 안)
대우조선해양,042660,2005-10-14,수정 비율 변화 (Yahoo),-2.4717714193209006,-0.27399785494034434,-2.672608162763568,0.20635171625533744,-2.4719101123595544,0.00014220830000244433,,수정 반영됨 (수정주가 수익률 ±15.5% 안)
대우조선해양,042660,2005-10-17,수정 비율 변화 (Yahoo),-2.76472357951304,-1.1603384390465377,-3.4324953523974577,0.6915077440607709,-2.7649769585253448,0.0002605841026959155,,수정 반영됨 (수정주가 수익률 ±15.5% 안)
대우조선해양,042660,2005-10-18,수정 비율 변화 (Yahoo),3.317045066575619,0.8381787888061654,3.080568013703,0.2294099241296088,3.3175355450236976,-0.0004747291401208109,,수정 반영됨 (수정주가 수익률 ±15.5% 안)
대우조선해양,042660,2005-10-19,수정 비율 변화 (Yahoo),-6.651383252269271,-2.7895331388781086,-6.436782084244818,-0.2293648859081343,-6.65137614678899,-7.6117675607001445e-06,,수정 반영됨 (수정주가 수익률 ±15.5% 안)
대우조선해양,042660,2005-10-20,수정 비율 변화 (Yahoo),4.1771759812381015,0.7891564697822373,4.668309769316581,-0.46922873710381063,4.176904176904173,0.0002609065186565118,,수정 반영됨 (수정주가 수익률 ±15.5% 안)
대우조선해양,042660,2005-10-21,수정 비율 변화 (Yahoo),2.358450494839226,1.8283816456295288,1.8779331231257412,0.47165991396069806,2.358490566037741,-3.914789900028026e-05,,수정 반영됨 (수정주가 수익률 ±15.5% 안)
대우조선해양,042660,2005-10-24,수정 비율 변화 (Yahoo),-0.9222661396574461,0.09463615777198786,-1.6129053638465285,0.7019611939382386,-0.9216589861751112,-0.0006128014217066102,,수정 반영됨 (수정주가 수익률 ±15.5% 안)
대우조선해양,042660,2005-10-25,수정 비율 변화 (Yahoo),-4.651114089462216,-0.28026338004388807,-3.2786845212953386,-1.41895254564548,-4.651162790697672,5.107690548289412e-05,,수정 반영됨 (수정주가 수익률 ±15.5% 안)
대우조선해양,042660,2005-10-26,수정 비율 변화 (Yahoo),0.2437899453119785,-0.1930109711499317,-0.24213604176525072,0.4871054449207657,0.24390243902439046,-0.00011222000507737917,,수정 반영됨 (수정주가 수익률 ±15.5% 안)
대우조선해양,042660,2005-10-31,수정 비율 변화 (Yahoo),3.2254100192161683,1.524475769689304,2.970299761423356,0.2477513014761623,3.2258064516129004,-0.00038404388433832537,,수정 반영됨 (수정주가 수익률 ±15.5% 안)
대우조선해양,042660,2005-11-03,수정 비율 변화 (Yahoo),2.330975420331227,0.7936245220874216,2.0978977020283285,0.22828845994766755,2.331002331002341,-2.6297671773534148e-05,,수정 반영됨 (수정주가 수익률 ±15.5% 안)
대우조선해양,042660,2005-11-04,수정 비율 변화 (Yahoo),-2.050193327384797,0.3292363522910957,-1.826483006166213,-0.22787237135716287,-2.050113895216399,-8.109470215345027e-05,,수정 반영됨 (수정주가 수익률 ±15.5% 안)
대우조선해양,042660,2005-11-07,수정 비율 변화 (Yahoo),-3.2553610319986603,-0.2872387436782864,-3.023255152774107,-0.23934179229279096,-3.2558139534883734,0.00046816403986849053,,수정 반영됨 (수정주가 수익률 ±15.5% 안)
대우조선해양,042660,2005-11-08,수정 비율 변화 (Yahoo),-0.4805454840629886,0.6762579300269911,-0.23980478298921692,-0.2413193965289273,-0.48076923076922906,0.00022482760819730885,,수정 반영됨 (수정주가 수익률 ±15.5% 안)
대우조선해양,042660,2005-11-09,수정 비율 변화 (Yahoo),-1.449685158399583,0.07173659626154016,-1.6826945308711094,0.23699731330073526,-1.449275362318836,-0.0004158224936934296,,수정 반영됨 (수정주가 수익률 ±15.5% 안)
대우조선해양,042660,2005-11-10,수정 비율 변화 (Yahoo),2.450947935288794,0.5571892895836594,2.200493210509258,0.24506214883295296,2.450980392156854,-3.168038796852457e-05,,수정 반영됨 (수정주가 수익률 ±15.5% 안)
대우조선해양,042660,2005-11-11,수정 비율 변화 (Yahoo),5.023750794385973,1.7570862665359677,4.784681710241978,0.22815270346965288,5.023923444976086,-0.00016439167805915034,,수정 반영됨 (수정주가 수익률 ±15.5% 안)
대우조선해양,042660,2005-11-14,수정 비율 변화 (Yahoo),-1.3661118119442484,0.12021144476643819,-1.1415446957649955,-0.22716025198668,-1.3667425968109326,0.0006395255345958972,,수정 반영됨 (수정주가 수익률 ±15.5% 안)
대우조선해양,042660,2005-11-18,수정 비율 변화 (Yahoo),-0.7055533190668872,0.22846338677275924,-0.4705816262672191,-0.23608265439405418,-0.7058823529411784,0.000331372977657729,,수정 반영됨 (수정주가 수익률 ±15.5% 안)
대우조선해양,042660,2005-11-21,수정 비율 변화 (Yahoo),-2.369622738135879,-0.2711731184908639,-2.1276635533561516,-0.24721917710794905,-2.3696682464455,4.661288022234089e-05,,수정 반영됨 (수정주가 수익률 ±15.5% 안)
대우조선해양,042660,2005-11-22,수정 비율 변화 (Yahoo),0.7278131727627368,-1.915195460277419,0.4830936755140458,0.24354295662807335,0.728155339805836,-0.00033969354639173943,,수정 반영됨 (수정주가 수익률 ±15.5% 안)
대우조선해양,042660,2005-11-23,수정 비율 변화 (Yahoo),2.409599340370816,3.0148654077942982,2.1634569882170718,0.24092993660358442,2.4096385542168752,-3.8291167303583507e-05,,수정 반영됨 (수정주가 수익률 ±15.5% 안)
대우조선해양,042660,2005-11-24,수정 비율 변화 (Yahoo),1.8825349068796848,0.75583844245799,2.1176511596052716,-0.23024056081952793,1.8823529411764683,0.00017860375025602337,,수정 반영됨 (수정주가 수익률 ±15.5% 안)
대우조선해양,042660,2005-11-25,수정 비율 변화 (Yahoo),2.078589179690349,0.11689930402334348,1.8433168651509124,0.23101399461582517,2.0785219399538146,6.5870601617668e-05,,수정 반영됨 (수정주가 수익률 ±15.5% 안)
대우조선해양,042660,2005-11-29,수정 비율 변화 (Yahoo),2.8630931720136754,-1.1099602702243083,3.524226911736794,-0.6386270725661003,2.8634361233480066,-0.0003334045091785143,,수정 반영됨 (수정주가 수익률 ±15.5% 안)
대우조선해양,042660,2005-11-30,수정 비율 변화 (Yahoo),2.9983995680761932,1.4116212540449258,2.3404231879880166,0.6429291179298247,2.997858672376874,0.0005251523733651453,,수정 반영됨 (수정주가 수익률 ±15.5% 안)
대우조선해양,042660,2005-12-01,수정 비율 변화 (Yahoo),-1.2477534821027425,0.6582192625477878,-1.871098001320004,0.635230300676981,-1.2474012474012475,-0.0003566839819502121,,수정 반영됨 (수정주가 수익률 ±15.5% 안)
대우조선해양,042660,2005-12-02,수정 비율 변화 (Yahoo),-1.684376155224221,0.31700332317492474,-1.059322340551061,-0.6317460416276677,-1.684210526315788,-0.00016846623448474318,,수정 반영됨 (수정주가 수익률 ±15.5% 안)
대우조선해양,042660,2005-12-08,수정 비율 변화 (Yahoo),1.87116219859218,-0.04151726740894146,1.455303429045629,0.4098935743042542,1.8711018711018657,5.9219434356272416e-05,,수정 반영됨 (수정주가 수익률 ±15.5% 안)
대우조선해양,042660,2005-12-09,수정 비율 변화 (Yahoo),1.2239159798219212,-0.5120072496601735,1.6393432959825427,-0.40872687946326147,1.2244897959183598,-0.000566874772689463,,수정 반영됨 (수정주가 수익률 ±15.5% 안)
대우조선해양,042660,2005-12-15,수정 비율 변화 (Yahoo),-2.611022710834654,0.2555704617506205,-2.4048046517754385,-0.21129939678221632,-2.6104417670682722,-0.0005965154549647522,,수정 반영됨 (수정주가 수익률 ±15.5% 안)
대우조선해양,042660,2005-12-16,수정 비율 변화 (Yahoo),-3.092276271815819,-1.2439447401471293,-3.4907622096273627,0.4128992694741651,-3.0927835051546393,0.0005234216368554812,,수정 반영됨 (수정주가 수익률 ±15.5% 안)
대우조선해양,042660,2005-12-21,수정 비율 변화 (Yahoo),2.0079921886301255,0.9813571961223122,1.6064247459201209,0.3952185540571529,2.008032128514059,-3.915366575402146e-05,,수정 반영됨 (수정주가 수익률 ±15.5% 안)
대우조선해양,042660,2005-12-22,수정 비율 변화 (Yahoo),0.5902737771317668,-0.24295504224022269,0.9881426014477501,-0.3939757817768452,0.5905511811023612,-0.0002757753758575454,,수정 반영됨 (수정주가 수익률 ±15.5% 안)
대우조선해양,042660,2005-12-29,수정 비율 변화 (Yahoo),3.9621118803890853,0.8193486141971462,5.461391161299112,-1.4216380652678384,3.9622641509434064,-0.000146467139372497,,수정 반영됨 (수정주가 수익률 ±15.5% 안)
대우조선해양,042660,2006-01-02,수정 비율 변화 (Yahoo),3.2669003668930108,0.7177189586550448,1.9642901973812243,1.277516047030014,3.2667876588021727,0.00010914263279815373,,수정 반영됨 (수정주가 수익률 ±15.5% 안)
대우조선해양,042660,2006-01-03,수정 비율 변화 (Yahoo),-0.35132975145794054,0.40308939227076124,0.1751288781921989,-0.5255382603902459,-0.35149384885764245,0.00016467622649951608,,수정 반영됨 (수정주가 수익률 ±15.5% 안)
대우조선해양,042660,2006-01-04,수정 비율 변화 (Yahoo),-4.762056013912163,0.5190447855355718,-5.594408539641027,0.881677147352411,-4.761904761904767,-0.00015881460777578127,,수정 반영됨 (수정주가 수익률 ±15.5% 안)
대우조선해양,042660,2006-01-10,수정 비율 변화 (Yahoo),-2.3582277025413267,-0.8549132660669034,-2.554026922015673,0.20093105265379663,-2.3575638506876273,-0.0006798804698893157,,수정 반영됨 (수정주가 수익률 ±15.5% 안)
대우조선해양,042660,2006-01-11,수정 비율 변화 (Yahoo),-1.2066856909906276,-0.15756039218214335,-0.8064475205608046,-0.40349212264856327,-1.2072434607645843,0.0005645856978819808,,수정 반영됨 (수정주가 수익률 ±15.5% 안)
대우조선해양,042660,2006-01-13,수정 비율 변화 (Yahoo),2.839347196726849,0.9767713784597065,3.238871848375413,-0.3869905244948235,2.8397565922920975,-0.00039809075672581073,,수정 반영됨 (수정주가 수익률 ±15.5% 안)
대우조선해양,042660,2006-01-16,수정 비율 변화 (Yahoo),3.74758005790099,0.38904736351568214,3.529411349982836,0.21073113917420283,3.747534516765283,4.389611369948199e-05,,수정 반영됨 (수정주가 수익률 ±15.5% 안)
대우조선해양,042660,2006-01-17,수정 비율 변화 (Yahoo),-4.942392960471132,-2.265454110663323,-5.303030457801694,0.38083319780348734,-4.942965779467679,0.0006026055843655342,,수정 반영됨 (수정주가 수익률 ±15.5% 안)
대우조선해양,042660,2006-01-18,수정 비율 변화 (Yahoo),-1.9999639808378045,-2.6389268699894775,-1.2000046599609293,-0.8096754641775616,-2.0000000000000018,3.675424715687825e-05,,수정 반영됨 (수정주가 수익률 ±15.5% 안)
대우조선해양,042660,2006-01-19,수정 비율 변화 (Yahoo),1.632806828936606,0.5713609922315621,0.8097197817543034,0.8164758804649397,1.6326530612244872,0.00015129754806775253,,수정 반영됨 (수정주가 수익률 ±15.5% 안)
대우조선해양,042660,2006-01-20,수정 비율 변화 (Yahoo),-3.2131491393027622,-2.635524459078087,-3.6144574833648857,0.4163574054613539,-3.2128514056224855,-0.0003076169559634856,,수정 반영됨 (수정주가 수익률 ±15.5% 안)
대우조선해양,042660,2006-01-23,수정 비율 변화 (Yahoo),-1.2451659909952006,-2.0644937272603636,-0.41666828970262637,-0.8319642324307597,-1.2448132780082943,-0.0003571589489270721,,수정 반영됨 (수정주가 수익률 ±15.5% 안)
대우조선해양,042660,2006-01-24,수정 비율 변화 (Yahoo),5.882464221866979,2.2660182052210764,3.765690061829363,2.0399557491270315,5.882352941176472,0.00010509842993666751,,수정 반영됨 (수정주가 수익률 ±15.5% 안)
대우조선해양,042660,2006-01-25,수정 비율 변화 (Yahoo),-6.348936930498484,1.1877934626139064,-4.637096803424567,-1.7950797109702488,-6.349206349206349,0.00028768438296022936,,수정 반영됨 (수정주가 수익률 ±15.5% 안)
대우조선해양,042660,2006-01-26,수정 비율 변화 (Yahoo),-5.085230795646412,0.7567462888893983,-4.6511581942635605,-0.45524685267516185,-5.0847457627118615,-0.0005110168417421512,,수정 반영됨 (수정주가 수익률 ±15.5% 안)
대우조선해양,042660,2006-01-27,수정 비율 변화 (Yahoo),5.134570159393781,2.351506191092212,4.656317363603324,0.456974607781091,5.133928571428581,0.0006102577673194887,,수정 반영됨 (수정주가 수익률 ±15.5% 안)
대우조선해양,042660,2006-02-01,수정 비율 변화 (Yahoo),-4.000037915051324,-1.704492688397874,-4.201674514900866,0.21048029684078706,-4.0000000000000036,-3.9494845127663325e-05,,수정 반영됨 (수정주가 수익률 ±15.5% 안)
대우조선해양,042660,2006-02-08,수정 비율 변화 (Yahoo),-0.21871705697480426,-1.5980124298195508,0.21881529899039354,-0.4365770585691653,-0.2188183807439792,0.00010154597041012181,,수정 반영됨 (수정주가 수익률 ±15.5% 안)
대우조선해양,042660,2006-02-09,수정 비율 변화 (Yahoo),4.385904284205022,0.8138887405701123,4.803496603799595,-0.39845265962188403,4.385964912280693,-5.808067754520252e-05,,수정 반영됨 (수정주가 수익률 ±15.5% 안)
대우조선해양,042660,2006-02-10,수정 비율 변화 (Yahoo),2.100812515961814,1.0267391008277338,1.2499973781726625,0.8403112689586711,2.1008403361344463,-2.7247741107849777e-05,,수정 반영됨 (수정주가 수익률 ±15.5% 안)
대우조선해양,042660,2006-02-16,수정 비율 변화 (Yahoo),1.2100251445585242,0.8037796048594892,0.8064547698530822,0.40034179917030066,1.2096774193548487,0.0003435691255493367,,수정 반영됨 (수정주가 수익률 ±15.5% 안)
대우조선해양,042660,2006-02-17,수정 비율 변화 (Yahoo),1.593779149027763,1.400724328930547,0.19999718101129105,1.3910000072141715,1.5936254980079667,0.00015124080769979287,,수정 반영됨 (수정주가 수익률 ±15.5% 안)
대우조선해양,042660,2006-02-20,수정 비율 변화 (Yahoo),1.9607496932190438,1.1645269484441778,4.391220386942063,-2.32823285781516,1.9607843137254832,-3.395472746303696e-05,,수정 반영됨 (수정주가 수익률 ±15.5% 안)
대우조선해양,042660,2006-02-21,수정 비율 변화 (Yahoo),1.9230436213136581,-0.1305395883552718,1.338427008809262,0.5768952901287427,1.9230769230769162,-3.267342810753249e-05,,수정 반영됨 (수정주가 수익률 ±15.5% 안)
대우조선해양,042660,2006-02-23,수정 비율 변화 (Yahoo),3.3709096734483968,1.540378045323676,2.996252916330522,0.36375765769094404,3.370786516853941,0.00011914061854856328,,수정 반영됨 (수정주가 수익률 ±15.5% 안)
대우조선해양,042660,2006-02-24,수정 비율 변화 (Yahoo),0.0,0.3371950368416643,0.3636377900095189,-0.362320256635551,0.0,0.0,,수정 반영됨 (수정주가 수익률 ±15.5% 안)
대우조선해양,042660,2006-02-27,수정 비율 변화 (Yahoo),0.36215039029046103,0.6633377751094738,-0.7246339994142703,1.0947170818774277,0.36231884057971175,-0.0001678421654660589,,수정 반영됨 (수정주가 수익률 ±15.5% 안)
대우조선해양,042660,2006-02-28,수정 비율 변화 (Yahoo),-4.873013937990168,-0.23929361107879465,-3.83212178121356,-1.0823698890481293,-4.873646209386284,0.0006646648073038719,,수정 반영됨 (수정주가 수익률 ±15.5% 안)
대우조선해양,042660,2006-03-03,수정 비율 변화 (Yahoo),-3.4352391263253734,-2.8332236601593896,-2.480915441246856,-0.9786019725231854,-3.435114503816794,-0.00012905572035482038,,수정 반영됨 (수정주가 수익률 ±15.5% 안)
대우조선해양,042660,2006-03-06,수정 비율 변화 (Yahoo),2.7672978359908784,1.1896610105722516,1.7612558060758898,0.9886297313706383,2.7667984189723382,0.00048597117576765214,,수정 반영됨 (수정주가 수익률 ±15.5% 안)
대우조선해양,042660,2006-03-30,수정 비율 변화 (Yahoo),0.0,0.4066870760550012,0.40000155332031717,-0.3984079154698783,0.0,0.0,,수정 반영됨 (수정주가 수익률 ±15.5% 안)
대우조선해양,042660,2006-03-31,수정 비율 변화 (Yahoo),2.9994957317292847,1.6037185944669297,3.386449374876399,-0.37427887840892904,3.0000000000000027,-0.0004895808453531103,,수정 반영됨 (수정주가 수익률 ±15.5% 안)
대우조선해양,042660,2006-04-03,수정 비율 변화 (Yahoo),6.020125368280249,1.4820535451603556,5.202315182257133,0.7773690004885259,6.0194174757281615,0.0006677008504096804,,수정 반영됨 (수정주가 수익률 ±15.5% 안)
대우조선해양,042660,2006-04-05,수정 비율 변화 (Yahoo),0.17802117094822822,0.22588839814092765,-0.17698866116869771,0.3556392733053304,0.17730496453900457,0.0007149387872384949,,수정 반영됨 (수정주가 수익률 ±15.5% 안)
대우조선해양,042660,2006-04-13,수정 비율 변화 (Yahoo),3.610061359665173,1.5994622684465831,6.49819428978502,-2.7119078866831847,3.6101083032491044,-4.530791899437503e-05,,수정 반영됨 (수정주가 수익률 ±15.5% 안)
대우조선해양,042660,2006-04-14,수정 비율 변화 (Yahoo),3.659196623969496,1.920723899496335,0.8474578853525427,2.7881106748505857,3.658536585365857,0.0006367431235387855,,수정 반영됨 (수정주가 수익률 ±15.5% 안)
대우조선해양,042660,2006-05-08,수정 비율 변화 (Yahoo),2.5399321064856206,0.7779211947092968,1.5873021308615343,0.9377451272373882,2.5396825396825307,0.00024338558193282012,,수정 반영됨 (수정주가 수익률 ±15.5% 안)
대우조선해양,042660,2006-05-09,수정 비율 변화 (Yahoo),-1.2385087713184473,-0.12325871246290365,-0.31249561077998367,-0.9289159822106985,-1.2383900928792602,-0.00012016657009450427,,수정 반영됨 (수정주가 수익률 ±15.5% 안)
대우조선해양,042660,2006-05-10,수정 비율 변화 (Yahoo),5.956161522067438,0.044813987479641604,6.4263262815783095,-0.44177486524052956,5.956112852664575,4.593354885340517e-05,,수정 반영됨 (수정주가 수익률 ±15.5% 안)
대우조선해양,042660,2006-05-11,수정 비율 변화 (Yahoo),0.0,0.937915635832387,-0.44182531034052674,0.4437860695194473,0.0,0.0,,수정 반영됨 (수정주가 수익률 ±15.5% 안)
대우조선해양,042660,2006-05-12,수정 비율 변화 (Yahoo),-2.218566423785484,-1.3313306479142528,-1.6272120422329173,-0.6011361412329275,-2.2189349112425982,0.00037684950229266434,,수정 반영됨 (수정주가 수익률 ±15.5% 안)
대우조선해양,042660,2006-05-15,수정 비율 변화 (Yahoo),-8.472117211925534,-2.1602546360365404,-9.02255883022136,0.6050308859188558,-8.472012102874437,-0.00011483815335333603,,수정 반영됨 (수정주가 수익률 ±15.5% 안)
대우조선해양,042660,2006-05-22,수정 비율 변화 (Yahoo),-6.173123803927483,-2.4557491492323114,0.0,-6.173123803927483,-6.172839506172845,-0.00030300155430262876,,수정 반영됨 (수정주가 수익률 ±15.5% 안)
대우조선해양,042660,2006-05-23,수정 비율 변화 (Yahoo),2.255435472541234,-0.6521787851395899,-4.056437356217646,6.5787350967917435,2.2556390977443552,-0.00019913347069078213,,수정 반영됨 (수정주가 수익률 ±15.5% 안)
대우조선해양,042660,2006-05-24,수정 비율 변화 (Yahoo),-0.5512149903992625,0.2646895161896978,0.3676484925341006,-0.9154976695520678,-0.5514705882352922,0.00025701519925647176,,수정 반영됨 (수정주가 수익률 ±15.5% 안)
대우조선해양,042660,2006-05-25,수정 비율 변화 (Yahoo),-4.806171873699627,-2.8214012509562236,-6.227110665642854,1.5152980803190497,-4.805914972273573,-0.00026987120680388443,,수정 반영됨 (수정주가 수익률 ±15.5% 안)
대우조선해양,042660,2006-05-26,수정 비율 변화 (Yahoo),3.495274647456359,2.0582515280607616,5.078130925447022,-1.506361279982904,3.495145631067964,0.0001246593621440084,,수정 반영됨 (수정주가 수익률 ±15.5% 안)
대우조선해양,042660,2006-05-29,수정 비율 변화 (Yahoo),0.37506018702324617,0.5134487269647492,-0.5576263210584242,0.9379165777889886,0.37523452157599557,-0.00017368283479202162,,수정 반영됨 (수정주가 수익률 ±15.5% 안)
대우조선해양,042660,2006-06-01,수정 비율 변화 (Yahoo),0.0,-1.7158685588525513,-0.3846168739373823,0.3861018869451893,0.0,0.0,,수정 반영됨 (수정주가 수익률 ±15.5% 안)
대우조선해양,042660,2006-06-02,수정 비율 변화 (Yahoo),5.576913086394097,1.0771452177068763,5.984554952725207,-0.3846238411935987,5.576923076923079,-9.462796113357541e-06,,수정 반영됨 (수정주가 수익률 ±15.5% 안)
대우조선해양,042660,2006-06-08,수정 비율 변화 (Yahoo),-3.8815559513307507,-3.4503173249976204,-3.1423312685269766,-0.7632071806860985,-3.8817005545286554,0.0001504429424370457,,수정 반영됨 (수정주가 수익률 ±15.5% 안)
대우조선해양,042660,2006-06-09,수정 비율 변화 (Yahoo),0.5766533326406531,1.0236033782181853,-0.1908370101245671,0.7689577988376328,0.5769230769230749,-0.0002681969920925731,,수정 반영됨 (수정주가 수익률 ±15.5% 안)
대우조선해양,042660,2006-06-15,수정 비율 변화 (Yahoo),3.534521491687892,-0.19071316903079838,3.950108239500727,-0.39979443489884803,3.534303534303529,0.00021051707201902303,,수정 반영됨 (수정주가 수익률 ±15.5% 안)
대우조선해양,042660,2006-06-16,수정 비율 변화 (Yahoo),4.417401996238968,3.5091028374610422,4.000001150607635,0.40134696251288293,4.417670682730934,-0.0002573189865184844,,수정 반영됨 (수정주가 수익률 ±15.5% 안)
대우조선해양,042660,2006-06-19,수정 비율 변화 (Yahoo),0.0,-0.8334719812389535,0.5769218535514264,-0.5736125573533313,0.0,0.0,,수정 반영됨 (수정주가 수익률 ±15.5% 안)
대우조선해양,042660,2006-06-21,수정 비율 변화 (Yahoo),1.1533066652813062,0.11094523710466486,0.3824106632507762,0.767959243992089,1.1538461538461497,-0.0005333347028901869,,수정 반영됨 (수정주가 수익률 ±15.5% 안)
대우조선해양,042660,2006-06-28,수정 비율 변화 (Yahoo),-0.9144710307759429,-0.7077929364990188,0.0,-0.914471030775954,-0.9140767824497242,-0.000397885303404788,,수정 반영됨 (수정주가 수익률 ±15.5% 안)
대우조선해양,042660,2006-06-29,수정 비율 변화 (Yahoo),0.7384947665725283,1.9625255305923073,-0.18281278481303564,0.9229949040733709,0.7380073800737907,0.00048381590165291755,,수정 반영됨 (수정주가 수익률 ±15.5% 안)
대우조선해양,042660,2006-07-21,수정 비율 변화 (Yahoo),2.3692891370759472,-0.1547160920442936,1.6920479332258154,0.6659726277661537,2.368866328257191,0.0004130248130396197,,수정 반영됨 (수정주가 수익률 ±15.5% 안)
대우조선해양,042660,2006-07-25,수정 비율 변화 (Yahoo),-0.8107240327500431,1.2997190010686,0.0,-0.8107240327500431,-0.8103727714748765,-0.0003541310568233591,,수정 반영됨 (수정주가 수익률 ±15.5% 안)
대우조선해양,042660,2006-08-02,수정 비율 변화 (Yahoo),1.1826444081073806,0.6020072085508366,1.52026706924977,-0.33256675823367665,1.1824324324324342,0.0002094984967726532,,수정 반영됨 (수정주가 수익률 ±15.5% 안)
대우조선해양,042660,2006-08-03,수정 비율 변화 (Yahoo),3.0051112447384343,-0.2362733667410466,2.662228084280094,0.3339915437806651,3.005008347245419,9.989562126389018e-05,,수정 반영됨 (수정주가 수익률 ±15.5% 안)
대우조선해양,042660,2006-08-09,수정 비율 변화 (Yahoo),-0.8060768024167775,0.2921211196705187,-0.3225761178612063,-0.4850653896586121,-0.8064516129032251,0.00037785772617482394,,수정 반영됨 (수정주가 수익률 ±15.5% 안)
대우조선해양,042660,2006-08-10,수정 비율 변화 (Yahoo),-1.6259865001390983,-0.8076475553831841,-2.103559343334438,0.4878347363723057,-1.6260162601625994,3.0251924720836598e-05,,수정 반영됨 (수정주가 수익률 ±15.5% 안)
대우조선해양,042660,2006-08-16,수정 비율 변화 (Yahoo),2.3565527173501133,1.5828771301279465,2.0202037933853,0.32968854350261534,2.3569023569023573,-0.00034158864150590773,,수정 반영됨 (수정주가 수익률 ±15.5% 안)
대우조선해양,042660,2006-08-17,수정 비율 변화 (Yahoo),-2.6318322854879006,0.9250461762984497,-2.3102339996003307,-0.3292036607869919,-2.631578947368418,-0.000260185095668497,,수정 반영됨 (수정주가 수익률 ±15.5% 안)
대우조선해양,042660,2006-08-29,수정 비율 변화 (Yahoo),1.5762373739364843,1.2591404408497597,1.926442848547305,-0.34358647748670146,1.5761821366024442,5.438020298509372e-05,,수정 반영됨 (수정주가 수익률 ±15.5% 안)
대우조선해양,042660,2006-08-30,수정 비율 변화 (Yahoo),0.8624437199192592,-0.2424494834933566,0.3436439492086718,0.5170230522754338,0.8620689655172376,0.00037155137293520824,,수정 반영됨 (수정주가 수익률 ±15.5% 안)
대우조선해양,042660,2006-08-31,수정 비율 변화 (Yahoo),1.538508900878166,0.8491445185820234,2.0547901769582655,-0.5058863725895701,1.538461538461533,4.664480424132478e-05,,수정 반영됨 (수정주가 수익률 ±15.5% 안)
대우조선해양,042660,2006-09-01,수정 비율 변화 (Yahoo),1.0096263169862896,0.29052146014756364,0.6711435714290559,0.3362261851302728,1.0101010101010166,-0.0004699461835788732,,수정 반영됨 (수정주가 수익률 ±15.5% 안)
대우조선해양,042660,2006-09-20,수정 비율 변화 (Yahoo),1.3692187897524466,-0.546599221223476,2.5684877211978208,-1.169237217092689,1.3698630136986356,-0.0006355182171735585,,수정 반영됨 (수정주가 수익률 ±15.5% 안)
대우조선해양,042660,2006-09-21,수정 비율 변화 (Yahoo),-0.16884055215423688,0.025614004273877278,-1.335558513845625,1.1825110892206503,-0.16891891891891442,7.849936496384657e-05,,수정 반영됨 (수정주가 수익률 ±15.5% 안)
대우조선해양,042660,2006-09-25,수정 비율 변화 (Yahoo),0.1717415521722998,0.5065337664456493,1.0309256695351543,-0.8504169507198234,0.1718213058419238,-7.961687088497982e-05,,수정 반영됨 (수정주가 수익률 ±15.5% 안)
대우조선해양,042660,2006-09-26,수정 비율 변화 (Yahoo),0.686560709265871,-0.8293917547833929,-0.17006563526984486,0.8580856533532577,0.6861063464836947,0.000451266613299417,,수정 반영됨 (수정주가 수익률 ±15.5% 안)
대우조선해양,042660,2006-10-11,수정 비율 변화 (Yahoo),0.3183229257031517,-0.21680706429683116,0.6369451550177097,-0.3166056251247995,0.31847133757962887,-0.00014794072766832755,,수정 반영됨 (수정주가 수익률 ±15.5% 안)
대우조선해양,042660,2006-10-12,수정 비율 변화 (Yahoo),1.2699660532428103,0.47454149031678217,0.94936507214054,0.3175859311974394,1.2698412698412653,0.0001232187193833667,,수정 반영됨 (수정주가 수익률 ±15.5% 안)
대우조선해양,042660,2006-10-16,수정 비율 변화 (Yahoo),0.0,0.6021058875871343,-0.6240273937962559,0.6279459485333261,0.0,0.0,,수정 반영됨 (수정주가 수익률 ±15.5% 안)
대우조선해양,042660,2006-10-17,수정 비율 변화 (Yahoo),-1.247471341874573,-0.39949289462822835,-0.6279459485333372,-0.6234402612029899,-1.2480499219968744,0.0005858923513457626,,수정 반영됨 (수정주가 수익률 ±15.5% 안)
대우조선해양,042660,2006-11-02,수정 비율 변화 (Yahoo),1.7980239393203812,0.6825044566522331,0.0,1.798023939320359,1.7973856209150263,0.0006270479358860825,,수정 반영됨 (수정주가 수익률 ±15.5% 안)
대우조선해양,042660,2006-11-03,수정 비율 변화 (Yahoo),0.8021912105860229,0.010840265080624967,2.614377472155449,-1.7660159387130392,0.8025682182985605,-0.00037400605874537973,,수정 반영됨 (수정주가 수익률 ±15.5% 안)
대우조선해양,042660,2007-01-24,수정 비율 변화 (Yahoo),0.5481887547225783,1.4650536648350476,1.0968898556751316,-0.5427477558764493,0.5484460694698434,-0.00025591121228796254,,수정 반영됨 (수정주가 수익률 ±15.5% 안)
대우조선해양,042660,2007-01-25,수정 비율 변화 (Yahoo),0.1817333431567647,-0.050612410162975685,-1.0849887244217205,1.2806166134373465,0.1818181818181719,-8.468468926103867e-05,,수정 반영됨 (수정주가 수익률 ±15.5% 안)
대우조선해양,042660,2007-01-26,수정 비율 변화 (Yahoo),0.7264318224531996,-0.7979108191787931,1.4625219986996507,-0.7254798735003565,0.7259528130671544,0.0004755570661485464,,수정 반영됨 (수정주가 수익률 ±15.5% 안)
대우조선해양,042660,2007-02-09,수정 비율 변화 (Yahoo),1.2988246988656194,0.28800629399121647,0.3246707383886438,0.971001403051952,1.298701298701288,0.00012181811095413053,,수정 반영됨 (수정주가 수익률 ±15.5% 안)
대우조선해양,042660,2007-02-12,수정 비율 변화 (Yahoo),-2.8847055767607266,-0.9378852403900129,-1.9417435057227816,-0.9616345474110943,-2.8846153846153855,-9.287111996103548e-05,,수정 반영됨 (수정주가 수익률 ±15.5% 안)
대우조선해양,042660,2007-03-07,수정 비율 변화 (Yahoo),6.290303840120837,0.5716607385970685,6.774202864897205,-0.4531984428754243,6.290322580645169,-1.7631449289456924e-05,,수정 반영됨 (수정주가 수익률 ±15.5% 안)
대우조선해양,042660,2007-03-08,수정 비율 변화 (Yahoo),-0.30334913846111755,0.9171125837202032,-2.1148063493291236,1.8505936835888193,-0.3034901365705611,0.00014142732744915065,,수정 반영됨 (수정주가 수익률 ±15.5% 안)
대우조선해양,042660,2007-03-09,수정 비율 변화 (Yahoo),-0.6085442907854843,-0.021771344696586148,0.30863762529143024,-0.9143598575260259,-0.60882800608828,0.0002854532219265238,,수정 반영됨 (수정주가 수익률 ±15.5% 안)
대우조선해양,042660,2007-03-12,수정 비율 변화 (Yahoo),4.134892507963639,1.246856516669248,4.769235671228023,-0.6054670144344354,4.134762633996947,0.0001247172062734947,,수정 반영됨 (수정주가 수익률 ±15.5% 안)
대우조선해양,042660,2007-04-05,수정 비율 변화 (Yahoo),-2.253731911169732,-0.09235477716882379,-1.830985458993195,-0.43063124770388317,-2.2535211267605604,-0.00021564399209639262,,수정 반영됨 (수정주가 수익률 ±15.5% 안)
대우조선해양,042660,2007-04-06,수정 비율 변화 (Yahoo),1.152848060205014,0.1423713260100934,0.7173551706669334,0.4323911095561739,1.1527377521613813,0.00010905097189706225,,수정 반영됨 (수정주가 수익률 ±15.5% 안)
대우조선해양,042660,2007-04-13,수정 비율 변화 (Yahoo),1.7019727556631281,-0.3165946736059633,2.1276654342855528,-0.4168240572348436,1.7021276595744705,-0.00015231137725502109,,수정 반영됨 (수정주가 수익률 ±15.5% 안)
대우조선해양,042660,2007-04-16,수정 비율 변화 (Yahoo),2.7899879433336716,0.7404095266902555,2.361112817379696,0.4189824769872619,2.789400278940035,0.0005717169202723582,,수정 반영됨 (수정주가 수익률 ±15.5% 안)
대우조선해양,042660,2008-09-05,수정 비율 변화 (Yahoo),-3.230655205136912,-1.5458171799527465,-3.6923000669786488,0.47934366843231935,-3.230769230769226,0.00011783252942265676,,수정 반영됨 (수정주가 수익률 ±15.5% 안)
대우조선해양,042660,2008-09-08,수정 비율 변화 (Yahoo),5.087936551111993,5.146043093749553,5.5910499822744875,-0.4764735564680378,5.087440381558039,0.0004721492427472995,,수정 반영됨 (수정주가 수익률 ±15.5% 안)
대우조선해양,042660,2008-09-12,수정 비율 변화 (Yahoo),1.7166779051472236,2.4029267481499916,1.2480547875925119,0.46284653916346397,1.7160686427457161,0.000598983434607625,,수정 반영됨 (수정주가 수익률 ±15.5% 안)
대우조선해양,042660,2008-09-16,수정 비율 변화 (Yahoo),-11.043283705770236,-6.101142145718308,-10.631746065867187,-0.4604964534792866,-11.042944785276077,-0.0003809933830978274,,수정 반영됨 (수정주가 수익률 ±15.5% 안)
대우조선해양,042660,2008-10-10,수정 비율 변화 (Yahoo),-6.788846307572949,-4.125446949161715,-6.266314787514515,-0.5574639670614667,-6.7885117493472595,-0.00035892381073932,,수정 반영됨 (수정주가 수익률 ±15.5% 안)
대우조선해양,042660,2008-10-13,수정 비율 변화 (Yahoo),9.243167572612276,3.7906675151232028,8.635095735400311,0.5597379310025463,9.243697478991585,-0.00048506814722681924,,수정 반영됨 (수정주가 수익률 ±15.5% 안)
대우조선해양,042660,2008-10-17,수정 비율 변화 (Yahoo),-12.644258137970299,-2.727841948293752,-13.218391042122413,0.6615836132178421,-12.643678160919535,-0.0006639210975767362,,수정 반영됨 (수정주가 수익률 ±15.5% 안)
대우조선해양,042660,2008-10-20,수정 비율 변화 (Yahoo),-1.643981694041674,2.283449227980716,-0.9933754333828593,-0.6571340690652905,-1.6447368421052655,0.000767775957632999,,수정 반영됨 (수정주가 수익률 ±15.5% 안)
대우조선해양,042660,2008-11-14,수정 비율 변화 (Yahoo),14.651845499224848,-0.01653742971593486,9.157505225544638,5.03340586827048,14.652014652014644,-0.00014753581984994213,,수정 반영됨 (수정주가 수익률 ±15.5% 안)
대우조선해양,042660,2008-11-17,수정 비율 변화 (Yahoo),-2.2368307488707995,-0.9133846691048109,2.684568252748054,-4.792734765661488,-2.2364217252396124,-0.00041838038091768226,,수정 반영됨 (수정주가 수익률 ±15.5% 안)
대우조선해양,042660,2008-11-28,수정 비율 변화 (Yahoo),-1.618825586478212,1.183849249633262,-0.9708717528613908,-0.6543063087456225,-1.6181229773462813,-0.0007141652031972257,,수정 반영됨 (수정주가 수익률 ±15.5% 안)
대우조선해양,042660,2008-12-01,수정 비율 변화 (Yahoo),2.9606481138642504,-1.6216417147583373,2.287584694568423,0.6580108634939297,2.960526315789469,0.00011829589370293547,,수정 반영됨 (수정주가 수익률 ±15.5% 안)
대우조선해양,042660,2008-12-12,수정 비율 변화 (Yahoo),-6.868614402691541,-4.383981705257156,-7.692298574009026,0.8923244307820655,-6.868131868131866,-0.0005181197041848051,,수정 반영됨 (수정주가 수익률 ±15.5% 안)
대우조선해양,042660,2008-12-15,수정 비율 변화 (Yahoo),10.914693264978158,4.9256219311119676,11.904754260950789,-0.8847354185362755,10.914454277286145,0.0002154702861689728,,수정 반영됨 (수정주가 수익률 ±15.5% 안)
대우조선해양,042660,2009-01-16,수정 비율 변화 (Yahoo),0.5568445475637951,2.1469577267083206,1.3927480071191933,-0.8244213476655049,0.557103064066844,-0.00025708427865422934,,수정 반영됨 (수정주가 수익률 ±15.5% 안)
대우조선해양,042660,2009-01-19,수정 비율 변화 (Yahoo),14.959029172227133,1.3609936575052828,14.010990042225169,0.8315331089141953,14.958448753462594,0.0005048943951591056,,수정 반영됨 (수정주가 수익률 ±15.5% 안)
대우조선해양,042660,2009-01-30,수정 비율 변화 (Yahoo),1.9657949466790559,-0.381463448086683,2.2113064874696553,-0.2401999829839574,1.9656019656019597,0.00018926095992632952,,수정 반영됨 (수정주가 수익률 ±15.5% 안)
대우조선해양,042660,2009-02-02,수정 비율 변화 (Yahoo),3.6138565523526456,-1.3045236681553218,3.365380418355479,0.2403862231159959,3.6144578313253017,-0.0005803041247753882,,수정 반영됨 (수정주가 수익률 ±15.5% 안)
대우조선해양,042660,2009-03-06,수정 비율 변화 (Yahoo),-1.3470873786407767,-0.29768092385039635,-1.6172473300610002,0.2746009275899963,-1.3477088948787075,0.0006300068969178341,,수정 반영됨 (수정주가 수익률 ±15.5% 안)
대우조선해양,042660,2009-03-09,수정 비율 변화 (Yahoo),0.27309632181080623,1.5828933774395093,0.5479473376337918,-0.27335318432712974,0.2732240437158362,-0.0001273738889584486,,수정 반영됨 (수정주가 수익률 ±15.5% 안)
대우조선해양,042660,2009-03-13,수정 비율 변화 (Yahoo),-0.5192375160799956,-0.209147546504318,0.0,-0.5192375160799956,-0.5194805194805197,0.00024427234779356155,,수정 반영됨 (수정주가 수익률 ±15.5% 안)
대우조선해양,042660,2009-03-16,수정 비율 변화 (Yahoo),-2.8730632685209145,-0.05062032095058955,-3.376622454817635,0.5211566797706402,-2.872062663185382,-0.0010301931276934795,,수정 반영됨 (수정주가 수익률 ±15.5% 안)
대우조선해양,042660,2009-03-23,수정 비율 변화 (Yahoo),1.6282040542804577,2.4390660494986838,0.9302362140725773,0.691534931838933,1.6279069767441756,0.0002923188572090396,,수정 반영됨 (수정주가 수익률 ±15.5% 안)
대우조선해양,042660,2009-03-24,수정 비율 변화 (Yahoo),2.9755097414974507,1.850771154647779,3.6866337303018026,-0.6858395949607687,2.9748283752860427,0.0006616822986194038,,수정 반영됨 (수정주가 수익률 ±15.5% 안)
