code,종목,무조정 시세,date,시가 비율,종가 비율,차이(%)
009540,현대중공업,네이버 수정 전,2004-02-18,0.9083739837398374,0.9084293193717278,-0.006091352481740753
009540,현대중공업,네이버 수정 전,2004-02-23,0.9083701657458564,0.9084281842818428,-0.006386694841742369
009540,현대중공업,네이버 수정 전,2004-03-23,0.9083548387096774,0.9084210526315789,-0.007288902179192203
009540,현대중공업,네이버 수정 전,2004-03-25,0.9083572567783094,0.9084415584415585,-0.009279811394113935
009540,현대중공업,네이버 수정 전,2004-03-29,0.9083548387096774,0.9084210526315789,-0.007288902179192203
009540,현대중공업,네이버 수정 전,2004-05-14,0.9083609576427256,0.9084363636363636,-0.008300635757918506
009540,현대중공업,네이버 수정 전,2004-11-12,0.908375,0.9084389489953633,-0.007039437865796749
009540,현대중공업,네이버 수정 전,2004-12-20,0.9083630952380952,0.9084411764705882,-0.00859507852740693
009540,현대중공업,네이버 수정 전,2005-01-03,0.9083646888567294,0.9084272997032641,-0.006892224237997624
009540,현대중공업,네이버 수정 전,2005-01-27,0.9083736263736264,0.9084222222222222,-0.00534947818393583
009540,현대중공업,네이버 수정 전,2005-03-18,0.9083899821109124,0.9084275618374559,-0.0041367884597742766
009540,현대중공업,네이버 수정 전,2005-04-15,0.9083870967741936,0.908425925925926,-0.004274333286202747
009540,현대중공업,네이버 수정 전,2005-06-08,0.9083876811594203,0.9084283246977547,-0.0044740500961371055
009540,현대중공업,네이버 수정 전,2005-06-13,0.9083904109589042,0.9084265734265734,-0.003980780475498769
009540,현대중공업,네이버 수정 전,2005-06-21,0.9083846153846153,0.9084251968503937,-0.004467232516125463
009540,현대중공업,네이버 수정 전,2005-10-31,0.9083936324167873,0.9084241531664212,-0.003359746603781577
009540,현대중공업,네이버 수정 전,2005-11-23,0.9083941605839416,0.9084241531664212,-0.0033016055743351203
009540,현대중공업,네이버 수정 전,2006-01-27,0.9083943661971831,0.9084232954545455,-0.003184556968893748
009540,현대중공업,네이버 수정 전,2006-02-08,0.9083936324167873,0.9084241531664212,-0.003359746603781577
009540,현대중공업,네이버 수정 전,2006-02-23,0.9083937823834197,0.9084203821656051,-0.0029281357736499203
009540,현대중공업,네이버 수정 전,2006-04-18,0.9083946488294314,0.9084175824175824,-0.0025245645389193605
009540,현대중공업,네이버 수정 전,2006-06-12,0.9083987603305785,0.9084215686274509,-0.002510761265483996
009540,현대중공업,네이버 수정 전,2006-08-28,0.9084034334763949,0.90842194092827,-0.0020373188978961565
009540,현대중공업,네이버 수정 전,2006-09-01,0.9084016393442623,0.908418410041841,-0.0018461424155735706
009540,현대중공업,네이버 수정 전,2006-10-19,0.9084029304029304,0.9084187725631769,-0.0017439269998642537
009540,현대중공업,네이버 수정 전,2006-10-31,0.9084029304029304,0.9084187725631769,-0.0017439269998642537
009540,현대중공업,네이버 수정 전,2007-06-22,0.9084112676056338,0.9084173913043478,-0.0006741062833715006
009540,현대중공업,네이버 수정 전,2007-07-27,0.9084111888111888,0.9084177396280401,-0.0007211238360449457
009540,현대중공업,네이버 수정 전,2007-09-20,0.9084119106699752,0.9084168674698795,-0.0005456525612679286
009540,현대중공업,네이버 수정 전,2007-11-12,0.9084123505976096,0.9084164948453608,-0.00045620569141258116
009540,현대중공업,네이버 수정 전,2007-11-29,0.9084125269978401,0.9084172043010753,-0.0005148849243519216
009540,현대중공업,네이버 수정 전,2008-01-10,0.9084109263657957,0.9084164705882353,-0.0006103172519589251
009540,현대중공업,네이버 수정 전,2008-02-25,0.9084104683195592,0.9084162162162163,-0.0006327382266468895
009540,현대중공업,네이버 수정 전,2008-03-14,0.9084107648725213,0.9084179104477612,-0.0007865955919394985
009540,현대중공업,네이버 수정 전,2008-04-18,0.908409972299169,0.908416068866571,-0.0006711206033238604
009540,현대중공업,네이버 수정 전,2008-05-13,0.9084086603518268,0.908414364640884,-0.0006279391078889418
009540,현대중공업,네이버 수정 전,2008-05-19,0.9084105960264901,0.9084165588615782,-0.0006563987666186044
009540,현대중공업,네이버 수정 전,2008-05-27,0.908409972299169,0.9084164383561644,-0.0007117943624068701
009540,현대중공업,네이버 수정 전,2008-05-30,0.9084105960264901,0.908416,-0.0005948787240583897
009540,현대중공업,네이버 수정 전,2008-06-09,0.9084090909090909,0.9084147952443857,-0.0006279439001444231
009540,현대중공업,네이버 수정 전,2008-07-16,0.9084102564102564,0.9084168012924071,-0.0007204712794139922
009540,현대중공업,네이버 수정 전,2008-10-20,0.9084070796460177,0.9084200626959248,-0.0014291901335283796
009540,현대중공업,네이버 수정 전,2008-12-16,0.9084083526682134,0.9084178403755868,-0.0010444210749471772
009540,현대중공업,네이버 수정 전,2009-01-09,0.9084095860566449,0.9084191343963554,-0.001051094076387482
009540,현대중공업,네이버 수정 전,2009-01-19,0.9084071246819339,0.9084179104477612,-0.001187313207207108
009540,현대중공업,네이버 수정 전,2009-04-01,0.9084071246819339,0.9084179104477612,-0.001187313207207108
009540,현대중공업,네이버 수정 전,2009-05-28,0.9084083526682134,0.9084177777777778,-0.0010375302856191482
009540,현대중공업,네이버 수정 전,2009-07-14,0.9084065934065934,0.9084178272980501,-0.0012366436588084895
009540,현대중공업,네이버 수정 전,2009-12-22,0.9084049079754601,0.9084181818181818,-0.0014612039903383334
009540,현대중공업,네이버 수정 전,2010-01-07,0.9084066852367688,0.9084175257731959,-0.0011933429419297426
009540,현대중공업,네이버 수정 전,2010-04-02,0.9084084210526315,0.9084170212765957,-0.0009467264222018379
009540,현대중공업,네이버 수정 전,2010-04-26,0.9084093567251462,0.9084177949709865,-0.0009288948198737934
009540,현대중공업,네이버 수정 전,2010-06-14,0.9084079822616408,0.9084177777777778,-0.0010783052001639426
009540,현대중공업,네이버 수정 전,2010-07-28,0.9084086799276673,0.9084169741697417,-0.0009130434932669296
009540,현대중공업,네이버 수정 전,2010-08-26,0.9084083969465648,0.9084177949709865,-0.0010345486926466307
009540,현대중공업,네이버 수정 전,2010-08-30,0.9084090056285178,0.9084169741697417,-0.0008771898203585593
009540,현대중공업,네이버 수정 전,2010-09-01,0.9084090056285178,0.9084175824175824,-0.0009441460877335217
009540,현대중공업,네이버 수정 전,2011-01-31,0.9084114052953157,0.9084164948453608,-0.0005602661415693433
009540,현대중공업,네이버 수정 전,2011-03-11,0.9084114285714285,0.908416091954023,-0.000513353146835982
009540,현대중공업,네이버 수정 전,2011-03-25,0.9084114052953157,0.9084158215010142,-0.0004861436353142956
009540,현대중공업,네이버 수정 전,2011-06-10,0.9084118942731277,0.9084166666666667,-0.0005253529260285106
009540,현대중공업,네이버 수정 전,2011-07-20,0.9084118291347207,0.9084166666666667,-0.0005325234689546043
009540,현대중공업,네이버 수정 전,2011-07-22,0.908411622276029,0.9084167664670658,-0.0005662809435813543
009540,현대중공업,네이버 수정 전,2011-12-07,0.908409475465313,0.9084169491525423,-0.00082271552025448
009540,현대중공업,네이버 수정 전,2012-01-09,0.908410163339383,0.9084175824175824,-0.0008167035010164803
009540,현대중공업,네이버 수정 전,2012-03-21,0.908411214953271,0.9084175824175824,-0.000700940232178926
009540,현대중공업,네이버 수정 전,2012-03-28,0.9084109589041096,0.9084174174174174,-0.0007109631744217637
009540,현대중공업,네이버 수정 전,2012-04-30,0.9084089347079037,0.908416961130742,-0.0008835615341484804
009540,현대중공업,네이버 수정 전,2012-05-14,0.9084083969465648,0.9084171539961013,-0.0009639898914226563
009540,현대중공업,네이버 수정 전,2012-06-19,0.9084072072072072,0.9084150268336315,-0.0008607988852271653
009540,현대중공업,네이버 수정 전,2012-06-25,0.9084099616858238,0.9084177949709865,-0.0008622998367124879
009540,현대중공업,네이버 수정 전,2012-07-02,0.9084083969465648,0.9084171539961013,-0.0009639898914226563
009540,현대중공업,네이버 수정 전,2012-07-23,0.9084072398190045,0.90841647597254,-0.001016731177805319
009540,현대중공업,네이버 수정 전,2012-07-24,0.9084091954022988,0.9084191343963554,-0.0010940978321771766
009540,현대중공업,네이버 수정 전,2012-07-25,0.9084083526682134,0.9084183908045977,-0.001105012457469634
009540,현대중공업,네이버 수정 전,2012-07-31,0.9084087912087913,0.9084173553719008,-0.0009427564388708731
009540,현대중공업,네이버 수정 전,2012-10-24,0.9084094827586207,0.9084183006535947,-0.0009706866283654136
009540,현대중공업,네이버 수정 전,2012-12-26,0.9084090909090909,0.9084175365344468,-0.0009297074325620436
009540,현대중공업,네이버 수정 전,2013-01-03,0.908410358565737,0.9084185110663984,-0.0008974388524651822
009540,현대중공업,네이버 수정 전,2013-04-08,0.9084071246819339,0.9084181360201511,-0.0012121442517054604
009540,현대중공업,네이버 수정 전,2013-05-08,0.9084071246819339,0.9084175257731959,-0.0011449681415198754
009540,현대중공업,네이버 수정 전,2013-05-23,0.9084067796610169,0.9084179104477612,-0.001225293624917967
009540,현대중공업,네이버 수정 전,2013-06-20,0.90840625,0.9084190981432361,-0.0014143409426736753
009540,현대중공업,네이버 수정 전,2013-08-12,0.9084091954022988,0.9084191343963554,-0.0010940978321771766
009540,현대중공업,네이버 수정 전,2013-09-25,0.9084083969465648,0.9084161849710982,-0.0008573189978600126
009540,현대중공업,네이버 수정 전,2014-04-09,0.9084072398190045,0.9084191343963554,-0.0013093710711786777
009540,현대중공업,네이버 수정 전,2014-06-09,0.9084065934065934,0.9084184782608695,-0.0013083016870085729
009540,현대중공업,네이버 수정 전,2014-06-24,0.9084056338028169,0.9084178272980501,-0.0013422782850325277
009540,현대중공업,네이버 수정 전,2014-12-01,0.908404958677686,0.90842194092827,-0.0018694232073124262
009540,현대중공업,Yahoo 무조정,2004-02-18,1.3913406682140665,1.3914253997403914,-0.0060895486269418875
009540,현대중공업,Yahoo 무조정,2004-02-23,1.391334816831353,1.3914236862437341,-0.006386941178282424
009540,현대중공업,Yahoo 무조정,2004-03-23,1.391311329549161,1.391412848033725,-0.007296072097318085
009540,현대중공업,Yahoo 무조정,2004-03-25,1.391315101787259,1.3914442133318052,-0.009278959465941483
009540,현대중공업,Yahoo 무조정,2004-03-29,1.391311329549161,1.3914128167924764,-0.007293826971443984
009540,현대중공업,Yahoo 무조정,2004-05-14,1.3913207512658519,1.3914361754494557,-0.008295327205121161
009540,현대중공업,Yahoo 무조정,2004-11-12,1.3913421976597902,1.3914402137727155,-0.007044220222696129
009540,현대중공업,Yahoo 무조정,2004-12-20,1.3913240438624381,1.391443658483321,-0.008596440118402437
009540,현대중공업,Yahoo 무조정,2005-01-03,1.3913265140017497,1.3914222968723382,-0.00688381024249729
009540,현대중공업,Yahoo 무조정,2005-01-27,1.391340115140508,1.3914145993825404,-0.005353130696306163
009540,현대중공업,Yahoo 무조정,2005-03-18,1.3913652541649957,1.391422742024433,-0.004131588316114154
009540,현대중공업,Yahoo 무조정,2005-04-15,1.3913607386663012,1.3914202722814184,-0.004278622088749184
009540,현대중공업,Yahoo 무조정,2005-06-08,1.3913616532183415,1.3914239656098872,-0.004478318117684399
009540,현대중공업,Yahoo 무조정,2005-06-13,1.3913657827574857,1.3914212090640317,-0.003983431198617549
009540,현대중공업,Yahoo 무조정,2005-06-21,1.3913570154278603,1.3914190535999393,-0.004458626027759038
009540,현대중공업,Yahoo 무조정,2005-10-06,1.3913702579423428,1.384297336810166,0.5109394451682459
009540,현대중공업,Yahoo 무조정,2005-10-11,1.3913962359788483,1.3896486311062681,0.12575875897413713
009540,현대중공업,Yahoo 무조정,2005-10-19,1.39138402895462,1.3934311076676964,-0.14690921580635674
009540,현대중공업,Yahoo 무조정,2005-10-21,1.391401041291995,1.3836414064023557,0.5608125670230946
009540,현대중공업,Yahoo 무조정,2005-10-24,1.3913805875059584,1.3875154204193079,0.27856750489176907
009540,현대중공업,Yahoo 무조정,2005-10-26,1.3913788228096955,1.3933749295602522,-0.14325697328189113
009540,현대중공업,Yahoo 무조정,2005-10-28,1.39138495640016,1.3934316446295074,-0.14688113602383535
009540,현대중공업,Yahoo 무조정,2005-10-31,1.3913708463530754,1.4080066654444783,-1.1815156490151524
009540,현대중공업,Yahoo 무조정,2005-11-01,1.3913723893725771,1.385349041150404,0.4347892150826649
009540,현대중공업,Yahoo 무조정,2005-11-03,1.3913805875059584,1.3933081082600944,-0.13834131465315647
009540,현대중공업,Yahoo 무조정,2005-11-11,1.3913887079780605,1.3874745515466194,0.2821065386084287
009540,현대중공업,Yahoo 무조정,2005-11-14,1.3913779685788727,1.3894303111365194,0.1401766916082403
009540,현대중공업,Yahoo 무조정,2005-11-22,1.3913878373721855,1.389371381852692,0.14513437845571353
009540,현대중공업,Yahoo 무조정,2005-11-23,1.3913715503403967,1.389371381852692,0.14396211940377324
009540,현대중공업,Yahoo 무조정,2005-11-24,1.3913723893725771,1.3893276223859279,0.14717673165798306
009540,현대중공업,Yahoo 무조정,2005-12-02,1.3913804879908904,1.3949972496878154,-0.25926658262117597
009540,현대중공업,Yahoo 무조정,2005-12-06,1.3913820623536919,1.3931290027047183,-0.1253968833923369
009540,현대중공업,Yahoo 무조정,2005-12-14,1.3913883290533717,1.389628909835147,0.12661072360917736
009540,현대중공업,Yahoo 무조정,2005-12-19,1.3913789612067466,1.382481057431733,0.6436184949646595
009540,현대중공업,Yahoo 무조정,2005-12-21,1.3913996617733595,1.4019537505154978,-0.7528129040103915
009540,현대중공업,Yahoo 무조정,2005-12-23,1.3913702579423428,1.3983973325602672,-0.5025091548951144
009540,현대중공업,Yahoo 무조정,2005-12-27,1.3913883290533717,1.3773969041828362,1.015787448632044
009540,현대중공업,Yahoo 무조정,2006-01-02,1.3913805023131574,1.385973944920652,0.3900908391762492
009540,현대중공업,Yahoo 무조정,2006-01-06,1.3913845644114078,1.3949156056434506,-0.253136549462718
009540,현대중공업,Yahoo 무조정,2006-01-10,1.3913876994184486,1.375108429739746,1.1838535294110386
009540,현대중공업,Yahoo 무조정,2006-01-13,1.391376302243733,1.3895201857152353,0.1335796735865591
009540,현대중공업,Yahoo 무조정,2006-01-17,1.3913843454690884,1.4114105668274006,-1.4188799367803817
009540,현대중공업,Yahoo 무조정,2006-01-18,1.391382907666141,1.3842136903878919,0.5179270605422337
009540,현대중공업,Yahoo 무조정,2006-01-27,1.391371880679765,1.3914162064440068,-0.00318565818311356
009540,현대중공업,Yahoo 무조정,2006-02-01,1.3913708463530754,1.387327788844194,0.2914277030556578
009540,현대중공업,Yahoo 무조정,2006-02-02,1.3913752141195022,1.3873902133541163,0.28722998958972124
009540,현대중공업,Yahoo 무조정,2006-02-07,1.3913831973559103,1.3934119469080335,-0.14559582014672667
009540,현대중공업,Yahoo 무조정,2006-02-08,1.3913708463530754,1.3955281319174482,-0.2979005201894869
009540,현대중공업,Yahoo 무조정,2006-02-09,1.3913858999986193,1.3776491009240057,0.9971188646949347
009540,현대중공업,Yahoo 무조정,2006-02-10,1.3913761380686949,1.3874709082704175,0.28146390493661855
009540,현대중공업,Yahoo 무조정,2006-02-13,1.3913891049698015,1.3933385192752357,-0.13990959687586457
009540,현대중공업,Yahoo 무조정,2006-02-17,1.3913788943555245,1.3952066049907164,-0.2743472272493497
009540,현대중공업,Yahoo 무조정,2006-02-23,1.391370985854845,1.3914117692162116,-0.0029310777922675335
009540,현대중공업,Yahoo 무조정,2006-02-28,1.3913996617733595,1.3968150758855857,-0.38769728403689196
009540,현대중공업,Yahoo 무조정,2006-03-13,1.3913744477220897,1.393144519094137,-0.12705583288646904
009540,현대중공업,Yahoo 무조정,2006-03-27,1.3913727454535603,1.4072310313995098,-1.1269141734444488
009540,현대중공업,Yahoo 무조정,2006-03-30,1.3913729981241023,1.4083281751233165,-1.2039223029624901
009540,현대중공업,Yahoo 무조정,2006-03-31,1.3914022699095023,1.4046441380730972,-0.9427204944421175
009540,현대중공업,Yahoo 무조정,2006-04-03,1.3914022699095023,1.3930166643114557,-0.11589196621357711
009540,현대중공업,Yahoo 무조정,2006-04-06,1.3913948139195014,1.40410070606458,-0.9049131654303322
009540,현대중공업,Yahoo 무조정,2006-04-12,1.391387404384119,1.3992301159785028,-0.5605019149333534
009540,현대중공업,Yahoo 무조정,2006-04-13,1.3913956081910663,1.411672252156159,-1.4363563450455752
009540,현대중공업,Yahoo 무조정,2006-04-14,1.3913948139195014,1.3989590514857264,-0.5407047159951994
009540,현대중공업,Yahoo 무조정,2006-04-18,1.3913723718810238,1.397550559806194,-0.4420725877729126
009540,현대중공업,Yahoo 무조정,2006-04-26,1.391385795468811,1.4042895815372887,-0.9188835577881194
009540,현대중공업,Yahoo 무조정,2006-05-11,1.3913952023000768,1.4110033060614722,-1.389656826257013
009540,현대중공업,Yahoo 무조정,2006-05-16,1.3913891620811014,1.3781643807859059,0.9595938974749973
009540,현대중공업,Yahoo 무조정,2006-05-17,1.3913865252721147,1.3982897237817538,-0.49368871073220966
009540,현대중공업,Yahoo 무조정,2006-05-22,1.43354670363076,1.3574743019957523,5.603966242540759
009540,현대중공업,Yahoo 무조정,2006-05-24,1.3914002852416463,1.395597948666739,-0.30077884745408623
009540,현대중공업,Yahoo 무조정,2006-05-25,1.3913895695116494,1.394274287697833,-0.20689746713659085
009540,현대중공업,Yahoo 무조정,2006-06-01,1.3913937449820597,1.3899623675650639,0.10297958062730483
009540,현대중공업,Yahoo 무조정,2006-06-07,1.3913924405929834,1.3981586116430422,-0.4839344401782575
009540,현대중공업,Yahoo 무조정,2006-06-12,1.3913786479201682,1.3914135438708704,-0.0025079496211555252
009540,현대중공업,Yahoo 무조정,2006-06-15,1.3913924405929834,1.411661212331951,-1.4358099210989295
009540,현대중공업,Yahoo 무조정,2006-06-20,1.391400268922737,1.4045240630410223,-0.9343943947724309
009540,현대중공업,Yahoo 무조정,2006-06-21,1.3913977051600348,1.3849673498077861,0.4642965303941038
009540,현대중공업,Yahoo 무조정,2006-06-30,1.3913924405929834,1.3979638374790817,-0.4700691612987917
009540,현대중공업,Yahoo 무조정,2006-07-25,1.3913911229956497,1.3974250243210566,-0.4317871242028537
009540,현대중공업,Yahoo 무조정,2006-07-28,1.391393816622211,1.4035007688588943,-0.8626252657151556
009540,현대중공업,Yahoo 무조정,2006-08-02,1.3913915841273756,1.3787510586069847,0.9168098505876854
009540,현대중공업,Yahoo 무조정,2006-08-10,1.391393816622211,1.385226601286507,0.4452134639903793
009540,현대중공업,Yahoo 무조정,2006-08-18,1.3913958809793676,1.385567813105761,0.4206266787146973
009540,현대중공업,Yahoo 무조정,2006-08-25,1.3913909776342277,1.3854754520348058,0.4269671895473781
009540,현대중공업,Yahoo 무조정,2006-08-28,1.3913858051061156,1.3914142153650157,-0.0020418261209576016
009540,현대중공업,Yahoo 무조정,2006-08-29,1.3913932797623338,1.3972549375697552,-0.41951240606217244
009540,현대중공업,Yahoo 무조정,2006-09-01,1.3913830881081453,1.3914086984072243,-0.0018406021974892717
009540,현대중공업,Yahoo 무조정,2006-09-06,1.3913907001321058,1.3855330706341236,0.42277081811561423
009540,현대중공업,Yahoo 무조정,2006-09-08,1.3913884525899445,1.3797113795913147,0.8463417183736333
009540,현대중공업,Yahoo 무조정,2006-09-20,1.3913909776342277,1.4031506536411698,-0.8380907621306166
009540,현대중공업,Yahoo 무조정,2006-09-21,1.3913985040553087,1.3972009097955593,-0.41528785871600693
009540,현대중공업,Yahoo 무조정,2006-10-02,1.3913965370326613,1.39652298870296,-0.36708680857877596
009540,현대중공업,Yahoo 무조정,2006-10-04,1.3913965370326613,1.3863454496102086,0.3643455117101624
009540,현대중공업,Yahoo 무조정,2006-10-09,1.3913939106706552,1.4016361060415767,-0.7307314164335388
009540,현대중공업,Yahoo 무조정,2006-10-19,1.391384969119571,1.3914092888846994,-0.001747851284494839
009540,현대중공업,Yahoo 무조정,2006-10-31,1.391384969119571,1.3914092888846994,-0.001747851284494839
009540,현대중공업,Yahoo 무조정,2006-11-29,1.3913897194800269,1.401528601867034,-0.7234160168761994
009540,현대중공업,Yahoo 무조정,2006-12-01,1.3913942138053221,1.3965542457659343,-0.36948310287669983
009540,현대중공업,Yahoo 무조정,2006-12-07,1.391400330753528,1.4027588067605428,-0.8097240917164794
009540,현대중공업,Yahoo 무조정,2006-12-08,1.3913830881081453,1.3972278106541465,-0.418308489240915
009540,현대중공업,Yahoo 무조정,2006-12-15,1.3913924881292252,1.3698229761859153,1.574620393896975
009540,현대중공업,Yahoo 무조정,2006-12-28,1.3913950637152126,1.3859004217046402,0.3964673020168341
009540,현대중공업,Yahoo 무조정,2007-01-02,1.391387656228509,1.4026260173742529,-0.8012371798708173
009540,현대중공업,Yahoo 무조정,2007-01-03,1.3913878557164017,1.3858221702605207,0.4016161362777604
009540,현대중공업,Yahoo 무조정,2007-01-10,1.3913903109628587,1.374703571539345,1.2138427344615454
009540,현대중공업,Yahoo 무조정,2007-01-11,1.3913950637152126,1.3859384967492572,0.3937091709880214
009540,현대중공업,Yahoo 무조정,2007-01-16,1.3913971418794335,1.3861088060746072,0.3815238588522174
009540,현대중공업,Yahoo 무조정,2007-01-23,1.3913896187872754,1.3963895487017368,-0.35806125297270786
009540,현대중공업,Yahoo 무조정,2007-01-31,1.3914005002421435,1.3862854916527338,0.368972236974896
009540,현대중공업,Yahoo 무조정,2007-02-09,1.3914009104257647,1.39599478254798,-0.3290751641514267
009540,현대중공업,Yahoo 무조정,2007-02-15,1.3913920276279055,1.3870087666337776,0.3160225875692202
009540,현대중공업,Yahoo 무조정,2007-02-16,1.3913980232477383,1.3869484651838668,0.3208163948097198
009540,현대중공업,Yahoo 무조정,2007-02-21,1.3914023005135583,1.395970575999003,-0.327247261796737
009540,현대중공업,Yahoo 무조정,2007-02-23,1.3913862471425884,1.3956081689067694,-0.3025148360580432
009540,현대중공업,Yahoo 무조정,2007-02-28,1.3913980232477383,1.3870975294800014,0.3100354283918971
009540,현대중공업,Yahoo 무조정,2007-03-05,1.3913996617733595,1.3868407428221599,0.32872692663488134
009540,현대중공업,Yahoo 무조정,2007-03-20,1.3913985600211958,1.3872261601515412,0.3007728652694164
009540,현대중공업,Yahoo 무조정,2007-04-05,1.3913971520987594,1.374053030811685,1.2622599636368248
009540,현대중공업,Yahoo 무조정,2007-04-19,1.3913998759457855,1.3982602339612187,-0.49063528010075963
009540,현대중공업,Yahoo 무조정,2007-06-22,1.3913977682736751,1.3914071356015694,-0.0006732269552611747
009540,현대중공업,Yahoo 무조정,2007-07-27,1.3913976738238913,1.3914077175908017,-0.0007218421159693733
009540,현대중공업,Yahoo 무조정,2007-09-20,1.3913987043647134,1.391406406516664,-0.0005535515658516843
009540,현대중공업,Yahoo 무조정,2007-11-12,1.391399464445015,1.3914058192296643,-0.0004567168371383268
009540,현대중공업,Yahoo 무조정,2007-11-16,1.2212496053726718,1.3854819698335905,-11.853807414083095
009540,현대중공업,Yahoo 무조정,2007-11-29,1.3913997094186283,1.3914068896486456,-0.0005160409992654991
009540,현대중공업,Yahoo 무조정,2008-01-10,1.3913972010410711,1.391405728763333,-0.0006128853781151022
009540,현대중공업,Yahoo 무조정,2008-02-25,1.3913965349768154,1.3914054100870232,-0.0006378522135586095
009540,현대중공업,Yahoo 무조정,2008-03-14,1.391397071321214,1.3914080172017114,-0.0007866765436181922
009540,현대중공업,Yahoo 무조정,2008-04-18,1.3913958466365564,1.3914051478519462,-0.0006684764250142194
009540,현대중공업,Yahoo 무조정,2008-05-13,1.3913938319070207,1.391402584503031,-0.0006290484226290083
009540,현대중공업,Yahoo 무조정,2008-05-19,1.3913967868390926,1.3914059201245061,-0.0006564069680470297
009540,현대중공업,Yahoo 무조정,2008-05-27,1.3913958466365564,1.391405699787184,-0.0007081436154243725
009540,현대중공업,Yahoo 무조정,2008-05-30,1.3913967868390926,1.39140503931255,-0.0005931036056616712
009540,현대중공업,Yahoo 무조정,2008-06-09,1.3913944468057031,1.3914032284967848,-0.0006311391911317799
009540,현대중공업,Yahoo 무조정,2008-07-16,1.3913962359788483,1.3914062304871497,-0.0007183026841772744
009540,현대중공업,Yahoo 무조정,2008-09-05,1.3913956908273577,1.3977299985150946,-0.453185357291197
009540,현대중공업,Yahoo 무조정,2008-10-17,1.3913933444103828,1.3998648284244102,-0.6051644303087689
009540,현대중공업,Yahoo 무조정,2008-10-20,1.3913913730176761,1.3914112336797324,-0.0014273754283089524
009540,현대중공업,Yahoo 무조정,2008-10-31,1.3913980232477383,1.4256525631090096,-2.402727056202969
009540,현대중공업,Yahoo 무조정,2008-12-12,1.3913985273744278,1.3983955334900453,-0.5003595869728428
009540,현대중공업,Yahoo 무조정,2008-12-16,1.3913933470420712,1.3914078356713067,-0.0010412927729741561
009540,현대중공업,Yahoo 무조정,2009-01-09,1.3913951722381692,1.3914097771024574,-0.0010496450814523328
009540,현대중공업,Yahoo 무조정,2009-01-16,1.3913976482936827,1.3842719266873853,0.5147631378575657
009540,현대중공업,Yahoo 무조정,2009-01-19,1.3913914464974328,1.3914080503359725,-0.0011933119501206235
009540,현대중공업,Yahoo 무조정,2009-01-30,1.3913946171246332,1.387933666156802,0.24935996958805884
009540,현대중공업,Yahoo 무조정,2009-02-13,1.3913970996353286,1.3822120901934245,0.664515200458049
009540,현대중공업,Yahoo 무조정,2009-03-13,1.3914011427386905,1.3950873961989299,-0.2642310059056463
009540,현대중공업,Yahoo 무조정,2009-03-20,1.391397905957905,1.3877997481130957,0.2592706800603972
009540,현대중공업,Yahoo 무조정,2009-03-23,1.3913962146329202,1.4122803254466636,-1.47875109760085
009540,현대중공업,Yahoo 무조정,2009-04-01,1.3913914464974328,1.3914080503359725,-0.0011933119501206235
009540,현대중공업,Yahoo 무조정,2009-05-28,1.3913933470420712,1.391407791903887,-0.0010381472563159022
009540,현대중공업,Yahoo 무조정,2009-07-14,1.3913906101726319,1.3914078574468471,-0.001239555614329646
009540,현대중공업,Yahoo 무조정,2009-12-22,1.3913881021493772,1.39140837712928,-0.0014571552274689203
009540,현대중공업,Yahoo 무조정,2010-01-07,1.3913907913444996,1.3914074154488878,-0.0011947689945834838
009540,현대중공업,Yahoo 무조정,2010-04-02,1.3913933746867482,1.3914066489287489,-0.0009540159960352845
009540,현대중공업,Yahoo 무조정,2010-04-26,1.3913948286117492,1.3914077824551419,-0.0009309882807895242
009540,현대중공업,Yahoo 무조정,2010-06-14,1.3913927964851958,1.391407791903887,-0.0010777155898145097
009540,현대중공업,Yahoo 무조정,2010-07-28,1.3913938234308152,1.3914065746844568,-0.0009164290203589331
009540,현대중공업,Yahoo 무조정,2010-08-26,1.3913934375689945,1.3914077824551419,-0.001030962046366657
009540,현대중공업,Yahoo 무조정,2010-08-30,1.3913943071623585,1.3914065746844568,-0.0008816633701114185
009540,현대중공업,Yahoo 무조정,2010-09-01,1.3913943071623585,1.3914074113555785,-0.0009417941224887372
009540,현대중공업,Yahoo 무조정,2011-01-31,1.391398068960623,1.3914058192296643,-0.0005570099631868608
009540,현대중공업,Yahoo 무조정,2011-03-11,1.3913981134482403,1.391405235273949,-0.0005118441075424585
009540,현대중공업,Yahoo 무조정,2011-03-25,1.391398068960623,1.3914047129532037,-0.0004775025209347028
009540,현대중공업,Yahoo 무조정,2011-06-10,1.3913988128404522,1.3914060400343982,-0.0005194166000421774
009540,현대중공업,Yahoo 무조정,2011-07-20,1.39139858726187,1.3914060900342236,-0.0005392223310862754
009540,현대중공업,Yahoo 무조정,2011-07-22,1.3913983546696098,1.3914062739146291,-0.0005691540398977679
009540,현대중공업,Yahoo 무조정,2011-12-07,1.3913950566140272,1.3914064976282852,-0.0008222625291431918
009540,현대중공업,Yahoo 무조정,2012-01-09,1.3913960819954059,1.3914074113555785,-0.0008142374462116742
009540,현대중공업,Yahoo 무조정,2012-02-28,1.3913978106796991,1.3914072399461583,-0.0006776784099216115
009540,현대중공업,Yahoo 무조정,2012-03-21,1.3913977051600348,1.3914074287809657,-0.0006988334782298544
009540,현대중공업,Yahoo 무조정,2012-03-28,1.39139729686864,1.3914072399461583,-0.0007146058488727292
009540,현대중공업,Yahoo 무조정,2012-04-30,1.3913941708390296,1.3914064756889357,-0.0008843461721030899
009540,현대중공업,Yahoo 무조정,2012-05-14,1.3913934375689945,1.3914067715561984,-0.0009583097823395725
009540,현대중공업,Yahoo 무조정,2012-06-19,1.3913915811441238,1.3914035849492652,-0.0008627119601589683
009540,현대중공업,Yahoo 무조정,2012-06-25,1.3913958201310825,1.3914077824551419,-0.0008597281264455248
009540,현대중공업,Yahoo 무조정,2012-07-02,1.3913934375689945,1.3914067715561984,-0.0009583097823395725
009540,현대중공업,Yahoo 무조정,2012-07-23,1.3913915841273756,1.3914058402852716,-0.0010245866075342391
009540,현대중공업,Yahoo 무조정,2012-07-24,1.39139467194481,1.3914097771024574,-0.001085600942007936
009540,현대중공업,Yahoo 무조정,2012-07-25,1.3913933470420712,1.391408756383662,-0.0011074633187391214
009540,현대중공업,Yahoo 무조정,2012-10-24,1.391395054670384,1.391408520234833,-0.0009677649844164193
009540,현대중공업,Yahoo 무조정,2012-12-26,1.3913944710883521,1.3914073683248072,-0.0009269202354889039
009540,현대중공업,Yahoo 무조정,2013-01-03,1.3913964132842962,1.3914088629567793,-0.0008947529956615519
009540,현대중공업,Yahoo 무조정,2013-04-08,1.3913914464974328,1.3914083499374137,-0.0012148439371917341
009540,현대중공업,Yahoo 무조정,2013-05-08,1.3913914464974328,1.3914074154488878,-0.0011476833656098862
009540,현대중공업,Yahoo 무조정,2013-05-23,1.391390937320035,1.3914080503359725,-0.0012299063479881411
009540,현대중공업,Yahoo 무조정,2013-06-20,1.3913901061003113,1.3914098044704972,-0.001415713050356704
009540,현대중공업,Yahoo 무조정,2013-08-12,1.39139467194481,1.3914097771024574,-0.001085600942007936
009540,현대중공업,Yahoo 무조정,2013-09-25,1.3913934375689945,1.3914053308422585,-0.0008547669755443188
009540,현대중공업,Yahoo 무조정,2014-04-09,1.3913915841273756,1.3914097771024574,-0.0013075210036017637
009540,현대중공업,Yahoo 무조정,2014-06-09,1.3913906101726319,1.391408854767385,-0.0013112317555408204
009540,현대중공업,Yahoo 무조정,2014-06-24,1.391389139075705,1.3914078574468471,-0.0013452828401150363
009540,현대중공업,Yahoo 무조정,2014-12-01,1.3913881418210785,1.3914142153650157,-0.0018738879946300635
010140,삼성중공업,네이버 수정 전,2004-01-02,0.7224242424242424,0.7229135053110773,-0.06767931201180355
010140,삼성중공업,네이버 수정 전,2004-01-07,0.722488038277512,0.7228934817170112,-0.05608619385198965
010140,삼성중공업,네이버 수정 전,2004-01-09,0.7225505443234836,0.7230182926829268,-0.06469384857573646
010140,삼성중공업,네이버 수정 전,2004-01-13,0.7224489795918367,0.7229954614220877,-0.07558578987150177
010140,삼성중공업,네이버 수정 전,2004-01-14,0.7224924012158055,0.7228826151560178,-0.05398026346616902
010140,삼성중공업,네이버 수정 전,2004-01-15,0.7226865671641791,0.723030303030303,-0.047541004116047336
010140,삼성중공업,네이버 수정 전,2004-01-16,0.7225903614457831,0.7229135053110773,-0.04470021142504166
010140,삼성중공업,네이버 수정 전,2004-01-19,0.7225954198473282,0.7231117824773414,-0.07140841050109481
010140,삼성중공업,네이버 수정 전,2004-01-26,0.722463768115942,0.7229970326409495,-0.07375749843115953
010140,삼성중공업,네이버 수정 전,2004-01-28,0.7226331360946746,0.723030303030303,-0.05493088380442712
010140,삼성중공업,네이버 수정 전,2004-01-29,0.7226993865030675,0.7230769230769231,-0.052212504894910694
010140,삼성중공업,네이버 수정 전,2004-02-02,0.7224193548387097,0.7229534510433386,-0.07387698389961228
010140,삼성중공업,네이버 수정 전,2004-02-10,0.7223316912972085,0.7230145867098865,-0.09445112522356025
010140,삼성중공업,네이버 수정 전,2004-02-11,0.722508038585209,0.7229641693811075,-0.0630917568555378
010140,삼성중공업,네이버 수정 전,2004-02-16,0.7225806451612903,0.7229422066549912,-0.05001250312578476
010140,삼성중공업,네이버 수정 전,2004-02-19,0.7226446280991735,0.7231155778894472,-0.06512787231721662
010140,삼성중공업,네이버 수정 전,2004-02-25,0.7223776223776224,0.7230357142857143,-0.09101789788379389
010140,삼성중공업,네이버 수정 전,2004-02-26,0.7225806451612903,0.7230347349177331,-0.06280331144733475
010140,삼성중공업,네이버 수정 전,2004-03-02,0.7223636363636363,0.7229166666666667,-0.07649986900707395
010140,삼성중공업,네이버 수정 전,2004-03-03,0.7224561403508772,0.7229824561403508,-0.07279786459596371
010140,삼성중공업,네이버 수정 전,2004-03-04,0.7224347826086956,0.7228621291448517,-0.05911867822728789
010140,삼성중공업,네이버 수정 전,2004-03-05,0.7224738675958188,0.7230508474576272,-0.0797979649477143
010140,삼성중공업,네이버 수정 전,2004-03-10,0.7223776223776224,0.7230357142857143,-0.09101789788379389
010140,삼성중공업,네이버 수정 전,2004-03-16,0.7224137931034482,0.7231067961165049,-0.09583688284752201
010140,삼성중공업,네이버 수정 전,2004-03-17,0.7224334600760456,0.7229681978798587,-0.07396422213055143
010140,삼성중공업,네이버 수정 전,2004-03-18,0.7223958333333333,0.7228828828828829,-0.06737599700897823
010140,삼성중공업,네이버 수정 전,2004-03-19,0.7224598930481283,0.7229802513464991,-0.07197406808854279
010140,삼성중공업,네이버 수정 전,2004-03-29,0.7225325884543762,0.7229357798165138,-0.0557713940012694
010140,삼성중공업,네이버 수정 전,2004-04-01,0.7225092250922509,0.7229681978798587,-0.06348450581280529
010140,삼성중공업,네이버 수정 전,2004-04-06,0.7225423728813559,0.7229166666666667,-0.05177550920725249
010140,삼성중공업,네이버 수정 전,2004-04-08,0.7225255972696246,0.7229965156794426,-0.06513425716517807
010140,삼성중공업,네이버 수정 전,2004-04-09,0.7223591549295775,0.7229802513464991,-0.08590779841702867
010140,삼성중공업,네이버 수정 전,2004-04-13,0.7225,0.7229357798165138,-0.06027918781725816
010140,삼성중공업,네이버 수정 전,2004-04-19,0.7225325884543762,0.7229205175600739,-0.053661377188052306
010140,삼성중공업,네이버 수정 전,2004-04-20,0.7225454545454545,0.7230769230769231,-0.07350096711798981
010140,삼성중공업,네이버 수정 전,2004-04-21,0.7225225225225225,0.7229276895943563,-0.05604531098555299
010140,삼성중공업,네이버 수정 전,2004-04-22,0.7223198594024605,0.7230633802816901,-0.10282928156865045
010140,삼성중공업,네이버 수정 전,2004-04-23,0.7222996515679443,0.7230357142857143,-0.10180170954586787
010140,삼성중공업,네이버 수정 전,2004-04-26,0.7224014336917562,0.7229129662522202,-0.07075990946958655
010140,삼성중공업,네이버 수정 전,2004-04-30,0.7222868217054264,0.7230326295585413,-0.10314995791688153
010140,삼성중공업,네이버 수정 전,2004-05-03,0.7225,0.7230174081237911,-0.07156233279828061
010140,삼성중공업,네이버 수정 전,2004-05-07,0.7223790322580645,0.7230150753768845,-0.08797093456016647
010140,삼성중공업,네이버 수정 전,2004-05-10,0.7222448979591837,0.7228448275862069,-0.08299563116839215
010140,삼성중공업,네이버 수정 전,2004-05-11,0.7225382932166302,0.7230283911671924,-0.06778405337182214
010140,삼성중공업,네이버 수정 전,2004-05-12,0.7224066390041494,0.722901554404145,-0.06846235106018339
010140,삼성중공업,네이버 수정 전,2004-05-13,0.7222916666666667,0.7228070175438597,-0.07129854368932431
010140,삼성중공업,네이버 수정 전,2004-05-18,0.7223697650663943,0.7228628230616302,-0.06820906809781313
010140,삼성중공업,네이버 수정 전,2004-05-19,0.7223968565815324,0.723015873015873,-0.08561588444228052
010140,삼성중공업,네이버 수정 전,2004-05-21,0.7224365482233502,0.7230769230769231,-0.08856247974943221
010140,삼성중공업,네이버 수정 전,2004-05-24,0.7224,0.7229229229229229,-0.0723345333702552
010140,삼성중공업,네이버 수정 전,2004-05-31,0.722465208747515,0.7229229229229229,-0.06331438122854083
010140,삼성중공업,네이버 수정 전,2004-06-02,0.7225099601593625,0.7230174081237911,-0.07018475056436158
010140,삼성중공업,네이버 수정 전,2004-06-03,0.7223282442748091,0.7231067961165049,-0.10766761505727196
010140,삼성중공업,네이버 수정 전,2004-06-04,0.7223709369024857,0.7228846153846153,-0.07105953995941716
010140,삼성중공업,네이버 수정 전,2004-06-07,0.7222648752399232,0.7228136882129278,-0.07592730768027911
010140,삼성중공업,네이버 수정 전,2004-06-09,0.7224528301886792,0.722972972972973,-0.07194498324811782
010140,삼성중공업,네이버 수정 전,2004-06-10,0.7222222222222222,0.7229571984435798,-0.10166248056452387
010140,삼성중공업,네이버 수정 전,2004-06-11,0.7225242718446602,0.7229674796747968,-0.06130397875379057
010140,삼성중공업,네이버 수정 전,2004-06-14,0.7224742268041238,0.7229787234042553,-0.06978028312589757
010140,삼성중공업,네이버 수정 전,2004-06-16,0.7224948875255623,0.7230019493177388,-0.07013283887475907
010140,삼성중공업,네이버 수정 전,2004-06-18,0.7223062381852552,0.7229007633587786,-0.08224160267324976
010140,삼성중공업,네이버 수정 전,2004-06-23,0.7224299065420561,0.7229411764705882,-0.07072082005733504
010140,삼성중공업,네이버 수정 전,2004-06-24,0.7224371373307543,0.7230019493177388,-0.07812039615071598
010140,삼성중공업,네이버 수정 전,2004-06-25,0.7223529411764706,0.7229601518026565,-0.08398950131232041
010140,삼성중공업,네이버 수정 전,2004-06-28,0.7223709369024857,0.7229571984435798,-0.081092150732609
010140,삼성중공업,네이버 수정 전,2004-06-29,0.7223735408560311,0.7230326295585413,-0.09115614919240622
010140,삼성중공업,네이버 수정 전,2004-06-30,0.7222857142857143,0.722972972972973,-0.09506008010681244
010140,삼성중공업,네이버 수정 전,2004-07-01,0.7225621414913957,0.7230202578268876,-0.06336147992156427
010140,삼성중공업,네이버 수정 전,2004-07-02,0.7226591760299625,0.7230912476722533,-0.0597534050760018
010140,삼성중공업,네이버 수정 전,2004-07-07,0.7224334600760456,0.7231182795698925,-0.09470366234611838
010140,삼성중공업,네이버 수정 전,2004-07-09,0.7224264705882353,0.7229129662522202,-0.06729657464951133
010140,삼성중공업,네이버 수정 전,2004-07-12,0.7224561403508772,0.7230088495575221,-0.07644570422382646
010140,삼성중공업,네이버 수정 전,2004-07-19,0.7225925925925926,0.7230347349177331,-0.061150910708429596
010140,삼성중공업,네이버 수정 전,2004-07-26,0.7222857142857143,0.7228733459357278,-0.08129109384339417
010140,삼성중공업,네이버 수정 전,2004-07-28,0.7224677716390424,0.7231182795698925,-0.08995871757481178
010140,삼성중공업,네이버 수정 전,2004-08-02,0.7222222222222222,0.722972972972973,-0.10384215991693369
010140,삼성중공업,네이버 수정 전,2004-08-03,0.7222648752399232,0.7229885057471265,-0.10008879829361828
010140,삼성중공업,네이버 수정 전,2004-08-04,0.7223735408560311,0.7230314960629921,-0.0909995222260207
010140,삼성중공업,네이버 수정 전,2004-08-05,0.7225242718446602,0.7229323308270676,-0.056444976245650924
010140,삼성중공업,네이버 수정 전,2004-08-06,0.7222648752399232,0.7228682170542635,-0.08346498021436499
010140,삼성중공업,네이버 수정 전,2004-08-13,0.7223506743737957,0.722972972972973,-0.08607494642826063
010140,삼성중공업,네이버 수정 전,2004-08-16,0.7223735408560311,0.7229862475442044,-0.08474665877179488
010140,삼성중공업,네이버 수정 전,2004-08-17,0.7222222222222222,0.722970297029703,-0.10347241242886218
010140,삼성중공업,네이버 수정 전,2004-08-18,0.7223762376237624,0.7230150753768845,-0.0883574595991865
010140,삼성중공업,네이버 수정 전,2004-08-19,0.7226,0.7231225296442688,-0.07226018037715942
010140,삼성중공업,네이버 수정 전,2004-08-20,0.7224852071005917,0.7229083665338646,-0.058535694544770145
010140,삼성중공업,네이버 수정 전,2004-08-23,0.7222879684418146,0.7231225296442688,-0.11541075934458078
010140,삼성중공업,네이버 수정 전,2004-08-24,0.7225296442687748,0.7230174081237911,-0.0674622560308924
010140,삼성중공업,네이버 수정 전,2004-08-25,0.7223506743737957,0.7230174081237911,-0.09221544910316126
010140,삼성중공업,네이버 수정 전,2004-08-26,0.7223506743737957,0.7229571984435798,-0.08389487940499984
010140,삼성중공업,네이버 수정 전,2004-08-27,0.722265625,0.7229862475442044,-0.09967306385869623
010140,삼성중공업,네이버 수정 전,2004-08-30,0.7223529411764706,0.7230314960629921,-0.09384859307185467
010140,삼성중공업,네이버 수정 전,2004-08-31,0.7224409448818898,0.722879684418146,-0.0606933001041976
010140,삼성중공업,네이버 수정 전,2004-09-01,0.7224409448818898,0.723046875,-0.08380232859870329
010140,삼성중공업,네이버 수정 전,2004-09-02,0.722265625,0.7229862475442044,-0.09967306385869623
010140,삼성중공업,네이버 수정 전,2004-09-07,0.722465208747515,0.7231225296442688,-0.09090034811627401
010140,삼성중공업,네이버 수정 전,2004-09-08,0.7224409448818898,0.723046875,-0.08380232859870329
010140,삼성중공업,네이버 수정 전,2004-09-09,0.7224371373307543,0.723046875,-0.08432892670280356
010140,삼성중공업,네이버 수정 전,2004-09-10,0.7222222222222222,0.7230019493177388,-0.10784578053383287
010140,삼성중공업,네이버 수정 전,2004-09-13,0.7222437137330754,0.723121387283237,-0.12137292100556918
010140,삼성중공업,네이버 수정 전,2004-09-14,0.7224137931034482,0.7229007633587786,-0.06736336161381473
010140,삼성중공업,네이버 수정 전,2004-09-15,0.7222648752399232,0.7229007633587786,-0.08796340398105063
010140,삼성중공업,네이버 수정 전,2004-09-17,0.7222011385199241,0.7228733459357278,-0.092991036338963
010140,삼성중공업,네이버 수정 전,2004-09-22,0.7224719101123596,0.7229411764705882,-0.06491072489737126
010140,삼성중공업,네이버 수정 전,2004-09-23,0.7223529411764706,0.7229885057471265,-0.08790797718133403
010140,삼성중공업,네이버 수정 전,2004-09-30,0.7224264705882353,0.7230357142857143,-0.08426190925865384
010140,삼성중공업,네이버 수정 전,2004-10-01,0.7223008849557522,0.7230088495575221,-0.09791921664626946
010140,삼성중공업,네이버 수정 전,2004-10-06,0.7223570190641248,0.7228621291448517,-0.06987640662881045
010140,삼성중공업,네이버 수정 전,2004-10-07,0.7223776223776224,0.7229656419529837,-0.08133437348044614
010140,삼성중공업,네이버 수정 전,2004-10-11,0.7225969645868465,0.723125,-0.07302131901862907
010140,삼성중공업,네이버 수정 전,2004-10-12,0.7225,0.723152709359606,-0.09025885558583413
010140,삼성중공업,네이버 수정 전,2004-10-15,0.7226666666666667,0.7230514096185738,-0.05321100917431432
010140,삼성중공업,네이버 수정 전,2004-10-18,0.7224793388429752,0.7230016313213703,-0.07223946057224317
010140,삼성중공업,네이버 수정 전,2004-10-19,0.722508038585209,0.7230392156862745,-0.07346449397788168
010140,삼성중공업,네이버 수정 전,2004-10-21,0.7224315068493151,0.7229824561403508,-0.07620507058732073
010140,삼성중공업,네이버 수정 전,2004-10-25,0.7225130890052356,0.7229276895943563,-0.05735021567002674
010140,삼성중공업,네이버 수정 전,2004-11-01,0.7226072607260726,0.7230392156862745,-0.05974156737706959
010140,삼성중공업,네이버 수정 전,2004-11-02,0.7223662884927067,0.723089430894309,-0.10000732560949688
010140,삼성중공업,네이버 수정 전,2004-11-03,0.7223300970873786,0.7229773462783171,-0.08952551477170445
010140,삼성중공업,네이버 수정 전,2004-11-08,0.7226771653543307,0.7230514096185738,-0.051759011774910046
010140,삼성중공업,네이버 수정 전,2004-11-09,0.7225538971807629,0.7230263157894737,-0.0653390614413496
010140,삼성중공업,네이버 수정 전,2004-11-10,0.7226446280991735,0.7230508474576272,-0.056181298989133044
010140,삼성중공업,네이버 수정 전,2004-11-18,0.7223752151462994,0.7229802513464991,-0.08368640762632662
010140,삼성중공업,네이버 수정 전,2004-11-19,0.7224416517055655,0.7229129662522202,-0.06519658225223601
010140,삼성중공업,네이버 수정 전,2004-11-22,0.7224820143884892,0.7230357142857143,-0.07657988205632682
010140,삼성중공업,네이버 수정 전,2004-11-23,0.7223008849557522,0.7229422066549912,-0.08870995403718052
010140,삼성중공업,네이버 수정 전,2004-11-29,0.7224137931034482,0.7229166666666667,-0.0695617609063004
010140,삼성중공업,네이버 수정 전,2004-12-02,0.7226446280991735,0.7229865771812081,-0.047296740053981434
010140,삼성중공업,네이버 수정 전,2004-12-06,0.7224793388429752,0.7230642504118616,-0.08089344322489422
010140,삼성중공업,네이버 수정 전,2004-12-07,0.7223316912972085,0.7229641693811075,-0.08748401520927152
010140,삼성중공업,네이버 수정 전,2004-12-08,0.7223491027732464,0.7229534510433386,-0.08359435441107621
010140,삼성중공업,네이버 수정 전,2004-12-09,0.72256,0.723152709359606,-0.08196185286104551
010140,삼성중공업,네이버 수정 전,2004-12-10,0.7226229508196721,0.7229865771812081,-0.05029503631363008
010140,삼성중공업,네이버 수정 전,2004-12-13,0.7224455611390285,0.7228434504792333,-0.055045022534405685
010140,삼성중공업,네이버 수정 전,2004-12-14,0.7223809523809523,0.7228434504792333,-0.06398316232570922
010140,삼성중공업,네이버 수정 전,2004-12-16,0.7223809523809523,0.72304,-0.09114953792980218
010140,삼성중공업,네이버 수정 전,2004-12-17,0.7223809523809523,0.7228434504792333,-0.06398316232570922
010140,삼성중공업,네이버 수정 전,2004-12-20,0.7225239616613418,0.7228934817170112,-0.05111680558962384
010140,삼성중공업,네이버 수정 전,2004-12-23,0.7224683544303797,0.7228295819935692,-0.049974097932348194
010140,삼성중공업,네이버 수정 전,2004-12-24,0.7225806451612903,0.7229641693811075,-0.05304885581612906
010140,삼성중공업,네이버 수정 전,2004-12-28,0.7224455611390285,0.7230769230769231,-0.08731601268755496
010140,삼성중공업,네이버 수정 전,2004-12-29,0.7226016260162602,0.7229813664596273,-0.05252423658256289
010140,삼성중공업,네이버 수정 전,2005-01-04,0.7225,0.7228310502283105,-0.045799115603284424
010140,삼성중공업,네이버 수정 전,2005-01-06,0.7224011713030747,0.7229970326409495,-0.082415461056351
010140,삼성중공업,네이버 수정 전,2005-01-10,0.7225806451612903,0.7229749631811487,-0.05454103391401288
010140,삼성중공업,네이버 수정 전,2005-01-14,0.7224060150375939,0.7229709035222052,-0.07813433180494656
010140,삼성중공업,네이버 수정 전,2005-01-17,0.7225954198473282,0.7230538922155688,-0.06340777266764519
010140,삼성중공업,네이버 수정 전,2005-01-19,0.7226878612716763,0.7229916897506925,-0.042023785794964574
010140,삼성중공업,네이버 수정 전,2005-01-21,0.7224089635854342,0.7229598893499308,-0.07620419508916898
010140,삼성중공업,네이버 수정 전,2005-01-25,0.7224657534246576,0.7229080932784636,-0.061188947518897585
010140,삼성중공업,네이버 수정 전,2005-01-26,0.7226206896551725,0.7229139072847682,-0.04056051856812237
010140,삼성중공업,네이버 수정 전,2005-01-27,0.7225806451612903,0.7230065359477125,-0.058905523705110596
010140,삼성중공업,네이버 수정 전,2005-01-28,0.722509702457956,0.722879177377892,-0.05111157320594195
010140,삼성중공업,네이버 수정 전,2005-01-31,0.7226390685640363,0.7229765013054831,-0.04667271216111102
010140,삼성중공업,네이버 수정 전,2005-02-01,0.7224967490247074,0.7228533685601057,-0.04933497593138103
010140,삼성중공업,네이버 수정 전,2005-02-02,0.7226364846870839,0.7230235783633842,-0.05353818158689849
010140,삼성중공업,네이버 수정 전,2005-02-03,0.7224795640326975,0.7229485396383867,-0.06486984618901959
010140,삼성중공업,네이버 수정 전,2005-02-04,0.7225584594222834,0.722987012987013,-0.059275416713089335
010140,삼성중공업,네이버 수정 전,2005-02-07,0.7225388601036269,0.722987012987013,-0.061986297863714235
010140,삼성중공업,네이버 수정 전,2005-02-16,0.7225888324873097,0.7229677419354839,-0.052410284193293855
010140,삼성중공업,네이버 수정 전,2005-02-17,0.7224383916990921,0.7230271668822769,-0.08143195859757757
010140,삼성중공업,네이버 수정 전,2005-02-18,0.7225641025641025,0.723037323037323,-0.06544896897335839
010140,삼성중공업,네이버 수정 전,2005-02-21,0.7225765306122449,0.7229447852760736,-0.050938145115475564
010140,삼성중공업,네이버 수정 전,2005-02-22,0.7225060827250608,0.7229677419354839,-0.06385612851649292
010140,삼성중공업,네이버 수정 전,2005-02-23,0.722680412371134,0.7229960578186596,-0.04365797629353185
010140,삼성중공업,네이버 수정 전,2005-02-28,0.7225647348951911,0.7229629629629629,-0.055082775767612
010140,삼성중공업,네이버 수정 전,2005-03-07,0.7227472527472527,0.723010752688172,-0.03644481633774399
010140,삼성중공업,네이버 수정 전,2005-03-10,0.7227417640807652,0.722970297029703,-0.03161028189908599
010140,삼성중공업,네이버 수정 전,2005-03-15,0.7227184466019417,0.7230366492146597,-0.04400919553159133
010140,삼성중공업,네이버 수정 전,2005-03-17,0.7226881720430107,0.7229759299781182,-0.03980186935355068
010140,삼성중공업,네이버 수정 전,2005-03-18,0.7227777777777777,0.7230167597765363,-0.033053452154063745
010140,삼성중공업,네이버 수정 전,2005-03-21,0.7227932960893855,0.7231026785714286,-0.042785415019397366
010140,삼성중공업,네이버 수정 전,2005-03-23,0.7226495726495726,0.7230434782608696,-0.054478827780091166
010140,삼성중공업,네이버 수정 전,2005-03-25,0.7226757369614513,0.7230680507497117,-0.05425682795051623
010140,삼성중공업,네이버 수정 전,2005-03-28,0.7226285714285714,0.7230021598272138,-0.05167182332231901
010140,삼성중공업,네이버 수정 전,2005-03-29,0.7226737967914438,0.7229759299781182,-0.041790213774273166
010140,삼성중공업,네이버 수정 전,2005-03-30,0.7226666666666667,0.7229834254143647,-0.04381272606857056
010140,삼성중공업,네이버 수정 전,2005-03-31,0.7226881720430107,0.7230434782608696,-0.04914036687163614
010140,삼성중공업,네이버 수정 전,2005-04-01,0.722722283205269,0.7229473684210527,-0.031134384827391504
010140,삼성중공업,네이버 수정 전,2005-04-04,0.7227368421052631,0.7229491173416407,-0.029362403423094374
010140,삼성중공업,네이버 수정 전,2005-04-06,0.7225409836065574,0.7230532786885245,-0.07085163667279737
010140,삼성중공업,네이버 수정 전,2005-04-07,0.7226434426229508,0.7230366492146597,-0.05438266402346681
010140,삼성중공업,네이버 수정 전,2005-04-13,0.7228051391862955,0.7230443974630021,-0.03309039908836464
010140,삼성중공업,네이버 수정 전,2005-04-15,0.7225877192982456,0.7229418221734358,-0.0489808258879898
010140,삼성중공업,네이버 수정 전,2005-04-18,0.7226711560044894,0.7229714285714286,-0.041533116672753945
010140,삼성중공업,네이버 수정 전,2005-04-25,0.7226285714285714,0.7230414746543778,-0.05710643722115494
010140,삼성중공업,네이버 수정 전,2005-05-04,0.7226533166458072,0.722972972972973,-0.044214146187415704
010140,삼성중공업,네이버 수정 전,2005-05-06,0.7225766871165644,0.7230392156862745,-0.06397005303109271
010140,삼성중공업,네이버 수정 전,2005-05-17,0.7226666666666667,0.7229711141678129,-0.04211060375443054
010140,삼성중공업,네이버 수정 전,2005-05-19,0.7225974025974026,0.7229274611398964,-0.04565583135731632
010140,삼성중공업,네이버 수정 전,2005-05-20,0.7225725094577553,0.722879177377892,-0.04242312266471426
010140,삼성중공업,네이버 수정 전,2005-05-24,0.7226533166458072,0.722991347342398,-0.04675445948741919
010140,삼성중공업,네이버 수정 전,2005-05-25,0.7225214198286414,0.7229813664596273,-0.0636180477566417
010140,삼성중공업,네이버 수정 전,2005-05-26,0.7227552275522755,0.7230099502487563,-0.0352308701136228
010140,삼성중공업,네이버 수정 전,2005-05-27,0.7225925925925926,0.7228782287822878,-0.03951373527688595
010140,삼성중공업,네이버 수정 전,2005-05-31,0.7226890756302521,0.722995283018868,-0.04235261222415021
010140,삼성중공업,네이버 수정 전,2005-06-01,0.7227380952380953,0.722995283018868,-0.035572539242412216
010140,삼성중공업,네이버 수정 전,2005-06-07,0.7226096737907761,0.722967032967033,-0.04942952582365212
010140,삼성중공업,네이버 수정 전,2005-06-08,0.7227173913043479,0.723010752688172,-0.040574968315953974
010140,삼성중공업,네이버 수정 전,2005-06-10,0.7226239669421488,0.7229773462783171,-0.04887834148433745
010140,삼성중공업,네이버 수정 전,2005-06-13,0.7227322404371584,0.7229580573951435,-0.031235139531982092
010140,삼성중공업,네이버 수정 전,2005-06-15,0.7227163461538462,0.7229857819905213,-0.03726710032019298
010140,삼성중공업,네이버 수정 전,2005-06-16,0.7227008149010478,0.7229378531073446,-0.032788185772536504
010140,삼성중공업,네이버 수정 전,2005-06-21,0.7227586206896551,0.7230224321133412,-0.03648730827270352
010140,삼성중공업,네이버 수정 전,2005-06-22,0.7227058823529412,0.7230057803468208,-0.04147933557817618
010140,삼성중공업,네이버 수정 전,2005-06-23,0.7226066897347174,0.7229654403567447,-0.04962209837447995
010140,삼성중공업,네이버 수정 전,2005-06-24,0.7226096737907761,0.7229284903518729,-0.04410070502846031
010140,삼성중공업,네이버 수정 전,2005-06-27,0.7227324913892078,0.722972972972973,-0.033262873268458115
010140,삼성중공업,네이버 수정 전,2005-07-01,0.7226595744680852,0.7230021598272138,-0.04738372554938808
010140,삼성중공업,네이버 수정 전,2005-07-04,0.7228448275862069,0.7230687830687831,-0.03097291541555025
010140,삼성중공업,네이버 수정 전,2005-07-05,0.7227032734952481,0.7230021598272138,-0.04133961813297393
010140,삼성중공업,네이버 수정 전,2005-07-06,0.7226737967914438,0.7229860365198711,-0.04318751852114833
010140,삼성중공업,네이버 수정 전,2005-07-07,0.7225945945945946,0.7229338842975207,-0.04693232815553561
010140,삼성중공업,네이버 수정 전,2005-07-08,0.7226239669421488,0.7229423868312758,-0.044044988221347836
010140,삼성중공업,네이버 수정 전,2005-07-11,0.7226262626262626,0.722974358974359,-0.0481478137883351
010140,삼성중공업,네이버 수정 전,2005-07-12,0.7227135678391959,0.7229850746268657,-0.03755358128380015
010140,삼성중공업,네이버 수정 전,2005-07-13,0.7227,0.7230243902439024,-0.044865740116040165
010140,삼성중공업,네이버 수정 전,2005-07-15,0.7227678571428572,0.723,-0.032108278996234585
010140,삼성중공업,네이버 수정 전,2005-07-19,0.7226851851851852,0.723030303030303,-0.047732141194001265
010140,삼성중공업,네이버 수정 전,2005-07-20,0.7227350427350427,0.723030303030303,-0.04083650353557955
010140,삼성중공업,네이버 수정 전,2005-07-21,0.7226609442060086,0.7230222222222222,-0.04996776103274314
010140,삼성중공업,네이버 수정 전,2005-07-22,0.7227649769585254,0.723,-0.03250664474060416
010140,삼성중공업,네이버 수정 전,2005-07-26,0.7227649769585254,0.7229955947136564,-0.03189753254614347
010140,삼성중공업,네이버 수정 전,2005-08-01,0.7227385892116183,0.7229323308270676,-0.026799412225442243
010140,삼성중공업,네이버 수정 전,2005-08-03,0.7227924528301887,0.72296875,-0.02438517153215969
010140,삼성중공업,네이버 수정 전,2005-08-04,0.7226771653543307,0.72296875,-0.04033156974895258
010140,삼성중공업,네이버 수정 전,2005-08-08,0.7226877470355731,0.7229770992366412,-0.04002231901585329
010140,삼성중공업,네이버 수정 전,2005-08-09,0.7228030303030303,0.7230324909747292,-0.031735872808369425
010140,삼성중공업,네이버 수정 전,2005-08-11,0.7228057553956835,0.722972972972973,-0.02312916022322309
010140,삼성중공업,네이버 수정 전,2005-08-16,0.7228187919463087,0.7229681978798587,-0.020665630104910182
010140,삼성중공업,네이버 수정 전,2005-08-17,0.7228057553956835,0.7229818181818182,-0.02435231173274488
010140,삼성중공업,네이버 수정 전,2005-08-19,0.7227924528301887,0.7229770992366412,-0.02553973101603324
010140,삼성중공업,네이버 수정 전,2005-08-24,0.7228358208955223,0.723011583011583,-0.024309723411142237
010140,삼성중공업,네이버 수정 전,2005-08-25,0.722734375,0.7229803921568627,-0.03402819212409147
010140,삼성중공업,네이버 수정 전,2005-08-26,0.7226459143968872,0.722992125984252,-0.04788594161982962
010140,삼성중공업,네이버 수정 전,2005-08-29,0.722741935483871,0.7229752066115702,-0.032265439473710966
010140,삼성중공업,네이버 수정 전,2005-08-31,0.722734375,0.7229657794676806,-0.03200766540443212
010140,삼성중공업,네이버 수정 전,2005-09-06,0.7228158844765343,0.7229739776951672,-0.021867069010828022
010140,삼성중공업,네이버 수정 전,2005-09-07,0.7227536231884057,0.722992700729927,-0.0330677669746815
010140,삼성중공업,네이버 수정 전,2005-09-08,0.7227436823104693,0.723003663003663,-0.03595841992192206
010140,삼성중공업,네이버 수정 전,2005-09-09,0.7227407407407408,0.723014705882353,-0.03789205660454931
010140,삼성중공업,네이버 수정 전,2005-09-12,0.722690909090909,0.723003663003663,-0.04325758343389774
010140,삼성중공업,네이버 수정 전,2005-09-13,0.7227106227106227,0.7229433962264151,-0.03219802781344594
010140,삼성중공업,네이버 수정 전,2005-09-14,0.7228352490421456,0.723014705882353,-0.024820634870537095
010140,삼성중공업,네이버 수정 전,2005-09-15,0.722730627306273,0.7229818181818182,-0.034743733414599465
010140,삼성중공업,네이버 수정 전,2005-09-21,0.722756183745583,0.7229452054794521,-0.026146066456544936
010140,삼성중공업,네이버 수정 전,2005-09-26,0.7227972027972028,0.722972972972973,-0.0243121364616683
010140,삼성중공업,네이버 수정 전,2005-09-27,0.7227333333333333,0.7230163934426229,-0.039149888143175104
010140,삼성중공업,네이버 수정 전,2005-09-28,0.7227741935483871,0.7229411764705882,-0.023097719100229064
010140,삼성중공업,네이버 수정 전,2005-09-30,0.7228104575163399,0.7229605263157894,-0.020757537097404466
010140,삼성중공업,네이버 수정 전,2005-10-04,0.7227906976744186,0.722970297029703,-0.024841871930592063
010140,삼성중공업,네이버 수정 전,2005-10-06,0.7227972027972028,0.7229452054794521,-0.02047218532296169
010140,삼성중공업,네이버 수정 전,2005-10-07,0.7228671328671329,0.7230449826989619,-0.024597339872978186
010140,삼성중공업,네이버 수정 전,2005-10-10,0.7227681660899654,0.7229830508474576,-0.029721963362805415
010140,삼성중공업,네이버 수정 전,2005-10-11,0.7227210884353742,0.722970297029703,-0.03447010137935802
010140,삼성중공업,네이버 수정 전,2005-10-13,0.7228664495114007,0.7230201342281879,-0.021255938736930435
010140,삼성중공업,네이버 수정 전,2005-10-17,0.7228474576271187,0.723010752688172,-0.022585426350330007
010140,삼성중공업,네이버 수정 전,2005-10-18,0.7228158844765343,0.7229739776951672,-0.021867069010828022
010140,삼성중공업,네이버 수정 전,2005-10-21,0.7228,0.723014705882353,-0.029695921895656063
010140,삼성중공업,네이버 수정 전,2005-10-24,0.7227436823104693,0.7229818181818182,-0.03293801660846363
010140,삼성중공업,네이버 수정 전,2005-10-25,0.7227142857142858,0.723003663003663,-0.04002431857330624
010140,삼성중공업,네이버 수정 전,2005-10-26,0.7227007299270073,0.7229818181818182,-0.03887902126193943
010140,삼성중공업,네이버 수정 전,2005-10-28,0.7227376425855513,0.7229770992366412,-0.03312091784688498
010140,삼성중공업,네이버 수정 전,2005-10-31,0.7226966292134831,0.7229433962264151,-0.034133656136858814
010140,삼성중공업,네이버 수정 전,2005-11-01,0.7227376425855513,0.7229818181818182,-0.03377340759148639
010140,삼성중공업,네이버 수정 전,2005-11-02,0.7227536231884057,0.7230281690140845,-0.03797166382232264
010140,삼성중공업,네이버 수정 전,2005-11-04,0.7228082191780822,0.7230281690140845,-0.030420645478057562
010140,삼성중공업,네이버 수정 전,2005-11-07,0.7227368421052631,0.723014705882353,-0.03843127599330032
010140,삼성중공업,네이버 수정 전,2005-11-10,0.7227611940298507,0.7229818181818182,-0.03051586449605015
010140,삼성중공업,네이버 수정 전,2005-11-15,0.7227681660899654,0.7229251700680273,-0.02171787407084791
010140,삼성중공업,네이버 수정 전,2005-11-16,0.7227681660899654,0.7229452054794521,-0.02448863180014582
010140,삼성중공업,네이버 수정 전,2005-11-18,0.7227303754266211,0.7229787234042553,-0.034350662003546084
010140,삼성중공업,네이버 수정 전,2005-11-21,0.7227142857142858,0.723003663003663,-0.04002431857330624
010140,삼성중공업,네이버 수정 전,2005-11-22,0.7227106227106227,0.723014705882353,-0.04205767451979092
010140,삼성중공업,네이버 수정 전,2005-11-23,0.7228467153284671,0.723,-0.021201199382137048
010140,삼성중공업,네이버 수정 전,2005-11-24,0.7227956989247312,0.7229818181818182,-0.02574328322045849
010140,삼성중공업,네이버 수정 전,2005-11-28,0.7227210884353742,0.7229411764705882,-0.03044342228346597
010140,삼성중공업,네이버 수정 전,2005-11-30,0.7227722772277227,0.7229605263157894,-0.02603863990002786
010140,삼성중공업,네이버 수정 전,2005-12-02,0.7228478964401295,0.722987012987013,-0.019241915053036518
010140,삼성중공업,네이버 수정 전,2005-12-05,0.7228205128205129,0.7229813664596273,-0.022248656269263645
010140,삼성중공업,네이버 수정 전,2005-12-06,0.7228220858895705,0.7229850746268657,-0.02254385920473778
010140,삼성중공업,네이버 수정 전,2005-12-07,0.7227893175074184,0.7229447852760736,-0.021504791489146413
010140,삼성중공업,네이버 수정 전,2005-12-09,0.7227462686567164,0.7230120481927711,-0.03676004248047704
010140,삼성중공업,네이버 수정 전,2005-12-12,0.7228398791540785,0.7230120481927711,-0.023812748227769465
010140,삼성중공업,네이버 수정 전,2005-12-14,0.7227878787878788,0.7229813664596273,-0.026762470061436616
010140,삼성중공업,네이버 수정 전,2005-12-16,0.722803738317757,0.7229813664596273,-0.024568840928795854
010140,삼성중공업,네이버 수정 전,2005-12-19,0.7227863777089784,0.7229787234042553,-0.026604613531533428
010140,삼성중공업,네이버 수정 전,2005-12-20,0.7227076923076923,0.7230144927536232,-0.04243351260669881
010140,삼성중공업,네이버 수정 전,2005-12-21,0.7228323699421966,0.7229824561403508,-0.020759313988816253
010140,삼성중공업,네이버 수정 전,2005-12-22,0.7228405797101449,0.7229799426934097,-0.01927618942588749
010140,삼성중공업,네이버 수정 전,2005-12-26,0.7228248587570621,0.7229824561403508,-0.021798230641723038
010140,삼성중공업,네이버 수정 전,2005-12-27,0.7227826086956521,0.7230144927536232,-0.03207184092367532
010140,삼성중공업,네이버 수정 전,2005-12-29,0.7227840909090909,0.7229859154929578,-0.02791542401338054
010140,삼성중공업,네이버 수정 전,2006-01-03,0.7228491620111732,0.7229916897506925,-0.019713606883697832
010140,삼성중공업,네이버 수정 전,2006-01-04,0.7227868852459016,0.7229479768786127,-0.02228260370913393
010140,삼성중공업,네이버 수정 전,2006-01-06,0.7228,0.7229651162790698,-0.02283876156011777
010140,삼성중공업,네이버 수정 전,2006-01-16,0.722814371257485,0.723,-0.025674791495844396
010140,삼성중공업,네이버 수정 전,2006-01-20,0.7228125,0.722948717948718,-0.01884199326122049
010140,삼성중공업,네이버 수정 전,2006-01-24,0.722809364548495,0.7229801324503311,-0.02361999924636038
010140,삼성중공업,네이버 수정 전,2006-02-01,0.7228664495114007,0.723,-0.01847171349921295
010140,삼성중공업,네이버 수정 전,2006-02-02,0.7228104575163399,0.7229452054794521,-0.01863875188476971
010140,삼성중공업,네이버 수정 전,2006-02-06,0.7227659574468085,0.722937062937063,-0.02366810321763335
010140,삼성중공업,네이버 수정 전,2006-02-07,0.7228571428571429,0.7230449826989619,-0.025978998031062073
010140,삼성중공업,네이버 수정 전,2006-02-09,0.7228,0.7229581993569132,-0.02188222736168033
010140,삼성중공업,네이버 수정 전,2006-02-10,0.7227848101265822,0.722948717948718,-0.022672122941280737
010140,삼성중공업,네이버 수정 전,2006-02-13,0.722776025236593,0.7229746835443038,-0.027477906520445572
010140,삼성중공업,네이버 수정 전,2006-02-14,0.7227848101265822,0.7229746835443038,-0.026262803116527955
010140,삼성중공업,네이버 수정 전,2006-02-20,0.7227361563517916,0.722948717948718,-0.029402029722036538
010140,삼성중공업,네이버 수정 전,2006-02-21,0.722776025236593,0.7229936305732484,-0.030097822090469073
010140,삼성중공업,네이버 수정 전,2006-03-03,0.7227976190476191,0.7229429429429429,-0.02010171020305762
010140,삼성중공업,네이버 수정 전,2006-03-06,0.7227976190476191,0.7229737609329446,-0.024363523940107434
010140,삼성중공업,네이버 수정 전,2006-03-07,0.7227405247813411,0.7229651162790698,-0.031065329802437702
010140,삼성중공업,네이버 수정 전,2006-03-08,0.7228323699421966,0.7229651162790698,-0.018361375104292144
010140,삼성중공업,네이버 수정 전,2006-03-09,0.7227826086956521,0.7229824561403508,-0.027642087716150954
010140,삼성중공업,네이버 수정 전,2006-03-13,0.7228405797101449,0.723,-0.02204983262171778
010140,삼성중공업,네이버 수정 전,2006-03-14,0.7227728613569322,0.7229479768786127,-0.024222423643338598
010140,삼성중공업,네이버 수정 전,2006-03-16,0.7227586206896551,0.7229378531073446,-0.024792230330594744
010140,삼성중공업,네이버 수정 전,2006-03-17,0.7228813559322034,0.723,-0.016409967883346255
010140,삼성중공업,네이버 수정 전,2006-03-22,0.7227586206896551,0.7229850746268657,-0.03132207636892259
010140,삼성중공업,네이버 수정 전,2006-03-23,0.7227893175074184,0.7229761904761904,-0.025847734854034243
010140,삼성중공업,네이버 수정 전,2006-03-24,0.7227878787878788,0.7229429429429429,-0.021449017045926944
010140,삼성중공업,네이버 수정 전,2006-03-27,0.7227878787878788,0.7230120481927711,-0.03100493352118372
010140,삼성중공업,네이버 수정 전,2006-03-28,0.7228398791540785,0.7229761904761904,-0.018854192421202676
010140,삼성중공업,네이버 수정 전,2006-03-29,0.7227878787878788,0.722994011976048,-0.02851105054186842
010140,삼성중공업,네이버 수정 전,2006-04-03,0.7227762039660056,0.72296918767507,-0.026693213535833316
010140,삼성중공업,네이버 수정 전,2006-04-04,0.7227855153203343,0.7229427792915532,-0.021753308245631153
010140,삼성중공업,네이버 수정 전,2006-04-06,0.7228260869565217,0.723,-0.024054362860059797
010140,삼성중공업,네이버 수정 전,2006-04-12,0.7228260869565217,0.7229842931937173,-0.021882389242044997
010140,삼성중공업,네이버 수정 전,2006-04-14,0.7227989821882952,0.7229722921914358,-0.023971873474604166
010140,삼성중공업,네이버 수정 전,2006-04-17,0.7228,0.7229776674937965,-0.024574409665023556
010140,삼성중공업,네이버 수정 전,2006-04-18,0.7228,0.722970297029703,-0.023555190358803824
010140,삼성중공업,네이버 수정 전,2006-04-21,0.7228978622327791,0.7230143540669857,-0.016111967010246087
010140,삼성중공업,네이버 수정 전,2006-04-24,0.7228638497652582,0.7229857819905213,-0.016865093104245776
010140,삼성중공업,네이버 수정 전,2006-04-25,0.7228638497652582,0.7230092592592593,-0.020111705643999223
010140,삼성중공업,네이버 수정 전,2006-04-26,0.7228767123287672,0.7229910714285714,-0.01581749821312206
010140,삼성중공업,네이버 수정 전,2006-04-27,0.7228131868131868,0.7229450549450549,-0.018240408585146195
010140,삼성중공업,네이버 수정 전,2006-04-28,0.722869757174393,0.7229596412556054,-0.012432793766514738
010140,삼성중공업,네이버 수정 전,2006-05-02,0.7227981651376146,0.7229741379310345,-0.024340122860200264
010140,삼성중공업,네이버 수정 전,2006-05-04,0.722875,0.7229690721649484,-0.013011921058625475
010140,삼성중공업,네이버 수정 전,2006-05-08,0.7228688524590164,0.7229957805907173,-0.017555860643780896
010140,삼성중공업,네이버 수정 전,2006-05-10,0.7228635346756153,0.7229694323144105,-0.014647595605277175
010140,삼성중공업,네이버 수정 전,2006-05-12,0.7228387096774194,0.722983193277311,-0.01998436495275202
010140,삼성중공업,네이버 수정 전,2006-05-17,0.7228703703703704,0.7229787234042553,-0.014987029407265151
010140,삼성중공업,네이버 수정 전,2006-05-18,0.7228,0.7229807692307693,-0.02500332491023327
010140,삼성중공업,네이버 수정 전,2006-05-19,0.7227884615384615,0.7229716981132075,-0.025344916713077037
010140,삼성중공업,네이버 수정 전,2006-05-22,0.7228301886792453,0.7229556650246305,-0.017356022153991457
010140,삼성중공업,네이버 수정 전,2006-05-23,0.7228571428571429,0.722979797979798,-0.016965221296338928
010140,삼성중공업,네이버 수정 전,2006-05-24,0.7228571428571429,0.722970297029703,-0.01565128927495385
010140,삼성중공업,네이버 수정 전,2006-05-25,0.7228358208955223,0.7229610389610389,-0.017320167860845892
010140,삼성중공업,네이버 수정 전,2006-05-26,0.7228354430379746,0.7229573934837092,-0.016868275618142636
010140,삼성중공업,네이버 수정 전,2006-05-29,0.7228287841191067,0.7229556650246305,-0.01755030241301636
010140,삼성중공업,네이버 수정 전,2006-05-30,0.7228571428571429,0.7229925187032419,-0.018724377168077844
010140,삼성중공업,네이버 수정 전,2006-06-02,0.7228019323671497,0.722964705882353,-0.022514724976030465
010140,삼성중공업,네이버 수정 전,2006-06-07,0.7228297362110312,0.7229787234042553,-0.02060741048126591
010140,삼성중공업,네이버 수정 전,2006-06-08,0.722803738317757,0.7229807692307693,-0.024486254758970816
010140,삼성중공업,네이버 수정 전,2006-06-09,0.7228235294117648,0.723002421307506,-0.024742917930720143
010140,삼성중공업,네이버 수정 전,2006-06-12,0.722807881773399,0.7229468599033816,-0.01922383755855739
010140,삼성중공업,네이버 수정 전,2006-06-13,0.7228287841191067,0.7229776674937965,-0.020593080724884416
010140,삼성중공업,네이버 수정 전,2006-06-14,0.7227989821882952,0.722970297029703,-0.023695972311943425
010140,삼성중공업,네이버 수정 전,2006-06-15,0.7227737226277372,0.722997542997543,-0.0309572794504831
010140,삼성중공업,네이버 수정 전,2006-06-19,0.7228297362110312,0.722964705882353,-0.018668915677844122
010140,삼성중공업,네이버 수정 전,2006-06-22,0.7228310502283105,0.7229816513761468,-0.0208305629264105
010140,삼성중공업,네이버 수정 전,2006-06-23,0.7228045977011495,0.7229816513761468,-0.024489373231018075
010140,삼성중공업,네이버 수정 전,2006-06-26,0.7227649769585254,0.7229816513761468,-0.029969559698916903
010140,삼성중공업,네이버 수정 전,2006-06-27,0.7228117913832199,0.7229816513761468,-0.023494371206178588
010140,삼성중공업,네이버 수정 전,2006-06-28,0.7228103044496487,0.7229976580796252,-0.02591344908007276
010140,삼성중공업,네이버 수정 전,2006-06-29,0.7228438228438229,0.7229976580796252,-0.021277418271448134
010140,삼성중공업,네이버 수정 전,2006-07-03,0.7228246013667426,0.7229596412556054,-0.01867875897307858
010140,삼성중공업,네이버 수정 전,2006-07-04,0.7228761061946902,0.722972972972973,-0.013398395500796578
010140,삼성중공업,네이버 수정 전,2006-07-05,0.7228703703703704,0.722974828375286,-0.014448359862040405
010140,삼성중공업,네이버 수정 전,2006-07-06,0.722837528604119,0.7229425287356321,-0.01452399427888107
010140,삼성중공업,네이버 수정 전,2006-07-10,0.722869757174393,0.722991452991453,-0.016832262201227355
010140,삼성중공업,네이버 수정 전,2006-07-12,0.7228336755646817,0.722991452991453,-0.021822861960318907
010140,삼성중공업,네이버 수정 전,2006-07-13,0.7228571428571429,0.722991452991453,-0.018577001671926663
010140,삼성중공업,네이버 수정 전,2006-07-19,0.7228251121076233,0.7229596412556054,-0.018608113137330573
010140,삼성중공업,네이버 수정 전,2006-07-21,0.7228131868131868,0.7229677419354839,-0.02137787252903811
010140,삼성중공업,네이버 수정 전,2006-07-25,0.7228571428571429,0.7229894736842105,-0.018303285439735806
010140,삼성중공업,네이버 수정 전,2006-07-26,0.7228451882845188,0.7229769392033543,-0.018223391603700012
010140,삼성중공업,네이버 수정 전,2006-07-27,0.7229166666666667,0.7230062630480167,-0.0123921998922083
010140,삼성중공업,네이버 수정 전,2006-08-02,0.7228446389496718,0.7229741379310345,-0.0179119797747318
010140,삼성중공업,네이버 수정 전,2006-08-04,0.7228270042194093,0.7229957805907173,-0.023344032681649196
010140,삼성중공업,네이버 수정 전,2006-08-07,0.7228991596638655,0.7229934924078091,-0.013047523239717584
010140,삼성중공업,네이버 수정 전,2006-08-08,0.7228384279475982,0.722991452991453,-0.02116553981676983
010140,삼성중공업,네이버 수정 전,2006-08-09,0.7228509719222462,0.7229694323144105,-0.016385255983097924
010140,삼성중공업,네이버 수정 전,2006-08-10,0.7228444444444444,0.7229530201342282,-0.015018360358143301
010140,삼성중공업,네이버 수정 전,2006-08-11,0.7228953229398664,0.723013698630137,-0.016372537684261612
010140,삼성중공업,네이버 수정 전,2006-08-14,0.7228246013667426,0.7229577464788732,-0.018416721140213088
010140,삼성중공업,네이버 수정 전,2006-08-17,0.7228764044943821,0.7229931972789115,-0.016154064100326604
010140,삼성중공업,네이버 수정 전,2006-08-18,0.7228635346756153,0.7230248306997743,-0.022308504121903994
010140,삼성중공업,네이버 수정 전,2006-08-21,0.7228828828828829,0.723013698630137,-0.01809312154138487
010140,삼성중공업,네이버 수정 전,2006-08-24,0.722837528604119,0.7229662921348314,-0.017810447335275814
010140,삼성중공업,네이버 수정 전,2006-08-25,0.7228953229398664,0.7229910714285714,-0.01324338466807129
010140,삼성중공업,네이버 수정 전,2006-08-29,0.722863436123348,0.7229777777777778,-0.015815376066086184
010140,삼성중공업,네이버 수정 전,2006-09-04,0.7228695652173913,0.7229694323144105,-0.0138134605082052
010140,삼성중공업,네이버 수정 전,2006-09-07,0.7228446389496718,0.7229955947136564,-0.02087920937393628
010140,삼성중공업,네이버 수정 전,2006-09-08,0.7228444444444444,0.7229824561403508,-0.01908921782738382
010140,삼성중공업,네이버 수정 전,2006-09-11,0.7228508771929825,0.7229530201342282,-0.014128572452298815
010140,삼성중공업,네이버 수정 전,2006-09-12,0.7228251121076233,0.722974828375286,-0.020708365185984068
010140,삼성중공업,네이버 수정 전,2006-09-13,0.7228506787330317,0.722974828375286,-0.017172055980618772
010140,삼성중공업,네이버 수정 전,2006-09-14,0.7227649769585254,0.7229530201342282,-0.0260104281282314
010140,삼성중공업,네이버 수정 전,2006-09-15,0.7227927927927927,0.722972972972973,-0.024922118380077407
010140,삼성중공업,네이버 수정 전,2006-09-18,0.7228314606741573,0.7229759299781182,-0.019982588350531127
010140,삼성중공업,네이버 수정 전,2006-09-19,0.7228695652173913,0.7229694323144105,-0.0138134605082052
010140,삼성중공업,네이버 수정 전,2006-09-20,0.7229010989010989,0.7230065359477125,-0.014583138792156891
010140,삼성중공업,네이버 수정 전,2006-09-22,0.7228322440087146,0.7229450549450549,-0.015604358252219175
010140,삼성중공업,네이버 수정 전,2006-09-26,0.7228381374722838,0.7230248306997743,-0.025821136365378194
010140,삼성중공업,네이버 수정 전,2006-09-27,0.7228635346756153,0.7229955947136564,-0.01826567672150725
010140,삼성중공업,네이버 수정 전,2006-10-04,0.7228017241379311,0.7230042918454935,-0.028017497246857204
010140,삼성중공업,네이버 수정 전,2006-10-09,0.7228509719222462,0.7229596412556054,-0.015031175622814974
010140,삼성중공업,네이버 수정 전,2006-10-10,0.7229082774049217,0.7230065359477125,-0.01359027033718263
010140,삼성중공업,네이버 수정 전,2006-10-11,0.722869757174393,0.7229694323144105,-0.013786909316271245
010140,삼성중공업,네이버 수정 전,2006-10-12,0.7228695652173913,0.7229741379310345,-0.014464239888645203
010140,삼성중공업,네이버 수정 전,2006-10-16,0.7228511530398323,0.722993762993763,-0.019724921739316947
010140,삼성중공업,네이버 수정 전,2006-10-17,0.722880658436214,0.7229735234215886,-0.012844866702055313
010140,삼성중공업,네이버 수정 전,2006-10-19,0.7228453608247423,0.7229508196721312,-0.014587278210254073
010140,삼성중공업,네이버 수정 전,2006-10-23,0.7228458498023715,0.7229585798816568,-0.015592882140458286
010140,삼성중공업,네이버 수정 전,2006-10-24,0.722890625,0.7229880478087649,-0.013475023419839971
010140,삼성중공업,네이버 수정 전,2006-10-25,0.7228514851485148,0.7229585798816568,-0.014813398183821658
010140,삼성중공업,네이버 수정 전,2006-10-26,0.7228402366863905,0.722984496124031,-0.019953323814536628
010140,삼성중공업,네이버 수정 전,2006-10-30,0.7228174603174603,0.7229317269076305,-0.015806000195761616
010140,삼성중공업,네이버 수정 전,2006-11-03,0.7228294573643411,0.7229770992366412,-0.02042137606516059
010140,삼성중공업,네이버 수정 전,2006-11-06,0.722906976744186,0.723,-0.012866287111201746
010140,삼성중공업,네이버 수정 전,2006-11-07,0.7228571428571429,0.7229714285714286,-0.015807777426501968
010140,삼성중공업,네이버 수정 전,2006-11-08,0.7228571428571429,0.7229644268774703,-0.014839460468452081
010140,삼성중공업,네이버 수정 전,2006-11-09,0.7228174603174603,0.722984496124031,-0.023103649866107467
010140,삼성중공업,네이버 수정 전,2006-11-13,0.72284,0.7229769392033543,-0.01894101954414973
010140,삼성중공업,네이버 수정 전,2006-11-15,0.7228215767634855,0.7229894736842105,-0.023222595464567064
010140,삼성중공업,네이버 수정 전,2006-11-16,0.7228270042194093,0.722928870292887,-0.01409074636021801
010140,삼성중공업,네이버 수정 전,2006-11-17,0.722875,0.722983193277311,-0.014964839890740933
010140,삼성중공업,네이버 수정 전,2006-11-20,0.7228270042194093,0.7229550321199143,-0.017708971487429004
010140,삼성중공업,네이버 수정 전,2006-11-24,0.7228453608247423,0.7230041152263375,-0.02195760691423576
010140,삼성중공업,네이버 수정 전,2006-11-27,0.7229045643153527,0.7230062630480167,-0.01406609290427463
010140,삼성중공업,네이버 수정 전,2006-12-01,0.7228387096774194,0.7230042918454935,-0.022901961985799524
010140,삼성중공업,네이버 수정 전,2006-12-05,0.7228571428571429,0.722974828375286,-0.01627795512709751
010140,삼성중공업,네이버 수정 전,2006-12-07,0.722830626450116,0.7229976580796252,-0.023102651529038898
010140,삼성중공업,네이버 수정 전,2006-12-12,0.7228103044496487,0.7229716981132075,-0.022323648903554982
010140,삼성중공업,네이버 수정 전,2006-12-13,0.7228909952606635,0.7229976580796252,-0.014752858155175907
010140,삼성중공업,네이버 수정 전,2006-12-14,0.7228103044496487,0.7230248306997743,-0.02967066150660891
010140,삼성중공업,네이버 수정 전,2006-12-15,0.7228828828828829,0.7229844097995546,-0.014042753245513406
010140,삼성중공업,네이버 수정 전,2006-12-19,0.7227927927927927,0.722972972972973,-0.024922118380077407
010140,삼성중공업,네이버 수정 전,2006-12-27,0.72289592760181,0.7230248306997743,-0.017828308585132735
010140,삼성중공업,네이버 수정 전,2006-12-28,0.7228635346756153,0.7229596412556054,-0.013293491711829919
010140,삼성중공업,네이버 수정 전,2007-01-05,0.7228504672897196,0.722964705882353,-0.01580140658373752
010140,삼성중공업,네이버 수정 전,2007-01-08,0.7228301886792453,0.7229716981132075,-0.01957330201604046
010140,삼성중공업,네이버 수정 전,2007-01-10,0.722822966507177,0.7229397590361446,-0.016155222825653404
010140,삼성중공업,네이버 수정 전,2007-01-18,0.7228223844282239,0.7229397590361446,-0.016235738379810627
010140,삼성중공업,네이버 수정 전,2007-01-22,0.7228639618138425,0.7229807692307693,-0.01615636568743639
010140,삼성중공업,네이버 수정 전,2007-01-31,0.7228095238095238,0.7229397590361446,-0.018014672037747204
010140,삼성중공업,네이버 수정 전,2007-02-01,0.7228433734939759,0.7229807692307693,-0.0190040652034984
010140,삼성중공업,네이버 수정 전,2007-02-02,0.7227751196172248,0.7229816513761468,-0.028566666737506186
010140,삼성중공업,네이버 수정 전,2007-02-06,0.7228761061946902,0.7229741379310345,-0.01355950803784145
010140,삼성중공업,네이버 수정 전,2007-02-07,0.7228693790149893,0.7229824561403508,-0.015640369195846215
010140,삼성중공업,네이버 수정 전,2007-02-08,0.7228384279475982,0.7229759299781182,-0.019018894657274465
010140,삼성중공업,네이버 수정 전,2007-02-09,0.7228508771929825,0.7229450549450549,-0.013026958470530037
010140,삼성중공업,네이버 수정 전,2007-02-12,0.7228444444444444,0.7229824561403508,-0.01908921782738382
010140,삼성중공업,네이버 수정 전,2007-02-13,0.7228193832599119,0.7229450549450549,-0.01738329687482887
010140,삼성중공업,네이버 수정 전,2007-02-14,0.7228695652173913,0.7229741379310345,-0.014464239888645203
010140,삼성중공업,네이버 수정 전,2007-02-15,0.7228450106157113,0.7229741379310345,-0.017860571844618978
010140,삼성중공업,네이버 수정 전,2007-02-16,0.7228205128205129,0.722991452991453,-0.023643456673361207
010140,삼성중공업,네이버 수정 전,2007-02-20,0.7228693790149893,0.7229741379310345,-0.014489994945743323
010140,삼성중공업,네이버 수정 전,2007-02-22,0.7228695652173913,0.7229769392033543,-0.014851647423397285
010140,삼성중공업,네이버 수정 전,2007-02-23,0.722839248434238,0.7229690721649484,-0.017957024125758725
010140,삼성중공업,네이버 수정 전,2007-02-26,0.7228979591836735,0.722983870967742,-0.011882946151131613
010140,삼성중공업,네이버 수정 전,2007-03-02,0.7228695652173913,0.7229957805907173,-0.017457276614107897
010140,삼성중공업,네이버 수정 전,2007-03-05,0.7228205128205129,0.7229450549450549,-0.017227052552637456
010140,삼성중공업,네이버 수정 전,2007-03-06,0.722869757174393,0.7229759299781182,-0.014685524001956107
010140,삼성중공업,네이버 수정 전,2007-03-08,0.7228508771929825,0.7229550321199143,-0.014406833385804951
010140,삼성중공업,네이버 수정 전,2007-03-16,0.7228322440087146,0.7229450549450549,-0.015604358252219175
010140,삼성중공업,네이버 수정 전,2007-03-20,0.7228511530398323,0.7229957805907173,-0.020003927376577302
010140,삼성중공업,네이버 수정 전,2007-03-22,0.7228395061728395,0.7230165289256199,-0.024483915055628636
010140,삼성중공업,네이버 수정 전,2007-03-23,0.7228512396694214,0.722993762993763,-0.019712939673410812
010140,삼성중공업,네이버 수정 전,2007-03-26,0.7228336755646817,0.7229568788501026,-0.01704158145875434
010140,삼성중공업,네이버 수정 전,2007-03-29,0.722834008097166,0.7229585798816568,-0.01723083285229965
010140,삼성중공업,네이버 수정 전,2007-03-30,0.7229076620825148,0.7229880478087649,-0.011118541515831026
010140,삼성중공업,네이버 수정 전,2007-04-02,0.7228402366863905,0.7229761904761904,-0.0188047395738411
010140,삼성중공업,네이버 수정 전,2007-04-03,0.7228514851485148,0.7229317269076305,-0.011099493372479508
010140,삼성중공업,네이버 수정 전,2007-04-04,0.7228628230616302,0.7229778672032193,-0.015912539900309053
010140,삼성중공업,네이버 수정 전,2007-04-06,0.7228225806451613,0.722972972972973,-0.02080192945433934
010140,삼성중공업,네이버 수정 전,2007-04-13,0.7228785046728972,0.72296992481203,-0.01264508190387259
010140,삼성중공업,네이버 수정 전,2007-04-16,0.7228464419475655,0.7229850746268657,-0.019175040283048173
010140,삼성중공업,네이버 수정 전,2007-04-17,0.7228835489833642,0.7229714285714286,-0.01215533347397324
010140,삼성중공업,네이버 수정 전,2007-04-18,0.7228571428571429,0.7229850746268657,-0.0176949392473702
010140,삼성중공업,네이버 수정 전,2007-04-19,0.7228624535315985,0.7229714285714286,-0.015073215278427199
010140,삼성중공업,네이버 수정 전,2007-04-20,0.7228787878787879,0.722967032967033,-0.012205962958355965
010140,삼성중공업,네이버 수정 전,2007-04-23,0.7228468468468469,0.722954954954955,-0.014953643704518349
010140,삼성중공업,네이버 수정 전,2007-04-24,0.7228877005347594,0.722970297029703,-0.011424604203369437
010140,삼성중공업,네이버 수정 전,2007-04-26,0.7229051987767584,0.7229888712241653,-0.011573130754449767
010140,삼성중공업,네이버 수정 전,2007-04-27,0.7228934817170112,0.7229801324503311,-0.011985216388488151
010140,삼성중공업,네이버 수정 전,2007-04-30,0.7228475711892798,0.7229641693811075,-0.01612779675201903
010140,삼성중공업,네이버 수정 전,2007-05-03,0.7228797468354431,0.722992125984252,-0.015543620016045256
010140,삼성중공업,네이버 수정 전,2007-05-04,0.7228526645768025,0.7229813664596273,-0.017801549084872637
010140,삼성중공업,네이버 수정 전,2007-05-07,0.7229046898638427,0.7229768786127168,-0.009984931885032022
010140,삼성중공업,네이버 수정 전,2007-05-08,0.7229190751445087,0.723002915451895,-0.011596123002333147
010140,삼성중공업,네이버 수정 전,2007-05-11,0.7229022988505747,0.7229775280898877,-0.01040547408324155
010140,삼성중공업,네이버 수정 전,2007-05-15,0.7228772919605078,0.7229663608562691,-0.01231992255571468
010140,삼성중공업,네이버 수정 전,2007-05-16,0.7228658536585366,0.7229793510324484,-0.015698563693367085
010140,삼성중공업,네이버 수정 전,2007-05-17,0.7228488372093024,0.7229943502824858,-0.020126446787116503
010140,삼성중공업,네이버 수정 전,2007-05-23,0.7228865979381444,0.7229695431472081,-0.011472849700233656
010140,삼성중공업,네이버 수정 전,2007-05-25,0.7229274611398964,0.7229873417721518,-0.008282390132685613
010140,삼성중공업,네이버 수정 전,2007-05-31,0.7228753180661578,0.7229865361077111,-0.0153831414554495
010140,삼성중공업,네이버 수정 전,2007-06-01,0.7228828828828829,0.7229818956336528,-0.013695052582618494
010140,삼성중공업,네이버 수정 전,2007-06-07,0.722909090909091,0.7229844097995546,-0.010417775188886758
010140,삼성중공업,네이버 수정 전,2007-06-08,0.7228995433789954,0.7229674306393244,-0.009390085562910322
010140,삼성중공업,네이버 수정 전,2007-06-12,0.7228915662650602,0.7229585798816568,-0.009269357672958556
010140,삼성중공업,네이버 수정 전,2007-06-13,0.7228809523809524,0.7229710144927536,-0.012457223041562049
010140,삼성중공업,네이버 수정 전,2007-06-18,0.7228962371721779,0.7229844097995546,-0.01219564712344745
010140,삼성중공업,네이버 수정 전,2007-06-19,0.722885462555066,0.7229709364908504,-0.01182259638253802
010140,삼성중공업,네이버 수정 전,2007-06-20,0.7229361702127659,0.7229820627802691,-0.006347677192253265
010140,삼성중공업,네이버 수정 전,2007-06-21,0.722914798206278,0.7229834254143647,-0.00949222425774554
010140,삼성중공업,네이버 수정 전,2007-06-22,0.7229007633587786,0.7229571106094808,-0.007793996334670705
010140,삼성중공업,네이버 수정 전,2007-06-25,0.7229345372460496,0.7229887640449438,-0.007500365370938233
010140,삼성중공업,네이버 수정 전,2007-06-26,0.7229111111111111,0.72296875,-0.00797252839613849
010140,삼성중공업,네이버 수정 전,2007-06-27,0.7229295154185023,0.7229791894852136,-0.006870746410647666
010140,삼성중공업,네이버 수정 전,2007-06-28,0.7228944504896627,0.7229694323144105,-0.010371368607897669
010140,삼성중공업,네이버 수정 전,2007-07-02,0.7229039301310044,0.7229684210526316,-0.008920295790137978
010140,삼성중공업,네이버 수정 전,2007-07-03,0.7229042224510813,0.722970297029703,-0.009139321337692241
010140,삼성중공업,네이버 수정 전,2007-07-04,0.7229330708661418,0.7229814814814814,-0.00669596892585167
010140,삼성중공업,네이버 수정 전,2007-07-05,0.7229067641681901,0.7229811320754717,-0.010286286042904269
010140,삼성중공업,네이버 수정 전,2007-07-06,0.7229345794392523,0.7229885057471265,-0.007458805699600557
010140,삼성중공업,네이버 수정 전,2007-07-09,0.7229378531073446,0.722985347985348,-0.006569272549672434
010140,삼성중공업,네이버 수정 전,2007-07-12,0.7229443447037702,0.7229856115107913,-0.005707832405521529
010140,삼성중공업,네이버 수정 전,2007-07-18,0.7229411764705882,0.7229885057471265,-0.006546338726276524
010140,삼성중공업,네이버 수정 전,2007-07-19,0.722906976744186,0.7229607843137255,-0.007442667805346304
010140,삼성중공업,네이버 수정 전,2007-07-20,0.7229094412331406,0.7229615384615384,-0.007206085749555946
010140,삼성중공업,네이버 수정 전,2007-07-24,0.7229354207436399,0.722975047984645,-0.005481135360829725
010140,삼성중공업,네이버 수정 전,2007-07-26,0.7229198473282443,0.7229607843137255,-0.005662407473450148
010140,삼성중공업,네이버 수정 전,2007-07-27,0.7228973843058351,0.7229726996966633,-0.010417459865341705
010140,삼성중공업,네이버 수정 전,2007-07-30,0.7229132231404959,0.72296,-0.00647018638709751
010140,삼성중공업,네이버 수정 전,2007-08-01,0.72292,0.7229853862212944,-0.009043920187112864
010140,삼성중공업,네이버 수정 전,2007-08-06,0.7229140461215933,0.7229622063329928,-0.006661511622274574
010140,삼성중공업,네이버 수정 전,2007-08-07,0.72292,0.7229622063329928,-0.005837972251254708
010140,삼성중공업,네이버 수정 전,2007-08-08,0.7229149797570851,0.7229761904761904,-0.008466491692493694
010140,삼성중공업,네이버 수정 전,2007-08-09,0.7229215686274509,0.7229689067201605,-0.006547735631434737
010140,삼성중공업,네이버 수정 전,2007-08-10,0.7228958333333333,0.7229791666666666,-0.011526381004522968
010140,삼성중공업,네이버 수정 전,2007-08-17,0.722935064935065,0.7229916897506925,-0.007832014728559322
010140,삼성중공업,네이버 수정 전,2007-08-20,0.722875816993464,0.722964824120603,-0.012311404949372218
010140,삼성중공업,네이버 수정 전,2007-08-21,0.722875,0.7229562982005141,-0.011245244106239394
010140,삼성중공업,네이버 수정 전,2007-08-22,0.7228756476683937,0.722958435207824,-0.011451217026947624
010140,삼성중공업,네이버 수정 전,2007-08-23,0.7229009433962265,0.722983682983683,-0.011444184620468256
010140,삼성중공업,네이버 수정 전,2007-08-24,0.7229302325581395,0.7229816513761468,-0.007112050203406106
010140,삼성중공업,네이버 수정 전,2007-08-27,0.7229111111111111,0.72296875,-0.00797252839613849
010140,삼성중공업,네이버 수정 전,2007-08-28,0.7229046563192905,0.7229818956336528,-0.010683436864578066
010140,삼성중공업,네이버 수정 전,2007-08-29,0.7229180695847363,0.7229637526652452,-0.0063188618157572485
010140,삼성중공업,네이버 수정 전,2007-08-31,0.7229071038251366,0.7229809725158562,-0.010217238561982533
010140,삼성중공업,네이버 수정 전,2007-09-03,0.7229140461215933,0.7229818956336528,-0.009384676500101552
010140,삼성중공업,네이버 수정 전,2007-09-04,0.7229184549356223,0.7229945355191257,-0.01052298181600797
010140,삼성중공업,네이버 수정 전,2007-09-05,0.7229067245119306,0.7229945355191257,-0.012145459319701235
010140,삼성중공업,네이버 수정 전,2007-09-06,0.7229203539823009,0.7229677419354839,-0.006554642819345258
010140,삼성중공업,네이버 수정 전,2007-09-07,0.7229056203605514,0.7229787234042553,-0.010111368611187554
010140,삼성중공업,네이버 수정 전,2007-09-11,0.7229171270718232,0.7229844097995546,-0.009306248768214953
010140,삼성중공업,네이버 수정 전,2007-09-13,0.7229051620648259,0.7229561200923788,-0.007048564378475675
010140,삼성중공업,네이버 수정 전,2007-09-17,0.7229203539823009,0.7229810901001112,-0.008400789265716746
010140,삼성중공업,네이버 수정 전,2007-09-18,0.722905788876277,0.7229840546697038,-0.01082538306638181
010140,삼성중공업,네이버 수정 전,2007-09-20,0.7228997867803838,0.7229837837837838,-0.011618103377142308
010140,삼성중공업,네이버 수정 전,2007-09-21,0.7229035752979415,0.7229787234042553,-0.010394234834454341
010140,삼성중공업,네이버 수정 전,2007-09-27,0.7229183673469388,0.7229721362229102,-0.007437198928894606
010140,삼성중공업,네이버 수정 전,2007-10-02,0.7228968253968254,0.7229696969696969,-0.01007947818241206
010140,삼성중공업,네이버 수정 전,2007-10-04,0.722909090909091,0.7229554655870445,-0.006414596771309178
010140,삼성중공업,네이버 수정 전,2007-10-05,0.7229094608341811,0.7229554655870445,-0.006363428323497011
010140,삼성중공업,네이버 수정 전,2007-10-08,0.722936507936508,0.722984496124031,-0.006637512668716816
010140,삼성중공업,네이버 수정 전,2007-10-09,0.7229230769230769,0.7229770992366412,-0.007472202594160926
010140,삼성중공업,네이버 수정 전,2007-10-10,0.7229056603773585,0.7229708737864078,-0.009020198657205825
010140,삼성중공업,네이버 수정 전,2007-10-11,0.72291015625,0.7229714285714286,-0.008475068171043265
010140,삼성중공업,네이버 수정 전,2007-10-16,0.7229390018484289,0.7229764065335753,-0.005173707579997355
010140,삼성중공업,네이버 수정 전,2007-10-17,0.7229120879120879,0.7229811320754717,-0.009549926038254775
010140,삼성중공업,네이버 수정 전,2007-10-23,0.7228925619834711,0.7229690721649484,-0.010582773789791222
010140,삼성중공업,네이버 수정 전,2007-10-24,0.7229352226720648,0.7229804727646454,-0.006258826384009097
010140,삼성중공업,네이버 수정 전,2007-10-25,0.7229435483870967,0.7229866117404737,-0.005956314083510605
010140,삼성중공업,네이버 수정 전,2007-10-29,0.722905138339921,0.722970297029703,-0.009012637178829053
010140,삼성중공업,네이버 수정 전,2007-10-31,0.7229323308270676,0.7229795158286778,-0.006526464523148867
010140,삼성중공업,네이버 수정 전,2007-11-01,0.7229236499068902,0.7229867674858224,-0.008730115372879155
010140,삼성중공업,네이버 수정 전,2007-11-02,0.7229215686274509,0.7229766536964981,-0.007619204405218127
010140,삼성중공업,네이버 수정 전,2007-11-09,0.7229075804776739,0.7229791666666666,-0.009901556267899458
010140,삼성중공업,네이버 수정 전,2007-11-15,0.7229032258064516,0.7229955947136564,-0.012775860306779574
010140,삼성중공업,네이버 수정 전,2007-11-16,0.7228992072480181,0.722957906712173,-0.008119347421176037
010140,삼성중공업,네이버 수정 전,2007-11-20,0.7229285714285715,0.722984723854289,-0.007766751338555977
010140,삼성중공업,네이버 수정 전,2007-11-21,0.722903981264637,0.7229558998808104,-0.00718143612661315
010140,삼성중공업,네이버 수정 전,2007-11-22,0.7229238329238329,0.7229776674937965,-0.007446228615926032
010140,삼성중공업,네이버 수정 전,2007-11-23,0.722896379525593,0.722964824120603,-0.009467209569047341
010140,삼성중공업,네이버 수정 전,2007-11-26,0.7229238329238329,0.7229865361077111,-0.008672801047693302
010140,삼성중공업,네이버 수정 전,2007-11-28,0.7229320619785459,0.7229850746268657,-0.007332467872478432
010140,삼성중공업,네이버 수정 전,2007-12-11,0.7229187817258883,0.722979797979798,-0.008439551710870408
010140,삼성중공업,네이버 수정 전,2007-12-12,0.7228754813863928,0.7229787234042553,-0.014280090757912145
010140,삼성중공업,네이버 수정 전,2007-12-13,0.7229068322981367,0.7229861982434128,-0.010977518722898871
010140,삼성중공업,네이버 수정 전,2007-12-14,0.7228858218318696,0.7229573934837092,-0.009899843681626663
010140,삼성중공업,네이버 수정 전,2007-12-17,0.7229007633587786,0.7229677419354839,-0.009264393529639925
010140,삼성중공업,네이버 수정 전,2007-12-18,0.7229210526315789,0.7229882044560944,-0.009288094065929009
010140,삼성중공업,네이버 수정 전,2007-12-21,0.7228909329829172,0.7229601029601029,-0.00956760641459553
010140,삼성중공업,네이버 수정 전,2007-12-24,0.722886075949367,0.722958435207824,-0.01000877158811031
010140,삼성중공업,네이버 수정 전,2007-12-26,0.7228778718258767,0.7229865361077111,-0.015029917765752021
010140,삼성중공업,네이버 수정 전,2007-12-27,0.7229068322981367,0.7229813664596273,-0.010309278350506546
010140,삼성중공업,네이버 수정 전,2007-12-28,0.722925,0.7229850746268657,-0.008309248554905224
010140,삼성중공업,네이버 수정 전,2008-01-04,0.7229193341869398,0.722979274611399,-0.008290752800821366
010140,삼성중공업,네이버 수정 전,2008-01-07,0.7228912466843501,0.7229668874172186,-0.010462544576372856
010140,삼성중공업,네이버 수정 전,2008-01-08,0.7228912466843501,0.7229679144385027,-0.01060458598804992
010140,삼성중공업,네이버 수정 전,2008-01-09,0.7228882833787466,0.7229810298102981,-0.012828335423387127
010140,삼성중공업,네이버 수정 전,2008-01-10,0.7228726287262872,0.722967032967033,-0.013057890116840998
010140,삼성중공업,네이버 수정 전,2008-01-11,0.722880658436214,0.7229526462395544,-0.009957471449184574
010140,삼성중공업,네이버 수정 전,2008-01-14,0.7228813559322034,0.723002915451895,-0.016813143777660855
010140,삼성중공업,네이버 수정 전,2008-01-15,0.7228947368421053,0.722972972972973,-0.010821446138720159
010140,삼성중공업,네이버 수정 전,2008-01-16,0.7228703703703704,0.722972972972973,-0.014191761855320006
010140,삼성중공업,네이버 수정 전,2008-01-21,0.7228617363344051,0.7229692832764505,-0.01487572771529111
010140,삼성중공업,네이버 수정 전,2008-01-23,0.7228521126760563,0.7229981718464351,-0.02020187271093432
010140,삼성중공업,네이버 수정 전,2008-01-24,0.7228776978417266,0.7229801324503311,-0.014168384995216776
010140,삼성중공업,네이버 수정 전,2008-01-25,0.7229032258064516,0.722983606557377,-0.011117921650838358
010140,삼성중공업,네이버 수정 전,2008-01-28,0.7229139072847682,0.7229824561403508,-0.009481399583133321
010140,삼성중공업,네이버 수정 전,2008-01-29,0.7228620102214651,0.7229982363315697,-0.01884183159225339
010140,삼성중공업,네이버 수정 전,2008-01-30,0.7228571428571429,0.7229527559055118,-0.013225352222245856
010140,삼성중공업,네이버 수정 전,2008-02-01,0.7229056603773585,0.7229818181818182,-0.010533847815319408
010140,삼성중공업,네이버 수정 전,2008-02-04,0.7229122807017544,0.7229830508474576,-0.009788631368368161
010140,삼성중공업,네이버 수정 전,2008-02-05,0.722901023890785,0.722972972972973,-0.009951835667121323
010140,삼성중공업,네이버 수정 전,2008-02-11,0.7228671328671329,0.7229513888888889,-0.01165445188305858
010140,삼성중공업,네이버 수정 전,2008-02-13,0.7228619528619529,0.7229328621908128,-0.00980856350132342
010140,삼성중공업,네이버 수정 전,2008-02-14,0.722901554404145,0.7230016863406408,-0.013849474819693786
010140,삼성중공업,네이버 수정 전,2008-02-15,0.7228620689655172,0.7229918699186992,-0.017953307441287425
010140,삼성중공업,네이버 수정 전,2008-02-18,0.7229073482428116,0.7229752066115702,-0.009385988362820008
010140,삼성중공업,네이버 수정 전,2008-02-19,0.7228943089430895,0.723,-0.014618403445432193
010140,삼성중공업,네이버 수정 전,2008-02-20,0.7228709677419355,0.7229629629629629,-0.012724748810144515
010140,삼성중공업,네이버 수정 전,2008-02-26,0.7228985507246377,0.7229801324503311,-0.011284089566454547
010140,삼성중공업,네이버 수정 전,2008-02-27,0.722875816993464,0.7229934210526315,-0.01626626961505062
010140,삼성중공업,네이버 수정 전,2008-02-28,0.722875816993464,0.722992125984252,-0.01608717254418801
010140,삼성중공업,네이버 수정 전,2008-03-03,0.7228802588996763,0.7230016313213703,-0.016787295690068316
010140,삼성중공업,네이버 수정 전,2008-03-05,0.7229199372056515,0.7229888712241653,-0.009534589155857365
010140,삼성중공업,네이버 수정 전,2008-03-06,0.7228706624605679,0.722967542503864,-0.013400330941637506
010140,삼성중공업,네이버 수정 전,2008-03-07,0.7228706624605679,0.7229617834394905,-0.012603844492176108
010140,삼성중공업,네이버 수정 전,2008-03-10,0.7228852459016394,0.7229530201342282,-0.0093746385589899
010140,삼성중공업,네이버 수정 전,2008-03-11,0.7228915662650602,0.7229801324503311,-0.012250154782356137
010140,삼성중공업,네이버 수정 전,2008-03-13,0.7229139072847682,0.7229830508474576,-0.009563649190436063
010140,삼성중공업,네이버 수정 전,2008-03-20,0.7228620689655172,0.7229794520547945,-0.01623602011698866
010140,삼성중공업,네이버 수정 전,2008-03-24,0.7228475711892798,0.7229629629629629,-0.015960952302485065
010140,삼성중공업,네이버 수정 전,2008-03-28,0.7228665568369028,0.7229807692307693,-0.015797431788944216
010140,삼성중공업,네이버 수정 전,2008-04-01,0.7228616352201258,0.7229874213836478,-0.017398112304811697
010140,삼성중공업,네이버 수정 전,2008-04-02,0.722874617737003,0.7230077519379845,-0.018413938249572936
010140,삼성중공업,네이버 수정 전,2008-04-03,0.7229230769230769,0.723,-0.010639429726566618
010140,삼성중공업,네이버 수정 전,2008-04-04,0.7228872180451128,0.7229618768328446,-0.010326794555048924
010140,삼성중공업,네이버 수정 전,2008-04-07,0.7228735632183908,0.7229745042492918,-0.013961907412740615
010140,삼성중공업,네이버 수정 전,2008-04-14,0.7228571428571429,0.723002915451895,-0.02016210331060586
010140,삼성중공업,네이버 수정 전,2008-04-15,0.7228865979381444,0.7229629629629629,-0.010562785195189495
010140,삼성중공업,네이버 수정 전,2008-04-16,0.7228654970760234,0.7229837518463811,-0.01635649073103984
010140,삼성중공업,네이버 수정 전,2008-04-17,0.722906976744186,0.7229705882352941,-0.00879862779250562
010140,삼성중공업,네이버 수정 전,2008-04-18,0.7229253731343284,0.723,-0.010321834809357
010140,삼성중공업,네이버 수정 전,2008-04-22,0.7228779069767441,0.7229673590504451,-0.012372906270408102
010140,삼성중공업,네이버 수정 전,2008-04-24,0.7229055007052186,0.7230014025245441,-0.013264402944535014
010140,삼성중공업,네이버 수정 전,2008-04-28,0.7229014084507043,0.7229745042492918,-0.010110425493270458
010140,삼성중공업,네이버 수정 전,2008-04-29,0.7228652482269503,0.7229941860465117,-0.017833866723937497
010140,삼성중공업,네이버 수정 전,2008-05-02,0.7228611898016997,0.7229850746268657,-0.017135184323124886
010140,삼성중공업,네이버 수정 전,2008-05-06,0.722911051212938,0.7229810298102981,-0.009679174760435227
010140,삼성중공업,네이버 수정 전,2008-05-08,0.7229062087186262,0.722979274611399,-0.010106222313499558
010140,삼성중공업,네이버 수정 전,2008-05-13,0.7228937259923175,0.72296875,-0.010377213079060255
010140,삼성중공업,네이버 수정 전,2008-05-16,0.7229339853300734,0.7229843561973526,-0.006967075683927959
010140,삼성중공업,네이버 수정 전,2008-05-22,0.722903981264637,0.7229906542056075,-0.011988113603733641
010140,삼성중공업,네이버 수정 전,2008-05-23,0.7229128440366972,0.7229906542056075,-0.010762264831176704
010140,삼성중공업,네이버 수정 전,2008-05-28,0.722914691943128,0.7229832935560859,-0.00948868577869133
010140,삼성중공업,네이버 수정 전,2008-05-30,0.722883506343714,0.7229871645274213,-0.014337486029236679
010140,삼성중공업,네이버 수정 전,2008-06-03,0.722909090909091,0.7229571106094808,-0.006642122981448395
010140,삼성중공업,네이버 수정 전,2008-06-09,0.7229302325581395,0.7229930394431554,-0.00868706634634675
010140,삼성중공업,네이버 수정 전,2008-06-11,0.7229055690072639,0.7229656862745099,-0.008315369371925119
010140,삼성중공업,네이버 수정 전,2008-06-12,0.7229,0.7229974160206718,-0.013473909935668438
010140,삼성중공업,네이버 수정 전,2008-06-17,0.7229081632653062,0.7229695431472081,-0.008489967867075787
010140,삼성중공업,네이버 수정 전,2008-06-18,0.7228934010152285,0.7229739776951672,-0.011145170147841554
010140,삼성중공업,네이버 수정 전,2008-06-19,0.7229346485819975,0.7229876543209877,-0.007331486045902835
010140,삼성중공업,네이버 수정 전,2008-06-20,0.7228886168910649,0.7229656862745099,-0.010660171693921416
010140,삼성중공업,네이버 수정 전,2008-06-23,0.7228927680798005,0.7229938650306749,-0.013983099409853317
010140,삼성중공업,네이버 수정 전,2008-06-25,0.7228981723237597,0.7229842931937173,-0.01191185904980685
010140,삼성중공업,네이버 수정 전,2008-06-30,0.7228879892037787,0.7229758713136729,-0.012155607590957906
010140,삼성중공업,네이버 수정 전,2008-07-03,0.7228888888888889,0.722983870967742,-0.013137510070027059
010140,삼성중공업,네이버 수정 전,2008-07-04,0.7228918918918918,0.7229798657718121,-0.012168233734466405
010140,삼성중공업,네이버 수정 전,2008-07-08,0.722909090909091,0.722989417989418,-0.011110408856385146
010140,삼성중공업,네이버 수정 전,2008-07-09,0.722909090909091,0.7229803921568627,-0.009862127458126757
010140,삼성중공업,네이버 수정 전,2008-07-17,0.7228915662650602,0.7229938650306749,-0.014149326925516625
010140,삼성중공업,네이버 수정 전,2008-07-21,0.7229187817258883,0.7229850746268657,-0.009169331885805487
010140,삼성중공업,네이버 수정 전,2008-07-23,0.7228992628992629,0.7229710144927536,-0.009924546358341946
010140,삼성중공업,네이버 수정 전,2008-07-25,0.7229320619785459,0.722981220657277,-0.006799440611526819
010140,삼성중공업,네이버 수정 전,2008-07-29,0.7229016786570743,0.7229832935560859,-0.01128862862240787
010140,삼성중공업,네이버 수정 전,2008-07-30,0.7228809523809524,0.7229695431472081,-0.012253734212652745
010140,삼성중공업,네이버 수정 전,2008-07-31,0.7228865979381444,0.7229601029601029,-0.010167230758328927
010140,삼성중공업,네이버 수정 전,2008-08-05,0.7229190751445087,0.7229806259314456,-0.008513476672711295
010140,삼성중공업,네이버 수정 전,2008-08-06,0.7229064748201439,0.7229768786127168,-0.009738042066842478
010140,삼성중공업,네이버 수정 전,2008-08-18,0.7228729281767956,0.7229834254143647,-0.015283509093688696
010140,삼성중공업,네이버 수정 전,2008-08-19,0.722924791086351,0.7229916897506925,-0.009253033650302722
010140,삼성중공업,네이버 수정 전,2008-08-21,0.7229178470254958,0.723,-0.011362790387858812
010140,삼성중공업,네이버 수정 전,2008-08-22,0.7229102167182663,0.7229892141756549,-0.010926505657304908
010140,삼성중공업,네이버 수정 전,2008-08-25,0.7228787878787879,0.7229787234042553,-0.013822747783898137
010140,삼성중공업,네이버 수정 전,2008-08-26,0.7229067930489731,0.7229813664596273,-0.01031470714375482
010140,삼성중공업,네이버 수정 전,2008-08-28,0.7228616352201258,0.7229617834394905,-0.013852491467558625
010140,삼성중공업,네이버 수정 전,2008-08-29,0.7228526645768025,0.7229665071770335,-0.015746593943266607
010140,삼성중공업,네이버 수정 전,2008-09-02,0.7228813559322034,0.723006993006993,-0.01737702069340985
010140,삼성중공업,네이버 수정 전,2008-09-03,0.7228825622775801,0.7229931972789115,-0.015302357165714042
010140,삼성중공업,네이버 수정 전,2008-09-04,0.7228865979381444,0.722974358974359,-0.01213888641073968
010140,삼성중공업,네이버 수정 전,2008-09-05,0.7228822495606327,0.7229856115107913,-0.014296543183289767
010140,삼성중공업,네이버 수정 전,2008-09-09,0.7228852459016394,0.7229931972789115,-0.014931174688559423
010140,삼성중공업,네이버 수정 전,2008-09-10,0.7228869565217392,0.7229830508474576,-0.013291366319834186
010140,삼성중공업,네이버 수정 전,2008-09-11,0.7228424657534247,0.7229931972789115,-0.0208482633106577
010140,삼성중공업,네이버 수정 전,2008-09-12,0.7229096989966555,0.7229850746268657,-0.010425613592246474
010140,삼성중공업,네이버 수정 전,2008-09-16,0.7228625954198473,0.722954954954955,-0.012775282121613163
010140,삼성중공업,네이버 수정 전,2008-09-17,0.7228671328671329,0.722974358974359,-0.014831246211588489
010140,삼성중공업,네이버 수정 전,2008-09-23,0.722912,0.7229754601226994,-0.008777631634782068
010140,삼성중공업,네이버 수정 전,2008-09-25,0.722874617737003,0.722972972972973,-0.013604275629497398
010140,삼성중공업,네이버 수정 전,2008-09-26,0.7229129129129129,0.7229846153846153,-0.009917565350159308
010140,삼성중공업,네이버 수정 전,2008-09-29,0.7228787878787879,0.7229665071770335,-0.012133245091550116
010140,삼성중공업,네이버 수정 전,2008-09-30,0.7229159519725558,0.723,-0.011624900061435461
010140,삼성중공업,네이버 수정 전,2008-10-06,0.7228521739130435,0.7229328621908128,-0.011161240827373131
010140,삼성중공업,네이버 수정 전,2008-10-07,0.7228571428571429,0.7229749103942652,-0.016289297931249003
010140,삼성중공업,네이버 수정 전,2008-10-08,0.722835538752363,0.722983193277311,-0.020422953994092552
010140,삼성중공업,네이버 수정 전,2008-10-09,0.7228510638297873,0.7229450549450549,-0.013001142289403855
010140,삼성중공업,네이버 수정 전,2008-10-10,0.7228368794326241,0.7229468599033816,-0.015212801501374162
010140,삼성중공업,네이버 수정 전,2008-10-13,0.7227649769585254,0.7229662921348314,-0.027845720954933206
010140,삼성중공업,네이버 수정 전,2008-10-15,0.7228456913827656,0.7229554655870445,-0.015184089408581958
010140,삼성중공업,네이버 수정 전,2008-10-17,0.722844243792325,0.7229468599033816,-0.014194142992784986
010140,삼성중공업,네이버 수정 전,2008-10-20,0.7228169014084507,0.723002421307506,-0.025659651141951567
010140,삼성중공업,네이버 수정 전,2008-10-21,0.7228638497652582,0.7229850746268657,-0.016767270288398084
010140,삼성중공업,네이버 수정 전,2008-10-23,0.7227439024390244,0.7229447852760736,-0.02778674680840032
010140,삼성중공업,네이버 수정 전,2008-10-28,0.7227027027027026,0.723014705882353,-0.04315308901905457
010140,삼성중공업,네이버 수정 전,2008-10-29,0.7227333333333333,0.7229251700680273,-0.02653618142467451
010140,삼성중공업,네이버 수정 전,2008-11-03,0.7228211586901763,0.7229596412556054,-0.019154951054889402
010140,삼성중공업,네이버 수정 전,2008-11-05,0.7228971962616823,0.7230143540669857,-0.016204077366432923
010140,삼성중공업,네이버 수정 전,2008-11-06,0.7227989821882952,0.7229775280898877,-0.024695913034011863
010140,삼성중공업,네이버 수정 전,2008-11-07,0.7228484848484849,0.7229828850855746,-0.018589684467273937
010140,삼성중공업,네이버 수정 전,2008-11-12,0.7227979274611399,0.7229441624365482,-0.020227699870412064
010140,삼성중공업,네이버 수정 전,2008-11-13,0.7228184281842819,0.7229441624365482,-0.017391972824376545
010140,삼성중공업,네이버 수정 전,2008-11-18,0.7228497409326425,0.7229629629629629,-0.015660834111941302
010140,삼성중공업,네이버 수정 전,2008-11-19,0.7228125,0.722967032967033,-0.021374829001374884
010140,삼성중공업,네이버 수정 전,2008-11-24,0.7227777777777777,0.7230054644808743,-0.03149169878821079
010140,삼성중공업,네이버 수정 전,2008-11-25,0.7228,0.7229708222811672,-0.023627825066052655
010140,삼성중공업,네이버 수정 전,2008-11-26,0.7228354430379746,0.722974358974359,-0.01921450389767987
010140,삼성중공업,네이버 수정 전,2008-11-27,0.7228292682926829,0.722997542997543,-0.02327458875758248
010140,삼성중공업,네이버 수정 전,2008-12-02,0.7228042328042328,0.723002544529262,-0.027428911077809204
010140,삼성중공업,네이버 수정 전,2008-12-04,0.722822966507177,0.7229873417721518,-0.02273556609883043
010140,삼성중공업,네이버 수정 전,2008-12-05,0.7228148148148148,0.722997542997543,-0.025273693458305324
010140,삼성중공업,네이버 수정 전,2008-12-08,0.7228639618138425,0.7229677419354839,-0.014354737510624549
010140,삼성중공업,네이버 수정 전,2008-12-09,0.7229113924050633,0.7230065359477125,-0.013159430505627068
010140,삼성중공업,네이버 수정 전,2008-12-11,0.7228220858895705,0.7229644268774703,-0.019688518910199182
010140,삼성중공업,네이버 수정 전,2008-12-15,0.7228787878787879,0.7229562043795621,-0.010708325110875272
010140,삼성중공업,네이버 수정 전,2008-12-18,0.7228625954198473,0.722984496124031,-0.016860763244197496
010140,삼성중공업,네이버 수정 전,2008-12-19,0.7228853754940712,0.7229672447013488,-0.011324054841710396
010140,삼성중공업,네이버 수정 전,2008-12-22,0.7228571428571429,0.7229795158286778,-0.016926201760314452
010140,삼성중공업,네이버 수정 전,2008-12-24,0.7228514851485148,0.7229508196721312,-0.013740149525165446
010140,삼성중공업,네이버 수정 전,2008-12-29,0.7228508771929825,0.7229694323144105,-0.01639835878655127
010140,삼성중공업,네이버 수정 전,2009-01-06,0.7228952380952381,0.7229834254143647,-0.012197695829052613
010140,삼성중공업,네이버 수정 전,2009-01-08,0.7228358208955223,0.722967032967033,-0.018149108538489944
010140,삼성중공업,네이버 수정 전,2009-01-09,0.7228776978417266,0.7229834254143647,-0.014623789276702048
010140,삼성중공업,네이버 수정 전,2009-01-12,0.7228787878787879,0.7229644268774703,-0.011845534233589916
010140,삼성중공업,네이버 수정 전,2009-01-16,0.7228571428571429,0.7229571984435798,-0.013839766261725117
010140,삼성중공업,네이버 수정 전,2009-01-19,0.722911877394636,0.7229872495446266,-0.010425100862843095
010140,삼성중공업,네이버 수정 전,2009-01-20,0.7228888888888889,0.7229755178907721,-0.011982287053913243
010140,삼성중공업,네이버 수정 전,2009-01-21,0.7228286852589642,0.722984496124031,-0.021551065880698328
010140,삼성중공업,네이버 수정 전,2009-01-23,0.7228853754940712,0.7229880478087649,-0.014201108165612375
010140,삼성중공업,네이버 수정 전,2009-01-28,0.7228571428571429,0.7229779411764706,-0.01670843776107045
010140,삼성중공업,네이버 수정 전,2009-01-29,0.7228363636363636,0.7229739776951672,-0.01903444149433664
010140,삼성중공업,네이버 수정 전,2009-01-30,0.7228947368421053,0.7229889298892989,-0.013028283463212276
010140,삼성중공업,네이버 수정 전,2009-02-02,0.7228888888888889,0.7230072463768116,-0.01637016620729126
010140,삼성중공업,네이버 수정 전,2009-02-03,0.7228774422735347,0.7229749103942652,-0.013481535711579173
010140,삼성중공업,네이버 수정 전,2009-02-04,0.7229173989455184,0.723006993006993,-0.012391866515970573
010140,삼성중공업,네이버 수정 전,2009-02-05,0.7228368794326241,0.722967032967033,-0.018002692857899127
010140,삼성중공업,네이버 수정 전,2009-02-06,0.7228825622775801,0.7229929577464789,-0.01526923156248694
010140,삼성중공업,네이버 수정 전,2009-02-10,0.7228970331588133,0.7229856115107913,-0.012251744788249752
010140,삼성중공업,네이버 수정 전,2009-02-11,0.7228518518518519,0.7229856115107913,-0.018501012580318665
010140,삼성중공업,네이버 수정 전,2009-02-12,0.722909090909091,0.7229889298892989,-0.011042904933566966
010140,삼성중공업,네이버 수정 전,2009-02-16,0.7229084380610413,0.7229889298892989,-0.011133203418456361
010140,삼성중공업,네이버 수정 전,2009-02-17,0.7228358208955223,0.7229644268774703,-0.017788701237131388
010140,삼성중공업,네이버 수정 전,2009-02-18,0.7228282828282828,0.7229778672032193,-0.020690035161818887
010140,삼성중공업,네이버 수정 전,2009-02-23,0.7228637413394919,0.7229550321199143,-0.012627449338675767
010140,삼성중공업,네이버 수정 전,2009-02-24,0.7228251121076233,0.722972972972973,-0.020451783244623822
010140,삼성중공업,네이버 수정 전,2009-02-26,0.7228828828828829,0.7230092592592593,-0.017479219630722742
010140,삼성중공업,네이버 수정 전,2009-02-27,0.7228703703703704,0.7229953917050691,-0.01729213438053101
010140,삼성중공업,네이버 수정 전,2009-03-04,0.7228978622327791,0.7230065359477125,-0.015030806711990863
010140,삼성중공업,네이버 수정 전,2009-03-12,0.72285140562249,0.7229554655870445,-0.014393689446701163
010140,삼성중공업,네이버 수정 전,2009-03-13,0.72284,0.7230041152263375,-0.022699072229492856
010140,삼성중공업,네이버 수정 전,2009-03-16,0.722880658436214,0.7229661016949153,-0.011818432219845576
010140,삼성중공업,네이버 수정 전,2009-03-17,0.7228451882845188,0.7229778672032193,-0.018351726203424956
010140,삼성중공업,네이버 수정 전,2009-03-23,0.7228294573643411,0.7229714285714286,-0.019637180872833504
010140,삼성중공업,네이버 수정 전,2009-03-26,0.7228884826325411,0.7229818181818182,-0.012909805880290115
010140,삼성중공업,네이버 수정 전,2009-03-30,0.7228571428571429,0.7229585798816568,-0.014030821036870034
010140,삼성중공업,네이버 수정 전,2009-03-31,0.7228793774319067,0.72296875,-0.012361885364120528
010140,삼성중공업,네이버 수정 전,2009-04-01,0.722873786407767,0.7229714285714286,-0.013505673917779681
010140,삼성중공업,네이버 수정 전,2009-04-02,0.7228518518518519,0.7229724770642202,-0.01668462025804507
010140,삼성중공업,네이버 수정 전,2009-04-06,0.7228256880733945,0.7229749103942652,-0.020640041407427034
010140,삼성중공업,네이버 수정 전,2009-04-07,0.7229233511586453,0.7230072463768116,-0.011603648315661186
010140,삼성중공업,네이버 수정 전,2009-04-08,0.7228308823529411,0.7229739776951672,-0.019792599269241595
010140,삼성중공업,네이버 수정 전,2009-04-10,0.7228862478777589,0.722974358974359,-0.012187305885247302
010140,삼성중공업,네이버 수정 전,2009-04-14,0.7228892455858748,0.7229807692307693,-0.012659208763177165
010140,삼성중공업,네이버 수정 전,2009-04-15,0.7228571428571429,0.7229617834394905,-0.014473874656251162
010140,삼성중공업,네이버 수정 전,2009-04-16,0.722875,0.7229652996845426,-0.012490182389379711
010140,삼성중공업,네이버 수정 전,2009-04-17,0.7228615863141524,0.7229497568881685,-0.012195947668014462
010140,삼성중공업,네이버 수정 전,2009-04-20,0.7228664495114007,0.7229918699186992,-0.01734741599690448
010140,삼성중공업,네이버 수정 전,2009-04-21,0.7229073482428116,0.7229874213836478,-0.011075315900099802
010140,삼성중공업,네이버 수정 전,2009-04-22,0.7228301886792453,0.722976,-0.020168210390747454
010140,삼성중공업,네이버 수정 전,2009-04-23,0.7228888888888889,0.7229807692307693,-0.012708545758155498
010140,삼성중공업,네이버 수정 전,2009-04-24,0.7228888888888889,0.7229918699186992,-0.01424373275759061
010140,삼성중공업,네이버 수정 전,2009-04-27,0.7229173419773096,0.7229850746268657,-0.009368471346526963
010140,삼성중공업,네이버 수정 전,2009-04-29,0.722901554404145,0.7229830508474576,-0.011272248113847194
010140,삼성중공업,네이버 수정 전,2009-04-30,0.7228475711892798,0.7229934210526315,-0.02017305539785408
010140,삼성중공업,네이버 수정 전,2009-05-04,0.722875605815832,0.7229617834394905,-0.011920080097249652
010140,삼성중공업,네이버 수정 전,2009-05-07,0.7228971962616823,0.7229807692307693,-0.011559500977587067
010140,삼성중공업,네이버 수정 전,2009-05-11,0.7228661417322835,0.722992125984252,-0.017425397516879215
010140,삼성중공업,네이버 수정 전,2009-05-13,0.7228805237315875,0.7229801324503311,-0.013777518118784915
010140,삼성중공업,네이버 수정 전,2009-05-15,0.7228231292517007,0.7229513888888889,-0.01774111498497044
010140,삼성중공업,네이버 수정 전,2009-05-19,0.7229194630872483,0.7230016313213703,-0.011364875342234626
010140,삼성중공업,네이버 수정 전,2009-05-21,0.7228662420382166,0.7229934210526315,-0.017590618491347687
010140,삼성중공업,네이버 수정 전,2009-05-25,0.7228813559322034,0.7229534510433386,-0.009972303338645627
010140,삼성중공업,네이버 수정 전,2009-05-26,0.7228526645768025,0.7229712460063897,-0.016401956542844154
010140,삼성중공업,네이버 수정 전,2009-05-27,0.7229283489096573,0.7230016313213703,-0.010135857035209472
010140,삼성중공업,네이버 수정 전,2009-05-29,0.7229187396351575,0.7229900332225914,-0.009860936410988064
010140,삼성중공업,네이버 수정 전,2009-06-02,0.7228618421052632,0.7229530201342282,-0.01261188852190731
010140,삼성중공업,네이버 수정 전,2009-06-03,0.7228709677419355,0.7229780564263323,-0.014812162477806368
010140,삼성중공업,네이버 수정 전,2009-06-05,0.7228892455858748,0.7229545454545454,-0.009032361589145221
010140,삼성중공업,네이버 수정 전,2009-06-08,0.7228852459016394,0.722970297029703,-0.01176412480747846
010140,삼성중공업,네이버 수정 전,2009-06-10,0.7229054054054054,0.7229801324503311,-0.010335974886677146
010140,삼성중공업,네이버 수정 전,2009-06-11,0.7229139072847682,0.722983606557377,-0.009640505258579068
010140,삼성중공업,네이버 수정 전,2009-06-15,0.7228805237315875,0.722970297029703,-0.01241728719482138
010140,삼성중공업,네이버 수정 전,2009-06-18,0.722901023890785,0.723006993006993,-0.014656720783190469
010140,삼성중공업,네이버 수정 전,2009-06-19,0.7229268292682927,0.723006993006993,-0.011087546797705627
010140,삼성중공업,네이버 수정 전,2009-06-22,0.7228671328671329,0.722974358974359,-0.014831246211588489
010140,삼성중공업,네이버 수정 전,2009-06-24,0.7228621908127209,0.7229616724738676,-0.01376029531500178
010140,삼성중공업,네이버 수정 전,2009-06-25,0.7228521739130435,0.7229692832764505,-0.0161983871398097
010140,삼성중공업,네이버 수정 전,2009-06-26,0.7228231292517007,0.7229565217391304,-0.018450969514571813
010140,삼성중공업,네이버 수정 전,2009-06-29,0.7228521739130435,0.7229328621908128,-0.011161240827373131
010140,삼성중공업,네이버 수정 전,2009-07-02,0.7228571428571429,0.722974358974359,-0.016213039336887558
010140,삼성중공업,네이버 수정 전,2009-07-03,0.7228521739130435,0.722970297029703,-0.016338585021380414
010140,삼성중공업,네이버 수정 전,2009-07-06,0.7228852459016394,0.7229918699186992,-0.014747609412513185
010140,삼성중공업,네이버 수정 전,2009-07-07,0.7228711256117455,0.7229545454545454,-0.011538739651673069
010140,삼성중공업,네이버 수정 전,2009-07-09,0.7228855721393035,0.7229692832764505,-0.01157879581932253
010140,삼성중공업,네이버 수정 전,2009-07-10,0.7228571428571429,0.7229616724738676,-0.014458528121830128
010140,삼성중공업,네이버 수정 전,2009-07-13,0.7228521739130435,0.7229532710280374,-0.013983907265568973
010140,삼성중공업,네이버 수정 전,2009-07-15,0.7228462998102467,0.7229657794676806,-0.016526322659671244
010140,삼성중공업,네이버 수정 전,2009-07-16,0.7228571428571429,0.7229513888888889,-0.013036288911605354
010140,삼성중공업,네이버 수정 전,2009-07-17,0.7228571428571429,0.722974358974359,-0.016213039336887558
010140,삼성중공업,네이버 수정 전,2009-07-22,0.7228476821192052,0.7229654036243822,-0.01628314502835071
010140,삼성중공업,네이버 수정 전,2009-07-23,0.7228855721393035,0.7229934210526315,-0.014916997885128236
010140,삼성중공업,네이버 수정 전,2009-07-24,0.7229037520391517,0.7229850746268657,-0.01124816964664932
010140,삼성중공업,네이버 수정 전,2009-07-28,0.7229132569558101,0.7230016313213703,-0.012223259496479955
010140,삼성중공업,네이버 수정 전,2009-07-29,0.7229032258064516,0.723,-0.013385089010842233
010140,삼성중공업,네이버 수정 전,2009-07-30,0.7228831562974203,0.7229721362229102,-0.01230751795703311
010140,삼성중공업,네이버 수정 전,2009-08-04,0.7229057187017002,0.723,-0.01304029022127784
010140,삼성중공업,네이버 수정 전,2009-08-05,0.7228834355828221,0.7229813664596273,-0.013545421963612192
010140,삼성중공업,네이버 수정 전,2009-08-07,0.7229051987767584,0.7229800307219663,-0.010350485771115636
010140,삼성중공업,네이버 수정 전,2009-08-10,0.722874617737003,0.7229923664122138,-0.016286295773093595
010140,삼성중공업,네이버 수정 전,2009-08-11,0.7229185867895546,0.7229846153846153,-0.009132780097353965
010140,삼성중공업,네이버 수정 전,2009-08-12,0.7228703703703704,0.7230077519379845,-0.01900139621544561
010140,삼성중공업,네이버 수정 전,2009-08-17,0.7229223744292237,0.7229892141756549,-0.009244916123318792
010140,삼성중공업,네이버 수정 전,2009-08-18,0.722875,0.722967542503864,-0.012800367709930871
010140,삼성중공업,네이버 수정 전,2009-08-26,0.7228668941979522,0.7229752066115702,-0.014981483822329444
010140,삼성중공업,네이버 수정 전,2009-08-31,0.7228951747088186,0.7229642248722317,-0.009550979292960449
010140,삼성중공업,네이버 수정 전,2009-09-01,0.7228911564625851,0.722972972972973,-0.011316676203199094
010140,삼성중공업,네이버 수정 전,2009-09-09,0.7228721541155867,0.7229856115107913,-0.015692898087904528
010140,삼성중공업,네이버 수정 전,2009-09-14,0.7228571428571429,0.7229562043795621,-0.013702285396977043
010140,삼성중공업,네이버 수정 전,2009-09-15,0.7228776978417266,0.7229850746268657,-0.014851867473819613
010140,삼성중공업,네이버 수정 전,2009-09-16,0.7228624535315985,0.7229739776951672,-0.015425750719866294
010140,삼성중공업,네이버 수정 전,2009-09-21,0.7228231292517007,0.7229757785467128,-0.02111402615990743
010140,삼성중공업,네이버 수정 전,2009-09-23,0.7229116117850953,0.7229893238434164,-0.010748714504937862
010140,삼성중공업,네이버 수정 전,2009-09-28,0.7228256880733945,0.7229724770642202,-0.0203035378914751
010140,삼성중공업,네이버 수정 전,2009-10-01,0.7229019607843137,0.7230165289256199,-0.01584585368696878
010140,삼성중공업,네이버 수정 전,2009-10-07,0.7228286852589642,0.7229778672032193,-0.02063437222944442
010140,삼성중공업,네이버 수정 전,2009-10-08,0.722874251497006,0.7229778672032193,-0.01433179505399007
010140,삼성중공업,네이버 수정 전,2009-10-09,0.72285140562249,0.722989898989899,-0.01915564347475529
010140,삼성중공업,네이버 수정 전,2009-10-15,0.7228571428571429,0.7229508196721312,-0.012957563977966657
010140,삼성중공업,네이버 수정 전,2009-10-16,0.7228455284552846,0.722989898989899,-0.01996854102886969
010140,삼성중공업,네이버 수정 전,2009-10-19,0.7228803245436105,0.722989898989899,-0.015155736814798093
010140,삼성중공업,네이버 수정 전,2009-10-20,0.722874251497006,0.722970297029703,-0.013284851824690858
010140,삼성중공업,네이버 수정 전,2009-10-22,0.7228286852589642,0.722989898989899,-0.022298199623538295
010140,삼성중공업,네이버 수정 전,2009-10-26,0.7228225806451613,0.7229317269076305,-0.015097727545609896
010140,삼성중공업,네이버 수정 전,2009-10-27,0.7228513238289206,0.7229690721649484,-0.016286773606410954
010140,삼성중공업,네이버 수정 전,2009-10-28,0.722875,0.7229824561403508,-0.014862897354994686
010140,삼성중공업,네이버 수정 전,2009-10-30,0.7229017857142858,0.7230065359477125,-0.01448814474261928
010140,삼성중공업,네이버 수정 전,2009-11-02,0.7228764044943821,0.7229805615550756,-0.01440661979480451
010140,삼성중공업,네이버 수정 전,2009-11-03,0.7228448275862069,0.7229805615550756,-0.018774221062978214
010140,삼성중공업,네이버 수정 전,2009-11-04,0.7228755364806867,0.7229787234042553,-0.014272470299359075
010140,삼성중공업,네이버 수정 전,2009-11-05,0.7228509719222462,0.722991452991453,-0.01943052972832593
010140,삼성중공업,네이버 수정 전,2009-11-06,0.7228151260504202,0.722928870292887,-0.01573380828195914
010140,삼성중공업,네이버 수정 전,2009-11-09,0.7228690228690229,0.7230041152263375,-0.01868486699723171
010140,삼성중공업,네이버 수정 전,2009-11-10,0.7228688524590164,0.7229957805907173,-0.017555860643780896
010140,삼성중공업,네이버 수정 전,2009-11-11,0.7228571428571429,0.7229957805907173,-0.019175455417075327
010140,삼성중공업,네이버 수정 전,2009-11-12,0.7228571428571429,0.7229894736842105,-0.018303285439735806
010140,삼성중공업,네이버 수정 전,2009-11-16,0.7228450106157113,0.7229957805907173,-0.020853506901918895
010140,삼성중공업,네이버 수정 전,2009-11-19,0.722798353909465,0.7229568788501026,-0.02192730234336082
010140,삼성중공업,네이버 수정 전,2009-11-24,0.7228455284552846,0.7229568788501026,-0.015402079719484263
010140,삼성중공업,네이버 수정 전,2009-11-27,0.7228451882845188,0.7229530201342282,-0.014915471227905375
010140,삼성중공업,네이버 수정 전,2009-11-30,0.7227886710239652,0.7229694323144105,-0.025002618695324497
010140,삼성중공업,네이버 수정 전,2009-12-02,0.7228448275862069,0.7229805615550756,-0.018774221062978214
010140,삼성중공업,네이버 수정 전,2009-12-03,0.7228571428571429,0.7229957805907173,-0.019175455417075327
010140,삼성중공업,네이버 수정 전,2009-12-04,0.7228270042194093,0.7230041152263375,-0.024496542024898815
010140,삼성중공업,네이버 수정 전,2009-12-09,0.7228453608247423,0.7229778672032193,-0.018327860988287537
010140,삼성중공업,네이버 수정 전,2009-12-10,0.72284,0.7229527559055118,-0.015596580079502154
010140,삼성중공업,네이버 수정 전,2009-12-11,0.7228515625,0.722984496124031,-0.01838678764809476
010140,삼성중공업,네이버 수정 전,2009-12-14,0.7228294573643411,0.7229787234042553,-0.020645979623201693
010140,삼성중공업,네이버 수정 전,2009-12-16,0.722879684418146,0.7229862475442044,-0.014739301946664618
010140,삼성중공업,네이버 수정 전,2009-12-17,0.7228910891089109,0.7229880478087649,-0.01341083025478973
010140,삼성중공업,네이버 수정 전,2009-12-18,0.7228225806451613,0.722983870967742,-0.02230897936420506
010140,삼성중공업,네이버 수정 전,2009-12-21,0.722909090909091,0.722994011976048,-0.01174574969506903
010140,삼성중공업,네이버 수정 전,2009-12-23,0.7228286852589642,0.7229554655870445,-0.01753639527123374
010140,삼성중공업,네이버 수정 전,2009-12-24,0.722834008097166,0.722989898989899,-0.021561973818817748
010140,삼성중공업,네이버 수정 전,2009-12-30,0.7228688524590164,0.7230165289256199,-0.02042504710408899
010140,삼성중공업,네이버 수정 전,2010-01-04,0.7228925619834711,0.7229856850715747,-0.012880350195920709
010140,삼성중공업,네이버 수정 전,2010-01-05,0.7228220858895705,0.7230041152263375,-0.025176805073912067
010140,삼성중공업,네이버 수정 전,2010-01-06,0.7228099173553719,0.7229585798816568,-0.020563076560931037
010140,삼성중공업,네이버 수정 전,2010-01-07,0.7228740157480315,0.7229739776951672,-0.013826493099300396
010140,삼성중공업,네이버 수정 전,2010-01-08,0.7228832116788321,0.722967032967033,-0.011594067831410815
010140,삼성중공업,네이버 수정 전,2010-01-11,0.7228363636363636,0.722967032967033,-0.018074037225890294
010140,삼성중공업,네이버 수정 전,2010-01-14,0.722911877394636,0.723,-0.012188465472195986
010140,삼성중공업,네이버 수정 전,2010-01-18,0.7228358208955223,0.7229724770642202,-0.018901987701214207
010140,삼성중공업,네이버 수정 전,2010-01-19,0.7228832116788321,0.722967032967033,-0.011594067831410815
010140,삼성중공업,네이버 수정 전,2010-01-20,0.7228158844765343,0.722967032967033,-0.020906691952238265
010140,삼성중공업,네이버 수정 전,2010-01-21,0.7228363636363636,0.7229724770642202,-0.018826916953917916
010140,삼성중공업,네이버 수정 전,2010-01-22,0.7228305400372439,0.7229795158286778,-0.020605810838658645
010140,삼성중공업,네이버 수정 전,2010-01-25,0.7228679245283018,0.7229902912621359,-0.016925086728403205
010140,삼성중공업,네이버 수정 전,2010-01-26,0.7228735632183908,0.7229571984435798,-0.011568489167690377
010140,삼성중공업,네이버 수정 전,2010-01-27,0.7228404669260701,0.7229761904761904,-0.01877289347951283
010140,삼성중공업,네이버 수정 전,2010-01-28,0.7228286852589642,0.7229317269076305,-0.014253302882016872
010140,삼성중공업,네이버 수정 전,2010-02-01,0.7228210526315789,0.7229690721649484,-0.02047384031605981
010140,삼성중공업,네이버 수정 전,2010-02-03,0.7228688524590164,0.7229568788501026,-0.012175884020382277
010140,삼성중공업,네이버 수정 전,2010-02-08,0.7228510638297873,0.7229741379310345,-0.017023306200059096
010140,삼성중공업,네이버 수정 전,2010-02-11,0.7228571428571429,0.7230041152263375,-0.020328012814774254
010140,삼성중공업,네이버 수정 전,2010-02-17,0.7228744939271255,0.7229795918367347,-0.014536774038409472
010140,삼성중공업,네이버 수정 전,2010-02-18,0.7228979591836735,0.7230041152263375,-0.01468263325592467
010140,삼성중공업,네이버 수정 전,2010-02-19,0.7228336755646817,0.7229568788501026,-0.01704158145875434
010140,삼성중공업,네이버 수정 전,2010-02-24,0.7228456913827656,0.7229527559055118,-0.014809338766841318
010140,삼성중공업,네이버 수정 전,2010-02-25,0.7228290766208252,0.722989898989899,-0.022244068596044553
010140,삼성중공업,네이버 수정 전,2010-03-02,0.7228744939271255,0.7229674796747968,-0.01286167777740932
010140,삼성중공업,네이버 수정 전,2010-03-04,0.722834008097166,0.722989898989899,-0.021561973818817748
010140,삼성중공업,네이버 수정 전,2010-03-08,0.7228571428571429,0.7229532710280374,-0.013296595332901173
010140,삼성중공업,네이버 수정 전,2010-03-09,0.722808988764045,0.7229795158286778,-0.02358670763131787
010140,삼성중공업,네이버 수정 전,2010-03-10,0.7228729281767956,0.722996254681648,-0.017057696226474572
010140,삼성중공업,네이버 수정 전,2010-03-11,0.7228571428571429,0.7229770992366412,-0.016592002654713944
010140,삼성중공업,네이버 수정 전,2010-03-12,0.7228679245283018,0.7229739776951672,-0.014669015778889793
010140,삼성중공업,네이버 수정 전,2010-03-15,0.7228996282527881,0.7229834254143647,-0.01159046786287643
010140,삼성중공업,네이버 수정 전,2010-03-16,0.7228465804066544,0.7229562043795621,-0.015163293743603035
010140,삼성중공업,네이버 수정 전,2010-03-17,0.7228363636363636,0.7229724770642202,-0.018826916953917916
010140,삼성중공업,네이버 수정 전,2010-03-22,0.7228842504743833,0.72296992481203,-0.01185033217930842
010140,삼성중공업,네이버 수정 전,2010-03-26,0.722873786407767,0.7229787234042553,-0.014514534534870727
010140,삼성중공업,네이버 수정 전,2010-03-29,0.7228515625,0.7229770992366412,-0.01736386073275531
010140,삼성중공업,네이버 수정 전,2010-03-30,0.7228733459357278,0.72296992481203,-0.013358629866566663
010140,삼성중공업,네이버 수정 전,2010-03-31,0.7228893058161351,0.7229981024667932,-0.015047985642968609
010140,삼성중공업,네이버 수정 전,2010-04-02,0.722835538752363,0.7229787234042553,-0.019804822362978758
010140,삼성중공업,네이버 수정 전,2010-04-05,0.7228957528957529,0.723,-0.014418686617845289
010140,삼성중공업,네이버 수정 전,2010-04-06,0.7229083665338646,0.722994011976048,-0.011845940735977223
010140,삼성중공업,네이버 수정 전,2010-04-07,0.72288,0.722970297029703,-0.01248972884141386
010140,삼성중공업,네이버 수정 전,2010-04-08,0.7228458498023715,0.722984496124031,-0.019176942576615286
010140,삼성중공업,네이버 수정 전,2010-04-09,0.7228294573643411,0.7229644268774703,-0.018668901001417382
010140,삼성중공업,네이버 수정 전,2010-04-12,0.7228740157480315,0.7229644268774703,-0.012505612458602045
010140,삼성중공업,네이버 수정 전,2010-04-13,0.722879684418146,0.7229880478087649,-0.014988268609328337
010140,삼성중공업,네이버 수정 전,2010-04-14,0.7228853754940712,0.7229755178907721,-0.012468250233965694
010140,삼성중공업,네이버 수정 전,2010-04-15,0.7228785046728972,0.7229643527204502,-0.01187445096428874
010140,삼성중공업,네이버 수정 전,2010-04-16,0.7228518518518519,0.7229545454545454,-0.014204710840981516
010140,삼성중공업,네이버 수정 전,2010-04-19,0.7228625954198473,0.7229657794676806,-0.01427232806361367
010140,삼성중공업,네이버 수정 전,2010-04-26,0.7228785046728972,0.72296992481203,-0.01264508190387259
010140,삼성중공업,네이버 수정 전,2010-05-03,0.7228853754940712,0.723,-0.015854011885030328
010140,삼성중공업,네이버 수정 전,2010-05-04,0.7228286852589642,0.7229317269076305,-0.014253302882016872
010140,삼성중공업,네이버 수정 전,2010-05-07,0.722875816993464,0.7229723991507431,-0.013359037964999487
010140,삼성중공업,네이버 수정 전,2010-05-12,0.7228691983122363,0.7229805615550756,-0.015403352283749339
010140,삼성중공업,네이버 수정 전,2010-05-17,0.7229017857142858,0.7229931972789115,-0.01264348889724598
010140,삼성중공업,네이버 수정 전,2010-05-19,0.7228507795100223,0.7230248306997743,-0.024072643478034728
010140,삼성중공업,네이버 수정 전,2010-05-20,0.7228636363636364,0.722964705882353,-0.013979868988656108
010140,삼성중공업,네이버 수정 전,2010-06-04,0.7228318584070796,0.7229824561403508,-0.020830067450761103
010140,삼성중공업,네이버 수정 전,2010-06-08,0.7228440366972477,0.7229612756264236,-0.016216488092579695
010140,삼성중공업,네이버 수정 전,2010-06-11,0.7227886710239652,0.722991452991453,-0.02804762997525856
010140,삼성중공업,네이버 수정 전,2010-06-17,0.7228510638297873,0.7230042918454935,-0.0211932373617274
010140,삼성중공업,네이버 수정 전,2010-06-21,0.7228510638297873,0.7230165289256199,-0.02288538217494196
010140,삼성중공업,네이버 수정 전,2010-06-22,0.7228985507246377,0.7230165289256199,-0.016317497078166543
010140,삼성중공업,네이버 수정 전,2010-06-23,0.7229045643153527,0.722993762993763,-0.01233740634787317
010140,삼성중공업,네이버 수정 전,2010-06-24,0.7228690228690229,0.7230041152263375,-0.01868486699723171
010140,삼성중공업,네이버 수정 전,2010-06-25,0.7228925619834711,0.7230062630480167,-0.015726152089790002
010140,삼성중공업,네이버 수정 전,2010-07-07,0.7228453608247423,0.722928870292887,-0.011551546988419759
010140,삼성중공업,네이버 수정 전,2010-07-14,0.7228455284552846,0.722983870967742,-0.019134937584730505
010140,삼성중공업,네이버 수정 전,2010-07-16,0.7228688524590164,0.7229674796747968,-0.013641998921543053
010140,삼성중공업,네이버 수정 전,2010-07-22,0.7228215767634855,0.7229508196721312,-0.017877137023558642
010140,삼성중공업,네이버 수정 전,2010-07-23,0.7228225806451613,0.722983870967742,-0.02230897936420506
010140,삼성중공업,네이버 수정 전,2010-07-26,0.72284,0.7229778672032193,-0.019069353222744834
010140,삼성중공업,네이버 수정 전,2010-07-30,0.7228688524590164,0.7229554655870445,-0.011980423712232291
010140,삼성중공업,네이버 수정 전,2010-08-03,0.7228225806451613,0.7229508196721312,-0.017738278106949057
010140,삼성중공업,네이버 수정 전,2010-08-04,0.7228979591836735,0.7230165289256199,-0.01639931276848916
010140,삼성중공업,네이버 수정 전,2010-08-05,0.7228453608247423,0.7229690721649484,-0.017111567419569873
010140,삼성중공업,네이버 수정 전,2010-08-06,0.7228220858895705,0.7229902912621359,-0.02326523254851942
010140,삼성중공업,네이버 수정 전,2010-08-16,0.7228516377649326,0.7229787234042553,-0.017578060765655046
010140,삼성중공업,네이버 수정 전,2010-08-17,0.7229013539651837,0.723,-0.013643988218015046
010140,삼성중공업,네이버 수정 전,2010-08-18,0.7228517110266159,0.7229770992366412,-0.01734331698164393
010140,삼성중공업,네이버 수정 전,2010-08-23,0.7228625235404896,0.7229739776951672,-0.015416067260531907
010140,삼성중공업,네이버 수정 전,2010-08-25,0.722835538752363,0.722972972972973,-0.019009593131114055
010140,삼성중공업,네이버 수정 전,2010-08-26,0.7228846153846153,0.7229770992366412,-0.012792085962820554
010140,삼성중공업,네이버 수정 전,2010-08-30,0.7228623853211009,0.7229889298892989,-0.017502974522354275
010140,삼성중공업,네이버 수정 전,2010-09-01,0.7228624535315985,0.7229739776951672,-0.015425750719866294
010140,삼성중공업,네이버 수정 전,2010-09-07,0.7228888888888889,0.7229643527204502,-0.010438112374056008
010140,삼성중공업,네이버 수정 전,2010-09-09,0.7228571428571429,0.7229545454545454,-0.013472852202800478
010140,삼성중공업,네이버 수정 전,2010-09-10,0.7228947368421053,0.7229834254143647,-0.01226702703572835
010140,삼성중공업,네이버 수정 전,2010-09-15,0.7228173913043479,0.7230155979202773,-0.027413878275861503
010140,삼성중공업,네이버 수정 전,2010-09-27,0.7228813559322034,0.7229530201342282,-0.009912705255943344
010140,삼성중공업,네이버 수정 전,2010-09-28,0.7228859060402685,0.7229629629629629,-0.010658488282533352
010140,삼성중공업,네이버 수정 전,2010-09-29,0.7228665568369028,0.7229530201342282,-0.011959739418387905
010140,삼성중공업,네이버 수정 전,2010-10-04,0.7228951747088186,0.7229692832764505,-0.010250583163928795
010140,삼성중공업,네이버 수정 전,2010-10-05,0.7228865979381444,0.7229692832764505,-0.011436908900386289
010140,삼성중공업,네이버 수정 전,2010-10-06,0.7228813559322034,0.722970297029703,-0.012302178646206308
010140,삼성중공업,네이버 수정 전,2010-10-07,0.7228476821192052,0.7229712460063897,-0.01709112054829598
010140,삼성중공업,네이버 수정 전,2010-10-18,0.7228943089430895,0.7230016313213703,-0.014844002230629538
010140,삼성중공업,네이버 수정 전,2010-10-19,0.7228617886178862,0.7229752066115702,-0.015687674023512344
010140,삼성중공업,네이버 수정 전,2010-10-21,0.7228617886178862,0.7229934210526315,-0.018206588180802452
010140,삼성중공업,네이버 수정 전,2010-10-22,0.7228476821192052,0.7229773462783171,-0.017934747164527476
010140,삼성중공업,네이버 수정 전,2010-10-25,0.7228617363344051,0.7229513343799058,-0.012393371619889848
010140,삼성중공업,네이버 수정 전,2010-10-26,0.722875,0.7229923664122138,-0.01623342343103351
010140,삼성중공업,네이버 수정 전,2010-10-27,0.7228658536585366,0.7229721362229102,-0.014700782927667966
010140,삼성중공업,네이버 수정 전,2010-10-29,0.7229102167182663,0.7229793977812995,-0.009568884430943836
010140,삼성중공업,네이버 수정 전,2010-11-01,0.7229022082018928,0.723,-0.013525836529348911
010140,삼성중공업,네이버 수정 전,2010-11-02,0.7228706624605679,0.7229878048780488,-0.016202544038856903
010140,삼성중공업,네이버 수정 전,2010-11-03,0.7229046898638427,0.7229954614220877,-0.012554927809149685
010140,삼성중공업,네이버 수정 전,2010-11-04,0.7228528528528528,0.7229629629629629,-0.015230394328746844
010140,삼성중공업,네이버 수정 전,2010-11-05,0.7228702290076335,0.7229629629629629,-0.012826930296583328
010140,삼성중공업,네이버 수정 전,2010-11-08,0.722888198757764,0.7229721362229102,-0.011610055345256942
010140,삼성중공업,네이버 수정 전,2010-11-09,0.722874617737003,0.7229528158295282,-0.01081648633396437
010140,삼성중공업,네이버 수정 전,2010-11-10,0.7229223744292237,0.7229864253393665,-0.008859213381873232
010140,삼성중공업,네이버 수정 전,2010-11-12,0.7228912071535022,0.723002915451895,-0.015450601374544792
010140,삼성중공업,네이버 수정 전,2010-11-16,0.7228694404591105,0.722972972972973,-0.014320385095001331
010140,삼성중공업,네이버 수정 전,2010-11-18,0.7228955223880597,0.7229774436090226,-0.011331089467192523
010140,삼성중공업,네이버 수정 전,2010-11-22,0.7229027576197388,0.7229842180774749,-0.011267252548441409
010140,삼성중공업,네이버 수정 전,2010-11-23,0.7228694404591105,0.7229489051094891,-0.010991738118271144
010140,삼성중공업,네이버 수정 전,2010-11-24,0.7229046898638427,0.7229705882352941,-0.009114944995525232
010140,삼성중공업,네이버 수정 전,2010-11-25,0.7229154518950437,0.7229761904761904,-0.00840118691969316
010140,삼성중공업,네이버 수정 전,2010-11-26,0.7229203539823009,0.723,-0.011016046708034466
010140,삼성중공업,네이버 수정 전,2010-11-29,0.722874617737003,0.7229640718562874,-0.01237324547189722
010140,삼성중공업,네이버 수정 전,2010-12-01,0.7229085457271365,0.7229717682020802,-0.008744805499250052
010140,삼성중공업,네이버 수정 전,2010-12-06,0.7229129129129129,0.7229892141756549,-0.010553582438843634
010140,삼성중공업,네이버 수정 전,2010-12-07,0.7229012345679012,0.7229754601226994,-0.01026667693334593
010140,삼성중공업,네이버 수정 전,2010-12-08,0.7228527131782946,0.7229528158295282,-0.013846360238423117
010140,삼성중공업,네이버 수정 전,2010-12-17,0.722911051212938,0.7229726205997392,-0.008516143633507944
010140,삼성중공업,네이버 수정 전,2010-12-21,0.7229024390243902,0.7229808917197452,-0.010851281998391915
010140,삼성중공업,네이버 수정 전,2010-12-22,0.7228787878787879,0.7229685534591195,-0.012416249628299791
010140,삼성중공업,네이버 수정 전,2010-12-27,0.7229112426035503,0.7229674306393244,-0.007771862658378925
010140,삼성중공업,네이버 수정 전,2010-12-28,0.7229221556886227,0.7229771908763506,-0.007612299312120818
010140,삼성중공업,네이버 수정 전,2011-01-03,0.7229126213592233,0.7229722921914358,-0.008253543442393596
010140,삼성중공업,네이버 수정 전,2011-01-04,0.7228930817610063,0.7229573934837092,-0.00889564492770889
010140,삼성중공업,네이버 수정 전,2011-01-06,0.7228900255754476,0.7229733163913596,-0.011520593364056086
010140,삼성중공업,네이버 수정 전,2011-01-07,0.722925,0.7229843561973526,-0.008209886817567291
010140,삼성중공업,네이버 수정 전,2011-01-11,0.7228927680798005,0.7229722921914358,-0.010999607107242682
010140,삼성중공업,네이버 수정 전,2011-01-18,0.7229351535836177,0.7229816513761468,-0.006431393167527499
010140,삼성중공업,네이버 수정 전,2011-01-19,0.7228995433789954,0.7229801324503311,-0.011146789201876839
010140,삼성중공업,네이버 수정 전,2011-01-20,0.7229014396456257,0.722957906712173,-0.0078105607564493695
010140,삼성중공업,네이버 수정 전,2011-01-21,0.7229128440366972,0.7229988193624557,-0.011891489094584262
010140,삼성중공업,네이버 수정 전,2011-01-28,0.7229318181818182,0.7229816513761468,-0.006892732925345424
010140,삼성중공업,네이버 수정 전,2011-01-31,0.7229137529137529,0.7229777256740915,-0.008848510551118238
010140,삼성중공업,네이버 수정 전,2011-02-08,0.7229216152019002,0.722975,-0.007384044828628866
010140,삼성중공업,네이버 수정 전,2011-02-09,0.7229262086513994,0.7229906542056075,-0.008913746510164078
010140,삼성중공업,네이버 수정 전,2011-02-10,0.7229222520107239,0.7229903978052126,-0.009425546272190388
010140,삼성중공업,네이버 수정 전,2011-02-15,0.7229085872576178,0.7229659863945578,-0.007939396599598858
010140,삼성중공업,네이버 수정 전,2011-02-18,0.7228740740740741,0.7229503546099291,-0.01055128272204886
010140,삼성중공업,네이버 수정 전,2011-02-22,0.7228918918918918,0.7229517241379311,-0.008276105311255666
010140,삼성중공업,네이버 수정 전,2011-02-24,0.7229045643153527,0.7229711141678129,-0.009205049988314506
010140,삼성중공업,네이버 수정 전,2011-02-25,0.7229036635006785,0.722983870967742,-0.011093949710960782
010140,삼성중공업,네이버 수정 전,2011-02-28,0.7229032258064516,0.722967032967033,-0.008825735845729987
010140,삼성중공업,네이버 수정 전,2011-03-02,0.7229126213592233,0.72296918767507,-0.007824166895498141
010140,삼성중공업,네이버 수정 전,2011-03-04,0.7228954423592493,0.7229973474801061,-0.014094812548348656
010140,삼성중공업,네이버 수정 전,2011-03-09,0.722879788639366,0.7229711141678129,-0.012631974730004103
010140,삼성중공업,네이버 수정 전,2011-03-10,0.7229201101928374,0.7229871977240399,-0.009279214267365887
010140,삼성중공업,네이버 수정 전,2011-03-14,0.7228571428571429,0.723002915451895,-0.02016210331060586
010140,삼성중공업,네이버 수정 전,2011-03-15,0.7228862973760933,0.7229868228404099,-0.013904190386437865
010140,삼성중공업,네이버 수정 전,2011-03-16,0.722893982808023,0.7229619565217391,-0.009402114883494406
010140,삼성중공업,네이버 수정 전,2011-03-17,0.7229281767955801,0.7229906542056075,-0.0086415238791826
010140,삼성중공업,네이버 수정 전,2011-03-18,0.7228909329829172,0.7229842931937173,-0.012913172758932667
010140,삼성중공업,네이버 수정 전,2011-03-22,0.7228927680798005,0.722958435207824,-0.00908311250350513
010140,삼성중공업,네이버 수정 전,2011-03-23,0.722919708029197,0.7229802955665025,-0.008380247383910078
010140,삼성중공업,네이버 수정 전,2011-03-28,0.722875,0.7229765013054831,-0.014039364391482678
010140,삼성중공업,네이버 수정 전,2011-03-30,0.7229242819843342,0.7229873417721518,-0.008722115059867086
010140,삼성중공업,네이버 수정 전,2011-03-31,0.722896379525593,0.7229573934837092,-0.008439495697276644
010140,삼성중공업,네이버 수정 전,2011-04-01,0.7229177057356608,0.7229850746268657,-0.00931815794946722
010140,삼성중공업,네이버 수정 전,2011-04-04,0.7228924598269468,0.7229813664596273,-0.012297223248758371
010140,삼성중공업,네이버 수정 전,2011-04-06,0.7229130966952264,0.722981220657277,-0.009422646135770485
010140,삼성중공업,네이버 수정 전,2011-04-07,0.7229336437718277,0.722981220657277,-0.0065806530086698345
010140,삼성중공업,네이버 수정 전,2011-04-14,0.7229010989010989,0.7229945355191257,-0.012923557985089484
010140,삼성중공업,네이버 수정 전,2011-04-15,0.7229198682766191,0.7229787234042553,-0.008140644493526139
010140,삼성중공업,네이버 수정 전,2011-04-19,0.7229061784897025,0.7229681978798587,-0.008578439596373943
010140,삼성중공업,네이버 수정 전,2011-04-21,0.7229112426035503,0.7229763246899662,-0.009001966481236856
010140,삼성중공업,네이버 수정 전,2011-04-25,0.7229228998849252,0.7229791894852136,-0.007785784308456112
010140,삼성중공업,네이버 수정 전,2011-04-26,0.7229098805646037,0.7229661941112323,-0.007789236493671581
010140,삼성중공업,네이버 수정 전,2011-04-27,0.7229242262540021,0.7229804727646454,-0.007779810487573702
010140,삼성중공업,네이버 수정 전,2011-04-29,0.7228925619834711,0.7229690721649484,-0.010582773789791222
010140,삼성중공업,네이버 수정 전,2011-05-02,0.7229132231404959,0.7229614181438999,-0.006666331313742724
010140,삼성중공업,네이버 수정 전,2011-05-03,0.7229175475687104,0.7229677419354839,-0.006942822461075693
010140,삼성중공업,네이버 수정 전,2011-05-06,0.7229161882893226,0.7229787234042553,-0.008649648033653978
010140,삼성중공업,네이버 수정 전,2011-05-09,0.7228941176470588,0.7229871645274213,-0.012869783161817416
010140,삼성중공업,네이버 수정 전,2011-05-11,0.7228929384965831,0.7229801324503311,-0.01206035267560246
010140,삼성중공업,네이버 수정 전,2011-05-12,0.7229119638826185,0.7229988465974625,-0.012016992178187635
010140,삼성중공업,네이버 수정 전,2011-05-17,0.722919540229885,0.7229777256740915,-0.008048027226870147
010140,삼성중공업,네이버 수정 전,2011-05-18,0.722906976744186,0.7229810901001112,-0.010251078062772923
010140,삼성중공업,네이버 수정 전,2011-05-20,0.7229086809470124,0.7229801324503311,-0.00988291380518147
010140,삼성중공업,네이버 수정 전,2011-05-23,0.7228921023359288,0.7229988193624557,-0.01476033205987104
010140,삼성중공업,네이버 수정 전,2011-05-25,0.7228671328671329,0.7229710144927536,-0.01436871237411319
010140,삼성중공업,네이버 수정 전,2011-05-27,0.722906976744186,0.7229571106094808,-0.00693455594515946
010140,삼성중공업,네이버 수정 전,2011-05-31,0.722885462555066,0.7229629629629629,-0.010719831010330694
010140,삼성중공업,네이버 수정 전,2011-06-01,0.7228938906752411,0.7229787234042553,-0.011733779469291772
010140,삼성중공업,네이버 수정 전,2011-06-08,0.7229010989010989,0.7229763246899662,-0.010405014147529812
010140,삼성중공업,네이버 수정 전,2011-06-09,0.7228992072480181,0.7229571106094808,-0.008009238807238361
010140,삼성중공업,네이버 수정 전,2011-06-10,0.7229050279329609,0.7229561200923788,-0.0070671176296777105
010140,삼성중공업,네이버 수정 전,2011-06-13,0.7228904428904429,0.7229763246899662,-0.011878922807062597
010140,삼성중공업,네이버 수정 전,2011-06-14,0.7229086809470124,0.7229805615550756,-0.00994226012226429
010140,삼성중공업,네이버 수정 전,2011-06-15,0.7229056203605514,0.7229818956336528,-0.010550094485362038
010140,삼성중공업,네이버 수정 전,2011-06-16,0.7228944504896627,0.722970297029703,-0.010490962125531134
010140,삼성중공업,네이버 수정 전,2011-06-20,0.7229166666666667,0.72296875,-0.0072040919242177814
010140,삼성중공업,네이버 수정 전,2011-06-21,0.7229166666666667,0.7229955947136564,-0.010916808839056547
010140,삼성중공업,네이버 수정 전,2011-06-22,0.7229373650107991,0.7229863301787592,-0.0067726270769230545
010140,삼성중공업,네이버 수정 전,2011-06-23,0.722920634920635,0.7229818956336528,-0.008473339842640648
010140,삼성중공업,네이버 수정 전,2011-06-24,0.7229179978700746,0.7229741379310345,-0.007765154798000662
010140,삼성중공업,네이버 수정 전,2011-06-27,0.7229071038251366,0.7229801324503311,-0.010101055605360454
010140,삼성중공업,네이버 수정 전,2011-06-29,0.7229327453142227,0.7229796355841371,-0.006485697190705686
010140,삼성중공업,네이버 수정 전,2011-07-01,0.7229045643153527,0.7229791666666666,-0.010318741500936479
010140,삼성중공업,네이버 수정 전,2011-07-05,0.7229056203605514,0.7229637526652452,-0.008040832542355325
010140,삼성중공업,네이버 수정 전,2011-07-06,0.7229367631296891,0.7229800629590766,-0.0059890765466197315
010140,삼성중공업,네이버 수정 전,2011-07-07,0.7229201680672269,0.7229726996966633,-0.007266059902188982
010140,삼성중공업,네이버 수정 전,2011-07-11,0.7229042224510813,0.7229791666666666,-0.010366026995056732
010140,삼성중공업,네이버 수정 전,2011-07-12,0.7229113924050633,0.7229787234042553,-0.00931299871107516
010140,삼성중공업,네이버 수정 전,2011-07-13,0.7229175475687104,0.7229853862212944,-0.009383129158191394
010140,삼성중공업,네이버 수정 전,2011-07-14,0.7229052631578947,0.7229715489989462,-0.009168526914138386
010140,삼성중공업,네이버 수정 전,2011-07-15,0.7229113924050633,0.7229787234042553,-0.00931299871107516
010140,삼성중공업,네이버 수정 전,2011-07-18,0.7229237288135594,0.7229741379310345,-0.0069724648269375855
010140,삼성중공업,네이버 수정 전,2011-07-19,0.7229098805646037,0.7229700854700855,-0.008327440746402903
010140,삼성중공업,네이버 수정 전,2011-07-25,0.722909090909091,0.7229723502304147,-0.008749894972281957
010140,삼성중공업,네이버 수정 전,2011-07-26,0.7228801843317972,0.7229646522234892,-0.011683543784901662
010140,삼성중공업,네이버 수정 전,2011-07-29,0.7229028571428572,0.7229569266589057,-0.0074789401767527686
010140,삼성중공업,네이버 수정 전,2011-08-02,0.7229296424452134,0.722984723854289,-0.007618613126703089
010140,삼성중공업,네이버 수정 전,2011-08-03,0.7228915662650602,0.722964824120603,-0.010132976473908872
010140,삼성중공업,네이버 수정 전,2011-08-04,0.7229177057356608,0.7229747675962815,-0.007892648980045713
010140,삼성중공업,네이버 수정 전,2011-08-16,0.7228571428571429,0.7229829545454546,-0.017401750279277817
010140,삼성중공업,네이버 수정 전,2011-08-17,0.7228693181818182,0.7229526462395544,-0.01152607410312978
010140,삼성중공업,네이버 수정 전,2011-08-18,0.7228888888888889,0.7229881656804734,-0.013731454579346547
010140,삼성중공업,네이버 수정 전,2011-08-22,0.7228810720268006,0.7229845626072041,-0.014314355486411134
010140,삼성중공업,네이버 수정 전,2011-08-23,0.7228571428571429,0.7229641693811075,-0.014803849000744052
010140,삼성중공업,네이버 수정 전,2011-08-25,0.7228526645768025,0.722967542503864,-0.015889776553945634
010140,삼성중공업,네이버 수정 전,2011-08-26,0.7228438948995364,0.7229629629629629,-0.016469455494450003
010140,삼성중공업,네이버 수정 전,2011-08-30,0.7228776978417266,0.7229694323144105,-0.012688568642549303
010140,삼성중공업,네이버 수정 전,2011-09-01,0.722909604519774,0.7229756795422031,-0.009139314682193866
010140,삼성중공업,네이버 수정 전,2011-09-05,0.7228787878787879,0.7229874213836478,-0.015025642445065657
010140,삼성중공업,네이버 수정 전,2011-09-07,0.7228846153846153,0.7229780564263323,-0.01292446442687778
010140,삼성중공업,네이버 수정 전,2011-09-08,0.7229230769230769,0.7229860031104199,-0.008703652224573144
010140,삼성중공업,네이버 수정 전,2011-09-09,0.7228706624605679,0.7229641693811075,-0.01293382500818785
010140,삼성중공업,네이버 수정 전,2011-09-14,0.7228665568369028,0.7229513888888889,-0.011734129471197008
010140,삼성중공업,네이버 수정 전,2011-09-15,0.7228475711892798,0.7229802513464991,-0.018351836993091286
010140,삼성중공업,네이버 수정 전,2011-09-16,0.722901554404145,0.7229830508474576,-0.011272248113847194
010140,삼성중공업,네이버 수정 전,2011-09-19,0.7228813559322034,0.7229982363315697,-0.01616606977623558
010140,삼성중공업,네이버 수정 전,2011-09-20,0.7228621908127209,0.7230155979202773,-0.021217676077478487
010140,삼성중공업,네이버 수정 전,2011-09-21,0.72286701208981,0.7229765886287626,-0.015156305290664474
010140,삼성중공업,네이버 수정 전,2011-09-27,0.7228215767634855,0.7229981024667932,-0.024415790678489202
010140,삼성중공업,네이버 수정 전,2011-09-28,0.7228571428571429,0.722972972972973,-0.016021361815765633
010140,삼성중공업,네이버 수정 전,2011-09-29,0.7228515625,0.7229562043795621,-0.014474165783229243
010140,삼성중공업,네이버 수정 전,2011-10-04,0.7228294573643411,0.7229545454545454,-0.017302345076986025
010140,삼성중공업,네이버 수정 전,2011-10-05,0.7228838951310862,0.722994011976048,-0.015230671781196747
010140,삼성중공업,네이버 수정 전,2011-10-06,0.7228517110266159,0.7229562043795621,-0.014453621438359487
010140,삼성중공업,네이버 수정 전,2011-10-07,0.7228813559322034,0.7229982363315697,-0.01616606977623558
010140,삼성중공업,네이버 수정 전,2011-10-12,0.7229194630872483,0.7229900332225914,-0.009760872501729523
010140,삼성중공업,네이버 수정 전,2011-10-13,0.7228990228013029,0.722972972972973,-0.010228621875862931
010140,삼성중공업,네이버 수정 전,2011-10-14,0.722901023890785,0.7229830508474576,-0.011345626509007278
010140,삼성중공업,네이버 수정 전,2011-10-17,0.7228475711892798,0.7229815745393635,-0.01853482229738912
010140,삼성중공업,네이버 수정 전,2011-10-18,0.7229065743944637,0.7229794520547945,-0.010080184177252427
010140,삼성중공업,네이버 수정 전,2011-10-20,0.7228571428571429,0.722967032967033,-0.015199878400984357
010140,삼성중공업,네이버 수정 전,2011-10-21,0.7228571428571429,0.7229802513464991,-0.01702791869169218
010140,삼성중공업,네이버 수정 전,2011-10-24,0.722872340425532,0.7229801324503311,-0.01490940344844871
010140,삼성중공업,네이버 수정 전,2011-10-26,0.7228712871287128,0.7229773462783171,-0.014669774945264002
010140,삼성중공업,네이버 수정 전,2011-10-27,0.7228571428571429,0.7229787234042553,-0.016816614815429176
010140,삼성중공업,네이버 수정 전,2011-11-01,0.7228865979381444,0.7229629629629629,-0.010562785195189495
010140,삼성중공업,네이버 수정 전,2011-11-03,0.7228702290076335,0.7229807692307693,-0.015289510847338317
010140,삼성중공업,네이버 수정 전,2011-11-04,0.7228790199081164,0.7229878048780488,-0.015046584354316828
010140,삼성중공업,네이버 수정 전,2011-11-08,0.722899850523169,0.7229813664596273,-0.011274970592600742
010140,삼성중공업,네이버 수정 전,2011-11-09,0.7229179331306991,0.7229860031104199,-0.009415117226063696
010140,삼성중공업,네이버 수정 전,2011-11-11,0.7229037520391517,0.7229850746268657,-0.01124816964664932
010140,삼성중공업,네이버 수정 전,2011-11-14,0.7228478964401295,0.7229807692307693,-0.018378468182655983
010140,삼성중공업,네이버 수정 전,2011-11-15,0.7228849270664506,0.7229654036243822,-0.011131453528512303
010140,삼성중공업,네이버 수정 전,2011-11-17,0.7228716216216217,0.7229934210526315,-0.016846547625914976
010140,삼성중공업,네이버 수정 전,2011-11-18,0.7228231292517007,0.7229765886287626,-0.021226050673783803
010140,삼성중공업,네이버 수정 전,2011-11-22,0.7228819444444444,0.7229692832764505,-0.012080572996164829
010140,삼성중공업,네이버 수정 전,2011-11-24,0.7229038112522687,0.7229963898916968,-0.012804855006531835
010140,삼성중공업,네이버 수정 전,2011-11-28,0.7228825622775801,0.7230155979202773,-0.018400106869043142
010140,삼성중공업,네이버 수정 전,2011-11-29,0.7228960817717206,0.7230016313213703,-0.014598798270593072
010140,삼성중공업,네이버 수정 전,2011-11-30,0.7228712871287128,0.7229815745393635,-0.015254525776942085
010140,삼성중공업,네이버 수정 전,2011-12-01,0.7229245283018868,0.7229888712241653,-0.00889957298645383
010140,삼성중공업,네이버 수정 전,2011-12-02,0.7228751974723538,0.7229780564263323,-0.014227119767207252
010140,삼성중공업,네이버 수정 전,2011-12-05,0.7228482972136223,0.7230077519379845,-0.022054358882706016
010140,삼성중공업,네이버 수정 전,2011-12-07,0.7228527131782946,0.7229721362229102,-0.01651834678436659
010140,삼성중공업,네이버 수정 전,2011-12-08,0.722875,0.7229513343799058,-0.01055871623381055
010140,삼성중공업,네이버 수정 전,2011-12-14,0.7228764805414551,0.7229530201342282,-0.010587076980306254
010140,삼성중공업,네이버 수정 전,2011-12-16,0.7228421052631578,0.7229513888888889,-0.015116317280894354
010140,삼성중공업,네이버 수정 전,2011-12-19,0.7228521739130435,0.7229724770642202,-0.0166400734458394
010140,삼성중공업,네이버 수정 전,2011-12-20,0.7228158844765343,0.7229802513464991,-0.022734627904241744
010140,삼성중공업,네이버 수정 전,2011-12-21,0.72286701208981,0.7229616724738676,-0.013093416658405133
010140,삼성중공업,네이버 수정 전,2011-12-22,0.7228970331588133,0.722974358974359,-0.010695512860992018
010140,삼성중공업,네이버 수정 전,2011-12-23,0.7228813559322034,0.7229915966386554,-0.015247854465327837
010140,삼성중공업,네이버 수정 전,2011-12-26,0.7228619528619529,0.7229757785467128,-0.015744052309574208
010140,삼성중공업,네이버 수정 전,2011-12-28,0.7228975265017668,0.7229946524064171,-0.013433834444986914
010140,삼성중공업,네이버 수정 전,2011-12-29,0.7228468468468469,0.7229749103942652,-0.017713415165199198
010140,삼성중공업,네이버 수정 전,2012-01-04,0.7229,0.722972972972973,-0.010093457943938233
010140,삼성중공업,네이버 수정 전,2012-01-05,0.7228911564625851,0.7229845626072041,-0.012919521307930282
010140,삼성중공업,네이버 수정 전,2012-01-10,0.7228668941979522,0.7229530201342282,-0.011913075106873006
010140,삼성중공업,네이버 수정 전,2012-01-11,0.7228903654485049,0.7229807692307693,-0.01250431354633541
010140,삼성중공업,네이버 수정 전,2012-01-12,0.7228797468354431,0.7229617834394905,-0.011347294687846787
010140,삼성중공업,네이버 수정 전,2012-01-16,0.7228834355828221,0.7229673590504451,-0.011608195940293609
010140,삼성중공업,네이버 수정 전,2012-01-17,0.7228823529411764,0.7229837518463811,-0.01402506003014281
010140,삼성중공업,네이버 수정 전,2012-01-19,0.7229064748201439,0.7229768786127168,-0.009738042066842478
010140,삼성중공업,네이버 수정 전,2012-01-26,0.7228772919605078,0.7229799426934097,-0.014198282253796712
010140,삼성중공업,네이버 수정 전,2012-01-27,0.7228815977175463,0.7229694323144105,-0.012149143924788941
010140,삼성중공업,네이버 수정 전,2012-01-30,0.7229064748201439,0.7229749631811487,-0.009473130397696927
010140,삼성중공업,네이버 수정 전,2012-01-31,0.7229032258064516,0.72296918767507,-0.009123745484995727
010140,삼성중공업,네이버 수정 전,2012-02-01,0.722909090909091,0.7230014025245441,-0.012767833524374161
010140,삼성중공업,네이버 수정 전,2012-02-02,0.7228969359331476,0.7229700272479564,-0.01010986791347701
010140,삼성중공업,네이버 수정 전,2012-02-03,0.7229201101928374,0.7229775280898877,-0.00794186469418312
010140,삼성중공업,네이버 수정 전,2012-02-06,0.722904109589041,0.7229850746268657,-0.011198714975746427
010140,삼성중공업,네이버 수정 전,2012-02-07,0.7229036635006785,0.722967032967033,-0.008765194464610548
010140,삼성중공업,네이버 수정 전,2012-02-08,0.7229228687415427,0.7229908972691808,-0.009409320075126626
010140,삼성중공업,네이버 수정 전,2012-02-09,0.722909090909091,0.722984693877551,-0.01045706348976605
010140,삼성중공업,네이버 수정 전,2012-02-14,0.7228940568475453,0.7229765013054831,-0.011403476847304805
010140,삼성중공업,네이버 수정 전,2012-02-15,0.722909090909091,0.72296875,-0.008251959840466228
010140,삼성중공업,네이버 수정 전,2012-02-16,0.7228912466843501,0.7229668874172186,-0.010462544576372856
010140,삼성중공업,네이버 수정 전,2012-02-17,0.7229210526315789,0.7229758713136729,-0.007582366752345582
010140,삼성중공업,네이버 수정 전,2012-02-22,0.7228888888888889,0.722967032967033,-0.010808802418471597
010140,삼성중공업,네이버 수정 전,2012-02-27,0.7228647925033467,0.7229718875502008,-0.01481316890716844
010140,삼성중공업,네이버 수정 전,2012-02-28,0.7228835978835979,0.7229861982434128,-0.014191192039925138
010140,삼성중공업,네이버 수정 전,2012-02-29,0.7229,0.7229938650306749,-0.012982825334328929
010140,삼성중공업,네이버 수정 전,2012-03-02,0.7229135802469135,0.722972972972973,-0.008215068651218349
010140,삼성중공업,네이버 수정 전,2012-03-05,0.7228748451053284,0.7229861982434128,-0.015401834551609372
010140,삼성중공업,네이버 수정 전,2012-03-08,0.7229219143576826,0.7229766297662976,-0.007568074314201478
010140,삼성중공업,네이버 수정 전,2012-03-13,0.7229104477611941,0.7229861982434128,-0.010477445130041563
010140,삼성중공업,네이버 수정 전,2012-03-14,0.7229095354523227,0.7229700598802395,-0.008371636845772024
010140,삼성중공업,네이버 수정 전,2012-03-15,0.7228982035928144,0.7229700598802395,-0.009939040551276701
010140,삼성중공업,네이버 수정 전,2012-03-19,0.7228996282527881,0.7229776674937965,-0.010794142684789065
010140,삼성중공업,네이버 수정 전,2012-03-22,0.7229297820823245,0.7229802955665025,-0.0069868410643714185
010140,삼성중공업,네이버 수정 전,2012-03-23,0.7229104477611941,0.7229782082324455,-0.00937240852904031
010140,삼성중공업,네이버 수정 전,2012-03-26,0.7229086538461539,0.7229674306393244,-0.008129936519907233
010140,삼성중공업,네이버 수정 전,2012-03-30,0.7228981723237597,0.7229668874172186,-0.00950459760395983
010140,삼성중공업,네이버 수정 전,2012-04-02,0.7229095674967234,0.7229803921568627,-0.00979620760225286
010140,삼성중공업,네이버 수정 전,2012-04-04,0.7229374201787995,0.7229906542056075,-0.0073630311122729886
010140,삼성중공업,네이버 수정 전,2012-04-05,0.7228997289972899,0.7229973474801061,-0.013501914378588609
010140,삼성중공업,네이버 수정 전,2012-04-10,0.7228954423592493,0.7229758713136729,-0.011124707976417625
010140,삼성중공업,네이버 수정 전,2012-04-12,0.7228958051420838,0.7229619565217391,-0.0091500498827779
010140,삼성중공업,네이버 수정 전,2012-04-16,0.722890625,0.7229601029601029,-0.009610206679244726
010140,삼성중공업,네이버 수정 전,2012-04-17,0.7229081632653062,0.72296875,-0.008380270197561046
010140,삼성중공업,네이버 수정 전,2012-04-18,0.7229224904701398,0.7229802955665025,-0.007995390291704041
010140,삼성중공업,네이버 수정 전,2012-04-19,0.7228960396039604,0.722958435207824,-0.008630593520309038
010140,삼성중공업,네이버 수정 전,2012-04-24,0.7228943937418514,0.7229571984435798,-0.008687195018397542
010140,삼성중공업,네이버 수정 전,2012-04-27,0.722909090909091,0.7229695431472081,-0.008361657650746146
010140,삼성중공업,네이버 수정 전,2012-05-02,0.7228978622327791,0.7229868578255675,-0.01230943437285914
010140,삼성중공업,네이버 수정 전,2012-05-03,0.7228809523809524,0.7229818181818182,-0.013951360646857758
010140,삼성중공업,네이버 수정 전,2012-05-04,0.7228992628992629,0.7229832935560859,-0.011622766054486533
010140,삼성중공업,네이버 수정 전,2012-05-07,0.7228996282527881,0.722984693877551,-0.011765895666027149
010140,삼성중공업,네이버 수정 전,2012-05-08,0.722929292929293,0.7229911280101394,-0.008552674915474068
010140,삼성중공업,네이버 수정 전,2012-05-11,0.7228843537414966,0.7229846582984658,-0.013873677099218718
010140,삼성중공업,네이버 수정 전,2012-05-15,0.7229022988505747,0.7229629629629629,-0.008391040135669048
010140,삼성중공업,네이버 수정 전,2012-05-16,0.722906976744186,0.7229725829725829,-0.009074511252860074
010140,삼성중공업,네이버 수정 전,2012-05-17,0.7228818443804035,0.7229943502824858,-0.015561103906047702
010140,삼성중공업,네이버 수정 전,2012-05-18,0.722914862914863,0.7229868228404099,-0.009953144825558535
010140,삼성중공업,네이버 수정 전,2012-05-23,0.7229362880886426,0.7230014025245441,-0.009006128573774141
010140,삼성중공업,네이버 수정 전,2012-05-29,0.7228851540616247,0.7229758713136729,-0.012547756522407472
010140,삼성중공업,네이버 수정 전,2012-05-30,0.7228877005347594,0.722983870967742,-0.01330187807009331
010140,삼성중공업,네이버 수정 전,2012-06-01,0.7228965517241379,0.72296918767507,-0.010046894414084129
010140,삼성중공업,네이버 수정 전,2012-06-07,0.722884882108183,0.7229608938547486,-0.010513949953816493
010140,삼성중공업,네이버 수정 전,2012-06-11,0.7228882833787466,0.7229679144385027,-0.011014466640335563
010140,삼성중공업,네이버 수정 전,2012-06-12,0.722904109589041,0.7229798657718121,-0.01047832538049187
010140,삼성중공업,네이버 수정 전,2012-06-13,0.7228912466843501,0.7229973474801061,-0.014675129324581704
010140,삼성중공업,네이버 수정 전,2012-06-15,0.722910052910053,0.7229689608636977,-0.008148061235480064
010140,삼성중공업,네이버 수정 전,2012-06-19,0.7228903225806451,0.72296875,-0.010847968097504879
010140,삼성중공업,네이버 수정 전,2012-06-20,0.7228900255754476,0.7229639175257732,-0.010220696847285105
010140,삼성중공업,네이버 수정 전,2012-06-21,0.722905317769131,0.7229842931937173,-0.010923532548312576
010140,삼성중공업,네이버 수정 전,2012-06-22,0.7228877005347594,0.7229619565217391,-0.0102710780712445
010140,삼성중공업,네이버 수정 전,2012-06-27,0.722884882108183,0.7229846582984658,-0.013800595785473657
010140,삼성중공업,네이버 수정 전,2012-06-28,0.7229045643153527,0.7229608938547486,-0.007791505719711989
010140,삼성중공업,네이버 수정 전,2012-06-29,0.7228854314002829,0.7229758713136729,-0.012509395815052393
010140,삼성중공업,네이버 수정 전,2012-07-04,0.7228828828828829,0.7229726205997392,-0.012412325764399323
010140,삼성중공업,네이버 수정 전,2012-07-06,0.7229262086513994,0.7229908972691808,-0.008947362688194183
010140,삼성중공업,네이버 수정 전,2012-07-09,0.7228985507246377,0.7229668874172186,-0.009452257602693415
010140,삼성중공업,네이버 수정 전,2012-07-10,0.7229095674967234,0.722989417989418,-0.011044489823464065
010140,삼성중공업,네이버 수정 전,2012-07-16,0.722884882108183,0.7229752066115702,-0.01249344411277109
010140,삼성중공업,네이버 수정 전,2012-07-17,0.722884882108183,0.7229810298102981,-0.013298786296001008
010140,삼성중공업,네이버 수정 전,2012-07-19,0.7229050279329609,0.7229680998613037,-0.008724026461881529
010140,삼성중공업,네이버 수정 전,2012-07-23,0.7228895184135977,0.7229775280898877,-0.012173224321709863
010140,삼성중공업,네이버 수정 전,2012-07-24,0.7229055007052186,0.7229871977240399,-0.011299926067620536
010140,삼성중공업,네이버 수정 전,2012-07-25,0.7228779069767441,0.7229682997118155,-0.012503001183783446
010140,삼성중공업,네이버 수정 전,2012-07-26,0.7229190751445087,0.7229885057471265,-0.00960327889943935
010140,삼성중공업,네이버 수정 전,2012-08-01,0.7228754813863928,0.7229733163913596,-0.013532312016051318
010140,삼성중공업,네이버 수정 전,2012-08-06,0.7228865979381444,0.7229765013054831,-0.012435171430380532
010140,삼성중공업,네이버 수정 전,2012-08-10,0.7228900255754476,0.722984693877551,-0.013094094924159805
010140,삼성중공업,네이버 수정 전,2012-08-16,0.7228865979381444,0.7229733163913596,-0.011994696242478842
010140,삼성중공업,네이버 수정 전,2012-08-20,0.7229003783102144,0.7229695431472081,-0.009566770502200672
010140,삼성중공업,네이버 수정 전,2012-08-21,0.7228858218318696,0.7229601029601029,-0.0102745819484662
010140,삼성중공업,네이버 수정 전,2012-08-22,0.7229086229086229,0.7229908972691808,-0.01137972288013378
010140,삼성중공업,네이버 수정 전,2012-08-23,0.722886866059818,0.7229601029601029,-0.01013014410962132
010140,삼성중공업,네이버 수정 전,2012-08-24,0.722890625,0.7229842931937173,-0.012955771598233135
010140,삼성중공업,네이버 수정 전,2012-08-27,0.7228943937418514,0.7229658792650918,-0.009887814251086091
010140,삼성중공업,네이버 수정 전,2012-08-30,0.7228759894459102,0.7229718875502008,-0.013264430601234167
010140,삼성중공업,네이버 수정 전,2012-09-04,0.7229222520107239,0.7229882044560944,-0.009122202127775925
010140,삼성중공업,네이버 수정 전,2012-09-05,0.7229133858267717,0.722983870967742,-0.009749199643405149
010140,삼성중공업,네이버 수정 전,2012-09-07,0.7228903225806451,0.7229562982005141,-0.0091258102368319
010140,삼성중공업,네이버 수정 전,2012-09-10,0.7229086229086229,0.7229882044560944,-0.011007309245292252
010140,삼성중공업,네이버 수정 전,2012-09-12,0.7228985507246377,0.7229803921568627,-0.011320007169324242
010140,삼성중공업,네이버 수정 전,2012-09-13,0.7228909329829172,0.722989417989418,-0.013621915349004698
010140,삼성중공업,네이버 수정 전,2012-09-17,0.7229011553273428,0.7229677419354839,-0.009210176924745461
010140,삼성중공업,네이버 수정 전,2012-09-20,0.722901554404145,0.7229974160206718,-0.013258915509595237
010140,삼성중공업,네이버 수정 전,2012-09-21,0.7228903225806451,0.7229639175257732,-0.010179615239980233
010140,삼성중공업,네이버 수정 전,2012-09-25,0.7228912466843501,0.7229815303430079,-0.012487685351381117
010140,삼성중공업,네이버 수정 전,2012-09-27,0.7229195088676671,0.722982689747004,-0.00873892006445498
010140,삼성중공업,네이버 수정 전,2012-09-28,0.7228989361702127,0.7229973474801061,-0.013611572744542944
010140,삼성중공업,네이버 수정 전,2012-10-02,0.7228647925033467,0.7229798657718121,-0.01591652463828197
010140,삼성중공업,네이버 수정 전,2012-10-05,0.722911051212938,0.7229659863945578,-0.007598584532830799
010140,삼성중공업,네이버 수정 전,2012-10-08,0.722904109589041,0.7229846582984658,-0.01114113674477446
010140,삼성중공업,네이버 수정 전,2012-10-12,0.7228781204111601,0.7229629629629629,-0.01173539394814238
010140,삼성중공업,네이버 수정 전,2012-10-15,0.7228783382789318,0.7229518072289156,-0.01016235788460218
010140,삼성중공업,네이버 수정 전,2012-10-16,0.7228912071535022,0.722972972972973,-0.011309664749237225
010140,삼성중공업,네이버 수정 전,2012-10-17,0.7228655834564254,0.7229885057471265,-0.01700197025595873
010140,삼성중공업,네이버 수정 전,2012-10-18,0.7228898426323319,0.7229608938547486,-0.009827809916229668
010140,삼성중공업,네이버 수정 전,2012-10-22,0.7228698224852071,0.722953216374269,-0.011535170903598235
010140,삼성중공업,네이버 수정 전,2012-10-30,0.722921686746988,0.7229864253393665,-0.008954330276411682
010140,삼성중공업,네이버 수정 전,2012-10-31,0.7228912071535022,0.722968515742129,-0.010693216501611591
010140,삼성중공업,네이버 수정 전,2012-11-02,0.7228740740740741,0.7229682997118155,-0.013033163110887092
010140,삼성중공업,네이버 수정 전,2012-11-08,0.7228857142857142,0.7229829545454546,-0.013449868925541342
010140,삼성중공업,네이버 수정 전,2012-11-09,0.7229027576197388,0.7229829545454546,-0.011092505737742009
010140,삼성중공업,네이버 수정 전,2012-11-12,0.7228857142857142,0.7229694323144105,-0.011579746660683732
010140,삼성중공업,네이버 수정 전,2012-11-14,0.7229080118694362,0.7229761904761904,-0.009430269994004092
010140,삼성중공업,네이버 수정 전,2012-11-15,0.722874617737003,0.7229640718562874,-0.01237324547189722
010140,삼성중공업,네이버 수정 전,2012-11-20,0.7228898426323319,0.7229768786127168,-0.012038556551330348
010140,삼성중공업,네이버 수정 전,2012-11-22,0.7228695652173913,0.7229837518463811,-0.015793802930996748
010140,삼성중공업,네이버 수정 전,2012-11-26,0.7229032258064516,0.7229799426934097,-0.010611205432931037
010140,삼성중공업,네이버 수정 전,2012-11-27,0.7228854314002829,0.7229745042492918,-0.012320330590542827
010140,삼성중공업,네이버 수정 전,2012-11-30,0.722924791086351,0.7229903978052126,-0.009074355490856778
010140,삼성중공업,네이버 수정 전,2012-12-04,0.7228804347826087,0.7229700272479564,-0.012392279343698132
010140,삼성중공업,네이버 수정 전,2012-12-05,0.7229080932784636,0.72297699594046,-0.009530408627567155
010140,삼성중공업,네이버 수정 전,2012-12-06,0.7228918918918918,0.7229758713136729,-0.011615798688890955
010140,삼성중공업,네이버 수정 전,2012-12-07,0.7229032258064516,0.72296875,-0.009063212420790112
010140,삼성중공업,네이버 수정 전,2012-12-10,0.7228828828828829,0.7229668874172186,-0.011619416573249719
010140,삼성중공업,네이버 수정 전,2012-12-13,0.7228970775095298,0.7229733163913596,-0.010545186122545847
010140,삼성중공업,네이버 수정 전,2012-12-20,0.7228981723237597,0.7229639175257732,-0.00909384277965053
010140,삼성중공업,네이버 수정 전,2012-12-21,0.7229081632653062,0.7229601029601029,-0.0071843099756274675
010140,삼성중공업,네이버 수정 전,2012-12-24,0.7229230769230769,0.7229765013054831,-0.007389504680954673
010140,삼성중공업,네이버 수정 전,2012-12-26,0.7228943937418514,0.7229882044560944,-0.012975414213500791
010140,삼성중공업,네이버 수정 전,2012-12-27,0.7228985507246377,0.7229973474801061,-0.013664884914554865
010140,삼성중공업,네이버 수정 전,2013-01-04,0.722890625,0.7229765013054831,-0.011878159985556636
010140,삼성중공업,네이버 수정 전,2013-01-07,0.7229281045751634,0.722982689747004,-0.007549997062816782
010140,삼성중공업,네이버 수정 전,2013-01-08,0.7228722002635046,0.7229850746268657,-0.01561226743432842
010140,삼성중공업,네이버 수정 전,2013-01-09,0.7228647925033467,0.7229659863945578,-0.013997047318337064
010140,삼성중공업,네이버 수정 전,2013-01-11,0.7228838451268358,0.7229659863945578,-0.011361705705081881
010140,삼성중공업,네이버 수정 전,2013-01-14,0.7229036635006785,0.7229590488771467,-0.00766092858983658
010140,삼성중공업,네이버 수정 전,2013-01-15,0.7228989361702127,0.722983870967742,-0.01174781360137045
010140,삼성중공업,네이버 수정 전,2013-01-16,0.7228724832214765,0.7229590488771467,-0.011973797935671548
010140,삼성중공업,네이버 수정 전,2013-01-17,0.722879788639366,0.7229758713136729,-0.013289886719503041
010140,삼성중공업,네이버 수정 전,2013-01-18,0.722887417218543,0.7229679144385027,-0.011134272815171986
010140,삼성중공업,네이버 수정 전,2013-01-21,0.7228838451268358,0.7229973474801061,-0.01569886164395351
010140,삼성중공업,네이버 수정 전,2013-01-22,0.7228835978835979,0.7229842931937173,-0.01392773135838743
010140,삼성중공업,네이버 수정 전,2013-01-23,0.7228943937418514,0.7229718875502008,-0.010718785845464929
010140,삼성중공업,네이버 수정 전,2013-01-29,0.7228877005347594,0.722989417989418,-0.014069010158057615
010140,삼성중공업,네이버 수정 전,2013-01-31,0.7228981723237597,0.7229803921568627,-0.01137234619291716
010140,삼성중공업,네이버 수정 전,2013-02-05,0.7229036635006785,0.7229752066115702,-0.009895652055214033
010140,삼성중공업,네이버 수정 전,2013-02-07,0.7228729281767956,0.722965034965035,-0.012740144237233242
010140,삼성중공업,네이버 수정 전,2013-02-13,0.7229228687415427,0.7229906542056075,-0.00937570405240562
010140,삼성중공업,네이버 수정 전,2013-02-14,0.7229066666666667,0.722989417989418,-0.011445717003910616
010140,삼성중공업,네이버 수정 전,2013-02-15,0.7228981723237597,0.722989417989418,-0.012620608737534678
010140,삼성중공업,네이버 수정 전,2013-02-18,0.7229133858267717,0.7229803921568627,-0.009268070174228704
010140,삼성중공업,네이버 수정 전,2013-02-19,0.7228981723237597,0.7229765013054831,-0.010834236186363366
010140,삼성중공업,네이버 수정 전,2013-02-20,0.722909090909091,0.722984693877551,-0.01045706348976605
010140,삼성중공업,네이버 수정 전,2013-02-21,0.7229230769230769,0.7229842931937173,-0.008467164669645477
010140,삼성중공업,네이버 수정 전,2013-02-22,0.7229204693611473,0.7229781771501925,-0.007981954486191434
010140,삼성중공업,네이버 수정 전,2013-02-25,0.7229268292682927,0.722987012987013,-0.00832431532505895
010140,삼성중공업,네이버 수정 전,2013-02-26,0.7229210526315789,0.7229803921568627,-0.008207625812195474
010140,삼성중공업,네이버 수정 전,2013-02-27,0.7228756476683937,0.7229765013054831,-0.013949780789168642
010140,삼성중공업,네이버 수정 전,2013-03-04,0.7229230769230769,0.7229815303430079,-0.008085050236805724
010140,삼성중공업,네이버 수정 전,2013-03-08,0.7229062087186262,0.7229697766097241,-0.00879260698779527
010140,삼성중공업,네이버 수정 전,2013-03-11,0.722875816993464,0.722989417989418,-0.01571267754787442
010140,삼성중공업,네이버 수정 전,2013-03-12,0.7228912466843501,0.7229659863945578,-0.010337928977877109
010140,삼성중공업,네이버 수정 전,2013-03-13,0.722904109589041,0.7229752066115702,-0.00983395030410561
010140,삼성중공업,네이버 수정 전,2013-03-15,0.7228879892037787,0.7229752066115702,-0.012063678946927503
010140,삼성중공업,네이버 수정 전,2013-03-18,0.7229234972677596,0.7229846582984658,-0.008459519853454278
010140,삼성중공업,네이버 수정 전,2013-03-19,0.7228689655172413,0.7229846582984658,-0.016002107361001716
010140,삼성중공업,네이버 수정 전,2013-03-20,0.7229014084507043,0.7229745042492918,-0.010110425493270458
010140,삼성중공업,네이버 수정 전,2013-03-22,0.7228977272727273,0.7229829545454546,-0.011788282447255938
010140,삼성중공업,네이버 수정 전,2013-03-28,0.7229050279329609,0.7229957203994294,-0.01254398385904798
010140,삼성중공업,네이버 수정 전,2013-03-29,0.7228611898016997,0.7229885057471265,-0.017609677666352574
010140,삼성중공업,네이버 수정 전,2013-04-01,0.7228898426323319,0.7229799426934097,-0.012462318213435353
010140,삼성중공업,네이버 수정 전,2013-04-03,0.7229064748201439,0.7229761904761904,-0.009642870258363967
010140,삼성중공업,네이버 수정 전,2013-04-04,0.7228528528528528,0.7229787234042553,-0.01740999386673492
010140,삼성중공업,네이버 수정 전,2013-04-08,0.722874432677761,0.7229528158295282,-0.010842084026918553
010140,삼성중공업,네이버 수정 전,2013-04-09,0.7228919330289193,0.7229878048780488,-0.01326050709052895
010140,삼성중공업,네이버 수정 전,2013-04-10,0.7228963414634146,0.7229864253393665,-0.012459967821609741
010140,삼성중공업,네이버 수정 전,2013-04-15,0.7228618421052632,0.7229918699186992,-0.017984685422633984
010140,삼성중공업,네이버 수정 전,2013-04-16,0.722909090909091,0.7230016313213703,-0.012799474893332441
010140,삼성중공업,네이버 수정 전,2013-04-18,0.7229299363057324,0.723,-0.009690690770058907
010140,삼성중공업,네이버 수정 전,2013-04-22,0.7228878648233487,0.7229878048780488,-0.013823200616369657
010140,삼성중공업,네이버 수정 전,2013-04-23,0.7228658536585366,0.7229774436090226,-0.015434776212230883
010140,삼성중공업,네이버 수정 전,2013-04-24,0.7228869047619048,0.722968515742129,-0.011288317326019204
010140,삼성중공업,네이버 수정 전,2013-05-02,0.7228818443804035,0.723002915451895,-0.01674558551618688
010140,삼성중공업,네이버 수정 전,2013-05-07,0.7228865979381444,0.7229518072289156,-0.009019866901116558
010140,삼성중공업,네이버 수정 전,2013-05-09,0.7228698224852071,0.7229640287769784,-0.013030564180438464
010140,삼성중공업,네이버 수정 전,2013-05-10,0.7228695652173913,0.7229793510324484,-0.015185193726530155
010140,삼성중공업,네이버 수정 전,2013-05-13,0.7228912071535022,0.722968515742129,-0.010693216501611591
010140,삼성중공업,네이버 수정 전,2013-05-14,0.722899850523169,0.7229793510324484,-0.01099623511596759
010140,삼성중공업,네이버 수정 전,2013-05-15,0.7228908554572271,0.7229837518463811,-0.01284902861464765
010140,삼성중공업,네이버 수정 전,2013-05-20,0.7229129129129129,0.723,-0.012045240261004952
010140,삼성중공업,네이버 수정 전,2013-05-21,0.7229003021148036,0.7229787234042553,-0.010846970583366922
010140,삼성중공업,네이버 수정 전,2013-05-22,0.7228571428571429,0.7229528158295282,-0.01323363991265758
010140,삼성중공업,네이버 수정 전,2013-05-23,0.7228658536585366,0.7229874213836478,-0.016814639026296874
010140,삼성중공업,네이버 수정 전,2013-05-27,0.7229245283018868,0.723,-0.010438685769453837
010140,삼성중공업,네이버 수정 전,2013-05-28,0.7229283489096573,0.723,-0.009910247626931934
010140,삼성중공업,네이버 수정 전,2013-05-29,0.7228792569659442,0.7229663608562691,-0.0120481249254345
010140,삼성중공업,네이버 수정 전,2013-05-30,0.722874617737003,0.7229923664122138,-0.016286295773093595
010140,삼성중공업,네이버 수정 전,2013-06-05,0.7228691983122363,0.7229943502824858,-0.017310227970745995
010140,삼성중공업,네이버 수정 전,2013-06-07,0.7228815977175463,0.7229608938547486,-0.010968247090026306
010140,삼성중공업,네이버 수정 전,2013-06-11,0.7229207232267038,0.7229775280898877,-0.00785707175906536
010140,삼성중공업,네이버 수정 전,2013-06-14,0.7229241379310345,0.7229817158931083,-0.007963958258982995
010140,삼성중공업,네이버 수정 전,2013-06-18,0.7228860028860029,0.7229829545454546,-0.013409950932052883
010140,삼성중공업,네이버 수정 전,2013-06-19,0.7228611898016997,0.72296918767507,-0.014938101818373628
010140,삼성중공업,네이버 수정 전,2013-06-20,0.7229055007052186,0.7229775280898877,-0.009962603520929925
010140,삼성중공업,네이버 수정 전,2013-06-26,0.7228865979381444,0.7229793510324484,-0.012829286779980631
010140,삼성중공업,네이버 수정 전,2013-06-27,0.722919708029197,0.7229871977240399,-0.00933483954560499
010140,삼성중공업,네이버 수정 전,2013-06-28,0.7229009762900976,0.7229608938547486,-0.008287801616968515
010140,삼성중공업,네이버 수정 전,2013-07-01,0.7228611898016997,0.7229503546099291,-0.012333462133440332
010140,삼성중공업,네이버 수정 전,2013-07-02,0.7228531468531468,0.7229943502824858,-0.019530364142372747
010140,삼성중공업,네이버 수정 전,2013-07-03,0.7228611898016997,0.7229829545454546,-0.016841993713601067
010140,삼성중공업,네이버 수정 전,2013-07-04,0.7229295774647887,0.7229957203994294,-0.00914845451701618
010140,삼성중공업,네이버 수정 전,2013-07-05,0.7228770949720671,0.7229608938547486,-0.011591067150906742
010140,삼성중공업,네이버 수정 전,2013-07-09,0.7229105473965287,0.722982689747004,-0.009978433992730018
010140,삼성중공업,네이버 수정 전,2013-07-10,0.7229027962716378,0.7229679144385027,-0.009007061802390748
010140,삼성중공업,네이버 수정 전,2013-07-11,0.722910052910053,0.7229776021080369,-0.00934319372922765
010140,삼성중공업,네이버 수정 전,2013-07-17,0.7228720626631854,0.7229601029601029,-0.012177753178510553
010140,삼성중공업,네이버 수정 전,2013-07-18,0.7229198966408269,0.722979274611399,-0.00821295611883599
010140,삼성중공업,네이버 수정 전,2013-07-19,0.7229274611398964,0.722984693877551,-0.007916175562128203
010140,삼성중공업,네이버 수정 전,2013-07-22,0.7228753180661578,0.7229573934837092,-0.011352732303626656
010140,삼성중공업,네이버 수정 전,2013-07-24,0.7228865979381444,0.7229562982005141,-0.0096410063157637
010140,삼성중공업,네이버 수정 전,2013-07-26,0.7228754813863928,0.7229861982434128,-0.015313827191865137
010140,삼성중공업,네이버 수정 전,2013-07-31,0.722875,0.7229787234042553,-0.014346674514409408
010140,삼성중공업,네이버 수정 전,2013-08-01,0.7229286608260326,0.7229911280101394,-0.008640103825174883
010140,삼성중공업,네이버 수정 전,2013-08-02,0.7228930817610063,0.7229601029601029,-0.009270386958037946
010140,삼성중공업,네이버 수정 전,2013-08-05,0.7229086229086229,0.722987012987013,-0.010842529254595501
010140,삼성중공업,네이버 수정 전,2013-08-06,0.7228903225806451,0.72296875,-0.010847968097504879
010140,삼성중공업,네이버 수정 전,2013-08-07,0.7228981723237597,0.7229803921568627,-0.01137234619291716
010140,삼성중공업,네이버 수정 전,2013-08-09,0.7229044585987261,0.7229803921568627,-0.010502851662419488
010140,삼성중공업,네이버 수정 전,2013-08-12,0.7228909329829172,0.7229842931937173,-0.012913172758932667
010140,삼성중공업,네이버 수정 전,2013-08-14,0.7228978007761966,0.7229815303430079,-0.011581148798034402
010140,삼성중공업,네이버 수정 전,2013-08-19,0.7228871391076116,0.7229516539440204,-0.008923810611238814
010140,삼성중공업,네이버 수정 전,2013-08-20,0.7228900255754476,0.7229974160206718,-0.014853503324441242
010140,삼성중공업,네이버 수정 전,2013-08-21,0.7228828828828829,0.7229815303430079,-0.013644533917511747
010140,삼성중공업,네이버 수정 전,2013-08-22,0.7228954423592493,0.7229679144385027,-0.010024245586293112
010140,삼성중공업,네이버 수정 전,2013-08-27,0.7228900255754476,0.7229601029601029,-0.009693119214804202
010140,삼성중공업,네이버 수정 전,2013-08-28,0.7228943937418514,0.722974358974359,-0.011060590395084446
010140,삼성중공업,네이버 수정 전,2013-08-30,0.7229224904701398,0.7229873417721518,-0.008969908360101364
010140,삼성중공업,네이버 수정 전,2013-09-02,0.7228787878787879,0.7229562982005141,-0.010721301124161364
010140,삼성중공업,네이버 수정 전,2013-09-03,0.7229113924050633,0.7229861982434128,-0.010346786499004779
010140,삼성중공업,네이버 수정 전,2013-09-09,0.7229055690072639,0.7229558998808104,-0.0069618179414310255
010140,삼성중공업,네이버 수정 전,2013-09-11,0.722903981264637,0.7229906542056075,-0.011988113603733641
010140,삼성중공업,네이버 수정 전,2013-09-16,0.7229268292682927,0.7229761904761904,-0.006827501174733186
010140,삼성중공업,네이버 수정 전,2013-09-23,0.7229239766081871,0.7229840546697038,-0.008309735343225988
010140,삼성중공업,네이버 수정 전,2013-09-24,0.7229324169530356,0.7229816513761468,-0.00680991322774549
010140,삼성중공업,네이버 수정 전,2013-09-26,0.7229137529137529,0.7229629629629629,-0.006806717872287482
010140,삼성중공업,네이버 수정 전,2013-10-01,0.7228671328671329,0.7229871645274213,-0.016602184129621556
010140,삼성중공업,네이버 수정 전,2013-10-02,0.722883506343714,0.7229723502304147,-0.012288697717477426
010140,삼성중공업,네이버 수정 전,2013-10-08,0.7229404900816803,0.7229887640449438,-0.0066770004824801
010140,삼성중공업,네이버 수정 전,2013-10-15,0.7228988764044944,0.72296875,-0.00966481545788822
010140,삼성중공업,네이버 수정 전,2013-10-16,0.7229082774049217,0.7229680365296803,-0.008265804536189414
010140,삼성중공업,네이버 수정 전,2013-10-18,0.7229010989010989,0.7229646522234892,-0.008790654175805379
010140,삼성중공업,네이버 수정 전,2013-10-21,0.722919540229885,0.722981220657277,-0.008531401041911302
010140,삼성중공업,네이버 수정 전,2013-10-22,0.7229205607476635,0.7229777256740915,-0.007906872424678912
010140,삼성중공업,네이버 수정 전,2013-10-28,0.7229028290282903,0.7229685534591195,-0.009090911425502224
010140,삼성중공업,네이버 수정 전,2013-11-01,0.7229230769230769,0.7229808917197452,-0.007996725408720984
010140,삼성중공업,네이버 수정 전,2013-11-04,0.7229193341869398,0.722979797979798,-0.008363137258760034
010140,삼성중공업,네이버 수정 전,2013-11-06,0.7229230769230769,0.7229813664596273,-0.008062384351048557
010140,삼성중공업,네이버 수정 전,2013-11-12,0.7228858218318696,0.7229573934837092,-0.009899843681626663
010140,삼성중공업,네이버 수정 전,2013-11-13,0.7228894472361809,0.72296875,-0.010969044487629809
010140,삼성중공업,네이버 수정 전,2013-11-14,0.7228828828828829,0.7229726205997392,-0.012412325764399323
010140,삼성중공업,네이버 수정 전,2013-11-15,0.7229123711340206,0.7229638854296389,-0.007125431388266268
010140,삼성중공업,네이버 수정 전,2013-11-19,0.722929292929293,0.722992700729927,-0.008770185448625512
010140,삼성중공업,네이버 수정 전,2013-11-21,0.7229064039408867,0.7229776674937965,-0.009856950790321228
010140,삼성중공업,네이버 수정 전,2013-11-26,0.7228855721393035,0.7229787234042553,-0.012884371550125895
010140,삼성중공업,네이버 수정 전,2013-11-27,0.7229104477611941,0.7229733163913596,-0.00869584378014876
010140,삼성중공업,네이버 수정 전,2013-11-29,0.7229113924050633,0.722984693877551,-0.010138730889941439
010140,삼성중공업,네이버 수정 전,2013-12-06,0.7229066666666667,0.722983870967742,-0.010678564788990652
010140,삼성중공업,네이버 수정 전,2013-12-09,0.722872340425532,0.7229590488771467,-0.011993549530830983
010140,삼성중공업,네이버 수정 전,2013-12-12,0.7229274965800273,0.7229916897506925,-0.008878825521119182
010140,삼성중공업,네이버 수정 전,2013-12-17,0.7229126213592233,0.722983870967742,-0.009854937486131199
010140,삼성중공업,네이버 수정 전,2013-12-19,0.7229133858267717,0.7229842931937173,-0.009807594385258245
010140,삼성중공업,네이버 수정 전,2013-12-20,0.7228909329829172,0.72296875,-0.01076353813119768
010140,삼성중공업,네이버 수정 전,2013-12-26,0.722910052910053,0.7229906542056075,-0.011148317766718208
010140,삼성중공업,네이버 수정 전,2014-01-06,0.7228879892037787,0.7229700272479564,-0.011347364494485035
010140,삼성중공업,네이버 수정 전,2014-01-07,0.722880658436214,0.7229842931937173,-0.014334302761331852
010140,삼성중공업,네이버 수정 전,2014-01-08,0.7228720626631854,0.7229590488771467,-0.012031969735548653
010140,삼성중공업,네이버 수정 전,2014-01-09,0.7229027962716378,0.7229590488771467,-0.007780884075836436
010140,삼성중공업,네이버 수정 전,2014-01-10,0.7229027962716378,0.72296918767507,-0.009183158088066357
010140,삼성중공업,네이버 수정 전,2014-01-14,0.7228694404591105,0.7229842180774749,-0.01587553579933676
010140,삼성중공업,네이버 수정 전,2014-01-16,0.7228857142857142,0.7229640287769784,-0.01083241878530039
010140,삼성중공업,네이버 수정 전,2014-01-17,0.7229064748201439,0.7229868228404099,-0.011113345046920298
010140,삼성중공업,네이버 수정 전,2014-01-21,0.7228862973760933,0.7230014025245441,-0.015920459911822338
010140,삼성중공업,네이버 수정 전,2014-01-22,0.7228851540616247,0.7229846582984658,-0.013762980403386749
010140,삼성중공업,네이버 수정 전,2014-01-24,0.7228936170212766,0.7229829545454546,-0.012356795359591555
010140,삼성중공업,네이버 수정 전,2014-01-28,0.7229037037037037,0.7229864253393665,-0.011441658205957328
010140,삼성중공업,네이버 수정 전,2014-01-29,0.7228915662650602,0.7229673590504451,-0.010483569477381938
010140,삼성중공업,네이버 수정 전,2014-02-03,0.722909090909091,0.7229923664122138,-0.011518171835767088
010140,삼성중공업,네이버 수정 전,2014-02-05,0.722884012539185,0.7229709035222052,-0.012018600277940994
010140,삼성중공업,네이버 수정 전,2014-02-06,0.7228967642526964,0.7229813664596273,-0.011701851645928851
010140,삼성중공업,네이버 수정 전,2014-02-10,0.7229057187017002,0.7229806259314456,-0.010360890327998362
010140,삼성중공업,네이버 수정 전,2014-02-11,0.7228785607196402,0.7229640718562874,-0.011827854242840719
010140,삼성중공업,네이버 수정 전,2014-02-13,0.7228528528528528,0.7229528158295282,-0.013827040228164833
010140,삼성중공업,네이버 수정 전,2014-02-17,0.7228823529411764,0.723002915451895,-0.01667524544395338
010140,삼성중공업,네이버 수정 전,2014-02-18,0.7228571428571429,0.7229694323144105,-0.015531701929383246
010140,삼성중공업,네이버 수정 전,2014-02-20,0.7228908554572271,0.7229629629629629,-0.009973886551573052
010140,삼성중공업,네이버 수정 전,2014-02-21,0.7228781204111601,0.7229640287769784,-0.011882799475326777
010140,삼성중공업,네이버 수정 전,2014-02-24,0.7228776978417266,0.7229694323144105,-0.012688568642549303
010140,삼성중공업,네이버 수정 전,2014-02-25,0.7228735632183908,0.722953216374269,-0.011017746940489292
010140,삼성중공업,네이버 수정 전,2014-02-26,0.7228947368421053,0.723002915451895,-0.014962402983131895
010140,삼성중공업,네이버 수정 전,2014-02-28,0.7228783382789318,0.7229780564263323,-0.013792693500747077
010140,삼성중공업,네이버 수정 전,2014-03-03,0.7228616352201258,0.7229780564263323,-0.016103006885426208
010140,삼성중공업,네이버 수정 전,2014-03-04,0.722884012539185,0.7229860031104199,-0.014106852801598624
010140,삼성중공업,네이버 수정 전,2014-03-05,0.7229051987767584,0.7229806259314456,-0.010432804418525343
010140,삼성중공업,네이버 수정 전,2014-03-06,0.7228869047619048,0.722968515742129,-0.011288317326019204
010140,삼성중공업,네이버 수정 전,2014-03-07,0.7228869047619048,0.7229518072289156,-0.008977426484291229
010140,삼성중공업,네이버 수정 전,2014-03-11,0.7229185867895546,0.723,-0.011260471707530417
010140,삼성중공업,네이버 수정 전,2014-03-12,0.7228662420382166,0.7229641693811075,-0.013545255358193842
010140,삼성중공업,네이버 수정 전,2014-03-18,0.7228708133971292,0.7229617834394905,-0.01258296696243777
010140,삼성중공업,네이버 수정 전,2014-03-19,0.7228616852146263,0.7229918699186992,-0.018006385616409215
010140,삼성중공업,네이버 수정 전,2014-03-20,0.7229042904290429,0.7230016863406408,-0.013471049022140136
010140,삼성중공업,네이버 수정 전,2014-03-21,0.7228428093645485,0.7229530201342282,-0.01524452718369984
010140,삼성중공업,네이버 수정 전,2014-03-27,0.7229307568438004,0.7230016313213703,-0.009802810187353739
010140,삼성중공업,네이버 수정 전,2014-03-28,0.7228943089430895,0.7230016313213703,-0.014844002230629538
010140,삼성중공업,네이버 수정 전,2014-03-31,0.722875605815832,0.7229513343799058,-0.010474918638714303
010140,삼성중공업,네이버 수정 전,2014-04-02,0.7228526645768025,0.7229813664596273,-0.017801549084872637
010140,삼성중공업,네이버 수정 전,2014-04-03,0.7228703703703704,0.7229652996845426,-0.013130549172091222
010140,삼성중공업,네이버 수정 전,2014-04-08,0.7228526645768025,0.7230077519379845,-0.021450304061920722
010140,삼성중공업,네이버 수정 전,2014-04-10,0.7229223744292237,0.7229860031104199,-0.008800817847443021
010140,삼성중공업,네이버 수정 전,2014-04-11,0.7228706624605679,0.7230077519379845,-0.018960996897909865
010140,삼성중공업,네이버 수정 전,2014-04-14,0.722888198757764,0.7229813664596273,-0.012886597938133182
010140,삼성중공업,네이버 수정 전,2014-04-16,0.722848,0.7229497568881685,-0.014075236515254108
010140,삼성중공업,네이버 수정 전,2014-04-17,0.7228571428571429,0.7229773462783171,-0.01662616702902131
010140,삼성중공업,네이버 수정 전,2014-04-18,0.7228617363344051,0.7229712460063897,-0.015147168381812737
010140,삼성중공업,네이버 수정 전,2014-04-21,0.7229299363057324,0.723,-0.009690690770058907
010140,삼성중공업,네이버 수정 전,2014-04-24,0.7228719723183391,0.7229982363315697,-0.017463944846007884
010140,삼성중공업,네이버 수정 전,2014-04-28,0.7228825622775801,0.7229616724738676,-0.01094251594511153
010140,삼성중공업,네이버 수정 전,2014-05-02,0.7228975265017668,0.7229764065335753,-0.01091045725638562
010140,삼성중공업,네이버 수정 전,2014-05-07,0.7228519195612432,0.7229545454545454,-0.014195345191125863
010140,삼성중공업,네이버 수정 전,2014-05-08,0.7228679245283018,0.7229739776951672,-0.014669015778889793
010140,삼성중공업,네이버 수정 전,2014-05-12,0.7228888888888889,0.7229755178907721,-0.011982287053913243
010140,삼성중공업,네이버 수정 전,2014-05-13,0.7228996282527881,0.723006993006993,-0.014849753217238693
010140,삼성중공업,네이버 수정 전,2014-05-15,0.7228621908127209,0.7229565217391304,-0.013047939063137726
010140,삼성중공업,네이버 수정 전,2014-05-20,0.7228975265017668,0.7229764065335753,-0.01091045725638562
010140,삼성중공업,네이버 수정 전,2014-05-23,0.7228571428571429,0.7229513888888889,-0.013036288911605354
010140,삼성중공업,네이버 수정 전,2014-05-27,0.7228424657534247,0.7229692832764505,-0.017541204856041936
010140,삼성중공업,네이버 수정 전,2014-05-28,0.7228960817717206,0.722972972972973,-0.01063541849098959
010140,삼성중공업,네이버 수정 전,2014-05-30,0.7228771929824561,0.7229840142095915,-0.014775046893966692
010140,삼성중공업,네이버 수정 전,2014-06-02,0.7229129662522202,0.7229893238434164,-0.010561371887241044
010140,삼성중공업,네이버 수정 전,2014-06-03,0.7228571428571429,0.7229981718464351,-0.01950613359533726
010140,삼성중공업,네이버 수정 전,2014-06-09,0.7228774422735347,0.7230155979202773,-0.019108252593713626
010140,삼성중공업,네이버 수정 전,2014-06-10,0.722842287694974,0.7229565217391304,-0.01580095631221745
010140,삼성중공업,네이버 수정 전,2014-06-11,0.722842287694974,0.7229328621908128,-0.012528756206242608
010140,삼성중공업,네이버 수정 전,2014-06-12,0.7228825622775801,0.7229963898916968,-0.0157438703302204
010140,삼성중공업,네이버 수정 전,2014-06-13,0.7228933092224231,0.7229749103942652,-0.011286860812032007
010140,삼성중공업,네이버 수정 전,2014-06-16,0.7228933092224231,0.7229724770642202,-0.010950325815795026
010140,삼성중공업,네이버 수정 전,2014-06-17,0.7228782287822878,0.7229779411764706,-0.013791899932735774
010140,삼성중공업,네이버 수정 전,2014-06-18,0.7228308823529411,0.7229739776951672,-0.019792599269241595
010140,삼성중공업,네이버 수정 전,2014-06-19,0.7228308823529411,0.7229981718464351,-0.02313830103701786
010140,삼성중공업,네이버 수정 전,2014-06-20,0.7228519195612432,0.7229724770642202,-0.01667525484048138
010140,삼성중공업,네이버 수정 전,2014-06-23,0.7228519195612432,0.7229795158286778,-0.017648669795078398
010140,삼성중공업,네이버 수정 전,2014-06-24,0.7228731343283582,0.7229834254143647,-0.015254995084190703
010140,삼성중공업,네이버 수정 전,2014-06-26,0.7228464419475655,0.7229850746268657,-0.019175040283048173
010140,삼성중공업,네이버 수정 전,2014-07-02,0.7228937728937729,0.7230072463768116,-0.015694653630005106
010140,삼성중공업,네이버 수정 전,2014-07-07,0.7228729281767956,0.7229739776951672,-0.013976923304181987
010140,삼성중공업,네이버 수정 전,2014-07-08,0.7228305400372439,0.7229739776951672,-0.019839947542876768
010140,삼성중공업,네이버 수정 전,2014-07-09,0.7228624535315985,0.7229532710280374,-0.012562014735717497
010140,삼성중공업,네이버 수정 전,2014-07-10,0.7228838951310862,0.7229885057471265,-0.014469194905408767
010140,삼성중공업,네이버 수정 전,2014-07-11,0.7228790786948177,0.7229761904761904,-0.013432224000176074
010140,삼성중공업,네이버 수정 전,2014-07-14,0.7228740157480315,0.722970297029703,-0.013317460214767873
010140,삼성중공업,네이버 수정 전,2014-07-15,0.722879684418146,0.7229803921568627,-0.013929525587308422
010140,삼성중공업,네이버 수정 전,2014-07-17,0.7228571428571429,0.722972972972973,-0.016021361815765633
010140,삼성중공업,네이버 수정 전,2014-07-18,0.7228790786948177,0.7229739776951672,-0.013126198629176411
010140,삼성중공업,네이버 수정 전,2014-07-23,0.7228467153284671,0.7229757785467128,-0.017851665584855958
010140,삼성중공업,네이버 수정 전,2014-07-25,0.722905982905983,0.7229824561403508,-0.010577467505390459
010140,삼성중공업,네이버 수정 전,2014-07-30,0.7228571428571429,0.722954954954955,-0.013529487161234588
010140,삼성중공업,네이버 수정 전,2014-07-31,0.7228828828828829,0.7229946524064171,-0.015459246228477497
010140,삼성중공업,네이버 수정 전,2014-08-07,0.7228679245283018,0.722996254681648,-0.0177497673764071
010140,삼성중공업,네이버 수정 전,2014-08-08,0.7228411214953271,0.7229532710280374,-0.01551269455505322
010140,삼성중공업,네이버 수정 전,2014-08-11,0.7228571428571429,0.7229850746268657,-0.0176949392473702
010140,삼성중공업,네이버 수정 전,2014-08-12,0.7228782287822878,0.7229981718464351,-0.016589677376499523
010140,삼성중공업,네이버 수정 전,2014-08-13,0.7228933092224231,0.7229749103942652,-0.011286860812032007
010140,삼성중공업,네이버 수정 전,2014-08-14,0.7228825622775801,0.7229856115107913,-0.01425328963268191
010140,삼성중공업,네이버 수정 전,2014-08-18,0.7228828828828829,0.7229889298892989,-0.014667860327011173
010140,삼성중공업,네이버 수정 전,2014-08-19,0.7228256880733945,0.7229795158286778,-0.021276917521928507
010140,삼성중공업,네이버 수정 전,2014-08-20,0.7228518518518519,0.7229545454545454,-0.014204710840981516
010140,삼성중공업,네이버 수정 전,2014-08-21,0.7228625954198473,0.7229657794676806,-0.01427232806361367
010140,삼성중공업,네이버 수정 전,2014-08-22,0.7228517110266159,0.7229545454545454,-0.014224189968237155
010140,삼성중공업,네이버 수정 전,2014-08-25,0.722868068833652,0.722984496124031,-0.01610370498997815
010140,삼성중공업,네이버 수정 전,2014-08-27,0.7228624535315985,0.7229795158286778,-0.016191647829066902
010140,삼성중공업,네이버 수정 전,2014-08-28,0.7228677839851024,0.722996254681648,-0.017769206370521484
010140,삼성중공업,네이버 수정 전,2014-08-29,0.7228411214953271,0.7229724770642202,-0.018168820122521634
010140,삼성중공업,네이버 수정 전,2014-09-03,0.7228468468468469,0.7229850746268657,-0.019119036460080174
010140,삼성중공업,네이버 수정 전,2014-09-04,0.7228465804066544,0.7229739776951672,-0.017621282707713792
010140,삼성중공업,네이버 수정 전,2014-09-05,0.7229001883239171,0.7229850746268657,-0.01174108649371064
010140,삼성중공업,네이버 수정 전,2014-09-11,0.7228464419475655,0.7229532710280374,-0.01477676148002871
010140,삼성중공업,네이버 수정 전,2014-09-15,0.7228679245283018,0.7229714285714286,-0.01431647766928501
010140,삼성중공업,네이버 수정 전,2014-09-16,0.7228571428571429,0.7229770992366412,-0.016592002654713944
010140,삼성중공업,네이버 수정 전,2014-09-17,0.72280834914611,0.7229787234042553,-0.023565597801133986
010140,삼성중공업,네이버 수정 전,2014-09-19,0.722873786407767,0.7229902912621359,-0.016114304130621093
010140,삼성중공업,네이버 수정 전,2014-09-22,0.722873786407767,0.7229644268774703,-0.01253733466455298
010140,삼성중공업,네이버 수정 전,2014-09-24,0.7228571428571429,0.72296875,-0.015437339837609532
010140,삼성중공업,네이버 수정 전,2014-09-26,0.722879684418146,0.72296875,-0.012319423468032387
010140,삼성중공업,네이버 수정 전,2014-09-29,0.7228962818003913,0.7229880478087649,-0.012692603792230361
010140,삼성중공업,네이버 수정 전,2014-09-30,0.72285140562249,0.722970297029703,-0.01644485364079573
010140,삼성중공업,네이버 수정 전,2014-10-01,0.7228286852589642,0.7229894736842105,-0.022239386754419055
010140,삼성중공업,네이버 수정 전,2014-10-06,0.7228571428571429,0.7229769392033543,-0.016569871003546677
010140,삼성중공업,네이버 수정 전,2014-10-07,0.7228810020876827,0.7229661016949153,-0.011770898667728957
010140,삼성중공업,네이버 수정 전,2014-10-20,0.7228930817610063,0.722994011976048,-0.013960034712567904
010140,삼성중공업,네이버 수정 전,2014-10-22,0.7228920570264766,0.722993762993763,-0.014067336745082759
010140,삼성중공업,네이버 수정 전,2014-10-23,0.7228571428571429,0.7229550321199143,-0.013540159266112184
010140,삼성중공업,네이버 수정 전,2014-10-24,0.7228510638297873,0.7229824561403508,-0.018173651303388105
010140,삼성중공업,네이버 수정 전,2014-10-28,0.7229038854805726,0.722993762993763,-0.01243129855202918
010140,삼성중공업,네이버 수정 전,2014-10-29,0.7228220858895705,0.7229902912621359,-0.02326523254851942
010140,삼성중공업,네이버 수정 전,2014-11-03,0.7228571428571429,0.7229787234042553,-0.016816614815429176
010140,삼성중공업,네이버 수정 전,2014-11-04,0.722862669245648,0.722984496124031,-0.016850551987790396
010140,삼성중공업,네이버 수정 전,2014-11-05,0.7228461538461538,0.722984496124031,-0.019134888592897692
010140,삼성중공업,네이버 수정 전,2014-11-06,0.7228571428571429,0.7229981024667932,-0.01949653936426099
010140,삼성중공업,네이버 수정 전,2014-11-10,0.7228838951310862,0.7229755178907721,-0.012673010000829876
010140,삼성중공업,네이버 수정 전,2014-11-13,0.7228679245283018,0.722984496124031,-0.016123664664202675
010140,삼성중공업,네이버 수정 전,2014-11-17,0.7228846153846153,0.7229902912621359,-0.014616500221054096
010140,삼성중공업,네이버 수정 전,2014-11-18,0.722906976744186,0.722994011976048,-0.012038167733097183
010140,삼성중공업,네이버 수정 전,2014-11-20,0.7228936170212766,0.7229850746268657,-0.012649999121527866
010140,삼성중공업,네이버 수정 전,2014-11-24,0.7228511530398323,0.7229568788501026,-0.014624082481728973
010140,삼성중공업,네이버 수정 전,2014-11-25,0.7228688524590164,0.7229690721649484,-0.013862239726503134
010140,삼성중공업,네이버 수정 전,2014-11-26,0.722875,0.7229957805907173,-0.016705573387798545
010140,삼성중공업,네이버 수정 전,2014-11-27,0.7228151260504202,0.7229694323144105,-0.021343400853934824
010140,삼성중공업,네이버 수정 전,2014-11-28,0.7229139072847682,0.7230092592592593,-0.013188209316816746
010140,삼성중공업,네이버 수정 전,2014-12-03,0.7228301886792453,0.7229577464788732,-0.017643880330375783
010140,삼성중공업,네이버 수정 전,2014-12-04,0.7228504672897196,0.7230023094688222,-0.021001617437999
010140,삼성중공업,네이버 수정 전,2014-12-05,0.7228571428571429,0.7230092592592593,-0.02103934357248205
010140,삼성중공업,네이버 수정 전,2014-12-08,0.7228899082568807,0.7229906542056075,-0.013934612866806084
010140,삼성중공업,네이버 수정 전,2014-12-09,0.7228368794326241,0.7229807692307693,-0.01990229951734923
010140,삼성중공업,네이버 수정 전,2014-12-10,0.7228365384615385,0.7229611650485437,-0.01723835152290798
010140,삼성중공업,네이버 수정 전,2014-12-11,0.7228217821782178,0.722997542997543,-0.024310016130424383
010140,삼성중공업,네이버 수정 전,2014-12-12,0.7228292682926829,0.722997542997543,-0.02327458875758248
010140,삼성중공업,네이버 수정 전,2014-12-15,0.7228358208955223,0.7229807692307693,-0.02004871241612083
010140,삼성중공업,네이버 수정 전,2014-12-16,0.7228571428571429,0.722970297029703,-0.01565128927495385
010140,삼성중공업,네이버 수정 전,2014-12-17,0.722807881773399,0.722997542997543,-0.026232623607214123
010140,삼성중공업,네이버 수정 전,2014-12-18,0.7228571428571429,0.7229716981132075,-0.015845054012986193
010140,삼성중공업,네이버 수정 전,2014-12-24,0.7228368794326241,0.7229976580796252,-0.022237782543887974
010140,삼성중공업,네이버 수정 전,2014-12-26,0.7228103044496487,0.7229807692307693,-0.023578051917194642
010140,삼성중공업,네이버 수정 전,2014-12-29,0.7228571428571429,0.722970297029703,-0.01565128927495385
010140,삼성중공업,Yahoo 무조정,2004-01-02,0.9789166584963831,0.9795796410864995,-0.06768031534231111
010140,삼성중공업,Yahoo 무조정,2004-01-07,0.9790031356794737,0.9795525087036507,-0.056084081179486045
010140,삼성중공업,Yahoo 무조정,2004-01-09,0.9790878736544498,0.9797216622802585,-0.06469068207939355
010140,삼성중공업,Yahoo 무조정,2004-01-13,0.9789502162153559,0.9796906755841273,-0.07558093459753001
010140,삼성중공업,Yahoo 무조정,2004-01-14,0.9790090363487142,0.9795378411416669,-0.05398513163477059
010140,삼성중공업,Yahoo 무조정,2004-01-15,0.9792721200697628,0.9797378973038465,-0.047541004116047336
010140,삼성중공업,Yahoo 무조정,2004-01-16,0.9791418156251093,0.9795796410864995,-0.0446952389603239
010140,삼성중공업,Yahoo 무조정,2004-01-19,0.9791486608959308,0.9798482859559267,-0.0714013659077195
010140,삼성중공업,Yahoo 무조정,2004-01-26,0.9789702175490438,0.979692872165146,-0.07376338408027205
010140,삼성중공업,Yahoo 무조정,2004-01-28,0.979199756954001,0.9797378973038465,-0.054926970909918715
010140,삼성중공업,Yahoo 무조정,2004-01-29,0.979289470962973,0.9798010695198053,-0.052214533413708075
010140,삼성중공업,Yahoo 무조정,2004-02-02,0.9789100356027746,0.9796338323053446,-0.07388441259391643
010140,삼성중공업,Yahoo 무조정,2004-02-10,0.9787912582780018,0.9797166325157561,-0.09445325383300451
010140,삼성중공업,Yahoo 무조정,2004-02-11,0.9790301851556764,0.9796483466369481,-0.06310034446480595
010140,삼성중공업,Yahoo 무조정,2004-02-16,0.9791286020907232,0.9796185114849449,-0.05001022219141005
010140,삼성중공업,Yahoo 무조정,2004-02-19,0.9792153443346823,0.9798534810713689,-0.06512573042950498
010140,삼성중공업,Yahoo 무조정,2004-02-25,0.9788534636352795,0.9797452297931989,-0.09102020921374354
010140,삼성중공업,Yahoo 무조정,2004-02-26,0.9791286143116854,0.9797439382589461,-0.06280456793171796
010140,삼성중공업,Yahoo 무조정,2004-03-02,0.9788345346156367,0.9795839600367855,-0.07650446023234059
010140,삼성중공업,Yahoo 무조정,2004-03-03,0.9789598815915128,0.9796730626611521,-0.07279786459596371
010140,삼성중공업,Yahoo 무조정,2004-03-04,0.9789309972323776,0.9795099803527952,-0.05910946616480839
010140,삼성중공업,Yahoo 무조정,2004-03-05,0.9789839704967322,0.9797657359074894,-0.07979105434148259
010140,삼성중공업,Yahoo 무조정,2004-03-10,0.9788534636352795,0.9797452297931989,-0.09102020921374354
010140,삼성중공업,Yahoo 무조정,2004-03-16,0.9789025364297954,0.9798415488038177,-0.09583308394797152
010140,삼성중공업,Yahoo 무조정,2004-03-17,0.9789291980752992,0.9796537878981824,-0.07396386681031153
010140,삼성중공업,Yahoo 무조정,2004-03-18,0.9788782079041941,0.9795381365128419,-0.06737140536428043
010140,삼성중공업,Yahoo 무조정,2004-03-19,0.9789649551156294,0.9796701099799702,-0.07197880767794151
010140,삼성중공업,Yahoo 무조정,2004-03-29,0.9790635083273329,0.9796098141870861,-0.05576769973528739
010140,삼성중공업,Yahoo 무조정,2004-04-01,0.9790318496079005,0.9796537878981824,-0.06348551886031784
010140,삼성중공업,Yahoo 무조정,2004-04-06,0.9790767304673293,0.9795839600367855,-0.05178010156853263
010140,삼성중공업,Yahoo 무조정,2004-04-08,0.9790540429920924,0.979692181712428,-0.06513665539518154
010140,삼성중공업,Yahoo 무조정,2004-04-09,0.9788284848791949,0.9796701099799702,-0.08590903123424365
010140,삼성중공업,Yahoo 무조정,2004-04-13,0.9790193133473161,0.9796098141870861,-0.06027918781725816
010140,삼성중공업,Yahoo 무조정,2004-04-19,0.9790635083273329,0.979589181079051,-0.053662572216151005
010140,삼성중공업,Yahoo 무조정,2004-04-20,0.9790809062578758,0.9798010811169096,-0.0735021498662558
010140,삼성중공업,Yahoo 무조정,2004-04-21,0.9790498323570529,0.9795988858731833,-0.056048809777997644
010140,삼성중공업,Yahoo 무조정,2004-04-22,0.9787752262870024,0.9797827412622114,-0.10283044727967816
010140,삼성중공업,Yahoo 무조정,2004-04-23,0.9787479000915004,0.9797452297931989,-0.10179480046144107
010140,삼성중공업,Yahoo 무조정,2004-04-26,0.9788857748736121,0.9795788662666413,-0.07075401653678925
010140,삼성중공업,Yahoo 무조정,2004-04-30,0.9787304975706431,0.9797410996208381,-0.10314990874488172
010140,삼성중공업,Yahoo 무조정,2004-05-03,0.9790193133473161,0.9797204617523214,-0.07156616936950799
010140,삼성중공업,Yahoo 무조정,2004-05-07,0.9788554489605408,0.9797172957369602,-0.08796892533893264
010140,삼성중공업,Yahoo 무조정,2004-05-10,0.9786736388492766,0.97948658387721,-0.0829970559387827
010140,삼성중공업,Yahoo 무조정,2004-05-11,0.9790712448668405,0.9797352998288008,-0.06777901766694683
010140,삼성중공업,Yahoo 무조정,2004-05-12,0.9788928453988968,0.9795634708276971,-0.06846166162501888
010140,삼성중공업,Yahoo 무조정,2004-05-13,0.9787370125072505,0.9794353423256185,-0.07129922601217809
010140,삼성중공업,Yahoo 무조정,2004-05-18,0.9788428458930986,0.9795109803405986,-0.06821102171490345
010140,삼성중공업,Yahoo 무조정,2004-05-19,0.9788795621979793,0.9797183568604823,-0.08561589732695163
010140,삼성중공업,Yahoo 무조정,2004-05-21,0.9789333662744033,0.9798010826428443,-0.08856046230326653
010140,삼성중공업,Yahoo 무조정,2004-05-24,0.9788838089440846,0.9795923990180403,-0.07233519519608267
010140,삼성중공업,Yahoo 무조정,2004-05-31,0.9789721954229196,0.9795923990180403,-0.06331241399406551
010140,삼성중공업,Yahoo 무조정,2004-06-02,0.9790328485131657,0.9797204617523214,-0.07018463592418644
010140,삼성중공업,Yahoo 무조정,2004-06-03,0.9787865891357906,0.9798415488038177,-0.10766635374004352
010140,삼성중공업,Yahoo 무조정,2004-06-04,0.9788444519337833,0.9795404841289755,-0.07105701157529287
010140,삼성중공업,Yahoo 무조정,2004-06-07,0.9787007586602638,0.9794444239690231,-0.07592725942996426
010140,삼성중공업,Yahoo 무조정,2004-06-09,0.9789553961759805,0.9796602375782347,-0.07194753601479364
010140,삼성중공업,Yahoo 무조정,2004-06-10,0.9786429374713554,0.979638849980199,-0.10166118961734139
010140,삼성중공업,Yahoo 무조정,2004-06-11,0.9790522027655761,0.97965280841405,-0.06130801068657821
010140,삼성중공업,Yahoo 무조정,2004-06-14,0.9789843895320502,0.9796680046393815,-0.06978028312590867
010140,삼성중공업,Yahoo 무조정,2004-06-16,0.9790123989658891,0.9796995020462232,-0.0701340644655879
010140,삼성중공업,Yahoo 무조정,2004-06-18,0.9787567697982791,0.9795623777137054,-0.08224161459799983
010140,삼성중공업,Yahoo 무조정,2004-06-23,0.9789243336254249,0.9796171268909842,-0.07072082005733504
010140,삼성중공업,Yahoo 무조정,2004-06-24,0.9789341692469022,0.9796995020462232,-0.07811913731939901
010140,삼성중공업,Yahoo 무조정,2004-06-25,0.9788200421660933,0.9796428761993842,-0.08399326461527856
010140,삼성중공업,Yahoo 무조정,2004-06-28,0.9788444519337833,0.979638849980199,-0.08109090880090708
010140,삼성중공업,Yahoo 무조정,2004-06-29,0.9788479682390955,0.9797410996208381,-0.09115993828250346
010140,삼성중공업,Yahoo 무조정,2004-06-30,0.9787289467689629,0.9796602375782347,-0.09506263228300504
010140,삼성중공업,Yahoo 무조정,2004-07-01,0.9791035425774927,0.9797243094866817,-0.06336138678790793
010140,삼성중공업,Yahoo 무조정,2004-07-02,0.9792350160098304,0.9798205161945963,-0.05975586090397611
010140,삼성중공업,Yahoo 무조정,2004-07-07,0.9789291980752992,0.9798571326259053,-0.09470100484132438
010140,삼성중공업,Yahoo 무조정,2004-07-09,0.978919689662862,0.9795788662666413,-0.06729183595920452
010140,삼성중공업,Yahoo 무조정,2004-07-12,0.9789598815915128,0.9797088842679299,-0.076451554991952
010140,삼성중공업,Yahoo 무조정,2004-07-19,0.9791447803873452,0.9797439382589461,-0.06115453724221398
010140,삼성중공업,Yahoo 무조정,2004-07-26,0.9787289467689629,0.9795252257808477,-0.08129234356878401
010140,삼성중공업,Yahoo 무조정,2004-07-28,0.9789756663566613,0.9798571326259053,-0.08995865212326759
010140,삼성중공업,Yahoo 무조정,2004-08-02,0.9786429610040172,0.9796602375782347,-0.10383973291927528
010140,삼성중공업,Yahoo 무조정,2004-08-03,0.9787007586602638,0.97968129739752,-0.10008752232597562
010140,삼성중공업,Yahoo 무조정,2004-08-04,0.9788479682390955,0.9797395394368301,-0.0910008386766914
010140,삼성중공업,Yahoo 무조정,2004-08-05,0.9790522027655761,0.9796051772042478,-0.05644870520691292
010140,삼성중공업,Yahoo 무조정,2004-08-06,0.9787007586602638,0.9795183139089078,-0.08346502939606815
010140,삼성중공업,Yahoo 무조정,2004-08-13,0.9788169830270187,0.9796602375782347,-0.08607622509010371
010140,삼성중공업,Yahoo 무조정,2004-08-16,0.9788479682390955,0.9796782129150297,-0.08474667140588865
010140,삼성중공업,Yahoo 무조정,2004-08-17,0.9786429374713554,0.9796565865308303,-0.10346983559457179
010140,삼성중공업,Yahoo 무조정,2004-08-18,0.9788516098779702,0.9797172957369602,-0.08836078149859761
010140,삼성중공업,Yahoo 무조정,2004-08-19,0.9791548177505475,0.9798629196772387,-0.07226540697391481
010140,삼성중공업,Yahoo 무조정,2004-08-20,0.9789993066455149,0.9795727067147171,-0.058535733516418276
010140,삼성중공업,Yahoo 무조정,2004-08-23,0.9787320395675336,0.9798629196772387,-0.11541207315790558
010140,삼성중공업,Yahoo 무조정,2004-08-24,0.9790595338453087,0.9797204617523214,-0.06746086591175038
010140,삼성중공업,Yahoo 무조정,2004-08-25,0.9788169830270187,0.9797204617523214,-0.09221801121584994
010140,삼성중공업,Yahoo 무조정,2004-08-26,0.9788169830270187,0.979638849980199,-0.08389489179577714
010140,삼성중공업,Yahoo 무조정,2004-08-27,0.9787017628446704,0.9796782129150297,-0.099670489502246
010140,삼성중공업,Yahoo 무조정,2004-08-30,0.9788200421660933,0.9797395394368301,-0.0938511955193011
010140,삼성중공업,Yahoo 무조정,2004-08-31,0.9789393165622561,0.9795338408014775,-0.06069460946188654
010140,삼성중공업,Yahoo 무조정,2004-09-01,0.9789393165622561,0.9797603910359572,-0.08380359945282523
010140,삼성중공업,Yahoo 무조정,2004-09-02,0.9787017628446704,0.9796782129150297,-0.099670489502246
010140,삼성중공업,Yahoo 무조정,2004-09-07,0.9789721954229196,0.9798629196772387,-0.09090294534387366
010140,삼성중공업,Yahoo 무조정,2004-09-08,0.9789393165622561,0.9797603910359572,-0.08380359945282523
010140,삼성중공업,Yahoo 무조정,2004-09-09,0.9789341692469022,0.9797603910359572,-0.08432896416453728
010140,삼성중공업,Yahoo 무조정,2004-09-10,0.9786429374713554,0.9796995020462232,-0.10784578053383287
010140,삼성중공업,Yahoo 무조정,2004-09-13,0.9786720717450959,0.9798613329688988,-0.121370359640538
010140,삼성중공업,Yahoo 무조정,2004-09-14,0.9789025364297954,0.9795623777137054,-0.06736082345771832
010140,삼성중공업,Yahoo 무조정,2004-09-15,0.9787007586602638,0.9795623777137054,-0.08795959022563915
010140,삼성중공업,Yahoo 무조정,2004-09-17,0.9786143797414321,0.9795252257808477,-0.09298852295401838
010140,삼성중공업,Yahoo 무조정,2004-09-22,0.9789812624425825,0.9796171268909842,-0.06490948667055019
010140,삼성중공업,Yahoo 무조정,2004-09-23,0.9788200421660933,0.97968129739752,-0.08791177638223235
010140,삼성중공업,Yahoo 무조정,2004-09-30,0.978919689662862,0.9797452297931989,-0.08426069402870384
010140,삼성중공업,Yahoo 무조정,2004-10-01,0.9787495610030409,0.9797088842679299,-0.09791921664626946
010140,삼성중공업,Yahoo 무조정,2004-10-06,0.9788256015558349,0.9795099803527952,-0.06986950727280172
010140,삼성중공업,Yahoo 무조정,2004-10-07,0.9788534636352795,0.9796503021391576,-0.08133907600886836
010140,삼성중공업,Yahoo 무조정,2004-10-11,0.9791506718573065,0.9798662158675127,-0.07302466383868333
010140,삼성중공업,Yahoo 무조정,2004-10-12,0.9790193133473161,0.9799037739159627,-0.09025994104626678
010140,삼성중공업,Yahoo 무조정,2004-10-15,0.9792451540193685,0.9797664654088216,-0.05320771917168843
010140,삼성중공업,Yahoo 무조정,2004-10-18,0.9789913701022178,0.9796991198965549,-0.0722415464057824
010140,삼성중공업,Yahoo 무조정,2004-10-19,0.9790301851556764,0.9797499531606785,-0.07346445924085732
010140,삼성중공업,Yahoo 무조정,2004-10-21,0.9789265686566966,0.9796730626611521,-0.07619827806918389
010140,삼성중공업,Yahoo 무조정,2004-10-25,0.9790370156109541,0.9795988858731833,-0.057357176527239595
010140,삼성중공업,Yahoo 무조정,2004-11-01,0.9791646991169255,0.9797499531606785,-0.059735041769071184
010140,삼성중공업,Yahoo 무조정,2004-11-02,0.9788381598571453,0.9798180708695641,-0.10000948559247824
010140,삼성중공업,Yahoo 무조정,2004-11-03,0.9787891083777016,0.9796661595500831,-0.08952551477171555
010140,삼성중공업,Yahoo 무조정,2004-11-08,0.979259431220738,0.9797664654088216,-0.05175051463637281
010140,삼성중공업,Yahoo 무조정,2004-11-09,0.9790923141711549,0.9797325157404014,-0.06534452607839247
010140,삼성중공업,Yahoo 무조정,2004-11-10,0.9792153443346823,0.9797657359074894,-0.056175833940275144
010140,삼성중공업,Yahoo 무조정,2004-11-18,0.9788502132288431,0.9796701099799702,-0.08369110609527386
010140,삼성중공업,Yahoo 무조정,2004-11-19,0.9789402837247082,0.9795788662666413,-0.06518949764268145
010140,삼성중공업,Yahoo 무조정,2004-11-22,0.978994988652115,0.9797452297931989,-0.07657512568265412
010140,삼성중공업,Yahoo 무조정,2004-11-23,0.9787495610030409,0.9796185114849449,-0.08870294627107977
010140,삼성중공업,Yahoo 무조정,2004-11-29,0.9789024992065992,0.9795839600367855,-0.06956635245034537
010140,삼성중공업,Yahoo 무조정,2004-12-02,0.9792153443346823,0.9796786903561369,-0.047295712973627335
010140,삼성중공업,Yahoo 무조정,2004-12-06,0.9789913701022178,0.9797839295401846,-0.08089124694448113
010140,삼성중공업,Yahoo 무조정,2004-12-07,0.9787912582780018,0.9796483466369481,-0.08748938962522823
010140,삼성중공업,Yahoo 무조정,2004-12-08,0.9788149149146989,0.9796338323053446,-0.08359423323698323
010140,삼성중공업,Yahoo 무조정,2004-12-09,0.9791006678144314,0.9799037739159627,-0.08195764960898799
010140,삼성중공업,Yahoo 무조정,2004-12-10,0.9791859171217809,0.9796786903561369,-0.05029947463456308
010140,삼성중공업,Yahoo 무조정,2004-12-13,0.9789455788419769,0.9794847452797454,-0.05504592494848248
010140,삼성중공업,Yahoo 무조정,2004-12-14,0.9788579985815643,0.9794847452797454,-0.063987387368869
010140,삼성중공업,Yahoo 무조정,2004-12-16,0.9788579985815643,0.9797510889843701,-0.09115482624587612
010140,삼성중공업,Yahoo 무조정,2004-12-17,0.9788579985815643,0.9794847452797454,-0.063987387368869
010140,삼성중공업,Yahoo 무조정,2004-12-20,0.9790518238453676,0.9795525087036507,-0.05111363136068858
010140,삼성중공업,Yahoo 무조정,2004-12-23,0.9789764117091893,0.9794658906230355,-0.04997406428669526
010140,삼성중공업,Yahoo 무조정,2004-12-24,0.9791285910918576,0.9796483466369481,-0.053055317949013414
010140,삼성중공업,Yahoo 무조정,2004-12-28,0.9789455788419769,0.9798010589096888,-0.08731160881413347
010140,삼성중공업,Yahoo 무조정,2004-12-29,0.9791570737450738,0.979671646486395,-0.05252502133411552
010140,삼성중공업,Yahoo 무조정,2005-01-04,0.9790193133473161,0.9794679305752605,-0.04580213541865996
010140,삼성중공업,Yahoo 무조정,2005-01-06,0.9788854624906264,0.979692872165146,-0.08241457067409419
010140,삼성중공업,Yahoo 무조정,2005-01-10,0.9791285720938174,0.979662918917697,-0.054543947061902465
010140,삼성중공업,Yahoo 무조정,2005-01-14,0.9788920082823728,0.9796574778385179,-0.078136448040389
010140,삼성중공업,Yahoo 무조정,2005-01-17,0.9791486608959308,0.9797698810974749,-0.06340470487297134
010140,삼성중공업,Yahoo 무조정,2005-01-19,0.9792738549161238,0.9796855566540167,-0.04202386521844348
010140,삼성중공업,Yahoo 무조정,2005-01-21,0.9788960094238668,0.9796425464218266,-0.07620504036768283
010140,삼성중공업,Yahoo 무조정,2005-01-25,0.9789729077297711,0.9795723065995536,-0.06118985456655679
010140,삼성중공업,Yahoo 무조정,2005-01-26,0.9791828978249479,0.9795802188661216,-0.04056033732832143
010140,삼성중공업,Yahoo 무조정,2005-01-27,0.9791286328875484,0.9797057342274129,-0.05890557947174635
010140,삼성중공업,Yahoo 무조정,2005-01-28,0.979032519264671,0.9795331320511074,-0.05110728469062131
010140,삼성중공업,Yahoo 무조정,2005-01-31,0.9792078160452019,0.979665027445644,-0.046670176808716324
010140,삼성중공업,Yahoo 무조정,2005-02-01,0.9790149165560272,0.9794981689892915,-0.04933673676623673
010140,삼성중공업,Yahoo 무조정,2005-02-02,0.9792042474811108,0.9797287760933575,-0.053538144948472866
010140,삼성중공업,Yahoo 무조정,2005-02-03,0.978991674660764,0.9796271133223532,-0.0648653608038785
010140,삼성중공업,Yahoo 무조정,2005-02-04,0.9790985551709372,0.9796792373890277,-0.05927268803186392
010140,삼성중공업,Yahoo 무조정,2005-02-07,0.9790719537165586,0.9796792373890277,-0.06198801090115946
010140,삼성중공업,Yahoo 무조정,2005-02-16,0.9791397017217738,0.9796531660837382,-0.052412872202212135
010140,삼성중공업,Yahoo 무조정,2005-02-17,0.9789358229859784,0.9797337063867944,-0.08143880277003968
010140,삼성중공업,Yahoo 무조정,2005-02-18,0.9791061751442592,0.9797474347511389,-0.06545152190600145
010140,삼성중공업,Yahoo 무조정,2005-02-21,0.9791230652755181,0.9796220567457185,-0.05093714119279724
010140,삼성중공업,Yahoo 무조정,2005-02-22,0.9790275399468722,0.9796531660837382,-0.0638620032605064
010140,삼성중공업,Yahoo 무조정,2005-02-23,0.9792638134522517,0.9796914850163603,-0.043653698194745516
010140,삼성중공업,Yahoo 무조정,2005-02-28,0.9791070239928246,0.9796466485474618,-0.05508359115373729
010140,삼성중공업,Yahoo 무조정,2005-03-07,0.9793543517069543,0.9797114057294122,-0.03644481633773289
010140,삼성중공업,Yahoo 무조정,2005-03-10,0.9793469074361314,0.9796565865308303,-0.03161098480393143
010140,삼성중공업,Yahoo 무조정,2005-03-15,0.9793153181116566,0.9797465306024606,-0.04401265810441979
010140,삼성중공업,Yahoo 무조정,2005-03-17,0.9792742947512462,0.9796642619745732,-0.03980621101162818
010140,삼성중공업,Yahoo 무조정,2005-03-18,0.9793957144674035,0.9797195818122946,-0.033057147259629716
010140,삼성중공업,Yahoo 무조정,2005-03-21,0.9794167786653892,0.9798359982909535,-0.04278467277130105
010140,삼성중공업,Yahoo 무조정,2005-03-23,0.9792220185613373,0.9797557503214,-0.05447600178796197
010140,삼성중공업,Yahoo 무조정,2005-03-25,0.9792574299761598,0.9797890695572589,-0.05426061563834628
010140,삼성중공업,Yahoo 무조정,2005-03-28,0.9791935703158235,0.9796997900249302,-0.05167090105161476
010140,삼성중공업,Yahoo 무조정,2005-03-29,0.9792548503003504,0.9796642619745732,-0.04179101862893386
010140,삼성중공업,Yahoo 무조정,2005-03-30,0.9792451540193685,0.9796744118819609,-0.043816379950945006
010140,삼성중공업,Yahoo 무조정,2005-03-31,0.9792742947512462,0.9797557503214,-0.04914036687163614
010140,삼성중공업,Yahoo 무조정,2005-04-01,0.9793205097654742,0.9796255172565095,-0.031135110882929418
010140,삼성중공업,Yahoo 무조정,2005-04-04,0.9793402448286537,0.9796279342356087,-0.029367211458652953
010140,삼성중공업,Yahoo 무조정,2005-04-06,0.979074874487888,0.9797690569003156,-0.07085163667280847
010140,삼성중공업,Yahoo 무조정,2005-04-07,0.9792137109703735,0.9797465306024606,-0.05438341606165409
010140,삼성중공업,Yahoo 무조정,2005-04-13,0.979432832010355,0.9797570232908691,-0.03308894683144992
010140,삼성중공업,Yahoo 무조정,2005-04-15,0.9791382336869542,0.9796179947319886,-0.048974298922066506
010140,삼성중공업,Yahoo 무조정,2005-04-18,0.9792512299980285,0.9796581568587538,-0.04153763819311207
010140,삼성중공업,Yahoo 무조정,2005-04-25,0.9791935703158235,0.9797530502829322,-0.05710418221684943
010140,삼성중공업,Yahoo 무조정,2005-05-04,0.979227072262137,0.97966026032955,-0.044218193281342355
010140,삼성중공업,Yahoo 무조정,2005-05-06,0.9791232675111229,0.9797500061218158,-0.06396923774196761
010140,삼성중공업,Yahoo 무조정,2005-05-17,0.9792451540193685,0.9796577205365403,-0.04211333290425889
010140,삼성중공업,Yahoo 무조정,2005-05-19,0.9791512981556584,0.9795985252226809,-0.04565411803991726
010140,삼성중공업,Yahoo 무조정,2005-05-20,0.9791176240404722,0.9795331320511074,-0.04241898482444384
010140,삼성중공업,Yahoo 무조정,2005-05-24,0.979227072262137,0.9796851186438045,-0.04675444925625882
010140,삼성중공업,Yahoo 무조정,2005-05-25,0.9790483619445847,0.9796716263561928,-0.06361972673704086
010140,삼성중공업,Yahoo 무조정,2005-05-26,0.9793652137113839,0.9797103667631563,-0.035230111212636306
010140,삼성중공업,Yahoo 무조정,2005-05-27,0.9791447803873452,0.9795318858035743,-0.039519429825563
010140,삼성중공업,Yahoo 무조정,2005-05-31,0.9792755735996806,0.979690458934192,-0.04234861437384385
010140,삼성중공업,Yahoo 무조정,2005-06-01,0.9793419428788195,0.979690458934192,-0.03557409916512544
010140,삼성중공업,Yahoo 무조정,2005-06-07,0.9791679334505138,0.9796521635821882,-0.04942878193662237
010140,삼성중공업,Yahoo 무조정,2005-06-08,0.9793138881369496,0.9797114057294122,-0.040574968315953974
010140,삼성중공업,Yahoo 무조정,2005-06-10,0.9791873073982648,0.9796661595500831,-0.04887911531396005
010140,삼성중공업,Yahoo 무조정,2005-06-13,0.9793340447738983,0.9796400299039092,-0.031234445374894726
010140,삼성중공업,Yahoo 무조정,2005-06-15,0.9793124563361622,0.9796776154148934,-0.03727339208180469
010140,삼성중공업,Yahoo 무조정,2005-06-16,0.9792914339235483,0.9796126602062935,-0.03279115264572807
010140,삼성중공업,Yahoo 무조정,2005-06-21,0.9793697557694664,0.9797272548245034,-0.03648965089789735
010140,삼성중공업,Yahoo 무조정,2005-06-22,0.9792982930010279,0.9797047054569759,-0.04148315851544293
010140,삼성중공업,Yahoo 무조정,2005-06-23,0.9791639050528357,0.9796500272033215,-0.04962202184320974
010140,삼성중공업,Yahoo 무조정,2005-06-24,0.9791679334505138,0.9795999292846014,-0.04409921041981235
010140,삼성중공업,Yahoo 무조정,2005-06-27,0.9793343419774545,0.9796602271505489,-0.03326512234167467
010140,삼성중공업,Yahoo 무조정,2005-07-01,0.9792355437780046,0.9796997900249302,-0.04738658226249859
010140,삼성중공업,Yahoo 무조정,2005-07-04,0.97948658387721,0.979790073750397,-0.03097498957356226
010140,삼성중공업,Yahoo 무조정,2005-07-05,0.9792947784101615,0.9796997900249302,-0.04134037986864847
010140,삼성중공업,Yahoo 무조정,2005-07-06,0.9792548503003504,0.9796779072706845,-0.04318327148079559
010140,삼성중공업,Yahoo 무조정,2005-07-07,0.9791475282068978,0.979607259066913,-0.04693011977607853
010140,삼성중공업,Yahoo 무조정,2005-07-08,0.9791873073982648,0.9796188203293101,-0.04404906501289663
010140,삼성중공업,Yahoo 무조정,2005-07-11,0.9791904047655375,0.9796621238850134,-0.04815120519360283
010140,삼성중공업,Yahoo 무조정,2005-07-12,0.9793087397337338,0.9796766430742246,-0.03755354821325385
010140,삼성중공업,Yahoo 무조정,2005-07-13,0.979290322153779,0.9797299168389466,-0.04486896619284586
010140,삼성중공업,Yahoo 무조정,2005-07-15,0.9793822715702575,0.9796968353634734,-0.03210827899624569
010140,삼성중공업,Yahoo 무조정,2005-07-19,0.9792702474273743,0.9797379253660259,-0.0477350040804847
010140,삼성중공업,Yahoo 무조정,2005-07-20,0.9793378619849663,0.9797379253660259,-0.040833713863852594
010140,삼성중공업,Yahoo 무조정,2005-07-21,0.9792373720261154,0.9797269186429,-0.04996766011723386
010140,삼성중공업,Yahoo 무조정,2005-07-22,0.979378398655347,0.9796968353634734,-0.032503596687460945
010140,삼성중공업,Yahoo 무조정,2005-07-26,0.979378398655347,0.979690894561799,-0.031897398269864485
010140,삼성중공업,Yahoo 무조정,2005-08-01,0.9793425853477742,0.9796051893874911,-0.026807130317585415
010140,삼성중공업,Yahoo 무조정,2005-08-03,0.9794155753558963,0.9796544902374635,-0.024387667687753023
010140,삼성중공업,Yahoo 무조정,2005-08-04,0.979259431220738,0.9796544902374635,-0.04032636206564577
010140,삼성중공업,Yahoo 무조정,2005-08-08,0.9792736932376049,0.9796658533007987,-0.040029981842526485
010140,삼성중공업,Yahoo 무조정,2005-08-09,0.9794299327510477,0.9797408386627807,-0.031733484965001946
010140,삼성중공업,Yahoo 무조정,2005-08-11,0.9794336719928105,0.9796602125517891,-0.02312440130528559
010140,삼성중공업,Yahoo 무조정,2005-08-16,0.9794513339647802,0.979653764994271,-0.02066352794468651
010140,삼성중공업,Yahoo 무조정,2005-08-17,0.9794336719928105,0.9796722217698993,-0.024349958260305726
010140,삼성중공업,Yahoo 무조정,2005-08-19,0.9794155753558963,0.9796658533007987,-0.025547276559567678
010140,삼성중공업,Yahoo 무조정,2005-08-24,0.9794743654477203,0.9797125558819773,-0.024312277394722415
010140,삼성중공업,Yahoo 무조정,2005-08-25,0.9793369017923897,0.9796702912919218,-0.03403078591802666
010140,삼성중공업,Yahoo 무조정,2005-08-26,0.9792170085702537,0.9796862167649614,-0.047893722161063135
010140,삼성중공업,Yahoo 무조정,2005-08-29,0.9793471465809406,0.9796632927996112,-0.03227090583001191
010140,삼성중공업,Yahoo 무조정,2005-08-31,0.9793369017923897,0.9796504896809414,-0.03201018035051684
010140,삼성중공업,Yahoo 무조정,2005-09-06,0.9794473273270519,0.979661549898476,-0.021866997989894443
010140,삼성중공업,Yahoo 무조정,2005-09-07,0.9793629839352219,0.9796869918451822,-0.033072594885641404
010140,삼성중공업,Yahoo 무조정,2005-09-08,0.9793494902151423,0.9797017751506825,-0.03595838493668513
010140,삼성중공업,Yahoo 무조정,2005-09-09,0.9793455756496694,0.9797167624815957,-0.03788715740516979
010140,삼성중공업,Yahoo 무조정,2005-09-12,0.9792780271328326,0.9797017751506825,-0.04325275595061795
010140,삼성중공업,Yahoo 무조정,2005-09-13,0.9793046926599941,0.9796201102990635,-0.032197954671742135
010140,삼성중공업,Yahoo 무조정,2005-09-14,0.9794735657312748,0.9797167624815957,-0.024823169270360435
010140,삼성중공업,Yahoo 무조정,2005-09-15,0.979331847412616,0.9796722217698993,-0.034743697914429994
010140,삼성중공업,Yahoo 무조정,2005-09-21,0.9793664765001379,0.9796225863754013,-0.02614372910807461
010140,삼성중공업,Yahoo 무조정,2005-09-26,0.979422081540652,0.9796602125517891,-0.02430751071504922
010140,삼성중공업,Yahoo 무조정,2005-09-27,0.9793354902881894,0.9797191129597961,-0.039156393555261904
010140,삼성중공업,Yahoo 무조정,2005-09-28,0.9793908994856433,0.9796171692541505,-0.023097774886848832
010140,삼성중공업,Yahoo 무조정,2005-09-30,0.979440039307626,0.9796433467832504,-0.020753213533475368
010140,삼성중공업,Yahoo 무조정,2005-10-04,0.9794131999672916,0.9764340319698737,0.3051069401388773
010140,삼성중공업,Yahoo 무조정,2005-10-05,0.9794904808468045,0.9762813819121597,0.32870635393653647
010140,삼성중공업,Yahoo 무조정,2005-10-06,0.979422081540652,0.976279142532896,0.32193036507999206
010140,삼성중공업,Yahoo 무조정,2005-10-07,0.9795168398689744,0.9763793583198184,0.32133837349399563
010140,삼성중공업,Yahoo 무조정,2005-10-10,0.9793826677850029,0.976364159500213,0.3091580385678139
010140,삼성중공업,Yahoo 무조정,2005-10-11,0.9793189419911356,0.9764340319698737,0.2954536534784502
010140,삼성중공업,Yahoo 무조정,2005-10-12,0.979440039307626,0.9732559767163674,0.6353993953494896
010140,삼성중공업,Yahoo 무조정,2005-10-13,0.9795158896812891,0.9699594046008119,0.9852458809253228
010140,삼성중공업,Yahoo 무조정,2005-10-17,0.9794901556999815,0.9797114289630614,-0.02258555494387693
010140,삼성중공업,Yahoo 무조정,2005-10-18,0.9794473273270519,0.979661549898476,-0.021866997989894443
010140,삼성중공업,Yahoo 무조정,2005-10-21,0.9794258783994008,0.9761280327344878,0.33784970355523747
010140,삼성중공업,Yahoo 무조정,2005-10-24,0.9793494902151423,0.9761226612492522,0.33057617592449073
010140,삼성중공업,Yahoo 무조정,2005-10-25,0.9793096799256692,0.9797017751506825,-0.040021895944097885
010140,삼성중공업,Yahoo 무조정,2005-10-26,0.9792913585319686,0.9796722217698993,-0.03887659866915749
010140,삼성중공업,Yahoo 무조정,2005-10-27,0.9795318539167338,0.9869574444321443,-0.7523719039054244
010140,삼성중공업,Yahoo 무조정,2005-10-28,0.9793413541524841,0.9722440931857429,0.7299875634611208
010140,삼성중공업,Yahoo 무조정,2005-10-31,0.9792857788569354,0.9796201102990635,-0.034128683008161076
010140,삼성중공업,Yahoo 무조정,2005-11-01,0.9793413541524841,0.9796722217698993,-0.03377329785031469
010140,삼성중공업,Yahoo 무조정,2005-11-02,0.9793629839352219,0.9797350056179047,-0.03797166382232264
010140,삼성중공업,Yahoo 무조정,2005-11-03,0.9795168398689744,0.9830398799684207,-0.3583822153338745
010140,삼성중공업,Yahoo 무조정,2005-11-04,0.9794369639052213,0.9797350056179047,-0.030420645478057562
010140,삼성중공업,Yahoo 무조정,2005-11-07,0.9793402220927518,0.9761280327344878,0.3290745937564621
010140,삼성중공업,Yahoo 무조정,2005-11-08,0.9795318539167338,0.9760361940224443,0.35814859281837474
010140,삼성중공업,Yahoo 무조정,2005-11-09,0.9796201102990635,0.9760361940224443,0.36719091961632255
010140,삼성중공업,Yahoo 무조정,2005-11-10,0.9793732427587415,0.9796722217698993,-0.030518269734924885
010140,삼성중공업,Yahoo 무조정,2005-11-11,0.9795311571796317,0.9762881036298032,0.3321820206321213
010140,삼성중공업,Yahoo 무조정,2005-11-15,0.9793826677850029,0.9762747969071192,0.3183397633258256
010140,삼성중공업,Yahoo 무조정,2005-11-16,0.9793826677850029,0.9796225863754013,-0.02449092066018066
010140,삼성중공업,Yahoo 무조정,2005-11-18,0.9793314600794224,0.9796680506103114,-0.03435761028230955
010140,삼성중공업,Yahoo 무조정,2005-11-21,0.9793096799256692,0.9797017751506825,-0.040021895944097885
010140,삼성중공업,Yahoo 무조정,2005-11-22,0.9793046926599941,0.9725655922073374,0.6929198921546975
010140,삼성중공업,Yahoo 무조정,2005-11-23,0.9794891751885754,0.9796968353634734,-0.02119637089783577
010140,삼성중공업,Yahoo 무조정,2005-11-24,0.9794200216373734,0.9761226612492522,0.3378018479666567
010140,삼성중공업,Yahoo 무조정,2005-11-25,0.9795032576445712,0.9729216595968251,0.6764776981605714
010140,삼성중공업,Yahoo 무조정,2005-11-28,0.9793189419911356,0.9796171692541505,-0.030443245828581933
010140,삼성중공업,Yahoo 무조정,2005-11-29,0.9795422765213229,0.9765116019888117,0.3103572478134087
010140,삼성중공업,Yahoo 무조정,2005-11-30,0.9793882823661807,0.9796433467832504,-0.026036456829636734
010140,삼성중공업,Yahoo 무조정,2005-12-01,0.9795932722599864,0.9699968878777379,0.9893211516631251
010140,삼성중공업,Yahoo 무조정,2005-12-02,0.979490791262069,0.9733587677294611,0.629985955426493
010140,삼성중공업,Yahoo 무조정,2005-12-05,0.9794536223320323,0.9766385671352981,0.28823920040259576
010140,삼성중공업,Yahoo 무조정,2005-12-06,0.97945579366752,0.9796766301748056,-0.022541775569984157
010140,삼성중공업,Yahoo 무조정,2005-12-07,0.979411408996455,0.9826362985862509,-0.32818750889170856
010140,삼성중공업,Yahoo 무조정,2005-12-08,0.9795389252066192,0.9826335098303605,-0.31492765031750913
010140,삼성중공업,Yahoo 무조정,2005-12-09,0.9793530375636826,0.98565085624174,-0.6389502568963201
010140,삼성중공업,Yahoo 무조정,2005-12-12,0.9794798841457798,0.979713161195188,-0.023810749783503837
010140,삼성중공업,Yahoo 무조정,2005-12-14,0.9794094410547401,0.9827235832685295,-0.3372405293018965
010140,삼성중공업,Yahoo 무조정,2005-12-15,0.9795032978980559,0.9706590842558762,0.9111555010026917
010140,삼성중공업,Yahoo 무조정,2005-12-16,0.9794309527060318,0.9857945335088891,-0.6455281081957809
010140,삼성중공업,Yahoo 무조정,2005-12-19,0.9794073878153209,0.9766993528814376,0.27726392219817875
010140,삼성중공업,Yahoo 무조정,2005-12-20,0.979300805379916,0.9797165300499289,-0.0424331587006721
010140,삼성중공업,Yahoo 무조정,2005-12-21,0.9794697267140617,0.9796731005672018,-0.02075935871080903
010140,삼성중공업,Yahoo 무조정,2005-12-22,0.9794808702046636,0.979669712548316,-0.019276123496891895
010140,삼성중공업,Yahoo 무조정,2005-12-23,0.9795582513147139,0.9768706376011728,0.275124833329099
010140,삼성중공업,Yahoo 무조정,2005-12-26,0.9794595478805344,0.9796731005672018,-0.021798361774327812
010140,삼성중공업,Yahoo 무조정,2005-12-27,0.9794023169229084,0.9797165300499289,-0.03207184092367532
010140,삼성중공업,Yahoo 무조정,2005-12-29,0.9794042690383146,0.9796777684953151,-0.027917287275036617
010140,삼성중공업,Yahoo 무조정,2006-01-02,0.9795141327973186,0.9768531696147473,0.27240155074899075
010140,삼성중공업,Yahoo 무조정,2006-01-03,0.9794924794521156,0.9769792965810477,0.2572401359847598
010140,삼성중공업,Yahoo 무조정,2006-01-04,0.9794080908985598,0.9796263792093378,-0.02228281265294063
010140,삼성중공업,Yahoo 무조정,2006-01-05,0.9795480529616998,0.9768635614777246,0.274807208482053
010140,삼성중공업,Yahoo 무조정,2006-01-06,0.9794258635872887,0.979649566385602,-0.022834981608643723
010140,삼성중공업,Yahoo 무조정,2006-01-09,0.9796054964535567,0.9856075275608654,-0.6089676610082639
010140,삼성중공업,Yahoo 무조정,2006-01-10,0.9795150611640165,0.9826609941841616,-0.3201442856452186
010140,삼성중공업,Yahoo 무조정,2006-01-11,0.979527454859434,0.9736118018632678,0.6075987354349
010140,삼성중공업,Yahoo 무조정,2006-01-13,0.9795998055553906,0.973748579967045,0.600896957256003
010140,삼성중공업,Yahoo 무조정,2006-01-16,0.9794453390486577,0.9768238809760397,0.26836547751050155
010140,삼성중공업,Yahoo 무조정,2006-01-18,0.9794915649387796,0.9826335098303605,-0.3197473788699945
010140,삼성중공업,Yahoo 무조정,2006-01-19,0.9794915649387796,0.9765632960387458,0.29985449093896666
010140,삼성중공업,Yahoo 무조정,2006-01-20,0.9794427646074144,0.9891383545714196,-0.9802056425368466
010140,삼성중공업,Yahoo 무조정,2006-01-24,0.9794385376060841,0.9732247171564969,0.6384774595267428
010140,삼성중공업,Yahoo 무조정,2006-01-26,0.9795932722599864,0.9762836366824484,0.3390034876324055
010140,삼성중공업,Yahoo 무조정,2006-01-27,0.9795161628258314,0.9733514327924823,0.6333508972872215
010140,삼성중공업,Yahoo 무조정,2006-01-31,0.979528058129174,0.9765031349945796,0.3097709598864906
010140,삼성중공업,Yahoo 무조정,2006-02-01,0.9795158896812891,0.986272025705482,-0.6850175051208884
010140,삼성중공업,Yahoo 무조정,2006-02-02,0.979440039307626,0.976279142532896,0.3237697741374612
010140,삼성중공업,Yahoo 무조정,2006-02-06,0.9793797433558645,0.9761982947049318,0.3259018857325824
010140,삼성중공업,Yahoo 무조정,2006-02-07,0.9795032802257939,0.9763793583198184,0.3199496055868334
010140,삼성중공업,Yahoo 무조정,2006-02-09,0.9794258265570104,0.9796402144930452,-0.021884354364298808
010140,삼성중공업,Yahoo 무조정,2006-02-10,0.9794052436096842,0.9702975820596468,0.9386462172465304
010140,삼성중공업,Yahoo 무조정,2006-02-13,0.9793934010226448,0.9796625304512628,-0.02747164663876589
010140,삼성중공업,Yahoo 무조정,2006-02-14,0.9794052436096842,0.9796625304512628,-0.026262803116516853
010140,삼성중공업,Yahoo 무조정,2006-02-15,0.9795643845074603,0.9892707513397399,-0.9811638339791706
010140,삼성중공업,Yahoo 무조정,2006-02-16,0.9795286042808883,0.976500321235962,0.31011592920864306
010140,삼성중공업,Yahoo 무조정,2006-02-17,0.979465932298686,0.9827772939915107,-0.3369391736123495
010140,삼성중공업,Yahoo 무조정,2006-02-20,0.9793393367091043,0.9764976080244695,0.2910123548980126
010140,삼성중공업,Yahoo 무조정,2006-02-21,0.9793934010226448,0.9765781037381673,0.28828183569762356
010140,삼성중공업,Yahoo 무조정,2006-02-23,0.979563003854109,0.976754263190472,0.28755857737057244
010140,삼성중공업,Yahoo 무조정,2006-02-24,0.9795489588204571,0.9854647853896821,-0.600308266407068
010140,삼성중공업,Yahoo 무조정,2006-02-28,0.9795374184184952,0.9825477128761546,-0.306376414927223
010140,삼성중공업,Yahoo 무조정,2006-03-03,0.9794226002616954,0.9796195789314229,-0.020107669748947732
010140,삼성중공업,Yahoo 무조정,2006-03-06,0.9794226002616954,0.9796612991697871,-0.024365452457286718
010140,삼성중공업,Yahoo 무조정,2006-03-07,0.9793452539083403,0.9825057065228084,-0.3216726980297513
010140,삼성중공업,Yahoo 무조정,2006-03-08,0.9794697267140617,0.979649566385602,-0.01835755128272165
010140,삼성중공업,Yahoo 무조정,2006-03-09,0.9794023169229084,0.9768168918167657,0.26467858283389933
010140,삼성중공업,Yahoo 무조정,2006-03-10,0.9795146158789276,0.9768134277133155,0.2765306136234713
010140,삼성중공업,Yahoo 무조정,2006-03-13,0.9794808702046636,0.9768238809760397,0.27200289431592584
010140,삼성중공업,Yahoo 무조정,2006-03-14,0.9793890716158835,0.9768032297006523,0.2647249555085551
010140,삼성중공업,Yahoo 무조정,2006-03-15,0.9796466670140134,0.985344195286917,-0.5782272123950105
010140,삼성중공업,Yahoo 무조정,2006-03-16,0.9793697557694664,0.9796126602062935,-0.02479596749759283
010140,삼성중공업,Yahoo 무조정,2006-03-17,0.979536104043414,0.9824258140139221,-0.2941402729129905
010140,삼성중공업,Yahoo 무조정,2006-03-20,0.9795995475680467,0.982387999841354,-0.2838442930652385
010140,삼성중공업,Yahoo 무조정,2006-03-22,0.9793697557694664,0.9796766301748056,-0.03132405080280565
010140,삼성중공업,Yahoo 무조정,2006-03-23,0.979411408996455,0.9855308663809955,-0.620930058437652
010140,삼성중공업,Yahoo 무조정,2006-03-24,0.9794094410547401,0.9796195789314229,-0.02145096741655861
010140,삼성중공업,Yahoo 무조정,2006-03-27,0.9794094410547401,0.979713161195188,-0.031000924809188035
010140,삼성중공업,Yahoo 무조정,2006-03-28,0.9794798841457798,0.979664572410323,-0.01885219387782744
010140,삼성중공업,Yahoo 무조정,2006-03-29,0.9794094410547401,0.9738572408432603,0.5701246526310433
010140,삼성중공업,Yahoo 무조정,2006-03-31,0.9795374184184952,0.9825045678127613,-0.3019985343041709
010140,삼성중공업,Yahoo 무조정,2006-04-03,0.9793936369547015,0.9741974127746784,0.5333851344588636
010140,삼성중공업,Yahoo 무조정,2006-04-04,0.9794062172288786,0.9769572898198807,0.2506688301030291
010140,삼성중공업,Yahoo 무조정,2006-04-06,0.9794611755317665,0.9824258140139221,-0.3017671604172323
010140,삼성중공업,Yahoo 무조정,2006-04-12,0.9794611755317665,0.9796755858862692,-0.021885852581371434
010140,삼성중공업,Yahoo 무조정,2006-04-14,0.9794244968451937,0.9796593390440147,-0.023971822598056747
010140,삼성중공업,Yahoo 무조정,2006-04-17,0.9794258265570104,0.9796665899183136,-0.024576051054603365
010140,삼성중공업,Yahoo 무조정,2006-04-18,0.9794258265570104,0.9796565865308303,-0.023555190358803824
010140,삼성중공업,Yahoo 무조정,2006-04-19,0.979568924289564,0.9773093768303476,0.23120083699028626
010140,삼성중공업,Yahoo 무조정,2006-04-21,0.9795584803756797,0.9844264602070331,-0.49449908430230227
010140,삼성중공업,Yahoo 무조정,2006-04-24,0.9795123762270131,0.9796776000547878,-0.016865122542908395
010140,삼성중공업,Yahoo 무조정,2006-04-25,0.9795123762270131,0.9797093820674763,-0.02010859996536274
010140,삼성중공업,Yahoo 무조정,2006-04-26,0.9795298047338565,0.9775028540521883,0.20736007810775448
010140,삼성중공업,Yahoo 무조정,2006-04-27,0.9794437664828997,0.9796224536210321,-0.018240408585157297
010140,삼성중공업,Yahoo 무조정,2006-04-28,0.9795203362932078,0.9796421765537832,-0.012437220802807847
010140,삼성중공업,Yahoo 무조정,2006-05-02,0.9794233402376851,0.9796617911212583,-0.02434012286018916
010140,삼성중공업,Yahoo 무조정,2006-05-04,0.979527454859434,0.9756317695416357,0.3992987353854449
010140,삼성중공업,Yahoo 무조정,2006-05-08,0.9795191246707108,0.979691090527668,-0.017553069392983733
010140,삼성중공업,Yahoo 무조정,2006-05-09,0.9795694934565806,0.9818210540486013,-0.22932494498221212
010140,삼성중공업,Yahoo 무조정,2006-05-10,0.9795119913329846,0.975396099553397,0.42197131826466894
010140,삼성중공업,Yahoo 무조정,2006-05-12,0.9794783216850083,0.9838076798780031,-0.44006143492717475
010140,삼성중공업,Yahoo 무조정,2006-05-15,0.9795534989663512,0.9818210540486013,-0.23095400866580684
010140,삼성중공업,Yahoo 무조정,2006-05-16,0.9795889688598187,0.9774468186022245,0.2191577297941949
010140,삼성중공업,Yahoo 무조정,2006-05-17,0.9795211815074326,0.9727689644013287,0.6941234098951199
010140,삼성중공업,Yahoo 무조정,2006-05-18,0.9794258265570104,0.9796707768243904,-0.02500332491023327
010140,삼성중공업,Yahoo 무조정,2006-05-19,0.9794101914335607,0.979658485060672,-0.02534491671308814
010140,삼성중공업,Yahoo 무조정,2006-05-22,0.9983026322687165,0.9380484065211994,6.4233599597459
010140,삼성중공업,Yahoo 무조정,2006-05-23,0.979503273887205,0.9796694607365579,-0.016963563325522735
010140,삼성중공업,Yahoo 무조정,2006-05-24,0.9795032576445712,0.9748307237887833,0.47931745909972623
010140,삼성중공업,Yahoo 무조정,2006-05-25,0.9794743976896099,0.9847596931332692,-0.5367091566108595
010140,삼성중공업,Yahoo 무조정,2006-05-26,0.9794738698407287,0.9771900039036913,0.23371769337732218
010140,삼성중공업,Yahoo 무조정,2006-05-29,0.979464846386617,0.9796367914492046,-0.017551919659242188
010140,삼성중공업,Yahoo 무조정,2006-05-30,0.9795032895697485,0.9772496984588467,0.23060545472215477
010140,삼성중공업,Yahoo 무조정,2006-06-01,0.9795515798771939,0.9870713037950357,-0.7618217538014171
010140,삼성중공업,Yahoo 무조정,2006-06-02,0.9794284763054593,0.9796490560336888,-0.022516198721467262
010140,삼성중공업,Yahoo 무조정,2006-06-07,0.9794661670550842,0.9843220558207609,-0.4933231696843121
010140,삼성중공업,Yahoo 무조정,2006-06-08,0.9794308921421779,0.9796707768243904,-0.024486254758981918
010140,삼성중공업,Yahoo 무조정,2006-06-09,0.9794577556907804,0.9797001634273306,-0.024743053599396436
010140,삼성중공업,Yahoo 무조정,2006-06-12,0.9794365386300204,0.9772643020187083,0.22227729047556988
010140,삼성중공업,Yahoo 무조정,2006-06-13,0.979464846386617,0.9796665899183136,-0.020593080724884416
010140,삼성중공업,Yahoo 무조정,2006-06-14,0.9794244968451937,0.9796565865308303,-0.02369092280167795
010140,삼성중공업,Yahoo 무조정,2006-06-15,0.9793902353271174,0.9772922964433857,0.21466851742990567
010140,삼성중공업,Yahoo 무조정,2006-06-19,0.9794661670550842,0.9773493950753784,0.21658293240591764
010140,삼성중공업,Yahoo 무조정,2006-06-20,0.9795584803756797,0.9750564487245091,0.46172010421137166
010140,삼성중공업,Yahoo 무조정,2006-06-21,0.9795575317713663,0.9705737343981166,0.9256171947431557
010140,삼성중공업,Yahoo 무조정,2006-06-22,0.9794679305752605,0.9796719721702198,-0.020827542356582907
010140,삼성중공업,Yahoo 무조정,2006-06-23,0.9794320715418481,0.9796719721702198,-0.02448785258604147
010140,삼성중공업,Yahoo 무조정,2006-06-26,0.979378398655347,0.9796719721702198,-0.029966511568402243
010140,삼성중공업,Yahoo 무조정,2006-06-27,0.9794418484848594,0.9796719721702198,-0.023489871293413955
010140,삼성중공업,Yahoo 무조정,2006-06-28,0.9794398047165728,0.9819934428421234,-0.26004635205707505
010140,삼성중공업,Yahoo 무조정,2006-06-29,0.9794852537595335,0.9796936771387388,-0.021274341569088584
010140,삼성중공업,Yahoo 무조정,2006-06-30,0.9796007554535553,0.9752621458031709,0.44486599516393444
010140,삼성중공업,Yahoo 무조정,2006-07-03,0.9794591772542043,0.977450626656993,0.20548870116139373
010140,삼성중공업,Yahoo 무조정,2006-07-04,0.9795290111557632,0.9796602125517891,-0.0133925410407576
010140,삼성중공업,Yahoo 무조정,2006-07-05,0.9795211815074326,0.9796627712015581,-0.01445290137460642
010140,삼성중공업,Yahoo 무조정,2006-07-06,0.9794767239575495,0.9796189741698378,-0.01452097356615667
010140,삼성중공업,Yahoo 무조정,2006-07-10,0.9795203362932078,0.9796853091923877,-0.0168393766479924
010140,삼성중공업,Yahoo 무조정,2006-07-12,0.9794715249659098,0.9796853091923877,-0.021821724228376915
010140,삼성중공업,Yahoo 무조정,2006-07-13,0.9795032857000299,0.9796853091923877,-0.0185797919648234
010140,삼성중공업,Yahoo 무조정,2006-07-19,0.979459883629229,0.9796421765537832,-0.018608113137330573
010140,삼성중공업,Yahoo 무조정,2006-07-21,0.9794437664828997,0.9775508365831437,0.19364004703554816
010140,삼성중공업,Yahoo 무조정,2006-07-24,0.9796206055330279,0.9734590316500774,0.6329566712742096
010140,삼성중공업,Yahoo 무조정,2006-07-25,0.9795033121051689,0.9776244694348905,0.19218449711724261
010140,삼성중공업,Yahoo 무조정,2006-07-26,0.9794870857881935,0.9796655733797414,-0.01821923689040439
010140,삼성중공업,Yahoo 무조정,2006-07-27,0.9795839150274471,0.9797053897326544,-0.01239910553523238
010140,삼성중공업,Yahoo 무조정,2006-07-31,0.9795746592621991,0.9817568351488016,-0.22227254330974278
010140,삼성중공업,Yahoo 무조정,2006-08-02,0.9794863568422534,0.9775550332989792,0.19756673307245176
010140,삼성중공업,Yahoo 무조정,2006-08-04,0.9794623911193161,0.979691090527668,-0.023344032681638094
010140,삼성중공업,Yahoo 무조정,2006-08-07,0.979560246731541,0.979688003228701,-0.013040528896846038
010140,삼성중공업,Yahoo 무조정,2006-08-08,0.9794778698183274,0.9838898835929338,-0.44842556552109336
010140,삼성중공업,Yahoo 무조정,2006-08-09,0.9794949657426305,0.9775211033719268,0.20192529490103972
010140,삼성중공업,Yahoo 무조정,2006-08-10,0.9794860219331278,0.9818296916484325,-0.2387043023082458
010140,삼성중공업,Yahoo 무조정,2006-08-11,0.979555036641739,0.9797154272096447,-0.01637113833783399
010140,삼성중공업,Yahoo 무조정,2006-08-14,0.9794591772542043,0.9727889985580818,0.6856757946491321
010140,삼성중공업,Yahoo 무조정,2006-08-16,0.979637421064354,0.9730011582778151,0.6820405844413235
010140,삼성중공업,Yahoo 무조정,2006-08-17,0.9795293434471573,0.979687661472307,-0.016160050940294823
010140,삼성중공업,Yahoo 무조정,2006-08-18,0.9795119913329846,0.9819470962541508,-0.2479873844991598
010140,삼성중공업,Yahoo 무조정,2006-08-21,0.9795381365128419,0.9797154272096447,-0.01809614219382416
010140,삼성중공업,Yahoo 무조정,2006-08-24,0.9794767239575495,0.9796511451561162,-0.017804419402678295
010140,삼성중공업,Yahoo 무조정,2006-08-25,0.979555036641739,0.979684736756042,-0.01323896447875672
010140,삼성중공업,Yahoo 무조정,2006-08-29,0.9795118138474629,0.9753319718718737,0.4285558246970078
010140,삼성중공업,Yahoo 무조정,2006-08-30,0.9795889688598187,0.9775675084555635,0.20678473729645042
010140,삼성중공업,Yahoo 무조정,2006-09-04,0.9795201468455411,0.9796553864986546,-0.013804819018736758
010140,삼성중공업,Yahoo 무조정,2006-09-05,0.9795962142718788,0.9775675084555635,0.20752590473473997
010140,삼성중공업,Yahoo 무조정,2006-09-06,0.9795619456165289,0.9775550332989792,0.20529916466973663
010140,삼성중공업,Yahoo 무조정,2006-09-07,0.9794863568422534,0.979690894561799,-0.020877781010419927
010140,삼성중공업,Yahoo 무조정,2006-09-08,0.9794860219331278,0.9775294003867352,0.2001598668662563
010140,삼성중공업,Yahoo 무조정,2006-09-11,0.9794947673937422,0.9818296916484325,-0.2378135713913987
010140,삼성중공업,Yahoo 무조정,2006-09-12,0.979459883629229,0.9796627712015581,-0.020709940021534923
010140,삼성중공업,Yahoo 무조정,2006-09-13,0.9794945277964445,0.9774260833415913,0.21162157324283726
010140,삼성중공업,Yahoo 무조정,2006-09-14,0.979378398655347,0.9796332480786312,-0.026014778876071176
010140,삼성중공업,Yahoo 무조정,2006-09-15,0.9794160604738946,0.9796602125517891,-0.024922118380066305
010140,삼성중공업,Yahoo 무조정,2006-09-18,0.9794684425926778,0.977525186334729,0.19879347203679565
010140,삼성중공업,Yahoo 무조정,2006-09-19,0.9795201468455411,0.9839521490789878,-0.4504286349285569
010140,삼성중공업,Yahoo 무조정,2006-09-20,0.9795628912416546,0.9775759531221018,0.20325153387898975
010140,삼성중공업,Yahoo 무조정,2006-09-22,0.9794695327275244,0.9796224536210321,-0.015610186653280955
010140,삼성중공업,Yahoo 무조정,2006-09-25,0.9795637506817282,0.9861944509020503,-0.672352213527172
010140,삼성중공업,Yahoo 무조정,2006-09-26,0.9794775188807272,0.9797304966877842,-0.025821162851646928
010140,삼성중공업,Yahoo 무조정,2006-09-27,0.9795119913329846,0.9753939762433164,0.4221899242733196
010140,삼성중공업,Yahoo 무조정,2006-10-02,0.9796206055330279,0.9817568351488016,-0.21759253812070334
010140,삼성중공업,Yahoo 무조정,2006-10-04,0.9794281628398248,0.9797026231827972,-0.028014658374675427
010140,삼성중공업,Yahoo 무조정,2006-10-09,0.9794949657426305,0.9796421765537832,-0.015026998089295862
010140,삼성중공업,Yahoo 무조정,2006-10-10,0.9795726197058079,0.9818447588893557,-0.23141531927287629
010140,삼성중공업,Yahoo 무조정,2006-10-11,0.9795203362932078,0.9775211033719268,0.20452069161318587
010140,삼성중공업,Yahoo 무조정,2006-10-12,0.9795201468455411,0.9775550332989792,0.2010233162965891
010140,삼성중공업,Yahoo 무조정,2006-10-16,0.9794951275918773,0.9776558085903718,0.18813563887658535
010140,삼성중공업,Yahoo 무조정,2006-10-17,0.9795351489605295,0.9796609716352334,-0.012843491610559088
010140,삼성중공업,Yahoo 무조정,2006-10-19,0.9794872791095999,0.9796301938536874,-0.014588642222768122
010140,삼성중공업,Yahoo 무조정,2006-10-23,0.9794879294426448,0.9796407220637529,-0.015596801732187249
010140,삼성중공업,Yahoo 무조정,2006-10-24,0.979548627422439,0.9796806654427069,-0.013477659090910254
010140,삼성중공업,Yahoo 무조정,2006-10-25,0.9794956296998244,0.9796407220637529,-0.014810773037565728
010140,삼성중공업,Yahoo 무조정,2006-10-26,0.9794803618211495,0.9796758771765606,-0.019957147048932367
010140,삼성중공업,Yahoo 무조정,2006-10-30,0.9794494860559874,0.9796042962870531,-0.015803343416576077
010140,삼성중공업,Yahoo 무조정,2006-11-03,0.97946579281969,0.9796658533007987,-0.020421297775619074
010140,삼성중공업,Yahoo 무조정,2006-11-06,0.9795708349981254,0.9796968353634734,-0.012861158758492586
010140,삼성중공업,Yahoo 무조정,2006-11-07,0.97950324530017,0.9796581074733399,-0.015807777426490865
010140,삼성중공업,Yahoo 무조정,2006-11-08,0.97950324530017,0.9796486065964248,-0.014838105753034458
010140,삼성중공업,Yahoo 무조정,2006-11-09,0.9794494860559874,0.9796758771765606,-0.023108777693459093
010140,삼성중공업,Yahoo 무조정,2006-11-13,0.9794800801635623,0.9755751926056918,0.4002651551071823
010140,삼성중공업,Yahoo 무조정,2006-11-15,0.979455037131601,0.9796825853883906,-0.02322673284014254
010140,삼성중공업,Yahoo 무조정,2006-11-16,0.9794623911193161,0.9796004785973841,-0.014096305696553735
010140,삼성중공업,Yahoo 무조정,2006-11-17,0.979527454859434,0.9796741159842851,-0.01497039908048281
010140,삼성중공업,Yahoo 무조정,2006-11-20,0.9794623911193161,0.979635915785336,-0.01771317927649063
010140,삼성중공업,Yahoo 무조정,2006-11-24,0.9794872791095999,0.9797024383517899,-0.021961693037331198
010140,삼성중공업,Yahoo 무조정,2006-11-27,0.9795674889154278,0.9797053897326544,-0.014075743450214784
010140,삼성중공업,Yahoo 무조정,2006-11-28,0.9795610282190985,0.9734498527060229,0.6277853446777559
010140,삼성중공업,Yahoo 무조정,2006-11-29,0.9795694934565806,0.9775797991359311,0.20353267553279153
010140,삼성중공업,Yahoo 무조정,2006-12-01,0.9794783216850083,0.9797026231827972,-0.02289485528376156
010140,삼성중공업,Yahoo 무조정,2006-12-05,0.9795032857000299,0.9796627712015581,-0.016279632769200525
010140,삼성중공업,Yahoo 무조정,2006-12-07,0.9794673417816037,0.9774046580751654,0.21103681974468103
010140,삼성중공업,Yahoo 무조정,2006-12-08,0.9795945678893364,0.981985529337835,-0.24348235050987155
010140,삼성중공업,Yahoo 무조정,2006-12-12,0.9794398047165728,0.979658485060672,-0.022322099735161416
010140,삼성중공업,Yahoo 무조정,2006-12-13,0.9795491598581237,0.9796936771387388,-0.01475127215653238
010140,삼성중공업,Yahoo 무조정,2006-12-14,0.9794398047165728,0.9819470962541508,-0.2553387598112522
010140,삼성중공업,Yahoo 무조정,2006-12-15,0.9795381365128419,0.9796757532646537,-0.014047173399278634
010140,삼성중공업,Yahoo 무조정,2006-12-19,0.9794160604738946,0.9840930936546437,-0.47526328666528395
010140,삼성중공업,Yahoo 무조정,2006-12-20,0.9795381365128419,0.9752025329954584,0.4445849319183015
010140,삼성중공업,Yahoo 무조정,2006-12-21,0.9796352424529136,0.9708096997281126,0.9090909090909038
010140,삼성중공업,Yahoo 무조정,2006-12-22,0.9795381365128419,0.9818210540486013,-0.23251869842734196
010140,삼성중공업,Yahoo 무조정,2006-12-26,0.9795977001713875,0.9686595125976167,1.1292087086863134
010140,삼성중공업,Yahoo 무조정,2006-12-27,0.9795558420078871,0.9797304966877842,-0.017826808544552097
010140,삼성중공업,Yahoo 무조정,2006-12-28,0.9795119913329846,0.9796421765537832,-0.01328905838420269
010140,삼성중공업,Yahoo 무조정,2007-01-03,0.9796171562193298,0.9751946220224786,0.45350272622290966
010140,삼성중공업,Yahoo 무조정,2007-01-04,0.9796023275540852,0.9819636847259436,-0.24047296336804358
010140,삼성중공업,Yahoo 무조정,2007-01-05,0.9794942119567721,0.9796490560336888,-0.01580607626404662
010140,삼성중공업,Yahoo 무조정,2007-01-08,0.9794667335466652,0.979658485060672,-0.01957330201604046
010140,삼성중공업,Yahoo 무조정,2007-01-10,0.9794569781927026,0.9772603619592153,0.22477287721804906
010140,삼성중공업,Yahoo 무조정,2007-01-12,0.9795404841289755,0.9772142521745021,0.23804728075722537
010140,삼성중공업,Yahoo 무조정,2007-01-16,0.97955070316391,0.9678230214594574,1.2117589109181814
010140,삼성중공업,Yahoo 무조정,2007-01-17,0.979512654621217,0.9772643020187083,0.23006597067591894
010140,삼성중공업,Yahoo 무조정,2007-01-18,0.97945617421053,0.9772603619592153,0.22469060823386844
010140,삼성중공업,Yahoo 무조정,2007-01-19,0.97955939843837,0.9843195765487265,-0.4836008775774725
010140,삼성중공업,Yahoo 무조정,2007-01-22,0.9795125130986286,0.9796707768243904,-0.016154786843269875
010140,삼성중공업,Yahoo 무조정,2007-01-23,0.979597717416893,0.9772842275309557,0.2367264119039536
010140,삼성중공업,Yahoo 무조정,2007-01-29,0.9795491598581237,0.9819814578972192,-0.24769286828530968
010140,삼성중공업,Yahoo 무조정,2007-01-30,0.97955939843837,0.9773093768303476,0.2302261352817192
010140,삼성중공업,Yahoo 무조정,2007-01-31,0.9794387317382706,0.9796152218230967,-0.01801626607002005
010140,삼성중공업,Yahoo 무조정,2007-02-01,0.9794846151672973,0.972656442946195,0.7020127477302962
010140,삼성중공업,Yahoo 무조정,2007-02-02,0.9793921435479557,0.9707658633323087,0.8886056402968023
010140,삼성중공업,Yahoo 무조정,2007-02-06,0.9795290111557632,0.9796617911212583,-0.013553653587239367
010140,삼성중공업,Yahoo 무조정,2007-02-07,0.9795198520550138,0.9775294003867352,0.20362064481038722
010140,삼성중공업,Yahoo 무조정,2007-02-08,0.9794778698183274,0.9796642619745732,-0.01902612593728259
010140,삼성중공업,Yahoo 무조정,2007-02-09,0.9794947673937422,0.9796224536210321,-0.013034228321118224
010140,삼성중공업,Yahoo 무조정,2007-02-12,0.9794860219331278,0.9711542223386201,0.8579275467128111
010140,삼성중공업,Yahoo 무조정,2007-02-13,0.9794521202760175,0.9796224536210321,-0.017387652190392622
010140,삼성중공업,Yahoo 무조정,2007-02-14,0.9795201468455411,0.9796617911212583,-0.01445848730663446
010140,삼성중공업,Yahoo 무조정,2007-02-15,0.9794868867204867,0.9796617911212583,-0.017853549291890758
010140,삼성중공업,Yahoo 무조정,2007-02-16,0.9794536777207735,0.9817830947962985,-0.23726392192650048
010140,삼성중공업,Yahoo 무조정,2007-02-20,0.9795198520550138,0.9796617911212583,-0.014488578357441106
010140,삼성중공업,Yahoo 무조정,2007-02-22,0.9795201468455411,0.977616104436549,0.19476381376608565
010140,삼성중공업,Yahoo 무조정,2007-02-23,0.9794790775613139,0.977639202526244,0.18819570965604715
010140,삼성중공업,Yahoo 무조정,2007-02-26,0.9795585391104759,0.9796749798145651,-0.011885646412168605
010140,삼성중공업,Yahoo 무조정,2007-02-28,0.9795790618068574,0.9691321481911683,1.077965851735252
010140,삼성중공업,Yahoo 무조정,2007-03-05,0.9794536777207735,0.9796224536210321,-0.017228668007218673
010140,삼성중공업,Yahoo 무조정,2007-03-06,0.9795203362932078,0.9753955440749112,0.42288405389514505
010140,삼성중공업,Yahoo 무조정,2007-03-07,0.9795619456165289,0.983884957521685,-0.43938184765477395
010140,삼성중공업,Yahoo 무조정,2007-03-08,0.9794947673937422,0.9754583363241272,0.41379840832831416
010140,삼성중공업,Yahoo 무조정,2007-03-09,0.979635915785336,0.9775759531221018,0.21072149500560577
010140,삼성중공업,Yahoo 무조정,2007-03-12,0.9796049602638,0.975397091545101,0.4314005808683907
010140,삼성중공업,Yahoo 무조정,2007-03-16,0.9794695327275244,0.9817801695623878,-0.23535175251027107
010140,삼성중공업,Yahoo 무조정,2007-03-19,0.9795628912416546,0.9755171527422555,0.4147275614812429
010140,삼성중공업,Yahoo 무조정,2007-03-20,0.9794951275918773,0.979691090527668,-0.020002523008055828
010140,삼성중공업,Yahoo 무조정,2007-03-22,0.9794793858301093,0.9797192863577273,-0.024486659695133195
010140,삼성중공업,Yahoo 무조정,2007-03-23,0.9794953121252629,0.9796884243738907,-0.019711598486149562
010140,삼성중공업,Yahoo 무조정,2007-03-26,0.9794715249659098,0.9796384708539218,-0.01704158145875434
010140,삼성중공업,Yahoo 무조정,2007-03-29,0.9794719352633868,0.9796407220637529,-0.0172294593889899
010140,삼성중공업,Yahoo 무조정,2007-03-30,0.9795717006861012,0.9796806654427069,-0.011122476991676233
010140,삼성중공업,Yahoo 무조정,2007-04-02,0.9794803618211495,0.979664572410323,-0.01880343480424873
010140,삼성중공업,Yahoo 무조정,2007-04-03,0.9794956296998244,0.9796042962870531,-0.011092906354193133
010140,삼성중공업,Yahoo 무조정,2007-04-04,0.9795110189938528,0.9796668835753942,-0.01590995716549415
010140,삼성중공업,Yahoo 무조정,2007-04-05,0.9795884836918854,0.9756868388414992,0.3998870021675094
010140,삼성중공업,Yahoo 무조정,2007-04-06,0.9794564243254821,0.9796602375782347,-0.02080448352752562
010140,삼성중공업,Yahoo 무조정,2007-04-13,0.9795322644156471,0.9723452158747217,0.7391457708217253
010140,삼성중공업,Yahoo 무조정,2007-04-16,0.9794887817132489,0.9796766108256776,-0.01917256269600154
010140,삼성중공업,Yahoo 무조정,2007-04-17,0.979539027128569,0.9796581074733399,-0.012155296206151078
010140,삼성중공업,Yahoo 무조정,2007-04-18,0.97950324530017,0.9796766108256776,-0.017696199295957893
010140,삼성중공업,Yahoo 무조정,2007-04-19,0.9795104297498902,0.9796581074733399,-0.015074414463900343
010140,삼성중공업,Yahoo 무조정,2007-04-20,0.9795325876019807,0.9796521398393464,-0.012203539654931372
010140,삼성중공업,Yahoo 무조정,2007-04-23,0.9794893177742333,0.9796358090227164,-0.014953643704518349
010140,삼성중공업,Yahoo 무조정,2007-04-24,0.9795446993014753,0.9796566079229934,-0.011423249801312263
010140,삼성중공업,Yahoo 무조정,2007-04-26,0.9795683953519748,0.9796817450769584,-0.011570055842435867
010140,삼성중공업,Yahoo 무조정,2007-04-27,0.9795524880959033,0.9796699568854387,-0.011990649372239925
010140,삼성중공업,Yahoo 무조정,2007-04-30,0.9794902767576685,0.9796483044104277,-0.016131059692314764
010140,삼성중공업,Yahoo 무조정,2007-05-03,0.9795338870304735,0.9796861759333307,-0.01554466181092895
010140,삼성중공업,Yahoo 무조정,2007-05-04,0.9794972096934168,0.9796716263561928,-0.017803584189191035
010140,삼성중공업,Yahoo 무조정,2007-05-07,0.9795676761270546,0.9796655423331568,-0.009989756898987068
010140,삼성중공업,Yahoo 무조정,2007-05-08,0.9795872160855188,0.9797008048274679,-0.011594227685574054
010140,삼성중공업,Yahoo 무조정,2007-05-11,0.9795644460039944,0.9796663849357808,-0.010405474083208244
010140,삼성중공업,Yahoo 무조정,2007-05-15,0.9795305514258108,0.9796512726644967,-0.012322878768644685
010140,삼성중공업,Yahoo 무조정,2007-05-16,0.9795150611640165,0.9796688742238874,-0.015700515135042004
010140,삼성중공업,Yahoo 무조정,2007-05-17,0.9794920031260305,0.9796892163691729,-0.020130184128530626
010140,삼성중공업,Yahoo 무조정,2007-05-23,0.9795431705763037,0.9796555978894876,-0.01147620790675763
010140,삼성중공업,Yahoo 무조정,2007-05-25,0.9795985755965771,0.9796796993174395,-0.008280637122404233
010140,삼성중공업,Yahoo 무조정,2007-05-31,0.9795279353261672,0.9796786149981828,-0.015380520683905274
010140,삼성중공업,Yahoo 무조정,2007-06-01,0.9795381365128419,0.9796723100529089,-0.01369575711083204
010140,삼성중공업,Yahoo 무조정,2007-06-07,0.9795736495423538,0.9796757532646537,-0.010422195502912679
010140,삼성중공업,Yahoo 무조정,2007-06-08,0.9795607418131546,0.9796526946268365,-0.009386266601030258
010140,삼성중공업,Yahoo 무조정,2007-06-12,0.979549918495197,0.9796407016086199,-0.009266980564792693
010140,삼성중공업,Yahoo 무조정,2007-06-13,0.9795355205977216,0.9796575900380531,-0.012460418984427957
010140,삼성중공업,Yahoo 무조정,2007-06-18,0.9795562247727073,0.9796757532646537,-0.012200821705354858
010140,삼성중공업,Yahoo 무조정,2007-06-19,0.9795416606331856,0.9796574739604819,-0.011821818377810711
010140,삼성중공업,Yahoo 무조정,2007-06-20,0.9796103707721319,0.9796725587078755,-0.00634782868937922
010140,삼성중공업,Yahoo 무조정,2007-06-21,0.9795814122455984,0.9796743402582818,-0.009485602395076231
010140,삼성중공업,Yahoo 무조정,2007-06-22,0.9795623582771675,0.9796387329821937,-0.007796211241428708
010140,삼성중공업,Yahoo 무조정,2007-06-25,0.9796081450803302,0.9796815955833559,-0.00749738520727794
010140,삼성중공업,Yahoo 무조정,2007-06-26,0.9795763581992923,0.9796544902374635,-0.007975468795351492
010140,삼성중공업,Yahoo 무조정,2007-06-27,0.979601354204631,0.9796686574983051,-0.006870005808490287
010140,삼성중공업,Yahoo 무조정,2007-06-28,0.9795538463913219,0.9796553864986546,-0.010364880215230077
010140,삼성중공업,Yahoo 무조정,2007-07-02,0.9795666281584909,0.9796540581452077,-0.00892457760878207
010140,삼성중공업,Yahoo 무조정,2007-07-03,0.9795670592421836,0.9796566250367245,-0.009142570187536947
010140,삼성중공업,Yahoo 무조정,2007-07-04,0.9796061944754195,0.979671789969733,-0.00669566021856971
010140,삼성중공업,Yahoo 무조정,2007-07-05,0.9795705085547123,0.9796712440348553,-0.01028258007533811
010140,삼성중공업,Yahoo 무조정,2007-07-06,0.9796082481978586,0.9796812353095068,-0.007450087744620415
010140,삼성중공업,Yahoo 무조정,2007-07-09,0.9796126357937334,0.9796769574950144,-0.00656560316019128
010140,삼성중공업,Yahoo 무조정,2007-07-12,0.9796214083498391,0.9796773849598636,-0.005713779952853937
010140,삼성중공업,Yahoo 무조정,2007-07-18,0.9796171268909842,0.9796812353095068,-0.006543803863134912
010140,삼성중공업,Yahoo 무조정,2007-07-19,0.9795708349981254,0.9796437218004027,-0.007440133658320747
010140,삼성중공업,Yahoo 무조정,2007-07-20,0.9795741866869445,0.9796447182853074,-0.007199712002359249
010140,삼성중공업,Yahoo 무조정,2007-07-24,0.9796093910474235,0.9796630616075889,-0.005478471350883751
010140,삼성중공업,Yahoo 무조정,2007-07-26,0.9795882744400685,0.9796437218004027,-0.0056599515824373725
010140,삼성중공업,Yahoo 무조정,2007-07-27,0.9795578257012347,0.9796598881279397,-0.010418148986379716
010140,삼성중공업,Yahoo 무조정,2007-07-30,0.979579302462437,0.9796426854560469,-0.0064700114185467505
010140,삼성중공업,Yahoo 무조정,2007-08-01,0.9795884836918854,0.9796771007112368,-0.009045533399421046
010140,삼성중공업,Yahoo 무조정,2007-08-06,0.9795803504858094,0.9796456828676432,-0.00666898073214961
010140,삼성중공업,Yahoo 무조정,2007-08-07,0.9795884836918854,0.9796456828676432,-0.005838761580645446
010140,삼성중공업,Yahoo 무조정,2007-08-08,0.9795816554308858,0.979664572410323,-0.008463813204262483
010140,삼성중공업,Yahoo 무조정,2007-08-09,0.9795905828173646,0.979654696098865,-0.006544477534353721
010140,삼성중공업,Yahoo 무조정,2007-08-10,0.9795556849434406,0.9796686052794668,-0.011526381004522968
010140,삼성중공업,Yahoo 무조정,2007-08-17,0.9796088959965156,0.9796856284769229,-0.007832357460080264
010140,삼성중공업,Yahoo 무조정,2007-08-20,0.9795285534496851,0.9796492030697558,-0.012315594162948251
010140,삼성중공업,Yahoo 무조정,2007-08-21,0.979527454859434,0.9796376674882828,-0.011250346174562775
010140,삼성중공업,Yahoo 무조정,2007-08-22,0.9795283660588171,0.9796405607830536,-0.011452641788012308
010140,삼성중공업,Yahoo 무조정,2007-08-23,0.9795626093036686,0.9796747704161785,-0.011448810962255696
010140,삼성중공업,Yahoo 무조정,2007-08-24,0.9796023275540852,0.9796719721702198,-0.007108973014757769
010140,삼성중공업,Yahoo 무조정,2007-08-27,0.9795763581992923,0.9796544902374635,-0.007975468795351492
010140,삼성중공업,Yahoo 무조정,2007-08-28,0.9795676548487224,0.9796723100529089,-0.0106826745139732
010140,삼성중공업,Yahoo 무조정,2007-08-29,0.9795858233174555,0.9796477048084289,-0.006316708615727862
010140,삼성중공업,Yahoo 무조정,2007-08-31,0.9795710207061895,0.9796710933961855,-0.010214927302698573
010140,삼성중공업,Yahoo 무조정,2007-09-03,0.9795803504858094,0.9796723100529089,-0.009386768019858938
010140,삼성중공업,Yahoo 무조정,2007-09-04,0.9795863103936268,0.9796894945090747,-0.010532328459811335
010140,삼성중공업,Yahoo 무조정,2007-09-05,0.9795704289108818,0.9796894945090747,-0.012153401548176124
010140,삼성중공업,Yahoo 무조정,2007-09-06,0.9795889688598187,0.9796531660837382,-0.006553056340963259
010140,삼성중공업,Yahoo 무조정,2007-09-07,0.9795689261772467,0.9796680322219389,-0.010116288521477834
010140,삼성중공업,Yahoo 무조정,2007-09-11,0.9795845030881527,0.9796757532646537,-0.009314324274833918
010140,삼성중공업,Yahoo 무조정,2007-09-13,0.9795683491271846,0.979637421064354,-0.00705076548570549
010140,삼성중공업,Yahoo 무조정,2007-09-17,0.9795889688598187,0.9796712765078034,-0.008401557742721
010140,삼성중공업,Yahoo 무조정,2007-09-18,0.9795691972125755,0.9796752435040713,-0.010824637266171333
010140,삼성중공업,Yahoo 무조정,2007-09-20,0.9795610282190985,0.9796749107290309,-0.011624520408271
010140,삼성중공업,Yahoo 무조정,2007-09-21,0.9795661826682958,0.9796680322219389,-0.0103963332775181
010140,삼성중공업,Yahoo 무조정,2007-09-27,0.9795861930695722,0.9796591522998944,-0.007447409657834747
010140,삼성중공업,Yahoo 무조정,2007-10-02,0.9795570292331551,0.9796558388960326,-0.010086160767319718
010140,삼성중공업,Yahoo 무조정,2007-10-04,0.9795737150097976,0.9796365155146353,-0.006410592484362709
010140,삼성중공업,Yahoo 무조정,2007-10-05,0.9795741837739761,0.9796365155146353,-0.006362741656928961
010140,삼성중공업,Yahoo 무조정,2007-10-08,0.9796108008217391,0.9796758771765606,-0.006642641340626199
010140,삼성중공업,Yahoo 무조정,2007-10-09,0.9795926012071414,0.9796658533007987,-0.007477252923582256
010140,삼성중공업,Yahoo 무조정,2007-10-10,0.9795689765632717,0.97965738064764,-0.009023979823419293
010140,삼성중공업,Yahoo 무조정,2007-10-11,0.9795750931261951,0.9796581074733399,-0.008473808006237427
010140,삼성중공업,Yahoo 무조정,2007-10-16,0.9796141682015307,0.9796649239968345,-0.005180934221538092
010140,삼성중공업,Yahoo 무조정,2007-10-17,0.9795776868723424,0.9796712440348553,-0.009549852879986442
010140,삼성중공업,Yahoo 무조정,2007-10-23,0.979551305683379,0.9796549134205891,-0.010575942180324205
010140,삼성중공업,Yahoo 무조정,2007-10-24,0.9796090854727605,0.9796704217322334,-0.006260907557509299
010140,삼성중공업,Yahoo 무조정,2007-10-25,0.9796203409422943,0.9796787003578621,-0.005956995446199098
010140,삼성중공업,Yahoo 무조정,2007-10-29,0.9795682680195348,0.9796566250367245,-0.009019182326908126
010140,삼성중공업,Yahoo 무조정,2007-10-31,0.9796051893874911,0.9796691146211437,-0.006525186177508413
010140,삼성중공업,Yahoo 무조정,2007-11-01,0.9795934138344173,0.9796789414838766,-0.008730171267101738
010140,삼성중공업,Yahoo 무조정,2007-11-02,0.9795905828173646,0.9796651748729054,-0.007614035637282246
010140,삼성중공업,Yahoo 무조정,2007-11-09,0.9795716634138308,0.9796686052794668,-0.009895373304147359
010140,삼성중공업,Yahoo 무조정,2007-11-15,0.9795657438843732,0.979690894561799,-0.012774506542878594
010140,삼성중공업,Yahoo 무조정,2007-11-16,0.9795602640863634,0.9796398339748231,-0.008122361474094397
010140,삼성중공업,Yahoo 무조정,2007-11-20,0.9796000465040223,0.979676143130259,-0.007767528766544629
010140,삼성중공업,Yahoo 무조정,2007-11-21,0.9795667409276558,0.9796371163876527,-0.00718382948334817
010140,삼성중공업,Yahoo 무조정,2007-11-22,0.9795936415462916,0.9796665899183136,-0.007446244750275444
010140,삼성중공업,Yahoo 무조정,2007-11-23,0.9795564493320201,0.9796492030697558,-0.009468056263917113
010140,삼성중공업,Yahoo 무조정,2007-11-26,0.9795936415462916,0.9796786149981828,-0.008673604852682537
010140,삼성중공업,Yahoo 무조정,2007-11-28,0.9796048149791725,0.9796766430742246,-0.007331816631528376
010140,삼성중공업,Yahoo 무조정,2007-12-11,0.9795868139261463,0.9796694607365579,-0.008436193402361347
010140,삼성중공업,Yahoo 무조정,2007-12-12,0.9795281154788016,0.9796680452019665,-0.014283381381097193
010140,삼성중공업,Yahoo 무조정,2007-12-13,0.979570580973809,0.9796781252426161,-0.010977510473708652
010140,삼성중공업,Yahoo 무조정,2007-12-14,0.9795421107862984,0.9796391179027223,-0.009902331853750557
010140,삼성중공업,Yahoo 무조정,2007-12-17,0.9795624148198251,0.9796531660837382,-0.009263611557130957
010140,삼성중공업,Yahoo 무조정,2007-12-18,0.9795898582030275,0.9796808603774905,-0.009288961144748864
010140,삼성중공업,Yahoo 무조정,2007-12-21,0.9795490703025792,0.979642798143654,-0.009567552709244254
010140,삼성중공업,Yahoo 무조정,2007-12-24,0.9795424796662989,0.9796405607830536,-0.010011949349697513
010140,삼성중공업,Yahoo 무조정,2007-12-26,0.9795313541467053,0.9796786149981828,-0.015031547001531642
010140,삼성중공업,Yahoo 무조정,2007-12-27,0.979570580973809,0.9796715780437104,-0.010309278350517648
010140,삼성중공업,Yahoo 무조정,2007-12-28,0.9795952070610497,0.9796766430742246,-0.00831254003559323
010140,삼성중공업,Yahoo 무조정,2008-01-04,0.9795875213360673,0.9796687851343371,-0.008295027819904544
010140,삼성중공업,Yahoo 무조정,2008-01-07,0.9795495214059818,0.9796519749409394,-0.010458156322679102
010140,삼성중공업,Yahoo 무조정,2008-01-08,0.9795495214059818,0.9796533926768971,-0.010602859306330092
010140,삼성중공업,Yahoo 무조정,2008-01-09,0.9795454720821796,0.9796711826196773,-0.012831911331878665
010140,삼성중공업,Yahoo 무조정,2008-01-10,0.9795242943697906,0.9796521635821882,-0.013052511610855966
010140,삼성중공업,Yahoo 무조정,2008-01-11,0.9795351489605295,0.9796326869877569,-0.009956591743309762
010140,삼성중공업,Yahoo 무조정,2008-01-14,0.979536104043414,0.9797008048274679,-0.016811334975164183
010140,삼성중공업,Yahoo 무조정,2008-01-15,0.9795542370509962,0.9796602709468308,-0.010823537401605243
010140,삼성중공업,Yahoo 무조정,2008-01-16,0.9795211815074326,0.9796602709468308,-0.014197721753461678
010140,삼성중공업,Yahoo 무조정,2008-01-21,0.9795095028472758,0.9796551907282964,-0.014871342733591142
010140,삼성중공업,Yahoo 무조정,2008-01-23,0.9794964415277085,0.979694369985124,-0.020203082050840315
010140,삼성중공업,Yahoo 무조정,2008-01-24,0.9795311571796317,0.9796699568854387,-0.014168006769166297
010140,삼성중공업,Yahoo 무조정,2008-01-25,0.9795657438843732,0.9796746852837142,-0.011120160700017756
010140,삼성중공업,Yahoo 무조정,2008-01-28,0.9795802188661216,0.9796730399175236,-0.009474696926425885
010140,삼성중공업,Yahoo 무조정,2008-01-29,0.9795098641781871,0.9796945026762569,-0.01884653813667425
010140,삼성중공업,Yahoo 무조정,2008-01-30,0.9795032802257939,0.9796328685719334,-0.013228256247510561
010140,삼성중공업,Yahoo 무조정,2008-02-01,0.9795689765632717,0.9796722217698993,-0.010538750036326316
010140,삼성중공업,Yahoo 무조정,2008-02-04,0.9795779491104459,0.9796738904881451,-0.009793195330676241
010140,삼성중공업,Yahoo 무조정,2008-02-05,0.9795626962571895,0.9796602125517891,-0.009954093608199877
010140,삼성중공업,Yahoo 무조정,2008-02-11,0.9795168398689744,0.9796309651674581,-0.011649825550796855
010140,삼성중공업,Yahoo 무조정,2008-02-13,0.9795097535918281,0.9796058835785822,-0.009813128765923107
010140,삼성중공업,Yahoo 무조정,2008-02-14,0.9795634484401005,0.979699153222416,-0.013851679045462362
010140,삼성중공업,Yahoo 무조정,2008-02-15,0.9795099774338798,0.979685871444666,-0.017954123450492077
010140,삼성중공업,Yahoo 무조정,2008-02-18,0.9795713502735268,0.9796632285166074,-0.009378553813810253
010140,삼성중공업,Yahoo 무조정,2008-02-19,0.979553672019768,0.9796968771834207,-0.014617293061547354
010140,삼성중공업,Yahoo 무조정,2008-02-20,0.9795220327846907,0.9796466267233561,-0.012718253221788434
010140,삼성중공업,Yahoo 무조정,2008-02-26,0.9795593566916251,0.9796699568854387,-0.01128953613778183
010140,삼성중공업,Yahoo 무조정,2008-02-27,0.9795286042808883,0.9796879206001029,-0.016261945856899107
010140,삼성중공업,Yahoo 무조정,2008-02-28,0.9795286042808883,0.9796861759333307,-0.016083890567542003
010140,삼성중공업,Yahoo 무조정,2008-03-03,0.979534643822566,0.9796990353013627,-0.016779793882937266
010140,삼성중공업,Yahoo 무조정,2008-03-05,0.97958833657694,0.9796817450769584,-0.009534575946501533
010140,삼성중공업,Yahoo 무조정,2008-03-06,0.9795216386362564,0.9796529041182274,-0.013399182651241404
010140,삼성중공업,Yahoo 무조정,2008-03-07,0.9795216386362564,0.979645091526246,-0.012601797432298945
010140,삼성중공업,Yahoo 무조정,2008-03-10,0.9795414022554682,0.9796332190778656,-0.009372571347043834
010140,삼성중공업,Yahoo 무조정,2008-03-11,0.9795498917229309,0.9796699568854387,-0.01225567464470112
010140,삼성중공업,Yahoo 무조정,2008-03-13,0.9795802188661216,0.9796738904881451,-0.009561510512123839
010140,삼성중공업,Yahoo 무조정,2008-03-20,0.9795099774338798,0.9796689919929463,-0.016231457805260252
010140,삼성중공업,Yahoo 무조정,2008-03-24,0.9794902767576685,0.9796466267233561,-0.01595983300739512
010140,삼성중공업,Yahoo 무조정,2008-03-28,0.9795160673863071,0.9796707768243904,-0.01579198254588743
010140,삼성중공업,Yahoo 무조정,2008-04-01,0.9795093857542934,0.9796798315516144,-0.0173981123048228
010140,삼성중공업,Yahoo 무조정,2008-04-02,0.9795269566957139,0.9797073295309161,-0.018410889636666372
010140,삼성중공업,Yahoo 무조정,2008-04-03,0.9795926610354703,0.9796968746488783,-0.0106373324346265
010140,삼성중공업,Yahoo 무조정,2008-04-04,0.9795440400865082,0.9796452338175212,-0.01032963031103451
010140,삼성중공업,Yahoo 무조정,2008-04-07,0.9795255079570887,0.9796623425852841,-0.013967529652536559
010140,삼성중공업,Yahoo 무조정,2008-04-14,0.9795032765390637,0.9797008048274679,-0.020162103310616963
010140,삼성중공업,Yahoo 무조정,2008-04-15,0.9795432183014521,0.9796466581500685,-0.010558893633316746
010140,삼성중공업,Yahoo 무조정,2008-04-16,0.9795146158789276,0.9796748088253622,-0.01635164495314978
010140,삼성중공업,Yahoo 무조정,2008-04-17,0.9795707847558162,0.9796569811272288,-0.008798627792494518
010140,삼성중공업,Yahoo 무조정,2008-04-18,0.9795957320220249,0.9796968746488783,-0.01032386950194919
010140,삼성중공업,Yahoo 무조정,2008-04-22,0.9795313939409234,0.9796526631410473,-0.012378795535050724
010140,삼성중공업,Yahoo 무조정,2008-04-24,0.9795687755166337,0.9796987631199183,-0.013268119566745007
010140,삼성중공업,Yahoo 무조정,2008-04-28,0.9795632577298867,0.9796623425852841,-0.010114184356202482
010140,삼성중공업,Yahoo 무조정,2008-04-29,0.9795142683557868,0.9796889572004948,-0.017831051725547553
010140,삼성중공업,Yahoo 무조정,2008-05-02,0.9795087965106655,0.9796766372108523,-0.01713225505353133
010140,삼성중공업,Yahoo 무조정,2008-05-06,0.9795763233101791,0.9796711826196773,-0.009682770217311898
010140,삼성중공업,Yahoo 무조정,2008-05-08,0.9795697354856069,0.9796687851343371,-0.010110524111128782
010140,삼성중공업,Yahoo 무조정,2008-05-13,0.97955282110506,0.9796544902374635,-0.010378060164750735
010140,삼성중공업,Yahoo 무조정,2008-05-16,0.9796074301205089,0.9796756763229651,-0.0069662036228601565
010140,삼성중공업,Yahoo 무조정,2008-05-22,0.9795667409276558,0.9796841714005545,-0.011986564275179301
010140,삼성중공업,Yahoo 무조정,2008-05-23,0.9795787351955193,0.9796841714005545,-0.010762264831176704
010140,삼성중공업,Yahoo 무조정,2008-05-28,0.9795812699072898,0.9796742128663747,-0.009487129278717976
010140,삼성중공업,Yahoo 무조정,2008-05-30,0.9795389888049767,0.9796794654236536,-0.01433903880144749
010140,삼성중공업,Yahoo 무조정,2008-06-03,0.9795736495423538,0.9796387329821937,-0.0066436164321337365
010140,삼성중공업,Yahoo 무조정,2008-06-09,0.9796023275540852,0.9796874185419706,-0.008685524206497597
010140,삼성중공업,Yahoo 무조정,2008-06-11,0.979568924289564,0.9796503387545213,-0.008310563650792968
010140,삼성중공업,Yahoo 무조정,2008-06-12,0.9795613309602419,0.9796933507072361,-0.013475619376090986
010140,삼성중공업,Yahoo 무조정,2008-06-17,0.9795723925441792,0.9796555978894876,-0.008493326173786286
010140,삼성중공업,Yahoo 무조정,2008-06-18,0.9795524219444757,0.9796616141548166,-0.01114591086995853
010140,삼성중공업,Yahoo 무조정,2008-06-19,0.979608289306498,0.9796801544394783,-0.007335570967181848
010140,삼성중공업,Yahoo 무조정,2008-06-20,0.9795459301447936,0.9796503387545213,-0.01065774242067219
010140,삼성중공업,Yahoo 무조정,2008-06-23,0.9795515798771939,0.9796885619769979,-0.013982208746787794
010140,삼성중공업,Yahoo 무조정,2008-06-25,0.9795588713005973,0.9796755858862692,-0.011913595413970413
010140,삼성중공업,Yahoo 무조정,2008-06-30,0.9795450470560922,0.9796641920641057,-0.012161821262690609
010140,삼성중공업,Yahoo 무조정,2008-07-03,0.9795462749154384,0.9796749798145651,-0.013137510070027059
010140,삼성중공업,Yahoo 무조정,2008-07-04,0.9795503791498315,0.979669578699378,-0.012167321731559877
010140,삼성중공업,Yahoo 무조정,2008-07-08,0.9795737000458097,0.9796825305694642,-0.011108754138067223
010140,삼성중공업,Yahoo 무조정,2008-07-09,0.9795737000458097,0.9796702573995513,-0.009856107502737022
010140,삼성중공업,Yahoo 무조정,2008-07-17,0.979549918495197,0.9796885619769979,-0.014151791414318549
010140,삼성중공업,Yahoo 무조정,2008-07-21,0.9795868139261463,0.9796766430742246,-0.009169265054276288
010140,삼성중공업,Yahoo 무조정,2008-07-23,0.9795603480805829,0.9796575900380531,-0.00992611688604983
010140,삼성중공업,Yahoo 무조정,2008-07-25,0.9796048149791725,0.979671418958751,-0.00679860392878151
010140,삼성중공업,Yahoo 무조정,2008-07-29,0.9795636522419054,0.9796742128663747,-0.01128544806193732
010140,삼성중공업,Yahoo 무조정,2008-07-30,0.9795355205977216,0.9796555978894876,-0.012257092392942148
010140,삼성중공업,Yahoo 무조정,2008-07-31,0.9795431705763037,0.979642798143654,-0.010169785103208984
010140,삼성중공업,Yahoo 무조정,2008-08-05,0.9795872160855188,0.9796706309479306,-0.00851458232764557
010140,삼성중공업,Yahoo 무조정,2008-08-06,0.9795701512543602,0.9796655423331568,-0.009737106662899286
010140,삼성중공업,Yahoo 무조정,2008-08-18,0.9795246832541324,0.9796744118819609,-0.015283509093688696
010140,삼성중공업,Yahoo 무조정,2008-08-19,0.9795949420279438,0.9796856284769229,-0.009256688711456462
010140,삼성중공업,Yahoo 무조정,2008-08-21,0.9795855695479747,0.9796968746488783,-0.01136117750131227
010140,삼성중공업,Yahoo 무조정,2008-08-22,0.9795751951292616,0.979682250059558,-0.010927515558223355
010140,삼성중공업,Yahoo 무조정,2008-08-25,0.9795326268807993,0.9796680637448635,-0.013824770764336858
010140,삼성중공업,Yahoo 무조정,2008-08-26,0.9795705665575678,0.9796716263561928,-0.010315680877770461
010140,삼성중공업,Yahoo 무조정,2008-08-28,0.9795093857542934,0.979645091526246,-0.013852544470083217
010140,삼성중공업,Yahoo 무조정,2008-08-29,0.9794972096934168,0.9796514614513725,-0.015745575240322385
010140,삼성중공업,Yahoo 무조정,2008-09-02,0.9795360893970224,0.9797063565256192,-0.017379404294226575
010140,삼성중공업,Yahoo 무조정,2008-09-03,0.9795376790143456,0.979687661472307,-0.01530921168650945
010140,삼성중공업,Yahoo 무조정,2008-09-04,0.979543192848039,0.9796621238850134,-0.012140005627936379
010140,삼성중공업,Yahoo 무조정,2008-09-05,0.979537312503971,0.9779184805018087,0.16553854277623348
010140,삼성중공업,Yahoo 무조정,2008-09-09,0.9795414022554682,0.979687661472307,-0.014929167998201098
010140,삼성중공업,Yahoo 무조정,2008-09-10,0.9795437128300676,0.9796738904881451,-0.013287856228638706
010140,삼성중공업,Yahoo 무조정,2008-09-11,0.9794833695227663,0.979687661472307,-0.02085276334232722
010140,삼성중공업,Yahoo 무조정,2008-09-12,0.9795744952043082,0.9796766215751931,-0.01042449810844115
010140,삼성중공업,Yahoo 무조정,2008-09-16,0.9795106955793383,0.9796358090227164,-0.012771424056345904
010140,삼성중공업,Yahoo 무조정,2008-09-17,0.9795168398689744,0.9796621238850134,-0.014830012562172534
010140,삼성중공업,Yahoo 무조정,2008-09-23,0.979577622598883,0.9796636225152681,-0.008778514829832496
010140,삼성중공업,Yahoo 무조정,2008-09-25,0.9795269566957139,0.9796602709468308,-0.013608212466154068
010140,삼성중공업,Yahoo 무조정,2008-09-26,0.9795788869160149,0.9796760483656287,-0.00991771206164671
010140,삼성중공업,Yahoo 무조정,2008-09-29,0.9795326268807993,0.9796514614513725,-0.012130290746170669
010140,삼성중공업,Yahoo 무조정,2008-09-30,0.9795830021715497,0.9796968771834207,-0.011623494421908465
010140,삼성중공업,Yahoo 무조정,2008-10-06,0.9794965808610145,0.9796058835785822,-0.011157825754215533
010140,삼성중공업,Yahoo 무조정,2008-10-07,0.9795032339053383,0.9796628610754468,-0.01629409222813072
010140,삼성중공업,Yahoo 무조정,2008-10-08,0.9794740198833988,0.9796741159842851,-0.020424761420312354
010140,삼성중공업,Yahoo 무조정,2008-10-09,0.9794950478725177,0.9796224536210321,-0.013005597007642589
010140,삼성중공업,Yahoo 무조정,2008-10-10,0.9794758151327393,0.9796248595048254,-0.015214433427246377
010140,삼성중공업,Yahoo 무조정,2008-10-13,0.979378398655347,0.9796511451561162,-0.027841186336352575
010140,삼성중공업,Yahoo 무조정,2008-10-15,0.9794877533799462,0.9796365155146353,-0.015185441981091508
010140,삼성중공업,Yahoo 무조정,2008-10-17,0.9794857934728763,0.9796248595048254,-0.014195845542275265
010140,삼성중공업,Yahoo 무조정,2008-10-20,0.979448759134318,0.9797001634273306,-0.025661350523120685
010140,삼성중공업,Yahoo 무조정,2008-10-21,0.9795123762270131,0.9796766430742246,-0.016767455708244228
010140,삼성중공업,Yahoo 무조정,2008-10-23,0.979349811891783,0.9796220567457185,-0.02779080483751306
010140,삼성중공업,Yahoo 무조정,2008-10-28,0.9792939844349474,0.9797167624815957,-0.04315308901905457
010140,삼성중공업,Yahoo 무조정,2008-10-29,0.9793354902881894,0.9795954816020142,-0.026540681200315497
010140,삼성중공업,Yahoo 무조정,2008-10-31,0.9795681802388418,0.9898878956898396,-1.0425135508709382
010140,삼성중공업,Yahoo 무조정,2008-11-03,0.979454546484811,0.9796421765537832,-0.019152918633225102
010140,삼성중공업,Yahoo 무조정,2008-11-05,0.9795575317713663,0.9797163167716906,-0.016207242607479966
010140,삼성중공업,Yahoo 무조정,2008-11-06,0.9794244968451937,0.9796663849357808,-0.024690863574228228
010140,삼성중공업,Yahoo 무조정,2008-11-07,0.9794915649387796,0.9796736914455982,-0.01859052747960055
010140,삼성중공업,Yahoo 무조정,2008-11-12,0.979423051752177,0.979621205907817,-0.020227630276370423
010140,삼성중공업,Yahoo 무조정,2008-11-13,0.9794508502448472,0.979621205907817,-0.017389952559454525
010140,삼성중공업,Yahoo 무조정,2008-11-14,0.9796352424529136,0.9895243264261188,-0.999377550314684
010140,삼성중공업,Yahoo 무조정,2008-11-18,0.9794932612899371,0.9796466828424867,-0.015660906655090567
010140,삼성중공업,Yahoo 무조정,2008-11-19,0.9794427646074144,0.9796521635821882,-0.02137482900135268
010140,삼성중공업,Yahoo 무조정,2008-11-24,0.9793957144674035,0.9797042753972062,-0.03149531318290544
010140,삼성중공업,Yahoo 무조정,2008-11-25,0.9794258265570104,0.9796573498492438,-0.02363308888245763
010140,삼성중공업,Yahoo 무조정,2008-11-26,0.9794738698407287,0.9796621238850134,-0.019216221561990654
010140,삼성중공업,Yahoo 무조정,2008-11-27,0.9794655179948395,0.9796935219434176,-0.023272987262978884
010140,삼성중공업,Yahoo 무조정,2008-11-28,0.979549918495197,0.9723283940998859,0.7427042590889554
010140,삼성중공업,Yahoo 무조정,2008-12-02,0.9794315964806214,0.9797003327944566,-0.027430460605093465
010140,삼성중공업,Yahoo 무조정,2008-12-04,0.9794569781927026,0.9796796993174395,-0.022734075728225722
010140,삼성중공업,Yahoo 무조정,2008-12-05,0.979445949286612,0.9796935219434176,-0.025270418887179957
010140,삼성중공업,Yahoo 무조정,2008-12-08,0.9795125130986286,0.9796531660837382,-0.01435742668722817
010140,삼성중공업,Yahoo 무조정,2008-12-09,0.9795767408234921,0.9797057059827483,-0.013163663176463114
010140,삼성중공업,Yahoo 무조정,2008-12-11,0.97945579366752,0.9796486065964248,-0.019681845878871673
010140,삼성중공업,Yahoo 무조정,2008-12-12,0.9795884836918854,0.9836313346696565,-0.4110128292251658
010140,삼성중공업,Yahoo 무조정,2008-12-15,0.9795325876019807,0.9796375376810305,-0.0107131541016936
010140,삼성중공업,Yahoo 무조정,2008-12-18,0.9795106955793383,0.9796758771765606,-0.01686084153651457
010140,삼성중공업,Yahoo 무조정,2008-12-19,0.9795414884939049,0.9777685034713333,0.18132973360023286
010140,삼성중공업,Yahoo 무조정,2008-12-22,0.97950324530017,0.9796691146211437,-0.016931157520250206
010140,삼성중공업,Yahoo 무조정,2008-12-24,0.9794956296998244,0.9836616206116213,-0.4235187003846508
010140,삼성중공업,Yahoo 무조정,2008-12-29,0.9794947673937422,0.9796553864986546,-0.01639546999138153
010140,삼성중공업,Yahoo 무조정,2009-01-06,0.97955486602456,0.9796744357565229,-0.012205047676949743
010140,삼성중공업,Yahoo 무조정,2009-01-08,0.9794743654477203,0.9796521398393464,-0.018146685379083483
010140,삼성중공업,Yahoo 무조정,2009-01-09,0.9795311571796317,0.9796744357565229,-0.014625121536482322
010140,삼성중공업,Yahoo 무조정,2009-01-12,0.9795325876019807,0.9796486065964248,-0.011842919355253834
010140,삼성중공업,Yahoo 무조정,2009-01-16,0.9795033210575965,0.9739542668549673,0.5697448423885199
010140,삼성중공업,Yahoo 무조정,2009-01-19,0.9795774005203908,0.9796795461281302,-0.010426430575505297
010140,삼성중공업,Yahoo 무조정,2009-01-20,0.9795463229235547,0.9796636732343812,-0.01197863246670261
010140,삼성중공업,Yahoo 무조정,2009-01-21,0.9794647221649326,0.9796758771765606,-0.021553558329567846
010140,삼성중공업,Yahoo 무조정,2009-01-23,0.9795414884939049,0.9796806654427069,-0.014206358634127891
010140,삼성중공업,Yahoo 무조정,2009-01-28,0.9795032826670073,0.9796669446862899,-0.016705883583223446
010140,삼성중공업,Yahoo 무조정,2009-01-29,0.979475124451366,0.979661549898476,-0.01902957680939288
010140,삼성중공업,Yahoo 무조정,2009-01-30,0.9795542478799826,0.9760800634242807,0.35593232419006693
010140,삼성중공업,Yahoo 무조정,2009-02-02,0.9795463229235547,0.9797066545231278,-0.016365265953111052
010140,삼성중공업,Yahoo 무조정,2009-02-03,0.9795307757591449,0.9796628610754468,-0.01348273182029125
010140,삼성중공업,Yahoo 무조정,2009-02-04,0.9795849414698615,0.9797063565256192,-0.012393004796684703
010140,삼성중공업,Yahoo 무조정,2009-02-05,0.9794758457740135,0.9796521398393464,-0.017995578038731974
010140,삼성중공업,Yahoo 무조정,2009-02-06,0.9795376790143456,0.9796872927998656,-0.015271585802889565
010140,삼성중공업,Yahoo 무조정,2009-02-10,0.9795572994488575,0.9796773849598636,-0.012257658781311687
010140,삼성중공업,Yahoo 무조정,2009-02-11,0.9794961361050833,0.9796773849598636,-0.01850087156881619
010140,삼성중공업,Yahoo 무조정,2009-02-12,0.9795736731106326,0.9796818587948222,-0.011042940442185234
010140,삼성중공업,Yahoo 무조정,2009-02-13,0.9795318539167338,0.9778861013554937,0.16829695799529532
010140,삼성중공업,Yahoo 무조정,2009-02-16,0.9795727532684668,0.9796818587948222,-0.011136832368174865
010140,삼성중공업,Yahoo 무조정,2009-02-17,0.9794743654477203,0.9796486065964248,-0.017786086514215427
010140,삼성중공업,Yahoo 무조정,2009-02-18,0.9794642164948179,0.9796668835753942,-0.020687346278025487
010140,삼성중공업,Yahoo 무조정,2009-02-23,0.9795122437808038,0.979635915785336,-0.012624282403228548
010140,삼성중공업,Yahoo 무조정,2009-02-24,0.979459883629229,0.9796602125517891,-0.020448816844198525
010140,삼성중공업,Yahoo 무조정,2009-02-26,0.9795381365128419,0.9797093820674763,-0.017479219630722742
010140,삼성중공업,Yahoo 무조정,2009-02-27,0.9795211815074326,0.9796906207921283,-0.017295182897503203
010140,삼성중공업,Yahoo 무조정,2009-03-04,0.9795584803756797,0.9797057059827483,-0.015027533898137602
010140,삼성중공업,Yahoo 무조정,2009-03-06,0.9796352424529136,0.9753319718718737,0.44121086000912246
010140,삼성중공업,Yahoo 무조정,2009-03-12,0.9794954574118477,0.9796365155146353,-0.014399024592648413
010140,삼성중공업,Yahoo 무조정,2009-03-13,0.9794800801635623,0.9756872378580178,0.3887354634125373
010140,삼성중공업,Yahoo 무조정,2009-03-16,0.9795351489605295,0.9796509016674627,-0.011815709732532209
010140,삼성중공업,Yahoo 무조정,2009-03-17,0.9794870857881935,0.9796668835753942,-0.018352951417988095
010140,삼성중공업,Yahoo 무조정,2009-03-20,0.9796328685719334,0.9758434288965786,0.3883245573154781
010140,삼성중공업,Yahoo 무조정,2009-03-23,0.97946579281969,0.9890779094333438,-0.971826033316292
010140,삼성중공업,Yahoo 무조정,2009-03-26,0.9795457362686298,0.9796722217698993,-0.012911002114668335
010140,삼성중공업,Yahoo 무조정,2009-03-30,0.9795032696683391,0.9796407220637529,-0.014030898503702982
010140,삼성중공업,Yahoo 무조정,2009-03-31,0.9795333612544784,0.9796544902374635,-0.012364459530600502
010140,삼성중공업,Yahoo 무조정,2009-04-01,0.9795258229729095,0.9796581074733399,-0.013503129246961176
010140,삼성중공업,Yahoo 무조정,2009-04-02,0.9794961361050833,0.979659576253474,-0.01668336148110683
010140,삼성중공업,Yahoo 무조정,2009-04-06,0.9794606707002019,0.9796628610754468,-0.02063877107915113
010140,삼성중공업,Yahoo 무조정,2009-04-07,0.9795930074683293,0.9797066545231278,-0.011600110530407548
010140,삼성중공업,Yahoo 무조정,2009-04-08,0.9794676735050672,0.979661549898476,-0.01979014011816993
010140,삼성중공업,Yahoo 무조정,2009-04-10,0.9795426852255502,0.9796621238850134,-0.012191821705787032
010140,삼성중공업,Yahoo 무조정,2009-04-14,0.9795468102708007,0.9796707768243904,-0.012653899301917626
010140,삼성중공업,Yahoo 무조정,2009-04-15,0.9795032576445712,0.979645091526246,-0.014478088330316385
010140,삼성중공업,Yahoo 무조정,2009-04-16,0.979527454859434,0.979649876249868,-0.012496443209142338
010140,삼성중공업,Yahoo 무조정,2009-04-17,0.9795092888035584,0.979628785249895,-0.012198135470897764
010140,삼성중공업,Yahoo 무조정,2009-04-20,0.9795158896812891,0.979685871444666,-0.017350639458157957
010140,삼성중공업,Yahoo 무조정,2009-04-21,0.9795713502735268,0.9796798315516144,-0.011073135793338018
010140,삼성중공업,Yahoo 무조정,2009-04-22,0.9794667743049632,0.9796643454197054,-0.020167225199718697
010140,삼성중공업,Yahoo 무조정,2009-04-23,0.9795462954903448,0.9796707768243904,-0.012706445572374658
010140,삼성중공업,Yahoo 무조정,2009-04-24,0.9795462954903448,0.979685871444666,-0.014247011046042424
010140,삼성중공업,Yahoo 무조정,2009-04-27,0.9795848616169645,0.9796766215751931,-0.009366351733608447
010140,삼성중공업,Yahoo 무조정,2009-04-29,0.9795634484401005,0.9796738904881451,-0.011273348112772474
010140,삼성중공업,Yahoo 무조정,2009-04-30,0.9794902767576685,0.9796879206001029,-0.02017416345332368
010140,삼성중공업,Yahoo 무조정,2009-05-04,0.9795282862366368,0.979645091526246,-0.011923225116883263
010140,삼성중공업,Yahoo 무조정,2009-05-07,0.979557592343051,0.9796707768243904,-0.011553318116352962
010140,삼성중공업,Yahoo 무조정,2009-05-11,0.9795154617227565,0.9796861759333307,-0.017425397516868113
010140,삼성중공업,Yahoo 무조정,2009-05-13,0.9795349503661926,0.9796699568854387,-0.01378081651858265
010140,삼성중공업,Yahoo 무조정,2009-05-15,0.9794572117965749,0.9796309651674581,-0.017736614813268492
010140,삼성중공업,Yahoo 무조정,2009-05-19,0.9795877477995942,0.9796990353013627,-0.011359356063289638
010140,삼성중공업,Yahoo 무조정,2009-05-21,0.979515628715155,0.9796879206001029,-0.017586404948466416
010140,삼성중공업,Yahoo 무조정,2009-05-25,0.9795360893970224,0.979633811497399,-0.009975370309778242
010140,삼성중공업,Yahoo 무조정,2009-05-26,0.9794972096934168,0.9796579345622327,-0.016406223350573512
010140,삼성중공업,Yahoo 무조정,2009-05-27,0.9795998055553906,0.9796990353013627,-0.010128594843572536
010140,삼성중공업,Yahoo 무조정,2009-05-29,0.979586734739559,0.9796833084063339,-0.009857641336352696
010140,삼성중공업,Yahoo 무조정,2009-06-02,0.979509625332693,0.9796332190778656,-0.012616328516190656
010140,삼성중공업,Yahoo 무조정,2009-06-03,0.9795220327846907,0.9796671211743472,-0.014809968255591333
010140,삼성중공업,Yahoo 무조정,2009-06-05,0.9795468102708007,0.9796352424529136,-0.009027051935317498
010140,삼성중공업,Yahoo 무조정,2009-06-08,0.9795414022554682,0.9796566079229934,-0.011759800994903813
010140,삼성중공업,Yahoo 무조정,2009-06-10,0.9795686555225788,0.9796699568854387,-0.010340356172799936
010140,삼성중공업,Yahoo 무조정,2009-06-11,0.9795802188661216,0.9796746852837142,-0.00964263127460896
010140,삼성중공업,Yahoo 무조정,2009-06-15,0.9795349503661926,0.9796566079229934,-0.012418387812296316
010140,삼성중공업,Yahoo 무조정,2009-06-18,0.9795626962571895,0.9797063565256192,-0.014663604811060438
010140,삼성중공업,Yahoo 무조정,2009-06-19,0.9795977083835329,0.9797063565256192,-0.01108986803675105
010140,삼성중공업,Yahoo 무조정,2009-06-22,0.9795168398689744,0.9796621238850134,-0.014830012562172534
010140,삼성중공업,Yahoo 무조정,2009-06-24,0.9795101207472044,0.9796449224624023,-0.013760262734685558
010140,삼성중공업,Yahoo 무조정,2009-06-25,0.9794965808610145,0.9796551907282964,-0.01619037685739455
010140,삼성중공업,Yahoo 무조정,2009-06-26,0.9794572117965749,0.9796379767681738,-0.018452221727383034
010140,삼성중공업,Yahoo 무조정,2009-06-29,0.9794965808610145,0.9796058835785822,-0.011157825754215533
010140,삼성중공업,Yahoo 무조정,2009-07-02,0.9795032464899918,0.9796621238850134,-0.016217570440668627
010140,삼성중공업,Yahoo 무조정,2009-07-03,0.9794965808610145,0.9796566079229934,-0.016335015829482824
010140,삼성중공업,Yahoo 무조정,2009-07-06,0.9795414022554682,0.979685871444666,-0.014746480827043662
010140,삼성중공업,Yahoo 무조정,2009-07-07,0.9795221943202614,0.9796352424529136,-0.011539818878814057
010140,삼성중공업,Yahoo 무조정,2009-07-09,0.979541791321742,0.9796551907282964,-0.011575440790556613
010140,삼성중공업,Yahoo 무조정,2009-07-10,0.9795033017317213,0.9796449224624023,-0.014456332844048347
010140,삼성중공업,Yahoo 무조정,2009-07-13,0.9794965808610145,0.9796335761252625,-0.013984337367223265
010140,삼성중공업,Yahoo 무조정,2009-07-15,0.9794886263254322,0.9796504896809414,-0.016522561588461215
010140,삼성중공업,Yahoo 무조정,2009-07-16,0.9795032696683391,0.9796309651674581,-0.013035061534327763
010140,삼성중공업,Yahoo 무조정,2009-07-17,0.9795032464899918,0.9796621238850134,-0.016217570440668627
010140,삼성중공업,Yahoo 무조정,2009-07-22,0.9794904808468045,0.9796500091430945,-0.016284213219130983
010140,삼성중공업,Yahoo 무조정,2009-07-23,0.979541791321742,0.9796879206001029,-0.014915900797407566
010140,삼성중공업,Yahoo 무조정,2009-07-24,0.9795664045655368,0.9796766215751931,-0.011250346004898493
010140,삼성중공업,Yahoo 무조정,2009-07-28,0.9795793053268141,0.9796990353013627,-0.01222109752427869
010140,삼성중공업,Yahoo 무조정,2009-07-29,0.9795657438843732,0.9796968353634734,-0.013380820920128045
010140,삼성중공업,Yahoo 무조정,2009-07-30,0.9795385168362439,0.979659098786232,-0.012308562247576038
010140,삼성중공업,Yahoo 무조정,2009-08-04,0.9795691301397668,0.9796968353634734,-0.013035177730191805
010140,삼성중공업,Yahoo 무조정,2009-08-05,0.9795389252066192,0.9796716263561928,-0.013545472381093493
010140,삼성중공업,Yahoo 무조정,2009-08-07,0.9795683953519748,0.979669786069299,-0.01034947885154569
010140,삼성중공업,Yahoo 무조정,2009-08-10,0.9795269566957139,0.9796865409969934,-0.01628932261508176
010140,삼성중공업,Yahoo 무조정,2009-08-11,0.9795865268345164,0.9796760483656287,-0.009137870754483135
010140,삼성중공업,Yahoo 무조정,2009-08-12,0.9795211815074326,0.9797073295309161,-0.019000370607880068
010140,삼성중공업,Yahoo 무조정,2009-08-17,0.9795916788924526,0.979682250059558,-0.009244953361142727
010140,삼성중공업,Yahoo 무조정,2009-08-18,0.979527454859434,0.9796529041182274,-0.012805480213040621
010140,삼성중공업,Yahoo 무조정,2009-08-26,0.9795164490216361,0.9796632285166074,-0.014982648189565406
010140,삼성중공업,Yahoo 무조정,2009-08-31,0.9795548248300624,0.9796483695322847,-0.009548803951664464
010140,삼성중공업,Yahoo 무조정,2009-09-01,0.9795493916668677,0.9796602125517891,-0.011312175742317354
010140,삼성중공업,Yahoo 무조정,2009-09-09,0.9795236099109103,0.9796773849598636,-0.015696498797879155
010140,삼성중공업,Yahoo 무조정,2009-09-14,0.9795033147945813,0.9796375376810305,-0.013701280451838826
010140,삼성중공업,Yahoo 무조정,2009-09-15,0.9795311571796317,0.9796766108256776,-0.014847108161875067
010140,삼성중공업,Yahoo 무조정,2009-09-16,0.9795104297498902,0.979661549898476,-0.015425750719866294
010140,삼성중공업,Yahoo 무조정,2009-09-21,0.9794572117965749,0.9796639917991119,-0.021107237202555584
010140,삼성중공업,Yahoo 무조정,2009-09-23,0.9795770991386032,0.9796823456336063,-0.010742920444795079
010140,삼성중공업,Yahoo 무조정,2009-09-28,0.9794606707002019,0.979659576253474,-0.0203035378914751
010140,삼성중공업,Yahoo 무조정,2009-10-01,0.9795640133258454,0.9797192863577273,-0.01584872667549364
010140,삼성중공업,Yahoo 무조정,2009-10-07,0.9794647221649326,0.9796668835753942,-0.02063572974150274
010140,삼성중공업,Yahoo 무조정,2009-10-08,0.9795264276688628,0.9796668835753942,-0.014337108754647332
010140,삼성중공업,Yahoo 무조정,2009-10-09,0.9794954574118477,0.9796832135247775,-0.019164982142971798
010140,삼성중공업,Yahoo 무조정,2009-10-15,0.9795032710623991,0.9796301938536874,-0.012956194295021817
010140,삼성중공업,Yahoo 무조정,2009-10-16,0.9794875723073189,0.9796832135247775,-0.01996984481899
010140,삼성중공업,Yahoo 무조정,2009-10-19,0.9795346567043961,0.9796832135247775,-0.015163760931136139
010140,삼성중공업,Yahoo 무조정,2009-10-20,0.9795264276688628,0.9796566250367245,-0.013290102320984154
010140,삼성중공업,Yahoo 무조정,2009-10-22,0.9794647221649326,0.9796832135247775,-0.022302245953442768
010140,삼성중공업,Yahoo 무조정,2009-10-26,0.9794564243254821,0.9796042962870531,-0.015095070747606076
010140,삼성중공업,Yahoo 무조정,2009-10-27,0.9794953858042059,0.9796549134205891,-0.01628406229557955
010140,삼성중공업,Yahoo 무조정,2009-10-28,0.979527454859434,0.9796730626611521,-0.014862897355005789
010140,삼성중공업,Yahoo 무조정,2009-10-30,0.9795637506817282,0.9797057059827483,-0.014489586020904888
010140,삼성중공업,Yahoo 무조정,2009-11-02,0.9795293434471573,0.9796705654137927,-0.014415250556787385
010140,삼성중공업,Yahoo 무조정,2009-11-03,0.9794865699101831,0.9796705654137927,-0.01878136488993043
010140,삼성중공업,Yahoo 무조정,2009-11-04,0.9795281539990416,0.9796680322219389,-0.014278124660249691
010140,삼성중공업,Yahoo 무조정,2009-11-05,0.9794949657426305,0.9796853091923877,-0.019429039914264923
010140,삼성중공업,Yahoo 무조정,2009-11-06,0.9794463774787968,0.9796004785973841,-0.015731017078302045
010140,삼성중공업,Yahoo 무조정,2009-11-09,0.9795193960052963,0.9797024383517899,-0.01868346339952698
010140,삼성중공업,Yahoo 무조정,2009-11-10,0.9795191246707108,0.979691090527668,-0.017553069392983733
010140,삼성중공업,Yahoo 무조정,2009-11-11,0.9795033121051689,0.979691090527668,-0.0191671052553799
010140,삼성중공업,Yahoo 무조정,2009-11-12,0.9795033121051689,0.9796825853883906,-0.018299119112197282
010140,삼성중공업,Yahoo 무조정,2009-11-16,0.9794868867204867,0.979691090527668,-0.020843693400474095
010140,삼성중공업,Yahoo 무조정,2009-11-19,0.9794236226996892,0.9796384708539218,-0.02193137168707837
010140,삼성중공업,Yahoo 무조정,2009-11-24,0.9794875723073189,0.9796384708539218,-0.015403493338861374
010140,삼성중공업,Yahoo 무조정,2009-11-27,0.9794870857881935,0.9796332480786312,-0.014920103081872416
010140,삼성중공업,Yahoo 무조정,2009-11-30,0.9794104894137183,0.9796553864986546,-0.02499828902197132
010140,삼성중공업,Yahoo 무조정,2009-12-02,0.9794865699101831,0.9796705654137927,-0.01878136488993043
010140,삼성중공업,Yahoo 무조정,2009-12-03,0.9795032438262117,0.979691090527668,-0.01917407469278487
010140,삼성중공업,Yahoo 무조정,2009-12-04,0.9794623911193161,0.9797024383517899,-0.024502055223796226
010140,삼성중공업,Yahoo 무조정,2009-12-09,0.9794872791095999,0.9796668835753942,-0.018333218036203913
010140,삼성중공업,Yahoo 무조정,2009-12-10,0.9794800801635623,0.9796328685719334,-0.015596496735958976
010140,삼성중공업,Yahoo 무조정,2009-12-11,0.9794956960149267,0.9796758771765606,-0.018391915717386187
010140,삼성중공업,Yahoo 무조정,2009-12-14,0.97946579281969,0.979667992101856,-0.02063957216077439
010140,삼성중공업,Yahoo 무조정,2009-12-16,0.9795338152353505,0.9796781874456062,-0.01473669742837469
010140,삼성중공업,Yahoo 무조정,2009-12-17,0.9795492948121244,0.9796806654427069,-0.01340953590456273
010140,삼성중공업,Yahoo 무조정,2009-12-18,0.9794564243254821,0.9796749798145651,-0.02230897936419396
010140,삼성중공업,Yahoo 무조정,2009-12-21,0.9795737150097976,0.9796887083891526,-0.011737746732232157
010140,삼성중공업,Yahoo 무조정,2009-12-23,0.9794647221649326,0.9796365155146353,-0.017536437952436756
010140,삼성중공업,Yahoo 무조정,2009-12-24,0.9794719352633868,0.9796832135247775,-0.021565977499049538
010140,삼성중공업,Yahoo 무조정,2009-12-30,0.9795191246707108,0.9797192863577273,-0.020430514107838693
010140,삼성중공업,Yahoo 무조정,2010-01-04,0.979551305683379,0.9796774777717847,-0.012878941413729805
010140,삼성중공업,Yahoo 무조정,2010-01-05,0.97945579366752,0.9797024383517899,-0.025175469062310718
010140,삼성중공업,Yahoo 무조정,2010-01-06,0.9794393185671467,0.9796407220637529,-0.020558914311141763
010140,삼성중공업,Yahoo 무조정,2010-01-07,0.9795261721858776,0.979661549898476,-0.013818824737221735
010140,삼성중공업,Yahoo 무조정,2010-01-08,0.9795386293527271,0.9796521398393464,-0.011586815564756936
010140,삼성중공업,Yahoo 무조정,2010-01-11,0.979475124451366,0.9796521398393464,-0.018069208526350078
010140,삼성중공업,Yahoo 무조정,2010-01-14,0.9795774005203908,0.9796968353634734,-0.012191000192252055
010140,삼성중공업,Yahoo 무조정,2010-01-18,0.9794743654477203,0.979659576253474,-0.018905629082099917
010140,삼성중공업,Yahoo 무조정,2010-01-19,0.9795386293527271,0.9796521398393464,-0.011586815564756936
010140,삼성중공업,Yahoo 무조정,2010-01-20,0.9794473273270519,0.9796521398393464,-0.02090665696173888
010140,삼성중공업,Yahoo 무조정,2010-01-21,0.979475124451366,0.979659576253474,-0.018828152817473853
010140,삼성중공업,Yahoo 무조정,2010-01-22,0.9794672458565401,0.9796691146211437,-0.020605810838658645
010140,삼성중공업,Yahoo 무조정,2010-01-25,0.9795178428274799,0.979683692182586,-0.016928867595689123
010140,삼성중공업,Yahoo 무조정,2010-01-26,0.9795254831258328,0.97963881214922,-0.011568449716548024
010140,삼성중공업,Yahoo 무조정,2010-01-27,0.9794806358071076,0.979664572410323,-0.018775467480958152
010140,삼성중공업,Yahoo 무조정,2010-01-28,0.9794647221649326,0.9796042962870531,-0.014248010410888856
010140,삼성중공업,Yahoo 무조정,2010-02-01,0.9794543674429271,0.9796549134205891,-0.020471083737205742
010140,삼성중공업,Yahoo 무조정,2010-02-03,0.9795191246707108,0.9796384708539218,-0.012182676238403634
010140,삼성중공업,Yahoo 무조정,2010-02-08,0.9794950478725177,0.9796617911212583,-0.01702049117886517
010140,삼성중공업,Yahoo 무조정,2010-02-11,0.9795032857000299,0.9797024383517899,-0.02032787139890635
010140,삼성중공업,Yahoo 무조정,2010-02-17,0.9795267953471363,0.9796691549468612,-0.014531395523287305
010140,삼성중공업,Yahoo 무조정,2010-02-18,0.9795585391104759,0.9797024383517899,-0.014688055850531345
010140,삼성중공업,Yahoo 무조정,2010-02-19,0.9794715249659098,0.9796384708539218,-0.01704158145875434
010140,삼성중공업,Yahoo 무조정,2010-02-24,0.9794877533799462,0.9796328685719334,-0.014813222038856377
010140,삼성중공업,Yahoo 무조정,2010-02-25,0.9794652139265964,0.9796832135247775,-0.02225204996590957
010140,삼성중공업,Yahoo 무조정,2010-03-02,0.9795267953471363,0.9796528215884415,-0.012864377923282877
010140,삼성중공업,Yahoo 무조정,2010-03-04,0.9794719352633868,0.9796832135247775,-0.021565977499049538
010140,삼성중공업,Yahoo 무조정,2010-03-08,0.9795033210575965,0.9796335761252625,-0.013296304949161897
010140,삼성중공업,Yahoo 무조정,2010-03-09,0.9794380309991706,0.9796691146211437,-0.023587925609191984
010140,삼성중공업,Yahoo 무조정,2010-03-10,0.9795247071250456,0.9796917845695626,-0.017054082431700035
010140,삼성중공업,Yahoo 무조정,2010-03-11,0.9795032696683391,0.9796658533007987,-0.016595825189968938
010140,삼성중공업,Yahoo 무조정,2010-03-12,0.9795178428274799,0.979661549898476,-0.014669052900051494
010140,삼성중공업,Yahoo 무조정,2010-03-15,0.9795608031327522,0.9796744357565229,-0.011599018982566545
010140,삼성중공업,Yahoo 무조정,2010-03-16,0.9794889330799279,0.9796375376810305,-0.015169345332999296
010140,삼성중공업,Yahoo 무조정,2010-03-17,0.979475124451366,0.979659576253474,-0.018828152817473853
010140,삼성중공업,Yahoo 무조정,2010-03-22,0.9795400511496211,0.9796561308949995,-0.011849029645982778
010140,삼성중공업,Yahoo 무조정,2010-03-26,0.9795258229729095,0.979667992101856,-0.014511970391262174
010140,삼성중공업,Yahoo 무조정,2010-03-29,0.9794956960149267,0.9796658533007987,-0.01736891056258738
010140,삼성중공업,Yahoo 무조정,2010-03-30,0.9795252502835182,0.9796561308949995,-0.013359852233219005
010140,삼성중공업,Yahoo 무조정,2010-03-31,0.9795468277105548,0.9796943256221876,-0.015055503311112162
010140,삼성중공업,Yahoo 무조정,2010-04-02,0.9794740198833988,0.979667992101856,-0.019799791360031183
010140,삼성중공업,Yahoo 무조정,2010-04-05,0.9795556009707498,0.9796968872202085,-0.014421424759203383
010140,삼성중공업,Yahoo 무조정,2010-04-06,0.9795726938038197,0.9796887083891526,-0.011841984534410877
010140,삼성중공업,Yahoo 무조정,2010-04-07,0.9795342819277238,0.9796566250367245,-0.012488366420837504
010140,삼성중공업,Yahoo 무조정,2010-04-08,0.9794879294426448,0.9796758771765606,-0.019184685291773196
010140,삼성중공업,Yahoo 무조정,2010-04-09,0.97946579281969,0.9796486065964248,-0.018661158246313647
010140,삼성중공업,Yahoo 무조정,2010-04-12,0.9795261721858776,0.9796486065964248,-0.012497788464438386
010140,삼성중공업,Yahoo 무조정,2010-04-13,0.9795338152353505,0.9796806654427069,-0.014989599421155742
010140,삼성중공업,Yahoo 무조정,2010-04-14,0.9795414884939049,0.9796636732343812,-0.012472110971806227
010140,삼성중공업,Yahoo 무조정,2010-04-15,0.9795322644156471,0.9796485195691285,-0.011867026914147427
010140,삼성중공업,Yahoo 무조정,2010-04-16,0.9794961361050833,0.9796352424529136,-0.01419981048067509
010140,삼성중공업,Yahoo 무조정,2010-04-19,0.9795106955793383,0.9796504896809414,-0.014269793469767755
010140,삼성중공업,Yahoo 무조정,2010-04-26,0.9795322644156471,0.9796561308949995,-0.01264387323736127
010140,삼성중공업,Yahoo 무조정,2010-05-03,0.9795414884939049,0.9796968872202085,-0.015861918959914068
010140,삼성중공업,Yahoo 무조정,2010-05-04,0.9794647221649326,0.9796042962870531,-0.014248010410888856
010140,삼성중공업,Yahoo 무조정,2010-05-07,0.9795285760413304,0.9796595038067911,-0.013364619538935862
010140,삼성중공업,Yahoo 무조정,2010-05-12,0.9795195659714041,0.9796705654137927,-0.015413287662147113
010140,삼성중공업,Yahoo 무조정,2010-05-17,0.9795637506817282,0.979687661472307,-0.012647989298197881
010140,삼성중공업,Yahoo 무조정,2010-05-19,0.9794946783302816,0.9797304966877842,-0.024069716957864085
010140,삼성중공업,Yahoo 무조정,2010-05-20,0.9795120566317941,0.9796490560336888,-0.0139845387540527
010140,삼성중공업,Yahoo 무조정,2010-06-04,0.9794690534517076,0.9796730626611521,-0.02082421342588514
010140,삼성중공업,Yahoo 무조정,2010-06-08,0.9794854982208188,0.9796443768969474,-0.01621799500670651
010140,삼성중공업,Yahoo 무조정,2010-06-11,0.9794104894137183,0.9796853091923877,-0.028051842371290547
010140,삼성중공업,Yahoo 무조정,2010-06-17,0.9794950478725177,0.9797026231827972,-0.021187583391901743
010140,삼성중공업,Yahoo 무조정,2010-06-21,0.9794950478725177,0.9797192863577273,-0.0228880341881621
010140,삼성중공업,Yahoo 무조정,2010-06-22,0.9795593805469075,0.9797192863577273,-0.016321594669665984
010140,삼성중공업,Yahoo 무조정,2010-06-23,0.9795674889154278,0.9796884243738907,-0.012344277573783646
010140,삼성중공업,Yahoo 무조정,2010-06-24,0.9795193960052963,0.9797024383517899,-0.01868346339952698
010140,삼성중공업,Yahoo 무조정,2010-06-25,0.979551305683379,0.9797053897326544,-0.015727590241942924
010140,삼성중공업,Yahoo 무조정,2010-07-07,0.9794872791095999,0.9796004785973841,-0.011555679101571403
010140,삼성중공업,Yahoo 무조정,2010-07-14,0.9794875723073189,0.9796749798145651,-0.01912955940568395
010140,삼성중공업,Yahoo 무조정,2010-07-16,0.9795191246707108,0.9796528215884415,-0.013647377395786808
010140,삼성중공업,Yahoo 무조정,2010-07-22,0.979455037131601,0.9796301938536874,-0.017879881937632458
010140,삼성중공업,Yahoo 무조정,2010-07-23,0.9794564243254821,0.9796749798145651,-0.02230897936419396
010140,삼성중공업,Yahoo 무조정,2010-07-26,0.9794800801635623,0.9796668835753942,-0.019068054148185798
010140,삼성중공업,Yahoo 무조정,2010-07-30,0.9795191246707108,0.9796365155146353,-0.011983102106272181
010140,삼성중공업,Yahoo 무조정,2010-08-03,0.9794564243254821,0.9796301938536874,-0.017738278106949057
010140,삼성중공업,Yahoo 무조정,2010-08-04,0.9795585391104759,0.9797192863577273,-0.016407480131275243
010140,삼성중공업,Yahoo 무조정,2010-08-05,0.9794872791095999,0.9796549134205891,-0.017111567419580975
010140,삼성중공업,Yahoo 무조정,2010-08-06,0.97945579366752,0.979683692182586,-0.023262458779760298
010140,삼성중공업,Yahoo 무조정,2010-08-16,0.9794958604373093,0.979667992101856,-0.017570408131573068
010140,삼성중공업,Yahoo 무조정,2010-08-17,0.9795631531065002,0.9796968353634734,-0.013645267816297935
010140,삼성중공업,Yahoo 무조정,2010-08-18,0.9794959219167128,0.9796658533007987,-0.01734585149756329
010140,삼성중공업,Yahoo 무조정,2010-08-23,0.9795105609124378,0.979661549898476,-0.015412362162603443
010140,삼성중공업,Yahoo 무조정,2010-08-25,0.9794740198833988,0.9796602375782347,-0.019008395736908046
010140,삼성중공업,Yahoo 무조정,2010-08-26,0.9795404841289755,0.9796658533007987,-0.012797136023545708
010140,삼성중공업,Yahoo 무조정,2010-08-30,0.97951039708852,0.9796818587948222,-0.01750177414872045
010140,삼성중공업,Yahoo 무조정,2010-09-01,0.9795104297498902,0.979661549898476,-0.015425750719866294
010140,삼성중공업,Yahoo 무조정,2010-09-07,0.9795463229235547,0.9796485195691285,-0.0104319706029532
010140,삼성중공업,Yahoo 무조정,2010-09-09,0.9795033063724742,0.9796352424529136,-0.013467878116457666
010140,삼성중공업,Yahoo 무조정,2010-09-10,0.9795542478799826,0.9796744357565229,-0.012268144615568133
010140,삼성중공업,Yahoo 무조정,2010-09-15,0.9794494488919615,0.9797180049353723,-0.02741156557886093
010140,삼성중공업,Yahoo 무조정,2010-09-27,0.9795360893970224,0.9796332190778656,-0.009914902736207765
010140,삼성중공업,Yahoo 무조정,2010-09-28,0.9795422765213229,0.9796466267233561,-0.010651820685825264
010140,삼성중공업,Yahoo 무조정,2010-09-29,0.9795160673863071,0.9796332190778656,-0.01195872998964731
010140,삼성중공업,Yahoo 무조정,2010-10-04,0.9795548248300624,0.9796551907282964,-0.01024502285946749
010140,삼성중공업,Yahoo 무조정,2010-10-05,0.979543192848039,0.9796551907282964,-0.011432377566855667
010140,삼성중공업,Yahoo 무조정,2010-10-06,0.9795360893970224,0.9796566079229934,-0.012302119436158332
010140,삼성중공업,Yahoo 무조정,2010-10-07,0.9794904808468045,0.9796579345622327,-0.017093080096686197
010140,삼성중공업,Yahoo 무조정,2010-10-18,0.979553672019768,0.9796990353013627,-0.014837544629209276
010140,삼성중공업,Yahoo 무조정,2010-10-19,0.9795096055448019,0.9796632285166074,-0.015681202206396794
010140,삼성중공업,Yahoo 무조정,2010-10-21,0.9795096055448019,0.9796879206001029,-0.018201209951806963
010140,삼성중공업,Yahoo 무조정,2010-10-22,0.9794904808468045,0.9796662015040571,-0.01793678877386462
010140,삼성중공업,Yahoo 무조정,2010-10-25,0.9795095028472758,0.979630881130103,-0.012390205858681114
010140,삼성중공업,Yahoo 무조정,2010-10-26,0.979527454859434,0.9796865409969934,-0.01623847331795325
010140,삼성중공업,Yahoo 무조정,2010-10-27,0.9795150611640165,0.979659098786232,-0.014702831055612986
010140,삼성중공업,Yahoo 무조정,2010-10-29,0.9795751951292616,0.9796689698121513,-0.00957207850603714
010140,삼성중공업,Yahoo 무조정,2010-11-01,0.9795643845074603,0.9796968353634734,-0.013519575774068038
010140,삼성중공업,Yahoo 무조정,2010-11-02,0.9795216386362564,0.97968031043625,-0.016196283451175297
010140,삼성중공업,Yahoo 무조정,2010-11-03,0.9795676761270546,0.9796906755841273,-0.012554927809160787
010140,삼성중공업,Yahoo 무조정,2010-11-04,0.979497502885199,0.9796466485474618,-0.015224434492155936
010140,삼성중공업,Yahoo 무조정,2010-11-05,0.9795210394274357,0.9796466485474618,-0.012821880237356975
010140,삼성중공업,Yahoo 무조정,2010-11-08,0.9795453800125901,0.979659098786232,-0.01160799443222782
010140,삼성중공업,Yahoo 무조정,2010-11-09,0.9795269566957139,0.9796329283315166,-0.01081748405326044
010140,삼성중공업,Yahoo 무조정,2010-11-10,0.9795916788924526,0.9796784899842276,-0.008861181771624427
010140,삼성중공업,Yahoo 무조정,2010-11-12,0.9795494645605277,0.9797008048274679,-0.015447600552587204
010140,삼성중공업,Yahoo 무조정,2010-11-16,0.9795199493316555,0.9796602709468308,-0.014323497577350963
010140,삼성중공업,Yahoo 무조정,2010-11-18,0.9795552829456344,0.9796662997020956,-0.011332099154059971
010140,삼성중공업,Yahoo 무조정,2010-11-22,0.979565095876528,0.9796754780628927,-0.011267219486088553
010140,삼성중공업,Yahoo 무조정,2010-11-23,0.9795199493316555,0.9796275900747662,-0.010987924819716444
010140,삼성중공업,Yahoo 무조정,2010-11-24,0.9795676761270546,0.9796569811272288,-0.00911594587641451
010140,삼성중공업,Yahoo 무조정,2010-11-25,0.9795822878544254,0.979664572410323,-0.008399258094549111
010140,삼성중공업,Yahoo 무조정,2010-11-26,0.9795889306216006,0.9796968746488783,-0.011018104688398367
010140,삼성중공업,Yahoo 무조정,2010-11-29,0.9795269566957139,0.9796481899597357,-0.012375183791923927
010140,삼성중공업,Yahoo 무조정,2010-12-01,0.9795729205138489,0.9796586089279635,-0.008746762732825264
010140,삼성중공업,Yahoo 무조정,2010-12-06,0.9795788869160149,0.979682250059558,-0.010550680441212545
010140,삼성중공업,Yahoo 무조정,2010-12-07,0.979563003854109,0.9796636225152681,-0.01027073567361203
010140,삼성중공업,Yahoo 무조정,2010-12-08,0.9794972451869759,0.9796329283315166,-0.013850406679549732
010140,삼성중공업,Yahoo 무조정,2010-12-17,0.9795763233101791,0.9796597773250811,-0.008518673199986448
010140,삼성중공업,Yahoo 무조정,2010-12-21,0.9795646675613796,0.9796709675740166,-0.010850583119781376
010140,삼성중공업,Yahoo 무조정,2010-12-22,0.9795325876019807,0.979654232069136,-0.012417081779803052
010140,삼성중공업,Yahoo 무조정,2010-12-27,0.979576557512918,0.9796526946268365,-0.007771847547211053
010140,삼성중공업,Yahoo 무조정,2010-12-28,0.9795913606560401,0.9796659513407214,-0.007613889671187479
010140,삼성중공업,Yahoo 무조정,2011-01-03,0.9795784334577371,0.9796593390440147,-0.008258542847816575
010140,삼성중공업,Yahoo 무조정,2011-01-04,0.979551964594148,0.9796391179027223,-0.008896470851527116
010140,삼성중공업,Yahoo 무조정,2011-01-06,0.9795478317514942,0.9796606861349775,-0.01151974199643524
010140,삼성중공업,Yahoo 무조정,2011-01-07,0.9795952070610497,0.9796756763229651,-0.008213867493112037
010140,삼성중공업,Yahoo 무조정,2011-01-11,0.9795515798771939,0.9796593390440147,-0.010999656975252403
010140,삼성중공업,Yahoo 무조정,2011-01-18,0.9796090024825975,0.9796719721702198,-0.006427629799676815
010140,삼성중공업,Yahoo 무조정,2011-01-19,0.9795607418131546,0.9796698996499984,-0.011142307922584749
010140,삼성중공업,Yahoo 무조정,2011-01-20,0.9795633176305439,0.9796398339748231,-0.007810660778129197
010140,삼성중공업,Yahoo 무조정,2011-01-21,0.9795787351955193,0.9796952738125569,-0.011895394430572193
010140,삼성중공업,Yahoo 무조정,2011-01-28,0.9796044459976337,0.9796719721702198,-0.006892732925334322
010140,삼성중공업,Yahoo 무조정,2011-01-31,0.9795800120878561,0.9796666450721419,-0.008843108492218033
010140,삼성중공업,Yahoo 무조정,2011-02-08,0.9795906666962546,0.9796629592626654,-0.007379330383716631
010140,삼성중공업,Yahoo 무조정,2011-02-09,0.979596894313483,0.9796841627463386,-0.00890781296403187
010140,삼성중공업,Yahoo 무조정,2011-02-10,0.9795915355437613,0.97968385064165,-0.009422947803838788
010140,삼성중공업,Yahoo 무조정,2011-02-15,0.9795730209334198,0.9796507895241898,-0.00793839923385331
010140,삼성중공업,Yahoo 무조정,2011-02-18,0.9795262097904599,0.9796295912554008,-0.010553117817568847
010140,삼성중공업,Yahoo 무조정,2011-02-22,0.9795503791498315,0.9796314105044531,-0.00827161662567688
010140,삼성중공업,Yahoo 무조정,2011-02-24,0.9795675247728873,0.9796577383682681,-0.009208685017991769
010140,삼성중공업,Yahoo 무조정,2011-02-25,0.9795663215471772,0.9796749798145651,-0.011091256756246004
010140,삼성중공업,Yahoo 무조정,2011-02-28,0.9795657020700236,0.9796521635821882,-0.008825735845718885
010140,삼성중공업,Yahoo 무조정,2011-03-02,0.9795784604257329,0.9796551377754945,-0.007826973677260707
010140,삼성중공업,Yahoo 무조정,2011-03-04,0.9795552072835891,0.9796932926636645,-0.014094756094518157
010140,삼성중공업,Yahoo 무조정,2011-03-09,0.9795339351151849,0.9796577383682681,-0.01263739857649826
010140,삼성중공업,Yahoo 무조정,2011-03-10,0.9795885990120637,0.9796795338180887,-0.009282097143603618
010140,삼성중공업,Yahoo 무조정,2011-03-14,0.9795032868813124,0.9797008048274679,-0.020161047656819253
010140,삼성중공업,Yahoo 무조정,2011-03-15,0.9795427821967445,0.9796789892224523,-0.013903230262790611
010140,삼성중공업,Yahoo 무조정,2011-03-16,0.9795532331119794,0.9796452847752875,-0.009396427945773667
010140,삼성중공업,Yahoo 무조정,2011-03-17,0.9795995475680467,0.9796841627463386,-0.008636985419341325
010140,삼성중공업,Yahoo 무조정,2011-03-18,0.9795490703025792,0.9796755858862692,-0.012914028430710545
010140,삼성중공업,Yahoo 무조정,2011-03-22,0.9795515798771939,0.9796405607830536,-0.009083015691857543
010140,삼성중공업,Yahoo 무조정,2011-03-23,0.9795880519773551,0.9796701669190686,-0.008381896732834182
010140,삼성중공업,Yahoo 무조정,2011-03-28,0.979527454859434,0.9796650105216722,-0.014041091675298656
010140,삼성중공업,Yahoo 무조정,2011-03-30,0.9795942510409555,0.9796796993174395,-0.008722062582644519
010140,삼성중공업,Yahoo 무조정,2011-03-31,0.9795564493320201,0.9796391179027223,-0.008438675956423669
010140,삼성중공업,Yahoo 무조정,2011-04-01,0.97958537150062,0.9796766430742246,-0.00931649991350314
010140,삼성중공업,Yahoo 무조정,2011-04-04,0.9795511377275912,0.9796715780437104,-0.012293948177999336
010140,삼성중공업,Yahoo 무조정,2011-04-06,0.9795791013581409,0.979671418958751,-0.009423322843105097
010140,삼성중공업,Yahoo 무조정,2011-04-07,0.9796069272978793,0.979671418958751,-0.006582988910730503
010140,삼성중공업,Yahoo 무조정,2011-04-14,0.9795628912416546,0.9796894945090747,-0.01292279524580664
010140,삼성중공업,Yahoo 무조정,2011-04-15,0.9795882320061979,0.9796680554493569,-0.0081480091868813
010140,삼성중공업,Yahoo 무조정,2011-04-19,0.9795697475795538,0.979653764994271,-0.008576235576218671
010140,삼성중공업,Yahoo 무조정,2011-04-21,0.979576557512918,0.979664790814115,-0.009006478749096214
010140,삼성중공업,Yahoo 무조정,2011-04-25,0.9795923538541922,0.9796686574983051,-0.007788719535828381
010140,삼성중공업,Yahoo 무조정,2011-04-26,0.9795747969698175,0.97965101982717,-0.007780613280627957
010140,삼성중공업,Yahoo 무조정,2011-04-27,0.9795942346903095,0.9796704217322334,-0.007776803324244241
010140,삼성중공업,Yahoo 무조정,2011-04-29,0.979551305683379,0.9796549134205891,-0.010575942180324205
010140,삼성중공업,Yahoo 무조정,2011-05-02,0.979579302462437,0.9796445349730332,-0.006658793906100247
010140,삼성중공업,Yahoo 무조정,2011-05-03,0.9795851497964491,0.9796531660837382,-0.006942894653327869
010140,삼성중공업,Yahoo 무조정,2011-05-06,0.9795833040113987,0.9796680199630243,-0.008647414215767757
010140,삼성중공업,Yahoo 무조정,2011-05-09,0.9795534058622346,0.9796794654236536,-0.012867429181484535
010140,삼성중공업,Yahoo 무조정,2011-05-11,0.9795517770755758,0.9796698996499984,-0.012057385295272116
010140,삼성중공업,Yahoo 무조정,2011-05-12,0.9795775571784668,0.9796952799286971,-0.012016261856317989
010140,삼성중공업,Yahoo 무조정,2011-05-17,0.9795878237318395,0.9796666450721419,-0.00804573072880066
010140,삼성중공업,Yahoo 무조정,2011-05-18,0.979570814901201,0.9796712765078034,-0.010254624077632446
010140,삼성중공업,Yahoo 무조정,2011-05-20,0.9795731305604833,0.9796698996499984,-0.009877724073137362
010140,삼성중공업,Yahoo 무조정,2011-05-23,0.9795506941610118,0.9796952738125569,-0.014757614475624514
010140,삼성중공업,Yahoo 무조정,2011-05-25,0.9795168398689744,0.9796575900380531,-0.014367282049354557
010140,삼성중공업,Yahoo 무조정,2011-05-27,0.979570814901201,0.9796387329821937,-0.006932972197404297
010140,삼성중공업,Yahoo 무조정,2011-05-31,0.9795416606331856,0.9796466626689423,-0.010718357930261657
010140,삼성중공업,Yahoo 무조정,2011-06-01,0.9795530456096263,0.9796680322219389,-0.011737303712133773
010140,삼성중공업,Yahoo 무조정,2011-06-08,0.9795628912416546,0.979664790814115,-0.010401473383114812
010140,삼성중공업,Yahoo 무조정,2011-06-09,0.9795602640863634,0.9796387329821937,-0.008009982985401898
010140,삼성중공업,Yahoo 무조정,2011-06-10,0.9795681223059688,0.979637421064354,-0.007073919074052082
010140,삼성중공업,Yahoo 무조정,2011-06-13,0.9795484259784152,0.979664790814115,-0.011878025707456885
010140,삼성중공업,Yahoo 무조정,2011-06-14,0.9795731305604833,0.9796705654137927,-0.0099456752860827
010140,삼성중공업,Yahoo 무조정,2011-06-15,0.9795689261772467,0.9796723100529089,-0.010552903721106066
010140,삼성중공업,Yahoo 무조정,2011-06-16,0.9795538463913219,0.9796566364458789,-0.010492457329724925
010140,삼성중공업,Yahoo 무조정,2011-06-20,0.9795839150274471,0.9796544902374635,-0.0072040919242177814
010140,삼성중공업,Yahoo 무조정,2011-06-21,0.9795839150274471,0.979690894561799,-0.010919723245950141
010140,삼성중공업,Yahoo 무조정,2011-06-22,0.979612032190072,0.9796783462335322,-0.006768960824254933
010140,삼성중공업,Yahoo 무조정,2011-06-23,0.9795893127621155,0.9796723100529089,-0.008471944132926179
010140,삼성중공업,Yahoo 무조정,2011-06-24,0.9795857257690838,0.9796617911212583,-0.007764450228020525
010140,삼성중공업,Yahoo 무조정,2011-06-27,0.9795710207061895,0.9796698996499984,-0.0100930878701333
010140,삼성중공업,Yahoo 무조정,2011-06-29,0.9796057094489391,0.9796692337359032,-0.006484258643280061
010140,삼성중공업,Yahoo 무조정,2011-07-01,0.9795674889154278,0.9796686052794668,-0.01032148662252208
010140,삼성중공업,Yahoo 무조정,2011-07-05,0.9795689261772467,0.9796477048084289,-0.008041526642232899
010140,삼성중공업,Yahoo 무조정,2011-07-06,0.9796111396727648,0.9796698946126153,-0.005997422210646253
010140,삼성중공업,Yahoo 무조정,2011-07-07,0.979588714044727,0.9796598881279397,-0.007265182955351612
010140,삼성중공업,Yahoo 무조정,2011-07-11,0.9795670592421836,0.9796686052794668,-0.010365345662399772
010140,삼성중공업,Yahoo 무조정,2011-07-12,0.9795767408234921,0.9796680322219389,-0.009318605430019833
010140,삼성중공업,Yahoo 무조정,2011-07-13,0.9795851497964491,0.9796771007112368,-0.009385838938258395
010140,삼성중공업,Yahoo 무조정,2011-07-14,0.9795684764156589,0.9796582761741067,-0.009166436974172854
010140,삼성중공업,Yahoo 무조정,2011-07-15,0.9795767408234921,0.9796680322219389,-0.009318605430019833
010140,삼성중공업,Yahoo 무조정,2011-07-18,0.9795934845474493,0.9796617911212583,-0.006972464826948688
010140,삼성중공업,Yahoo 무조정,2011-07-19,0.9795747969698175,0.9796563552584359,-0.008325193643721196
010140,삼성중공업,Yahoo 무조정,2011-07-25,0.9795736495423538,0.9796593985784502,-0.008752943749712472
010140,삼성중공업,Yahoo 무조정,2011-07-26,0.9795345097237377,0.9796489301790078,-0.011679740746428635
010140,삼성중공업,Yahoo 무조정,2011-07-29,0.9795652099217292,0.9796384766353124,-0.007478954260231596
010140,삼성중공업,Yahoo 무조정,2011-08-02,0.9796015052544649,0.979676143130259,-0.007618627473726658
010140,삼성중공업,Yahoo 무조정,2011-08-03,0.979549918495197,0.9796492030697558,-0.010134706816244954
010140,삼성중공업,Yahoo 무조정,2011-08-04,0.97958537150062,0.9796626701695591,-0.007890335244242763
010140,삼성중공업,Yahoo 무조정,2011-08-16,0.9795032765390637,0.9796737380220134,-0.017399821627750445
010140,삼성중공업,Yahoo 무조정,2011-08-17,0.979519755745614,0.9796326869877569,-0.011527916906295399
010140,삼성중공업,Yahoo 무조정,2011-08-18,0.9795462749154384,0.9796808376943673,-0.013735369086687044
010140,삼성중공업,Yahoo 무조정,2011-08-22,0.9795356718671256,0.9796759726078589,-0.014321137259265537
010140,삼성중공업,Yahoo 무조정,2011-08-23,0.9795033017317213,0.9796483044104277,-0.014801503565475826
010140,삼성중공업,Yahoo 무조정,2011-08-25,0.9794972096934168,0.9796529041182274,-0.015892815114015857
010140,삼성중공업,Yahoo 무조정,2011-08-26,0.9794853561613062,0.9796466485474618,-0.016464343178712593
010140,삼성중공업,Yahoo 무조정,2011-08-30,0.9795311571796317,0.9796554619783358,-0.012688624065138043
010140,삼성중공업,Yahoo 무조정,2011-09-01,0.9795743821248537,0.9796638893453392,-0.009136523399400076
010140,삼성중공업,Yahoo 무조정,2011-09-05,0.9795326268807993,0.9796798315516144,-0.015025793741407778
010140,삼성중공업,Yahoo 무조정,2011-09-07,0.9795404841289755,0.9796671211743472,-0.012926538273516641
010140,삼성중공업,Yahoo 무조정,2011-09-08,0.9795926610354703,0.9796778790425952,-0.008698574189325292
010140,삼성중공업,Yahoo 무조정,2011-09-09,0.9795216386362564,0.9796483044104277,-0.012929719124821215
010140,삼성중공업,Yahoo 무조정,2011-09-14,0.9795160673863071,0.9796309651674581,-0.011728680006684034
010140,삼성중공업,Yahoo 무조정,2011-09-15,0.9794902767576685,0.9796700634312114,-0.018351757418533232
010140,삼성중공업,Yahoo 무조정,2011-09-16,0.9795634484401005,0.9796738904881451,-0.011273348112772474
010140,삼성중공업,Yahoo 무조정,2011-09-19,0.9795360893970224,0.9796945026762569,-0.01616966093019867
010140,삼성중공업,Yahoo 무조정,2011-09-20,0.9795101207472044,0.9797180049353723,-0.02121877796678051
010140,삼성중공업,Yahoo 무조정,2011-09-21,0.9795166420826635,0.9796651336031242,-0.015157375246632743
010140,삼성중공업,Yahoo 무조정,2011-09-27,0.979455037131601,0.9796943256221876,-0.024424811324152973
010140,삼성중공업,Yahoo 무조정,2011-09-28,0.9795032696683391,0.9796602375782347,-0.016022688670480623
010140,삼성중공업,Yahoo 무조정,2011-09-29,0.9794956960149267,0.9796375376810305,-0.014478994592170835
010140,삼성중공업,Yahoo 무조정,2011-10-04,0.97946579281969,0.9796352424529136,-0.017297216951817074
010140,삼성중공업,Yahoo 무조정,2011-10-05,0.9795395324273274,0.9796887083891526,-0.015226873653617634
010140,삼성중공업,Yahoo 무조정,2011-10-06,0.9794959219167128,0.9796375376810305,-0.01445593486065766
010140,삼성중공업,Yahoo 무조정,2011-10-07,0.9795360893970224,0.9796945026762569,-0.01616966093019867
010140,삼성중공업,Yahoo 무조정,2011-10-12,0.9795877477995942,0.9796833084063339,-0.009754234446957
010140,삼성중공업,Yahoo 무조정,2011-10-13,0.9795600279243353,0.9796602125517891,-0.01022646690865825
010140,삼성중공업,Yahoo 무조정,2011-10-14,0.9795626962571895,0.9796738904881451,-0.011350127020348655
010140,삼성중공업,Yahoo 무조정,2011-10-17,0.9794902767576685,0.9796718571954972,-0.01853482229738912
010140,삼성중공업,Yahoo 무조정,2011-10-18,0.9795702171277423,0.9796689919929463,-0.010082473367167832
010140,삼성중공업,Yahoo 무조정,2011-10-20,0.9795033147945813,0.9796521398393464,-0.015191621465704408
010140,삼성중공업,Yahoo 무조정,2011-10-21,0.9795032576445712,0.9796700634312114,-0.01702673102574881
010140,삼성중공업,Yahoo 무조정,2011-10-24,0.979523896983088,0.9796699568854387,-0.014909092733139673
010140,삼성중공업,Yahoo 무조정,2011-10-26,0.9795224451445871,0.9796662015040571,-0.0146740143989188
010140,삼성중공업,Yahoo 무조정,2011-10-27,0.9795032782185741,0.9796680637448635,-0.016820546916629375
010140,삼성중공업,Yahoo 무조정,2011-11-01,0.9795432183014521,0.9796466581500685,-0.010558893633316746
010140,삼성중공업,Yahoo 무조정,2011-11-03,0.9795210394274357,0.9796707768243904,-0.015284460912479148
010140,삼성중공업,Yahoo 무조정,2011-11-04,0.9795328920869654,0.97968031043625,-0.01504759743706785
010140,삼성중공업,Yahoo 무조정,2011-11-08,0.9795611187246711,0.9796716263561928,-0.01128006860142694
010140,삼성중공업,Yahoo 무조정,2011-11-09,0.9795856902424886,0.9796778790425952,-0.009410113474916937
010140,삼성중공업,Yahoo 무조정,2011-11-11,0.9795664045655368,0.9796766215751931,-0.011250346004898493
010140,삼성중공업,Yahoo 무조정,2011-11-14,0.979490791262069,0.9796707768243904,-0.01837204564831829
010140,삼성중공업,Yahoo 무조정,2011-11-15,0.979540937984034,0.9796500091430945,-0.011133686320885516
010140,삼성중공업,Yahoo 무조정,2011-11-17,0.9795228770079735,0.9796879206001029,-0.01684654762593718
010140,삼성중공업,Yahoo 무조정,2011-11-18,0.9794572117965749,0.9796651336031242,-0.02122376304081186
010140,삼성중공업,Yahoo 무조정,2011-11-22,0.9795368648874362,0.9796551907282964,-0.012078315103125625
010140,삼성중공업,Yahoo 무조정,2011-11-24,0.9795665541882195,0.9796919201068259,-0.012796463463005114
010140,삼성중공업,Yahoo 무조정,2011-11-28,0.9795376790143456,0.9797180049353723,-0.01840590048547419
010140,삼성중공업,Yahoo 무조정,2011-11-29,0.979556032629553,0.9796990353013627,-0.014596592081539406
010140,삼성중공업,Yahoo 무조정,2011-11-30,0.9795224451445871,0.9796718571954972,-0.015251234361046695
010140,삼성중공업,Yahoo 무조정,2011-12-01,0.9795946086529539,0.9796817450769584,-0.008894360279998459
010140,삼성중공업,Yahoo 무조정,2011-12-02,0.9795277531586798,0.9796671211743472,-0.014226058286037624
010140,삼성중공업,Yahoo 무조정,2011-12-05,0.9794912914722912,0.9797073295309161,-0.022051285329094394
010140,삼성중공업,Yahoo 무조정,2011-12-07,0.9794972451869759,0.979659098786232,-0.01652142050807548
010140,삼성중공업,Yahoo 무조정,2011-12-08,0.979527454859434,0.979630881130103,-0.010557677658107334
010140,삼성중공업,Yahoo 무조정,2011-12-14,0.9795295158889615,0.9796332190778656,-0.0105859200039915
010140,삼성중공업,Yahoo 무조정,2011-12-16,0.9794828583033682,0.9796309651674581,-0.015118638482858326
010140,삼성중공업,Yahoo 무조정,2011-12-19,0.9794965808610145,0.979659576253474,-0.016637962452503707
010140,삼성중공업,Yahoo 무조정,2011-12-20,0.9794473273270519,0.9796700634312114,-0.02273582836443966
010140,삼성중공업,Yahoo 무조정,2011-12-21,0.9795166420826635,0.9796449224624023,-0.01309457914775436
010140,삼성중공업,Yahoo 무조정,2011-12-22,0.9795572994488575,0.9796621238850134,-0.010700060112578402
010140,삼성중공업,Yahoo 무조정,2011-12-23,0.9795360893970224,0.9796854593329771,-0.015246723785855565
010140,삼성중공업,Yahoo 무조정,2011-12-26,0.9795097535918281,0.9796639917991119,-0.01574399065137344
010140,삼성중공업,Yahoo 무조정,2011-12-28,0.9795580021628933,0.9796896238020376,-0.013435034519759803
010140,삼성중공업,Yahoo 무조정,2011-12-29,0.9794893177742333,0.9796628610754468,-0.017714594286333263
010140,삼성중공업,Yahoo 무조정,2012-01-04,0.9795613309602419,0.9796602125517891,-0.010093457943927131
010140,삼성중공업,Yahoo 무조정,2012-01-05,0.9795493916668677,0.9796759726078589,-0.01292069465113066
010140,삼성중공업,Yahoo 무조정,2012-01-10,0.9795164490216361,0.9796332190778656,-0.01191977302886782
010140,삼성중공업,Yahoo 무조정,2012-01-11,0.9795482541868127,0.9796707768243904,-0.012506511419574373
010140,삼성중공업,Yahoo 무조정,2012-01-12,0.9795338870304735,0.979645091526246,-0.011351508493684381
010140,삼성중공업,Yahoo 무조정,2012-01-16,0.9795389252066192,0.9796526631410473,-0.011610026564246034
010140,삼성중공업,Yahoo 무조정,2012-01-17,0.9795374184184952,0.9796748088253622,-0.014024082851704645
010140,삼성중공업,Yahoo 무조정,2012-01-19,0.9795701512543602,0.9796655423331568,-0.009737106662899286
010140,삼성중공업,Yahoo 무조정,2012-01-26,0.9795305514258108,0.979669712548316,-0.014204901991232699
010140,삼성중공업,Yahoo 무조정,2012-01-27,0.9795363858118157,0.9796554619783358,-0.01215490252864937
010140,삼성중공업,Yahoo 무조정,2012-01-30,0.9795701512543602,0.9796629571024832,-0.009473242552471284
010140,삼성중공업,Yahoo 무조정,2012-01-31,0.9795657590895922,0.9796551377754945,-0.009123484627993061
010140,삼성중공업,Yahoo 무조정,2012-02-01,0.9795736586070763,0.9796987631199183,-0.012769691822778206
010140,삼성중공업,Yahoo 무조정,2012-02-02,0.9795571970681307,0.9796562386263276,-0.010109827742810218
010140,삼성중공업,Yahoo 무조정,2012-02-03,0.9795885990120637,0.9796663849357808,-0.007940042132015268
010140,삼성중공업,Yahoo 무조정,2012-02-06,0.9795669529047489,0.9796766372108523,-0.011195970378108377
010140,삼성중공업,Yahoo 무조정,2012-02-07,0.9795663215471772,0.9796521635821882,-0.00876250144716817
010140,삼성중공업,Yahoo 무조정,2012-02-08,0.9795923278824966,0.9796845260498246,-0.009411005775472603
010140,삼성중공업,Yahoo 무조정,2012-02-09,0.9795737000458097,0.979676094893591,-0.010451908372066665
010140,삼성중공업,Yahoo 무조정,2012-02-14,0.9795532944741114,0.9796650105216722,-0.011403494700834571
010140,삼성중공업,Yahoo 무조정,2012-02-15,0.9795737000458097,0.9796544902374635,-0.008246804609068903
010140,삼성중공업,Yahoo 무조정,2012-02-16,0.9795495214059818,0.9796519749409394,-0.010458156322679102
010140,삼성중공업,Yahoo 무조정,2012-02-17,0.9795898582030275,0.9796641920641057,-0.0075876878710468
010140,삼성중공업,Yahoo 무조정,2012-02-22,0.9795462749154384,0.9796521635821882,-0.010808802418460495
010140,삼성중공업,Yahoo 무조정,2012-02-27,0.9795136319278852,0.9796587504333006,-0.014813168907157337
010140,삼성중공업,Yahoo 무조정,2012-02-28,0.979539139661554,0.9796781252426161,-0.0141868617335561
010140,삼성중공업,Yahoo 무조정,2012-02-29,0.9795613309602419,0.9796885619769979,-0.012986883964360985
010140,삼성중공업,Yahoo 무조정,2012-03-02,0.9795797808025356,0.979660228477709,-0.00821179352135104
010140,삼성중공업,Yahoo 무조정,2012-03-05,0.9795272851250407,0.9796781252426161,-0.015396905747799838
010140,삼성중공업,Yahoo 무조정,2012-03-08,0.9795910748576135,0.9796651596949667,-0.007562261107274537
010140,삼성중공업,Yahoo 무조정,2012-03-13,0.9795755203819172,0.9796781252426161,-0.010473323641224663
010140,삼성중공업,Yahoo 무조정,2012-03-14,0.9795742994579643,0.9796562729455276,-0.008367576447687597
010140,삼성중공업,Yahoo 무조정,2012-03-15,0.9795589045112963,0.9796562729455276,-0.009939040551287803
010140,삼성중공업,Yahoo 무조정,2012-03-19,0.9795608673824847,0.9796665899183136,-0.010791685346511759
010140,삼성중공업,Yahoo 무조정,2012-03-22,0.9796017340740056,0.9796701669190686,-0.006985294374961537
010140,삼성중공업,Yahoo 무조정,2012-03-23,0.9795755203819172,0.9796673536428889,-0.009373922753497244
010140,삼성중공업,Yahoo 무조정,2012-03-26,0.9795730573028293,0.9796526946268365,-0.008129138463452978
010140,삼성중공업,Yahoo 무조정,2012-03-30,0.9795588713005973,0.9796519749409394,-0.00950374650627861
010140,삼성중공업,Yahoo 무조정,2012-04-02,0.9795743038340515,0.9796702573995513,-0.00979447572027059
010140,삼성중공업,Yahoo 무조정,2012-04-04,0.9796120783392976,0.9796841627463386,-0.007357923071749095
010140,삼성중공업,Yahoo 무조정,2012-04-05,0.9795610164322622,0.9796932926636645,-0.013501800246340512
010140,삼성중공업,Yahoo 무조정,2012-04-10,0.9795552072835891,0.9796641920641057,-0.011124707976406523
010140,삼성중공업,Yahoo 무조정,2012-04-12,0.9795556555132288,0.9796452847752875,-0.00914915464317323
010140,삼성중공업,Yahoo 무조정,2012-04-16,0.979548627422439,0.979642798143654,-0.009612761038357842
010140,삼성중공업,Yahoo 무조정,2012-04-17,0.9795723925441792,0.9796544902374635,-0.008380270197549944
010140,삼성중공업,Yahoo 무조정,2012-04-18,0.9795918147731627,0.9796701669190686,-0.007997808706605714
010140,삼성중공업,Yahoo 무조정,2012-04-19,0.9795559644492229,0.9796405607830536,-0.008635446225613297
010140,삼성중공업,Yahoo 무조정,2012-04-24,0.9795537764835615,0.9796388457767568,-0.008683740294912479
010140,삼성중공업,Yahoo 무조정,2012-04-27,0.9795737000458097,0.9796555978894876,-0.008359860736195657
010140,삼성중공업,Yahoo 무조정,2012-05-02,0.9795584803756797,0.9796790193941435,-0.01230392976450112
010140,삼성중공업,Yahoo 무조정,2012-05-03,0.9795355205977216,0.9796722217698993,-0.013953766284269253
010140,삼성중공업,Yahoo 무조정,2012-05-04,0.9795603480805829,0.9796742128663747,-0.011622719501680479
010140,삼성중공업,Yahoo 무조정,2012-05-07,0.9795608673824847,0.979676094893591,-0.011761796751685871
010140,삼성중공업,Yahoo 무조정,2012-05-08,0.9796010241692693,0.9796848052110803,-0.008551836403436486
010140,삼성중공업,Yahoo 무조정,2012-05-11,0.9795401736798385,0.9796760376419819,-0.013868254088400533
010140,삼성중공업,Yahoo 무조정,2012-05-15,0.9795644460039944,0.9796466670140134,-0.008392924999134355
010140,삼성중공업,Yahoo 무조정,2012-05-16,0.9795707847558162,0.9796596747307754,-0.009073556588279352
010140,삼성중공업,Yahoo 무조정,2012-05-17,0.9795367479735813,0.9796892163691729,-0.015562934963875286
010140,삼성중공업,Yahoo 무조정,2012-05-18,0.9795814615117637,0.9796789892224523,-0.009955068115319321
010140,삼성중공업,Yahoo 무조정,2012-05-23,0.9796105567812541,0.9796987631199183,-0.00900341431312457
010140,삼성중공업,Yahoo 무조정,2012-05-29,0.9795412685227504,0.9796641920641057,-0.012547518052730133
010140,삼성중공업,Yahoo 무조정,2012-05-30,0.9795446993014753,0.9796749798145651,-0.013298340344924942
010140,삼성중공업,Yahoo 무조정,2012-06-01,0.9795566494550766,0.9796551377754945,-0.010053366396012287
010140,삼성중공업,Yahoo 무조정,2012-06-07,0.9795408725181153,0.9796438810255682,-0.01051489316149512
010140,삼성중공업,Yahoo 무조정,2012-06-11,0.9795454720821796,0.9796533926768971,-0.011016201804048276
010140,삼성중공업,Yahoo 무조정,2012-06-12,0.9795669529047489,0.979669578699378,-0.010475551845279263
010140,삼성중공업,Yahoo 무조정,2012-06-13,0.9795495214059818,0.9796932926636645,-0.014675129324581704
010140,삼성중공업,Yahoo 무조정,2012-06-15,0.9795749873885315,0.9796547672196725,-0.008143667933890875
010140,삼성중공업,Yahoo 무조정,2012-06-19,0.9795482594445002,0.9796544902374635,-0.010843699898477333
010140,삼성중공업,Yahoo 무조정,2012-06-20,0.9795478317514942,0.9796479420221011,-0.010219004839673307
010140,삼성중공업,Yahoo 무조정,2012-06-21,0.9795685451778492,0.9796755858862692,-0.010926138199429669
010140,삼성중공업,Yahoo 무조정,2012-06-22,0.9795446993014753,0.9796452847752875,-0.01026754023883969
010140,삼성중공업,Yahoo 무조정,2012-06-27,0.9795408725181153,0.9796760376419819,-0.01379692047913661
010140,삼성중공업,Yahoo 무조정,2012-06-28,0.9795675247728873,0.9796438810255682,-0.007794286695383956
010140,삼성중공업,Yahoo 무조정,2012-06-29,0.9795415990331297,0.9796641920641057,-0.012513780943423924
010140,삼성중공업,Yahoo 무조정,2012-07-04,0.9795381615361689,0.9796597773250811,-0.012414084126666225
010140,삼성중공업,Yahoo 무조정,2012-07-06,0.979596894313483,0.9796845260498246,-0.008944893382667463
010140,삼성중공업,Yahoo 무조정,2012-07-09,0.9795594098238465,0.9796519749409394,-0.009448775632636686
010140,삼성중공업,Yahoo 무조정,2012-07-10,0.9795743038340515,0.9796825305694642,-0.011047123127705394
010140,삼성중공업,Yahoo 무조정,2012-07-16,0.9795408725181153,0.9796632570868302,-0.012492513915329795
010140,삼성중공업,Yahoo 무조정,2012-07-17,0.9795408725181153,0.9796711826196773,-0.013301412134381074
010140,삼성중공업,Yahoo 무조정,2012-07-19,0.9795681802388418,0.9796536362409685,-0.008723083237305307
010140,삼성중공업,Yahoo 무조정,2012-07-23,0.9795471830293201,0.9796663849357808,-0.012167601981016851
010140,삼성중공업,Yahoo 무조정,2012-07-24,0.9795687755166337,0.9796795338180887,-0.01130556448630804
010140,삼성중공업,Yahoo 무조정,2012-07-25,0.9795313939409234,0.9796538987567068,-0.012504907696375689
010140,삼성중공업,Yahoo 무조정,2012-07-26,0.9795872160855188,0.9796812601447111,-0.009599454742903468
010140,삼성중공업,Yahoo 무조정,2012-08-01,0.9795281154788016,0.9796606861349775,-0.013532303383423372
010140,삼성중공업,Yahoo 무조정,2012-08-06,0.9795431705763037,0.9796650105216722,-0.012436898741907676
010140,삼성중공업,Yahoo 무조정,2012-08-10,0.9795478317514942,0.979676094893591,-0.013092402965153571
010140,삼성중공업,Yahoo 무조정,2012-08-16,0.9795431705763037,0.9796606861349775,-0.011995536856479472
010140,삼성중공업,Yahoo 무조정,2012-08-20,0.9795618681062764,0.9796555978894876,-0.009567625950701597
010140,삼성중공업,Yahoo 무조정,2012-08-21,0.9795421107862984,0.979642798143654,-0.01027796637166345
010140,삼성중공업,Yahoo 무조정,2012-08-22,0.9795730404053307,0.9796845260498246,-0.011379749452966603
010140,삼성중공업,Yahoo 무조정,2012-08-23,0.9795435591767645,0.979642798143654,-0.010130117536466532
010140,삼성중공업,Yahoo 무조정,2012-08-24,0.979548627422439,0.9796755858862692,-0.012959235246778888
010140,삼성중공업,Yahoo 무조정,2012-08-27,0.9795537764835615,0.9796506513029428,-0.009888710761585262
010140,삼성중공업,Yahoo 무조정,2012-08-30,0.9795288127024208,0.9796587504333006,-0.013263570689525661
010140,삼성중공업,Yahoo 무조정,2012-09-04,0.9795915355437613,0.9796808603774905,-0.009117748171039164
010140,삼성중공업,Yahoo 무조정,2012-09-05,0.9795795203789055,0.9796749798145651,-0.009743990366850586
010140,삼성중공업,Yahoo 무조정,2012-09-07,0.9795482594445002,0.9796376674882828,-0.009126644140977636
010140,삼성중공업,Yahoo 무조정,2012-09-10,0.9795730404053307,0.9796808603774905,-0.011005621985737957
010140,삼성중공업,Yahoo 무조정,2012-09-12,0.9795594098238465,0.9796702573995513,-0.011314784221272411
010140,삼성중공업,Yahoo 무조정,2012-09-13,0.9795490703025792,0.9796825305694642,-0.013622807666824333
010140,삼성중공업,Yahoo 무조정,2012-09-17,0.9795629047995673,0.9796531660837382,-0.009213595923107665
010140,삼성중공업,Yahoo 무조정,2012-09-20,0.9795634708276971,0.9796933507072361,-0.013257197208205174
010140,삼성중공업,Yahoo 무조정,2012-09-21,0.9795482594445002,0.9796479420221011,-0.01017534701244216
010140,삼성중공업,Yahoo 무조정,2012-09-25,0.9795495214059818,0.9796718252676947,-0.012484166489057369
010140,삼성중공업,Yahoo 무조정,2012-09-27,0.9795877574927007,0.9796734223638237,-0.008744227327950327
010140,삼성중공업,Yahoo 무조정,2012-09-28,0.9795598894240373,0.9796932926636645,-0.01361683708831496
010140,삼성중공업,Yahoo 무조정,2012-10-02,0.9795136319278852,0.979669578699378,-0.015918302954742725
010140,삼성중공업,Yahoo 무조정,2012-10-05,0.9795763233101791,0.9796507895241898,-0.007601301893189749
010140,삼성중공업,Yahoo 무조정,2012-10-08,0.9795669529047489,0.9796760376419819,-0.011134776501775523
010140,삼성중공업,Yahoo 무조정,2012-10-12,0.9795317117046113,0.9796466581500685,-0.01173345966128947
010140,삼성중공업,Yahoo 무조정,2012-10-15,0.9795320360687512,0.9796315320366148,-0.010156468489408432
010140,삼성중공업,Yahoo 무조정,2012-10-16,0.9795494645605277,0.9796602709468308,-0.011310695104127522
010140,삼성중공업,Yahoo 무조정,2012-10-17,0.9795146854553094,0.9796812601447111,-0.017002947405275748
010140,삼성중공업,Yahoo 무조정,2012-10-18,0.9795475765517648,0.9796438810255682,-0.009830559417423057
010140,삼성중공업,Yahoo 무조정,2012-10-22,0.9795204774475785,0.9796334793951332,-0.011535125118888878
010140,삼성중공업,Yahoo 무조정,2012-10-30,0.9795907174573283,0.9796784899842276,-0.008959319592771742
010140,삼성중공업,Yahoo 무조정,2012-10-31,0.9795494645605277,0.9796541825255884,-0.010689278617759257
010140,삼성중공업,Yahoo 무조정,2012-11-02,0.9795262097904599,0.9796538987567068,-0.013034089529884163
010140,삼성중공업,Yahoo 무조정,2012-11-08,0.9795420102230212,0.9796737380220134,-0.013446088619073482
010140,삼성중공업,Yahoo 무조정,2012-11-09,0.979565095876528,0.9796737380220134,-0.011089625175086937
010140,삼성중공업,Yahoo 무조정,2012-11-12,0.9795420102230212,0.9796554619783358,-0.011580781174369559
010140,삼성중공업,Yahoo 무조정,2012-11-14,0.9795722450928499,0.979664572410323,-0.00942438055567818
010140,삼성중공업,Yahoo 무조정,2012-11-15,0.9795269566957139,0.9796481899597357,-0.012375183791923927
010140,삼성중공업,Yahoo 무조정,2012-11-20,0.9795475765517648,0.9796655423331568,-0.012041434172627152
010140,삼성중공업,Yahoo 무조정,2012-11-22,0.9795201468455411,0.9796748088253622,-0.01578707326429507
010140,삼성중공업,Yahoo 무조정,2012-11-26,0.9795657590895922,0.979669712548316,-0.010611072016653011
010140,삼성중공업,Yahoo 무조정,2012-11-27,0.9795415990331297,0.9796623425852841,-0.012325017192738041
010140,삼성중공업,Yahoo 무조정,2012-11-30,0.9795949420279438,0.97968385064165,-0.00907523520449205
010140,삼성중공업,Yahoo 무조정,2012-12-04,0.9795348192291748,0.9796562386263276,-0.012394081961131231
010140,삼성중공업,Yahoo 무조정,2012-12-05,0.9795723243808097,0.9796656726210322,-0.00952858131415546
010140,삼성중공업,Yahoo 무조정,2012-12-06,0.9795503791498315,0.9796641920641057,-0.011617543561992516
010140,삼성중공업,Yahoo 무조정,2012-12-07,0.9795657020700236,0.9796544902374635,-0.00906321242077901
010140,삼성중공업,Yahoo 무조정,2012-12-10,0.9795381615361689,0.9796519749409394,-0.011617738511404685
010140,삼성중공업,Yahoo 무조정,2012-12-13,0.9795573790922553,0.9796606861349775,-0.010545186122534744
010140,삼성중공업,Yahoo 무조정,2012-12-20,0.9795588713005973,0.9796479420221011,-0.009092115410358481
010140,삼성중공업,Yahoo 무조정,2012-12-21,0.9795723925441792,0.979642798143654,-0.007186864396713233
010140,삼성중공업,Yahoo 무조정,2012-12-24,0.979592634445101,0.9796650105216722,-0.007387839291372877
010140,삼성중공업,Yahoo 무조정,2012-12-26,0.9795537764835615,0.9796808603774905,-0.01297196863476735
010140,삼성중공업,Yahoo 무조정,2012-12-27,0.9795594098238465,0.9796932926636645,-0.013665791204298117
010140,삼성중공업,Yahoo 무조정,2013-01-04,0.979548627422439,0.9796650105216722,-0.011879887306709414
010140,삼성중공업,Yahoo 무조정,2013-01-07,0.9795994054246182,0.9796734223638237,-0.007555266634351465
010140,삼성중공업,Yahoo 무조정,2013-01-08,0.9795237037871831,0.9796766372108523,-0.015610602300830667
010140,삼성중공업,Yahoo 무조정,2013-01-09,0.9795136319278852,0.9796507895241898,-0.014000662049307167
010140,삼성중공업,Yahoo 무조정,2013-01-11,0.9795394317428305,0.9796507895241898,-0.01136708943125786
010140,삼성중공업,Yahoo 무조정,2013-01-14,0.9795663215471772,0.9796413362264508,-0.007657361577106947
010140,삼성중공업,Yahoo 무조정,2013-01-15,0.9795598894240373,0.9796749798145651,-0.011747813601359347
010140,삼성중공업,Yahoo 무조정,2013-01-16,0.9795240706114942,0.9796413362264508,-0.011970259994165122
010140,삼성중공업,Yahoo 무조정,2013-01-17,0.9795339351151849,0.9796641920641057,-0.01329608145076433
010140,삼성중공업,Yahoo 무조정,2013-01-18,0.9795442893215336,0.9796533926768971,-0.011136934366695606
010140,삼성중공업,Yahoo 무조정,2013-01-21,0.9795394317428305,0.9796932926636645,-0.01570500910704764
010140,삼성중공업,Yahoo 무조정,2013-01-22,0.979539139661554,0.9796755858862692,-0.013927694706383775
010140,삼성중공업,Yahoo 무조정,2013-01-23,0.9795537764835615,0.9796587504333006,-0.0107153587606712
010140,삼성중공업,Yahoo 무조정,2013-01-29,0.9795446993014753,0.9796825305694642,-0.014068972722092177
010140,삼성중공업,Yahoo 무조정,2013-01-31,0.9795588713005973,0.9796702573995513,-0.011369754069057159
010140,삼성중공업,Yahoo 무조정,2013-02-05,0.9795663215471772,0.9796632570868302,-0.009894781594776969
010140,삼성중공업,Yahoo 무조정,2013-02-07,0.9795246832541324,0.9796494652669283,-0.012737414475272324
010140,삼성중공업,Yahoo 무조정,2013-02-13,0.9795923278824966,0.9796841627463386,-0.009373925529687632
010140,삼성중공업,Yahoo 무조정,2013-02-14,0.9795703818704703,0.9796825305694642,-0.011447453179425082
010140,삼성중공업,Yahoo 무조정,2013-02-15,0.9795588713005973,0.9796825305694642,-0.01262238174187802
010140,삼성중공업,Yahoo 무조정,2013-02-18,0.9795795203789055,0.9796702573995513,-0.009261996060450084
010140,삼성중공업,Yahoo 무조정,2013-02-19,0.9795588713005973,0.9796650105216722,-0.010834236186352264
010140,삼성중공업,Yahoo 무조정,2013-02-20,0.9795737000458097,0.979676094893591,-0.010451908372066665
010140,삼성중공업,Yahoo 무조정,2013-02-21,0.979592634445101,0.9796755858862692,-0.008467235722031674
010140,삼성중공업,Yahoo 무조정,2013-02-22,0.9795891100974013,0.9796672727618644,-0.007978490926074944
010140,삼성중공업,Yahoo 무조정,2013-02-25,0.979597694120333,0.9796792878979274,-0.008328621274555914
010140,삼성중공업,Yahoo 무조정,2013-02-26,0.9795898582030275,0.9796702573995513,-0.00820676099091422
010140,삼성중공업,Yahoo 무조정,2013-02-27,0.9795283660588171,0.9796650105216722,-0.013948080352721437
010140,삼성중공업,Yahoo 무조정,2013-03-04,0.979592634445101,0.9796718252676947,-0.008083403089809149
010140,삼성중공업,Yahoo 무조정,2013-03-08,0.9795697354856069,0.9796559068913564,-0.008796089029150522
010140,삼성중공업,Yahoo 무조정,2013-03-11,0.9795285534496851,0.9796825305694642,-0.015717042508611723
010140,삼성중공업,Yahoo 무조정,2013-03-12,0.9795495214059818,0.9796507895241898,-0.010337164966423007
010140,삼성중공업,Yahoo 무조정,2013-03-13,0.9795669529047489,0.9796632570868302,-0.009830335208005359
010140,삼성중공업,Yahoo 무조정,2013-03-15,0.9795450470560922,0.9796632570868302,-0.012066394231169397
010140,삼성중공업,Yahoo 무조정,2013-03-18,0.9795932062102137,0.9796760376419819,-0.00845498191091032
010140,삼성중공업,Yahoo 무조정,2013-03-19,0.9795192689303884,0.9796760376419819,-0.016002097180078945
010140,삼성중공업,Yahoo 무조정,2013-03-20,0.9795632577298867,0.9796623425852841,-0.010114184356202482
010140,삼성중공업,Yahoo 무조정,2013-03-22,0.9795582513147139,0.9796737380220134,-0.011788282447244836
010140,삼성중공업,Yahoo 무조정,2013-03-28,0.9795681802388418,0.9796910270693934,-0.012539344258266638
010140,삼성중공업,Yahoo 무조정,2013-03-29,0.9795087965106655,0.9796812601447111,-0.017604055631337268
010140,삼성중공업,Yahoo 무조정,2013-04-01,0.9795475765517648,0.979669712548316,-0.012467058538889741
010140,삼성중공업,Yahoo 무조정,2013-04-03,0.9795701512543602,0.979664572410323,-0.009638110698495517
010140,삼성중공업,Yahoo 무조정,2013-04-04,0.979497502885199,0.9796680637448635,-0.017410066325174167
010140,삼성중공업,Yahoo 무조정,2013-04-08,0.9795266763080304,0.9796329283315166,-0.010846105762007952
010140,삼성중공업,Yahoo 무조정,2013-04-09,0.9795504294533885,0.97968031043625,-0.013257486291995413
010140,삼성중공업,Yahoo 무조정,2013-04-10,0.9795563734820749,0.9796784899842276,-0.012464956963031959
010140,삼성중공업,Yahoo 무조정,2013-04-15,0.979509625332693,0.979685871444666,-0.017990063663275713
010140,삼성중공업,Yahoo 무조정,2013-04-16,0.9795736388295002,0.9796990353013627,-0.012799489163928257
010140,삼성중공업,Yahoo 무조정,2013-04-18,0.9796019372558823,0.9796968353634734,-0.009686476894243956
010140,삼성중공업,Yahoo 무조정,2013-04-22,0.9795448972171251,0.97968031043625,-0.013822184408773808
010140,삼성중공업,Yahoo 무조정,2013-04-23,0.9795150611640165,0.9796662997020956,-0.015437760605330197
010140,삼성중공업,Yahoo 무조정,2013-04-24,0.9795435863360092,0.9796541825255884,-0.011289309181949925
010140,삼성중공업,Yahoo 무조정,2013-05-02,0.9795367479735813,0.9797008048274679,-0.016745607748636093
010140,삼성중공업,Yahoo 무조정,2013-05-07,0.9795432183014521,0.9796315320366148,-0.00901499515629789
010140,삼성중공업,Yahoo 무조정,2013-05-09,0.9795204774475785,0.9796481394038171,-0.013031409044095277
010140,삼성중공업,Yahoo 무조정,2013-05-10,0.9795201468455411,0.9796688742238874,-0.015181392637797497
010140,삼성중공업,Yahoo 무조정,2013-05-13,0.9795494645605277,0.9796541825255884,-0.010689278617759257
010140,삼성중공업,Yahoo 무조정,2013-05-14,0.9795611187246711,0.9796688742238874,-0.010999175543024986
010140,삼성중공업,Yahoo 무조정,2013-05-15,0.9795489588204571,0.9796748088253622,-0.012846099927377175
010140,삼성중공업,Yahoo 무조정,2013-05-20,0.9795788869160149,0.9796968746488783,-0.01204328970689783
010140,삼성중공업,Yahoo 무조정,2013-05-21,0.9795617599197617,0.9796680637448635,-0.010851004440770584
010140,삼성중공업,Yahoo 무조정,2013-05-22,0.9795032868813124,0.9796329283315166,-0.013233676253110449
010140,삼성중공업,Yahoo 무조정,2013-05-23,0.9795150611640165,0.9796798315516144,-0.016818799600770706
010140,삼성중공업,Yahoo 무조정,2013-05-27,0.9795946086529539,0.9796968353634734,-0.010434524929503475
010140,삼성중공업,Yahoo 무조정,2013-05-28,0.9795998055553906,0.9796968353634734,-0.009904064663712742
010140,삼성중공업,Yahoo 무조정,2013-05-29,0.9795332433007764,0.9796512726644967,-0.012048099871220241
010140,삼성중공업,Yahoo 무조정,2013-05-30,0.9795269566957139,0.9796865409969934,-0.01628932261508176
010140,삼성중공업,Yahoo 무조정,2013-06-05,0.9795196388931364,0.9796892163691729,-0.017309313321323128
010140,삼성중공업,Yahoo 무조정,2013-06-07,0.9795363858118157,0.9796438810255682,-0.010972886763704892
010140,삼성중공업,Yahoo 무조정,2013-06-11,0.9795894569171083,0.9796663849357808,-0.007852470989655469
010140,삼성중공업,Yahoo 무조정,2013-06-14,0.9795940299797649,0.9796721051767217,-0.007969523327677752
010140,삼성중공업,Yahoo 무조정,2013-06-18,0.9795423549022579,0.9796737380220134,-0.013410905555222286
010140,삼성중공업,Yahoo 무조정,2013-06-19,0.9795087965106655,0.9796551377754945,-0.014938038824696687
010140,삼성중공업,Yahoo 무조정,2013-06-20,0.9795687755166337,0.9796663849357808,-0.009963536633295078
010140,삼성중공업,Yahoo 무조정,2013-06-26,0.9795432183014521,0.9796688742238874,-0.012826366718532434
010140,삼성중공업,Yahoo 무조정,2013-06-27,0.9795880267457376,0.9796795338180887,-0.00934051076829645
010140,삼성중공업,Yahoo 무조정,2013-06-28,0.9795626448369767,0.9796438810255682,-0.008292420354472085
010140,삼성중공업,Yahoo 무조정,2013-07-01,0.9795087965106655,0.9796295912554008,-0.012330654955061693
010140,삼성중공업,Yahoo 무조정,2013-07-02,0.9794978519472244,0.9796892163691729,-0.019533176312558354
010140,삼성중공업,Yahoo 무조정,2013-07-03,0.9795087965106655,0.9796737380220134,-0.016836371635409186
010140,삼성중공업,Yahoo 무조정,2013-07-04,0.9796014279850295,0.9796910270693934,-0.00914564713652144
010140,삼성중공업,Yahoo 무조정,2013-07-05,0.9795303298454787,0.9796438810255682,-0.011591067150917844
010140,삼성중공업,Yahoo 무조정,2013-07-09,0.9795756144937076,0.9796734223638237,-0.009983721910122867
010140,삼성중공업,Yahoo 무조정,2013-07-10,0.979565163182039,0.9796533926768971,-0.009006194998928407
010140,삼성중공업,Yahoo 무조정,2013-07-11,0.9795749873885315,0.9796665279338367,-0.009344051541515519
010140,삼성중공업,Yahoo 무조정,2013-07-17,0.979523491560239,0.979642798143654,-0.012178580156052554
010140,삼성중공업,Yahoo 무조정,2013-07-18,0.9795883085323925,0.9796687851343371,-0.008214674506901165
010140,삼성중공업,Yahoo 무조정,2013-07-19,0.9795985755965771,0.979676094893591,-0.007912747633420647
010140,삼성중공업,Yahoo 무조정,2013-07-22,0.9795279353261672,0.9796391179027223,-0.011349340233890448
010140,삼성중공업,Yahoo 무조정,2013-07-24,0.9795431705763037,0.9796376674882828,-0.009646108465943826
010140,삼성중공업,Yahoo 무조정,2013-07-26,0.9795281154788016,0.9796781252426161,-0.01531214793403235
010140,삼성중공업,Yahoo 무조정,2013-07-31,0.979527454859434,0.9796680452019665,-0.014350814362174003
010140,삼성중공업,Yahoo 무조정,2013-08-01,0.9796002082012947,0.9796848052110803,-0.008635125229627949
010140,삼성중공업,Yahoo 무조정,2013-08-02,0.979551964594148,0.979642798143654,-0.009272109148161789
010140,삼성중공업,Yahoo 무조정,2013-08-05,0.9795730404053307,0.9796792878979274,-0.010845130024605965
010140,삼성중공업,Yahoo 무조정,2013-08-06,0.9795482594445002,0.9796544902374635,-0.010843699898477333
010140,삼성중공업,Yahoo 무조정,2013-08-07,0.9795588713005973,0.9796702573995513,-0.011369754069057159
010140,삼성중공업,Yahoo 무조정,2013-08-09,0.9795673973268897,0.9796702573995513,-0.010499458556045838
010140,삼성중공업,Yahoo 무조정,2013-08-12,0.9795490703025792,0.9796755858862692,-0.012914028430710545
010140,삼성중공업,Yahoo 무조정,2013-08-14,0.9795583425307074,0.9796718252676947,-0.011583750196786369
010140,삼성중공업,Yahoo 무조정,2013-08-19,0.979543954916887,0.9796313738071408,-0.008923651548042866
010140,삼성중공업,Yahoo 무조정,2013-08-20,0.9795478317514942,0.9796933507072361,-0.014853520812085907
010140,삼성중공업,Yahoo 무조정,2013-08-21,0.9795381615361689,0.9796718252676947,-0.01364372518207757
010140,삼성중공업,Yahoo 무조정,2013-08-22,0.9795552072835891,0.9796533926768971,-0.010022462438441515
010140,삼성중공업,Yahoo 무조정,2013-08-27,0.9795478317514942,0.979642798143654,-0.009693981555292108
010140,삼성중공업,Yahoo 무조정,2013-08-28,0.9795537764835615,0.9796621238850134,-0.011059670350654915
010140,삼성중공업,Yahoo 무조정,2013-08-30,0.9795918147731627,0.9796796993174395,-0.008970742614955451
010140,삼성중공업,Yahoo 무조정,2013-09-02,0.9795325876019807,0.9796376674882828,-0.010726403219218916
010140,삼성중공업,Yahoo 무조정,2013-09-03,0.979576784579084,0.9796781252426161,-0.010344281547269851
010140,삼성중공업,Yahoo 무조정,2013-09-09,0.979568924289564,0.9796371163876527,-0.006960954923818097
010140,삼성중공업,Yahoo 무조정,2013-09-11,0.9795667409276558,0.9796841714005545,-0.011986564275179301
010140,삼성중공업,Yahoo 무조정,2013-09-16,0.979597717416893,0.979664572410323,-0.006824273870131847
010140,삼성중공업,Yahoo 무조정,2013-09-23,0.9795938582230648,0.9796752435040713,-0.008307373443006139
010140,삼성중공업,Yahoo 무조정,2013-09-24,0.9796052796321455,0.9796719721702198,-0.0068076396966376684
010140,삼성중공업,Yahoo 무조정,2013-09-26,0.9795800120878561,0.9796466485474618,-0.006802091315727399
010140,삼성중공업,Yahoo 무조정,2013-10-01,0.9795168398689744,0.9796794654236536,-0.01659987377696792
010140,삼성중공업,Yahoo 무조정,2013-10-02,0.9795389888049767,0.9796593985784502,-0.012290983340557116
010140,삼성중공업,Yahoo 무조정,2013-10-08,0.9796162194930258,0.9796815955833559,-0.00667319776392894
010140,삼성중공업,Yahoo 무조정,2013-10-15,0.979559793874397,0.9796544902374635,-0.009666302151445372
010140,삼성중공업,Yahoo 무조정,2013-10-16,0.9795726197058079,0.9796535530510486,-0.008261425173083925
010140,삼성중공업,Yahoo 무조정,2013-10-18,0.9795628912416546,0.9796489301790078,-0.008782629644421558
010140,삼성중공업,Yahoo 무조정,2013-10-21,0.9795878237318395,0.979671418958751,-0.008532986192488767
010140,삼성중공업,Yahoo 무조정,2013-10-22,0.9795891916786633,0.9796666450721419,-0.007906096820597952
010140,삼성중공업,Yahoo 무조정,2013-10-28,0.9795651564461632,0.979654232069136,-0.009092557359213771
010140,삼성중공업,Yahoo 무조정,2013-11-01,0.979592634445101,0.9796709675740166,-0.007995861009291172
010140,삼성중공업,Yahoo 무조정,2013-11-04,0.9795875213360673,0.9796694607365579,-0.008363984361525745
010140,삼성중공업,Yahoo 무조정,2013-11-06,0.979592634445101,0.9796715780437104,-0.008058169735514209
010140,삼성중공업,Yahoo 무조정,2013-11-12,0.9795421107862984,0.9796391179027223,-0.009902331853750557
010140,삼성중공업,Yahoo 무조정,2013-11-13,0.9795470640689491,0.9796544902374635,-0.010965720015065905
010140,삼성중공업,Yahoo 무조정,2013-11-14,0.9795381615361689,0.9796597773250811,-0.012414084126666225
010140,삼성중공업,Yahoo 무조정,2013-11-15,0.9795780943915695,0.9796479066023659,-0.007126255292932981
010140,삼성중공업,Yahoo 무조정,2013-11-19,0.9796010241692693,0.979686960302474,-0.00877179514343629
010140,삼성중공업,Yahoo 무조정,2013-11-21,0.9795700405094766,0.9796665899183136,-0.009855333419606094
010140,삼성중공업,Yahoo 무조정,2013-11-26,0.9795418128178147,0.9796680452019665,-0.012885220128389108
010140,삼성중공업,Yahoo 무조정,2013-11-27,0.9795755203819172,0.9796606861349775,-0.008693392953873502
010140,삼성중공업,Yahoo 무조정,2013-11-29,0.979576784579084,0.979676094893591,-0.010137056015202539
010140,삼성중공업,Yahoo 무조정,2013-12-06,0.9795703818704703,0.9796749798145651,-0.010676800597131386
010140,삼성중공업,Yahoo 무조정,2013-12-09,0.9795238510189226,0.9796413362264508,-0.011992675603167413
010140,삼성중공업,Yahoo 무조정,2013-12-12,0.9795985989034581,0.9796856284769229,-0.008883418408411892
010140,삼성중공업,Yahoo 무조정,2013-12-17,0.9795784604257329,0.9796749798145651,-0.009852184736858227
010140,삼성중공업,Yahoo 무조정,2013-12-19,0.9795795203789055,0.9796755858862692,-0.009805848869537392
010140,삼성중공업,Yahoo 무조정,2013-12-20,0.9795490703025792,0.9796544902374635,-0.010760930096775922
010140,삼성중공업,Yahoo 무조정,2013-12-26,0.9795749873885315,0.9796841627463386,-0.01114393413291781
010140,삼성중공업,Yahoo 무조정,2014-01-06,0.9795450470560922,0.9796562386263276,-0.011350059934411849
010140,삼성중공업,Yahoo 무조정,2014-01-07,0.9795351489605295,0.9796755858862692,-0.014335043943414227
010140,삼성중공업,Yahoo 무조정,2014-01-08,0.979523491560239,0.9796413362264508,-0.012029368489663295
010140,삼성중공업,Yahoo 무조정,2014-01-09,0.979565163182039,0.9796413362264508,-0.007775605376680872
010140,삼성중공업,Yahoo 무조정,2014-01-10,0.979565163182039,0.9796551377754945,-0.00918431292666888
010140,삼성중공업,Yahoo 무조정,2014-01-14,0.9795199493316555,0.9796754780628927,-0.015875535799325657
010140,삼성중공업,Yahoo 무조정,2014-01-16,0.9795420102230212,0.9796481394038171,-0.010833397883092122
010140,삼성중공업,Yahoo 무조정,2014-01-17,0.9795701512543602,0.9796789892224523,-0.01110955417942261
010140,삼성중공업,Yahoo 무조정,2014-01-21,0.9795427821967445,0.9796987631199183,-0.015921314698519318
010140,삼성중공업,Yahoo 무조정,2014-01-22,0.9795412685227504,0.9796760376419819,-0.013756498480443913
010140,삼성중공업,Yahoo 무조정,2014-01-24,0.9795527093223249,0.9796737380220134,-0.012353980207013837
010140,삼성중공업,Yahoo 무조정,2014-01-28,0.9795663592436628,0.9796784899842276,-0.011445667299136986
010140,삼성중공업,Yahoo 무조정,2014-01-29,0.9795499028780417,0.9796526631410473,-0.010489458853313316
010140,삼성중공업,Yahoo 무조정,2014-02-03,0.979573688822819,0.9796865409969934,-0.011519212467636653
010140,삼성중공업,Yahoo 무조정,2014-02-05,0.9795396875636494,0.9796573984286424,-0.012015513299024061
010140,삼성중공업,Yahoo 무조정,2014-02-06,0.9795569763393339,0.9796716263561928,-0.011702902663957016
010140,삼성중공업,Yahoo 무조정,2014-02-10,0.9795691301397668,0.9796706309479306,-0.010360707462020446
010140,삼성중공업,Yahoo 무조정,2014-02-11,0.9795322895079791,0.9796481899597357,-0.011830823855385475
010140,삼성중공업,Yahoo 무조정,2014-02-13,0.979497502885199,0.9796329283315166,-0.013824101089399132
010140,삼성중공업,Yahoo 무조정,2014-02-17,0.9795374184184952,0.9797008048274679,-0.016677174109447357
010140,삼성중공업,Yahoo 무조정,2014-02-18,0.9795032765390637,0.9796554619783358,-0.015534587942256373
010140,삼성중공업,Yahoo 무조정,2014-02-20,0.9795489588204571,0.9796466581500685,-0.009972915111644554
010140,삼성중공업,Yahoo 무조정,2014-02-21,0.9795317117046113,0.9796481394038171,-0.011884644549697843
010140,삼성중공업,Yahoo 무조정,2014-02-24,0.9795311571796317,0.9796554619783358,-0.012688624065138043
010140,삼성중공업,Yahoo 무조정,2014-02-25,0.9795255079570887,0.9796334793951332,-0.011021615769113424
010140,삼성중공업,Yahoo 무조정,2014-02-26,0.9795542370509962,0.9797008048274679,-0.014960463005597724
010140,삼성중공업,Yahoo 무조정,2014-02-28,0.9795320360687512,0.9796671211743472,-0.01378887814812435
010140,삼성중공업,Yahoo 무조정,2014-03-03,0.9795093857542934,0.9796671211743472,-0.01610092006197883
010140,삼성중공업,Yahoo 무조정,2014-03-04,0.9795396875636494,0.9796778790425952,-0.01410580782744697
010140,삼성중공업,Yahoo 무조정,2014-03-05,0.9795683953519748,0.9796706309479306,-0.01043571101614349
010140,삼성중공업,Yahoo 무조정,2014-03-06,0.9795435863360092,0.9796541825255884,-0.011289309181949925
010140,삼성중공업,Yahoo 무조정,2014-03-07,0.9795435863360092,0.9796315320366148,-0.008977426484291229
010140,삼성중공업,Yahoo 무조정,2014-03-11,0.9795865268345164,0.9796968353634734,-0.011259455473899838
010140,삼성중공업,Yahoo 무조정,2014-03-12,0.979515628715155,0.9796483044104277,-0.013543196540577451
010140,삼성중공업,Yahoo 무조정,2014-03-18,0.9795217921646152,0.979645091526246,-0.012586125597657816
010140,삼성중공업,Yahoo 무조정,2014-03-19,0.9795094024355516,0.979685871444666,-0.018012815562418183
010140,삼성중공업,Yahoo 무조정,2014-03-20,0.9795671660707225,0.979699153222416,-0.013472212490883706
010140,삼성중공업,Yahoo 무조정,2014-03-21,0.9794838568054921,0.9796332190778656,-0.015246754546982544
010140,삼성중공업,Yahoo 무조정,2014-03-27,0.9796029974007355,0.9796990353013627,-0.009802796284030801
010140,삼성중공업,Yahoo 무조정,2014-03-28,0.979553672019768,0.9796990353013627,-0.014837544629209276
010140,삼성중공업,Yahoo 무조정,2014-03-31,0.9795282862366368,0.979630881130103,-0.010472811284578665
010140,삼성중공업,Yahoo 무조정,2014-04-02,0.9794972096934168,0.9796716263561928,-0.017803584189191035
010140,삼성중공업,Yahoo 무조정,2014-04-03,0.9795211815074326,0.979649876249868,-0.01313680995174149
010140,삼성중공업,Yahoo 무조정,2014-04-08,0.9794972096934168,0.9797073295309161,-0.021447204809610376
010140,삼성중공업,Yahoo 무조정,2014-04-10,0.9795916788924526,0.9796778790425952,-0.008798825816791478
010140,삼성중공업,Yahoo 무조정,2014-04-11,0.9795216386362564,0.9797073295309161,-0.018953710874924923
010140,삼성중공업,Yahoo 무조정,2014-04-14,0.9795453800125901,0.9796716263561928,-0.012886597938155386
010140,삼성중공업,Yahoo 무조정,2014-04-16,0.9794908997780607,0.979628785249895,-0.014075277687886079
010140,삼성중공업,Yahoo 무조정,2014-04-17,0.9795033096575015,0.9796662015040571,-0.01662728042526318
010140,삼성중공업,Yahoo 무조정,2014-04-18,0.9795095028472758,0.9796579345622327,-0.01515138189772669
010140,삼성중공업,Yahoo 무조정,2014-04-21,0.9796019372558823,0.9796968771834207,-0.009690745142654222
010140,삼성중공업,Yahoo 무조정,2014-04-24,0.9795233297920574,0.9796945026762569,-0.017472067438573102
010140,삼성중공업,Yahoo 무조정,2014-04-28,0.9795376790143456,0.9796449224624023,-0.01094717540995882
010140,삼성중공업,Yahoo 무조정,2014-05-02,0.9795580021628933,0.9796649239968345,-0.010914122913052715
010140,삼성중공업,Yahoo 무조정,2014-05-07,0.9794961916964652,0.9796352424529136,-0.014194135778555772
010140,삼성중공업,Yahoo 무조정,2014-05-08,0.9795178428274799,0.979661549898476,-0.014669052900051494
010140,삼성중공업,Yahoo 무조정,2014-05-12,0.9795463229235547,0.9796636732343812,-0.01197863246670261
010140,삼성중공업,Yahoo 무조정,2014-05-13,0.9795608031327522,0.9797063565256192,-0.014856838673904527
010140,삼성중공업,Yahoo 무조정,2014-05-15,0.9795101207472044,0.9796379767681738,-0.013051354071746957
010140,삼성중공업,Yahoo 무조정,2014-05-20,0.9795580021628933,0.9796649239968345,-0.010914122913052715
010140,삼성중공업,Yahoo 무조정,2014-05-23,0.9795032464899918,0.9796309651674581,-0.013037427562778703
010140,삼성중공업,Yahoo 무조정,2014-05-27,0.9794833695227663,0.9796551907282964,-0.017538947086315204
010140,삼성중공업,Yahoo 무조정,2014-05-28,0.979556032629553,0.9796602125517891,-0.010634291451394606
010140,삼성중공업,Yahoo 무조정,2014-05-30,0.9795304037069071,0.9796751854268081,-0.01477854313906013
010140,삼성중공업,Yahoo 무조정,2014-06-02,0.9795789123150327,0.9796823456336063,-0.010557842451142108
010140,삼성중공업,Yahoo 무조정,2014-06-03,0.9795032576445712,0.979694369985124,-0.019507342943669848
010140,삼성중공업,Yahoo 무조정,2014-06-09,0.9795307757591449,0.9797180049353723,-0.019110517034925945
010140,삼성중공업,Yahoo 무조정,2014-06-10,0.9794831619407571,0.9796379767681738,-0.015803269277836485
010140,삼성중공업,Yahoo 무조정,2014-06-11,0.9794831619407571,0.9796058835785822,-0.012527654221183848
010140,삼성중공업,Yahoo 무조정,2014-06-12,0.9795376790143456,0.9796919201068259,-0.01574383633412557
010140,삼성중공업,Yahoo 무조정,2014-06-13,0.9795522998218805,0.9796628610754468,-0.011285643047120875
010140,삼성중공업,Yahoo 무조정,2014-06-16,0.9795522998218805,0.979659576253474,-0.010950378498186808
010140,삼성중공업,Yahoo 무조정,2014-06-17,0.9795318539167338,0.9796669446862899,-0.013789458783808328
010140,삼성중공업,Yahoo 무조정,2014-06-18,0.9794676735050672,0.979661549898476,-0.01979014011816993
010140,삼성중공업,Yahoo 무조정,2014-06-19,0.9794676735050672,0.979694369985124,-0.02313951034139672
010140,삼성중공업,Yahoo 무조정,2014-06-20,0.9794961916964652,0.979659576253474,-0.016677686919941426
010140,삼성중공업,Yahoo 무조정,2014-06-23,0.9794961916964652,0.9796691146211437,-0.017651156099307563
010140,삼성중공업,Yahoo 무조정,2014-06-24,0.9795249267922096,0.9796744357565229,-0.015261086628015619
010140,삼성중공업,Yahoo 무조정,2014-06-26,0.9794887817132489,0.9796766108256776,-0.01917256269600154
010140,삼성중공업,Yahoo 무조정,2014-07-02,0.9795528692166743,0.9797066545231278,-0.015697076848819602
010140,삼성중공업,Yahoo 무조정,2014-07-07,0.9795247071250456,0.979661549898476,-0.013968372387851424
010140,삼성중공업,Yahoo 무조정,2014-07-08,0.9794672458565401,0.979661549898476,-0.019833792798751304
010140,삼성중공업,Yahoo 무조정,2014-07-09,0.9795104297498902,0.9796335761252625,-0.012570656863286622
010140,삼성중공업,Yahoo 무조정,2014-07-10,0.9795395324273274,0.9796812353095068,-0.01446418253939763
010140,삼성중공업,Yahoo 무조정,2014-07-11,0.9795330189891686,0.979664572410323,-0.013428414669602873
010140,삼성중공업,Yahoo 무조정,2014-07-14,0.9795261721858776,0.9796566250367245,-0.013316181150924145
010140,삼성중공업,Yahoo 무조정,2014-07-15,0.9795338152353505,0.9796702912919218,-0.01393081506956273
010140,삼성중공업,Yahoo 무조정,2014-07-17,0.9795032826670073,0.9796602375782347,-0.01602136181575453
010140,삼성중공업,Yahoo 무조정,2014-07-18,0.9795330189891686,0.979661549898476,-0.013119929971805444
010140,삼성중공업,Yahoo 무조정,2014-07-23,0.9794891751885754,0.9796639917991119,-0.017844547926626486
010140,삼성중공업,Yahoo 무조정,2014-07-25,0.9795694712984636,0.9796730399175236,-0.01057175351776296
010140,삼성중공업,Yahoo 무조정,2014-07-30,0.9795032576445712,0.9796358090227164,-0.013530679148754388
010140,삼성중공업,Yahoo 무조정,2014-07-31,0.9795381481903944,0.9796896238020376,-0.015461591912679928
010140,삼성중공업,Yahoo 무조정,2014-08-07,0.9795178428274799,0.9796917845695626,-0.017754741319908618
010140,삼성중공업,Yahoo 무조정,2014-08-08,0.9794816085608394,0.9796335761252625,-0.01551269455505322
010140,삼성중공업,Yahoo 무조정,2014-08-11,0.9795032696683391,0.9796766108256776,-0.017693711927280198
010140,삼성중공업,Yahoo 무조정,2014-08-12,0.9795318539167338,0.979694369985124,-0.016588445679510677
010140,삼성중공업,Yahoo 무조정,2014-08-13,0.9795522998218805,0.9796628610754468,-0.011285643047120875
010140,삼성중공업,Yahoo 무조정,2014-08-14,0.9795376790143456,0.9796773849598636,-0.01426040323709854
010140,삼성중공업,Yahoo 무조정,2014-08-18,0.9795381481903944,0.9796818587948222,-0.01466910948055844
010140,삼성중공업,Yahoo 무조정,2014-08-19,0.9794606707002019,0.9796691146211437,-0.02127697176841359
010140,삼성중공업,Yahoo 무조정,2014-08-20,0.9794961361050833,0.9796352424529136,-0.01419981048067509
010140,삼성중공업,Yahoo 무조정,2014-08-21,0.9795106955793383,0.9796504896809414,-0.014269793469767755
010140,삼성중공업,Yahoo 무조정,2014-08-22,0.9794959219167128,0.9796352424529136,-0.014221674574710352
010140,삼성중공업,Yahoo 무조정,2014-08-25,0.9795180752156323,0.9796758771765606,-0.016107568289125407
010140,삼성중공업,Yahoo 무조정,2014-08-27,0.9795104297498902,0.9796691146211437,-0.016197802797413008
010140,삼성중공업,Yahoo 무조정,2014-08-28,0.979517713047691,0.9796917845695626,-0.017767988321770734
010140,삼성중공업,Yahoo 무조정,2014-08-29,0.9794816085608394,0.979659576253474,-0.018166279077791447
010140,삼성중공업,Yahoo 무조정,2014-09-03,0.9794893177742333,0.9796766108256776,-0.019117844539173756
010140,삼성중공업,Yahoo 무조정,2014-09-04,0.9794889330799279,0.979661549898476,-0.017620046287003532
010140,삼성중공업,Yahoo 무조정,2014-09-05,0.9795615983530855,0.9796766108256776,-0.011739840608737673
010140,삼성중공업,Yahoo 무조정,2014-09-11,0.9794887817132489,0.9796335761252625,-0.014780466446062679
010140,삼성중공업,Yahoo 무조정,2014-09-15,0.9795178428274799,0.9796581074733399,-0.014317713985112501
010140,삼성중공업,Yahoo 무조정,2014-09-16,0.97950324530017,0.9796658533007987,-0.01659831258595812
010140,삼성중공업,Yahoo 무조정,2014-09-17,0.9794372015012432,0.979667992101856,-0.023558042364690834
010140,삼성중공업,Yahoo 무조정,2014-09-19,0.9795258229729095,0.979683692182586,-0.016114304130632195
010140,삼성중공업,Yahoo 무조정,2014-09-22,0.9795258229729095,0.9796486065964248,-0.012533435222450429
010140,삼성중공업,Yahoo 무조정,2014-09-24,0.9795032576445712,0.9796544902374635,-0.01543733983759843
010140,삼성중공업,Yahoo 무조정,2014-09-26,0.9795338152353505,0.9796544902374635,-0.012318118613807716
010140,삼성중공업,Yahoo 무조정,2014-09-29,0.97955635605251,0.9796806654427069,-0.012688766307411559
010140,삼성중공업,Yahoo 무조정,2014-09-30,0.9794954574118477,0.9796566250367245,-0.01645144030650858
010140,삼성중공업,Yahoo 무조정,2014-10-01,0.9794647221649326,0.9796825853883906,-0.022238143936348376
010140,삼성중공업,Yahoo 무조정,2014-10-06,0.9795032857000299,0.9796655733797414,-0.016565620362840594
010140,삼성중공업,Yahoo 무조정,2014-10-07,0.9795356556041491,0.9796509016674627,-0.011763992981317362
010140,삼성중공업,Yahoo 무조정,2014-10-20,0.9795519428544986,0.9796887083891526,-0.013960101150778392
010140,삼성중공업,Yahoo 무조정,2014-10-22,0.9795505810812151,0.9796884243738907,-0.014070115482245349
010140,삼성중공업,Yahoo 무조정,2014-10-23,0.9795032710623991,0.979635915785336,-0.013540206192885762
010140,삼성중공업,Yahoo 무조정,2014-10-24,0.9794950478725177,0.9796730626611521,-0.01817083631459049
010140,삼성중공업,Yahoo 무조정,2014-10-28,0.9795666357196523,0.9796884243738907,-0.012431366055609683
010140,삼성중공업,Yahoo 무조정,2014-10-29,0.97945579366752,0.979683692182586,-0.023262458779760298
010140,삼성중공업,Yahoo 무조정,2014-11-03,0.9795032826670073,0.979667992101856,-0.01681278108263129
010140,삼성중공업,Yahoo 무조정,2014-11-04,0.9795107336088223,0.9796758771765606,-0.016856959693056783
010140,삼성중공업,Yahoo 무조정,2014-11-05,0.9794883670508095,0.9796758771765606,-0.01914001662380871
010140,삼성중공업,Yahoo 무조정,2014-11-06,0.9795032826670073,0.9796943256221876,-0.019500261477889413
010140,삼성중공업,Yahoo 무조정,2014-11-10,0.9795395324273274,0.9796636732343812,-0.012671778126049915
010140,삼성중공업,Yahoo 무조정,2014-11-13,0.9795178428274799,0.9796758771765606,-0.016131289211296362
010140,삼성중공업,Yahoo 무조정,2014-11-17,0.9795404841289755,0.979683692182586,-0.014617784776171927
010140,삼성중공업,Yahoo 무조정,2014-11-18,0.9795708349981254,0.9796887083891526,-0.012031718852922868
010140,삼성중공업,Yahoo 무조정,2014-11-20,0.9795527093223249,0.9796765970048724,-0.012645773403829885
010140,삼성중공업,Yahoo 무조정,2014-11-24,0.9794951275918773,0.9796384708539218,-0.014632261421865245
010140,삼성중공업,Yahoo 무조정,2014-11-25,0.9795191246707108,0.9796549134205891,-0.013860875704096998
010140,삼성중공업,Yahoo 무조정,2014-11-26,0.979527454859434,0.979691090527668,-0.016702782113275916
010140,삼성중공업,Yahoo 무조정,2014-11-27,0.9794463774787968,0.9796553864986546,-0.021334953366081155
010140,삼성중공업,Yahoo 무조정,2014-11-28,0.979580161635924,0.9797093820674763,-0.01318966970385027
010140,삼성중공업,Yahoo 무조정,2014-12-03,0.9794667335466652,0.9796396104124034,-0.017646986085573246
010140,삼성중공업,Yahoo 무조정,2014-12-04,0.9794942119567721,0.9797000097061292,-0.021006200604090086
010140,삼성중공업,Yahoo 무조정,2014-12-05,0.9795032875100596,0.9797093820674763,-0.02103629516967409
010140,삼성중공업,Yahoo 무조정,2014-12-08,0.9795476562039525,0.9796841714005545,-0.013934612866806084
010140,삼성중공업,Yahoo 무조정,2014-12-09,0.9794758151327393,0.9796707768243904,-0.019900735661737556
010140,삼성중공업,Yahoo 무조정,2014-12-10,0.979475337781268,0.9796442122942572,-0.017238351522919082
010140,삼성중공업,Yahoo 무조정,2014-12-11,0.9794553423676153,0.9796935219434176,-0.024311641392693595
010140,삼성중공업,Yahoo 무조정,2014-12-12,0.9794655179948395,0.9796935219434176,-0.023272987262978884
010140,삼성중공업,Yahoo 무조정,2014-12-15,0.9794743976896099,0.9796707768243904,-0.02004542132175713
010140,삼성중공업,Yahoo 무조정,2014-12-16,0.9795033047206808,0.9796565865308303,-0.015646483906395225
010140,삼성중공업,Yahoo 무조정,2014-12-17,0.9794365386300204,0.9796935219434176,-0.026230990370068596
010140,삼성중공업,Yahoo 무조정,2014-12-18,0.9795033047206808,0.979658485060672,-0.01584024865375344
010140,삼성중공업,Yahoo 무조정,2014-12-24,0.9794758151327393,0.9796936771387388,-0.02223776789452847
010140,삼성중공업,Yahoo 무조정,2014-12-26,0.9794398047165728,0.9796707768243904,-0.02357650276824108
010140,삼성중공업,Yahoo 무조정,2014-12-29,0.9795033047206808,0.9796565865308303,-0.015646483906395225
042660,대우조선해양,Yahoo 무조정,2005-09-30,0.5111076722346123,0.5154969387600782,-0.8514631601932221
042660,대우조선해양,Yahoo 무조정,2005-10-05,0.5111068518873454,0.5167864870078016,-1.0990293405969909
042660,대우조선해양,Yahoo 무조정,2005-10-07,0.5111101558226422,0.5077664056570288,0.6585213453195404
042660,대우조선해양,Yahoo 무조정,2005-10-12,0.5111081987790301,0.5045696556526091,1.29586530881729
042660,대우조선해양,Yahoo 무조정,2005-10-13,0.5111094246485721,0.5065543713760724,0.8992229718846945
042660,대우조선해양,Yahoo 무조정,2005-10-14,0.5111061011021065,0.5075996550151733,0.6907896907117461
042660,대우조선해양,Yahoo 무조정,2005-10-18,0.5111054189513307,0.5122822824188055,-0.22972948857767905
042660,대우조선해양,Yahoo 무조정,2005-10-20,0.5111071063648162,0.5087090244793632,0.4714054145014135
042660,대우조선해양,Yahoo 무조정,2005-10-24,0.5111078690572084,0.5146961836606974,-0.6971714027424136
042660,대우조선해양,Yahoo 무조정,2005-10-25,0.5111056816903907,0.5073928890603038,0.731739192672376
042660,대우조선해양,Yahoo 무조정,2005-10-26,0.5111065118920494,0.5098644274500573,0.24361072769951697
042660,대우조선해양,Yahoo 무조정,2005-10-27,0.511107286746208,0.5098644274500573,0.2437627002861209
042660,대우조선해양,Yahoo 무조정,2005-10-28,0.5111090423273745,0.5098445131019574,0.24802252312641215
042660,대우조선해양,Yahoo 무조정,2005-11-03,0.5111062457655691,0.5122726152165405,-0.2276853019907099
042660,대우조선해양,Yahoo 무조정,2005-11-07,0.5111074741976322,0.5098819989049223,0.24034488280464394
042660,대우조선해양,Yahoo 무조정,2005-11-08,0.5111049560289759,0.5086515547421553,0.4823343729017493
042660,대우조선해양,Yahoo 무조정,2005-11-09,0.5111099881980675,0.5098570452609567,0.24574396858036973
042660,대우조선해양,Yahoo 무조정,2005-11-11,0.5111076595186723,0.5122726152165405,-0.22740932528196867
042660,대우조선해양,Yahoo 무조정,2005-11-18,0.5111080597446277,0.5099014222703606,0.23664132351199907
042660,대우조선해양,Yahoo 무조정,2005-11-21,0.5111063542507122,0.5086408481701621,0.4847243569642057
042660,대우조선해양,Yahoo 무조정,2005-11-22,0.511109379550335,0.5098796071304138,0.24118878314085546
042660,대우조선해양,Yahoo 무조정,2005-11-24,0.5111086047101305,0.5099312816814778,0.23087876169716193
042660,대우조선해양,Yahoo 무조정,2005-11-29,0.511105423875688,0.5078439463884155,0.6422204124843622
042660,대우조선해양,Yahoo 무조정,2005-12-01,0.5111057034289177,0.5143557423769387,-0.6318659791765824
042660,대우조선해양,Yahoo 무조정,2005-12-08,0.5111090229933906,0.5132040260363298,-0.40822030550299315
042660,대우조선해양,Yahoo 무조정,2005-12-14,0.5111068867281259,0.5100858315287835,0.20017321325749293
042660,대우조선해양,Yahoo 무조정,2005-12-15,0.5111088344363286,0.5090080232436917,0.41272653803163806
042660,대우조선해양,Yahoo 무조정,2005-12-21,0.5111091167245422,0.5131300877366768,-0.39385159054865504
042660,대우조선해양,Yahoo 무조정,2005-12-28,0.5111081512277109,0.5101460612171752,0.18859108864630603
042660,대우조선해양,Yahoo 무조정,2005-12-29,0.5111086220475566,0.5028936306224473,1.6335445360366352
042660,대우조선해양,Yahoo 무조정,2006-01-02,0.5111098435802212,0.5093181774531409,0.3517773773635158
042660,대우조선해양,Yahoo 무조정,2006-01-03,0.5111096655106381,0.5066415155635023,0.8819154786725569
042660,대우조선해양,Yahoo 무조정,2006-01-10,0.5111089333542962,0.512136402683688,-0.20062415481650886
042660,대우조선해양,Yahoo 무조정,2006-01-11,0.5111068867281259,0.5100699726416436,0.20328859609439753
042660,대우조선해양,Yahoo 무조정,2006-01-12,0.5111083258637139,0.5100732398770288,0.2029288944729979
042660,대우조선해양,Yahoo 무조정,2006-01-13,0.5111078566314852,0.508099304770721,0.592118869779168
042660,대우조선해양,Yahoo 무조정,2006-01-16,0.5111070926274855,0.5091700282238005,0.38043566909118365
042660,대우조선해양,Yahoo 무조정,2006-01-18,0.5111072380200502,0.5069707916112489,0.8159141467805053
042660,대우조선해양,Yahoo 무조정,2006-01-20,0.5111091167245422,0.5132381305382356,-0.41481988321108165
042660,대우조선해양,Yahoo 무조정,2006-01-23,0.5111097136532298,0.5089681728649612,0.4207612386082804
042660,대우조선해양,Yahoo 무조정,2006-01-24,0.5111061829028932,0.5193508983685468,-1.5875038421138576
042660,대우조선해양,Yahoo 무조정,2006-01-25,0.5111093075792903,0.5100281357631913,0.2119827790443729
042660,대우조선해양,Yahoo 무조정,2006-01-26,0.5111086886188648,0.5077062487273716,0.6701591520730465
042660,대우조선해양,Yahoo 무조정,2006-01-27,0.5111099299317452,0.5100263373661735,0.21245815876242968
042660,대우조선해양,Yahoo 무조정,2006-01-31,0.5111061829028932,0.510033447089798,0.2103265617610317
042660,대우조선해양,Yahoo 무조정,2006-02-08,0.5111088817742083,0.5088750902150693,0.4389665759027439
042660,대우조선해양,Yahoo 무조정,2006-02-09,0.5111078426525474,0.5068474638839541,0.8405642865303431
042660,대우조선해양,Yahoo 무조정,2006-02-16,0.5111064232354317,0.5131525958858874,-0.39874545444387177
042660,대우조선해양,Yahoo 무조정,2006-02-17,0.5111091167245422,0.5202905485316798,-1.7646739563208835
042660,대우조선해양,Yahoo 무조정,2006-02-20,0.5111062916466396,0.5081769730246585,0.5764367095474343
042660,대우조선해양,Yahoo 무조정,2006-02-23,0.5111093184848631,0.5129660083687096,-0.3619518357076079
042660,대우조선해양,Yahoo 무조정,2006-02-27,0.5111065635455331,0.5167026089384812,-1.0830302181838558
042660,대우조선해양,Yahoo 무조정,2006-03-03,0.5111069527842571,0.5061052500626072,0.9882732338838851
042660,대우조선해양,Yahoo 무조정,2006-03-14,0.5111091441483144,0.5101636897551854,0.1853237327773538
042660,대우조선해양,Yahoo 무조정,2006-03-21,0.5111094994250708,0.5101305859917645,0.19189467563547336
042660,대우조선해양,Yahoo 무조정,2006-03-23,0.5111089333542962,0.5100966675298119,0.19844588073596459
042660,대우조선해양,Yahoo 무조정,2006-03-27,0.5111091167245422,0.5121010027593458,-0.1936895318421672
042660,대우조선해양,Yahoo 무조정,2006-03-30,0.5111058393837044,0.5090728175468234,0.39935776706323534
042660,대우조선해양,Yahoo 무조정,2006-03-31,0.5111072380200502,0.5071674655150245,0.7768188562775613
042660,대우조선해양,Yahoo 무조정,2006-04-04,0.5111087212890054,0.5102018425505408,0.17774901280855904
042660,대우조선해양,Yahoo 무조정,2006-04-05,0.5111080004892606,0.512016320675778,-0.1774006315498844
042660,대우조선해양,Yahoo 무조정,2006-04-13,0.5111077027579011,0.49724582433938636,2.7877314881288084
042660,대우조선해양,Yahoo 무조정,2006-04-18,0.5111089318062219,0.5102292504184112,0.17240904693121006
042660,대우조선해양,Yahoo 무조정,2006-05-08,0.5111089694508012,0.5159001286006352,-0.9286989640475252
042660,대우조선해양,Yahoo 무조정,2006-05-10,0.5111078498538183,0.5088499038388928,0.4437351757150765
042660,대우조선해양,Yahoo 무조정,2006-05-12,0.5111094845081046,0.5080356532639624,0.6050424265292786
042660,대우조선해양,Yahoo 무조정,2006-05-22,0.5229933706268804,0.4795578480618279,9.057410433506785
042660,대우조선해양,Yahoo 무조정,2006-05-24,0.5111088874568556,0.5064275186993498,0.9243906748055197
042660,대우조선해양,Yahoo 무조정,2006-05-25,0.5111071115311995,0.5141014051684084,-0.582432494271834
042660,대우조선해양,Yahoo 무조정,2006-05-26,0.511109975483405,0.5063571806611035,0.93862494772885
042660,대우조선해양,Yahoo 무조정,2006-06-01,0.5111070926274855,0.5130821575920148,-0.38494126823637176
042660,대우조선해양,Yahoo 무조정,2006-06-08,0.5111093184848631,0.5072071832831967,0.7693375272028957
042660,대우조선해양,Yahoo 무조정,2006-06-15,0.5111093075792903,0.5090656375631971,0.4014551101653385
042660,대우조선해양,Yahoo 무조정,2006-06-19,0.5111080273426637,0.5081769730246585,0.5767782630054397
042660,대우조선해양,Yahoo 무조정,2006-06-20,0.511108479461984,0.5081769730246585,0.576867231877376
042660,대우조선해양,Yahoo 무조정,2006-06-21,0.5111060434791882,0.5120795650648405,-0.19011139128918275
042660,대우조선해양,Yahoo 무조정,2006-06-28,0.5111093184848631,0.5064356529037889,0.9228547702509582
042660,대우조선해양,Yahoo 무조정,2006-07-21,0.511110154734192,0.5145111658362372,-0.6610179385548642
042660,대우조선해양,Yahoo 무조정,2006-07-24,0.5111094258776889,0.5152842101898808,-0.8101906151274263
042660,대우조선해양,Yahoo 무조정,2006-07-31,0.5111073659655112,0.5119572379815881,-0.16600449276340523
042660,대우조선해양,Yahoo 무조정,2006-08-02,0.5111093589651158,0.5094071391042323,0.3341570485008827
042660,대우조선해양,Yahoo 무조정,2006-08-09,0.5111073659655112,0.5086281610292167,0.48742974263906724
042660,대우조선해양,Yahoo 무조정,2006-08-16,0.511108537354818,0.5127950508683432,-0.3288864646157075
042660,대우조선해양,Yahoo 무조정,2006-08-29,0.5111092551559354,0.5093514672656944,0.3451031366763724
042660,대우조선해양,Yahoo 무조정,2006-08-30,0.5111097561695189,0.5119849317685612,-0.17093776491021728
042660,대우조선해양,Yahoo 무조정,2006-08-31,0.5111097561695189,0.509394869769032,0.33665168266505674
042660,대우조선해양,Yahoo 무조정,2006-09-04,0.5111082487853152,0.510254093327654,0.1673980608545067
042660,대우조선해양,Yahoo 무조정,2006-09-11,0.5111075887069058,0.5119698665188239,-0.1684235476164475
042660,대우조선해양,Yahoo 무조정,2006-09-20,0.5111097561695189,0.5051340645846998,1.182991210409079
042660,대우조선해양,Yahoo 무조정,2006-09-25,0.5111082572243976,0.506760492721318,0.8579525368546337
042660,대우조선해양,Yahoo 무조정,2006-10-02,0.5111077084436522,0.5119265083890803,-0.1599448225497624
042660,대우조선해양,Yahoo 무조정,2006-10-11,0.5111073659655112,0.5094897819853443,0.31749095612154665
042660,대우조선해양,Yahoo 무조정,2006-10-16,0.5111092152685994,0.514316214807797,-0.6235462633423006
042660,대우조선해양,Yahoo 무조정,2006-11-02,0.5111074905740943,0.5202964976735212,-1.7661097356055588
042660,대우조선해양,Yahoo 무조정,2007-01-04,0.5111097561695189,0.5102237010842969,0.17366011875554754
042660,대우조선해양,Yahoo 무조정,2007-01-10,0.511107428610735,0.512030782383419,-0.1803316918537523
042660,대우조선해양,Yahoo 무조정,2007-01-12,0.5111096021509738,0.5101662831970099,0.18490421359336207
042660,대우조선해양,Yahoo 무조정,2007-01-24,0.5111096021509738,0.5083355662552304,0.545709582388465
042660,대우조선해양,Yahoo 무조정,2007-01-25,0.511107428610735,0.5148453959687056,-0.7260368621802349
042660,대우조선해양,Yahoo 무조정,2007-02-07,0.5111067920851288,0.510283382383013,0.16136322101465428
042660,대우조선해양,Yahoo 무조정,2007-02-09,0.5111078388804531,0.5160717361049697,-0.9618618647828758
042660,대우조선해양,Yahoo 무조정,2007-02-28,0.5111068512896584,0.510340328969964,0.15019826499731437
042660,대우조선해양,Yahoo 무조정,2007-03-07,0.5111083763023905,0.5087910353415339,0.45546025772662535
042660,대우조선해양,Yahoo 무조정,2007-03-08,0.511110011080691,0.5182066901042305,-1.369468816026298
042660,대우조선해양,Yahoo 무조정,2007-03-09,0.511110011080691,0.5134684161509031,-0.45930869280945696
042660,대우조선해양,Yahoo 무조정,2007-03-12,0.5111069052913679,0.5103595342615704,0.14644010342215186
042660,대우조선해양,Yahoo 무조정,2007-03-15,0.5111087946264574,0.5118526953792346,-0.14533492926632752
042660,대우조선해양,Yahoo 무조정,2007-03-20,0.5111085344021218,0.5103799707149804,0.14274927092470246
042660,대우조선해양,Yahoo 무조정,2007-04-05,0.5111079909705456,0.5089086457558446,0.43216896255211523
042660,대우조선해양,Yahoo 무조정,2007-04-13,0.5111072953659558,0.508977686102048,0.4184091605699214
042660,대우조선해양,Yahoo 무조정,2008-09-05,0.5111102658317516,0.5135569742604393,-0.47642395124927184
042660,대우조선해양,Yahoo 무조정,2008-09-12,0.5111070151444311,0.5134723805975913,-0.46066069812893407
042660,대우조선해양,Yahoo 무조정,2008-10-10,0.5111091167245422,0.5082608778390852,0.5603891642351977
042660,대우조선해양,Yahoo 무조정,2008-10-17,0.5111049925484648,0.5144892749647578,-0.6577945510185645
042660,대우조선해양,Yahoo 무조정,2008-11-14,0.5111050405021685,0.5368318435019112,-4.792339223381226
042660,대우조선해양,Yahoo 무조정,2008-11-28,0.5111043142404759,0.5077638988865945,0.6578678321176756
042660,대우조선해양,Yahoo 무조정,2008-12-12,0.5111082887561845,0.5156708217812416,-0.8847762627516964
042660,대우조선해양,Yahoo 무조정,2009-01-16,0.5111048520187538,0.5068932742198083,0.8308608563464936
042660,대우조선해양,Yahoo 무조정,2009-01-30,0.5111062748580778,0.5098796071304138,0.24057987621188825
042660,대우조선해양,Yahoo 무조정,2009-02-13,0.511109882676383,0.5101087342534676,0.19626176846012644
042660,대우조선해양,Yahoo 무조정,2009-03-06,0.5111063102539617,0.5125090162127316,-0.2736939086721679
042660,대우조선해양,Yahoo 무조정,2009-03-13,0.5111098688484783,0.5084550047976228,0.5221433609277071
042660,대우조선해양,Yahoo 무조정,2009-03-23,0.5111067703683639,0.514639759061698,-0.6864974248735667
