Date,theme,theme_raw,theme_rank,regime,sector_ex
2015-01-02,,,,,
2015-01-05,,,,,-0.015047006888582043
2015-01-06,,,,,-0.02279555773795852
2015-01-07,,,,,0.0075142583065908874
2015-01-08,,,,,-0.013962088844702097
2015-01-09,,,,,0.01382371054880488
2015-01-12,,,,,-0.01134442965237481
2015-01-13,,,,,-0.021750983375629862
2015-01-14,,,,,-0.0002738603438395548
2015-01-15,,,,,-0.0020847970625597068
2015-01-16,,,,,-0.021227493501357664
2015-01-19,,,,,0.06845843570457111
2015-01-20,,,,,-0.02542404586187627
2015-01-21,,,,,-0.026627413989887022
2015-01-22,,,,,0.03723326219995615
2015-01-23,,,,,-0.024013312510423324
2015-01-26,,,,,0.008499657032111196
2015-01-27,,,,,0.026144095840986148
2015-01-28,,,,,0.04112525123146277
2015-01-29,,,,,-0.0042740488466676
2015-01-30,,,,,-0.009090877905570699
2015-02-02,,,,,0.021207023786208534
2015-02-03,,,,,-0.001530088882417624
2015-02-04,,,,,-0.011729912230295403
2015-02-05,,,,,-0.004152571890139067
2015-02-06,,,,,0.009718585244989253
2015-02-09,,,,,0.01693549326648397
2015-02-10,,,,,-0.021696148008445604
2015-02-11,,,,,0.0018264051659835356
2015-02-12,,,,,0.0015796295495988932
2015-02-13,,,,,-0.01462208181021804
2015-02-16,,,,,-0.008055816383369385
2015-02-17,,,,,-0.0008528311574379499
2015-02-23,,,,,0.003192736621235842
2015-02-24,,,,,-0.01806872626049949
2015-02-25,,,,,0.0320714958893456
2015-02-26,,,,,0.054962646909717694
2015-02-27,,,,,0.008079932578663934
2015-03-02,,,,,0.07236416485229524
2015-03-03,,,,,-0.014274667551603892
2015-03-04,,,,,0.00570424573700673
2015-03-05,,,,,-0.011611743686348708
2015-03-06,,,,,0.02293869957610256
2015-03-09,,,,,-0.010841898430856367
2015-03-10,,,,,-0.025588233366542396
2015-03-11,,,,,-0.0049211724707199644
2015-03-12,,,,,-0.020217291472665905
2015-03-13,,,,,0.0032589046881394412
2015-03-16,,,,,-0.04769044214647958
2015-03-17,,,,,0.01120993335167847
2015-03-18,,,,,-0.01745914811593849
2015-03-19,,,,,0.03567274889720762
2015-03-20,,,,,0.002246711810299007
2015-03-23,,,,,0.006166897350401518
2015-03-24,,,,,-0.01785478744668756
2015-03-25,,,,,-0.022230039146901137
2015-03-26,,,,,0.018049580725802677
2015-03-27,,,,,-0.0068273958074341334
2015-03-30,,,,,-0.0001814013437241302
2015-03-31,0.5825747678974834,0.636388827568161,,,0.001420035203250486
2015-04-01,0.570946730255214,0.6275794093068644,,,-0.000648657567559302
2015-04-02,0.5770510827870903,0.6319327244849515,,,-0.0062001266783645315
2015-04-03,0.5781657364296368,0.6272217833165862,,,0.019199308035877938
2015-04-06,0.5770776526275178,0.6252362798841173,,,0.025863142654538096
2015-04-07,0.5840088755615431,0.6322070528539677,,,0.03357616154526255
2015-04-08,0.5719439295715713,0.6203043679813194,,,0.02030149881629606
2015-04-09,0.5600033456108997,0.608766112339575,,,0.002708512600478441
2015-04-10,0.5545484148468197,0.6003156730566078,,,-0.014158781834090223
2015-04-13,0.5691788098581386,0.6138108932156101,,,0.041998919317743244
2015-04-14,0.5775769231542935,0.6208528373000655,,,-0.007235564432315933
2015-04-15,0.5704272094329129,0.6077211749944587,,,0.0029907908968606622
2015-04-16,0.545066836573089,0.5819040553077577,,,-0.0036857083492312648
2015-04-17,0.5619397241094167,0.6005203577960544,,,-0.032371028600859664
2015-04-20,0.5518833772871069,0.5918539381975321,,,-0.007207513675970417
2015-04-21,0.5486925299761122,0.591430120371904,,,0.005414393988176419
2015-04-22,0.5432858262799614,0.590544838677921,,,-0.0127881849843067
2015-04-23,0.5527146533627446,0.5980483880992455,,,-0.008303203665320336
2015-04-24,0.5488035855069914,0.5933508971669427,,,-0.0005290826653984448
2015-04-27,0.5370616066734731,0.5813289222382232,,,0.012607735966817135
2015-04-28,0.5470806576835293,0.585543917042555,,,0.029585931114578523
2015-04-29,0.6073079707066368,0.6415267917873705,,,-0.06500228725694618
2015-04-30,0.6011840756202261,0.6377566050598384,,,-0.008055658467748555
2015-05-04,0.5977867709181045,0.6339706593360463,,,-0.0033632689102718882
2015-05-06,0.5880734062464686,0.626983377771987,,,0.008890405828797326
2015-05-07,0.5786347433846742,0.6148961624173851,,,0.012559687710421402
2015-05-08,0.5787855474199368,0.615680805213202,,,-0.008836506030229424
2015-05-11,0.5847917371320276,0.6225866241926827,,,0.005128534668152718
2015-05-12,0.5903512256496694,0.625813509972058,,,-0.032205680077360854
2015-05-13,0.5949871154444395,0.6306477955271614,,,0.00735444545315278
2015-05-14,0.5944750853242924,0.629004888621042,,,-0.015096258748956731
2015-05-15,0.6016824241972819,0.640410747829025,,,-0.013433610326722578
2015-05-18,0.6084268879424163,0.6449638221199593,,,-0.03058111234162081
2015-05-19,0.6046415995412774,0.6416450468231596,,,0.031553286350794796
2015-05-20,0.6140984060294534,0.6465054341831542,,,-0.02779706118094341
2015-05-21,0.6115643953994259,0.6464282478893093,,,-0.005713190271409874
2015-05-22,0.621632190606171,0.6584556025967271,,,0.04551477081868771
2015-05-26,0.6021405826710934,0.6438814006002281,,,-0.025591731807606016
2015-05-27,0.61268428873858,0.6597452937823879,,,-0.007342223726595015
2015-05-28,0.57684031586702,0.6273155250105383,,,-0.025836828243863075
2015-05-29,0.5787392442237017,0.6293441529667964,,,0.00034161920113207067
2015-06-01,0.5790828940391141,0.6303608013512947,,,0.003615234220107316
2015-06-02,0.5801229549259425,0.6369999213894783,,,-0.021080158185294157
2015-06-03,0.570703861203084,0.6232199465133962,,,0.025697789094526607
2015-06-04,0.5792711874638448,0.6288667069610215,,,-0.019207529096679665
2015-06-05,0.5817065606148254,0.6292113688066926,,,-0.005737182432053289
2015-06-08,0.5745999092150322,0.6223239482582748,,,0.004858275806371326
2015-06-09,0.561706566940054,0.6079806838468091,,,0.004119944704156414
2015-06-10,0.5628018774948109,0.6087295117683472,,,-0.006240362240256647
2015-06-11,0.5411942130314947,0.5912698846510872,,,-0.01462498532186976
2015-06-12,0.5439882644100655,0.583134317161356,,,-0.02374269104332244
2015-06-15,0.5399278132618969,0.5792461849078446,,,0.00030741488559987706
2015-06-16,0.5329665244098364,0.5722532875501303,,,-0.02626639760974256
2015-06-17,0.5346435772842196,0.5747224606408793,,,0.010399891982862008
2015-06-18,0.5374818072602151,0.5759948981569292,,,-0.021867098241589777
2015-06-19,0.5362926339455355,0.5758152756358655,,,-0.0015217638232622177
2015-06-22,0.5315433137874661,0.572996786970587,,,0.007677464241780008
2015-06-23,0.5351124139891512,0.5870759799073905,,,0.028152045911884138
2015-06-24,0.536139246897852,0.5876540900486512,,,-0.004063498731575549
2015-06-25,0.5464290518175826,0.5960551707800524,,,-0.006694144529561352
2015-06-26,0.5466436948017283,0.5945783676267457,,,-0.017554043038486178
2015-06-29,0.5633536345883289,0.616765619980594,,,-0.03085605803142641
2015-06-30,0.5612256497506548,0.6149186331976568,,,0.0027434287914784583
2015-07-01,0.5574568076717217,0.6123907378946224,,,0.06286228111528513
2015-07-02,0.5533861738354536,0.610512299614269,,,-0.006939837507681512
2015-07-03,0.5278703429335637,0.588618362639568,,,0.008047842009267892
2015-07-06,0.5382738021808239,0.6045093343256909,,,-0.013189666837485736
2015-07-07,0.5682901928494873,0.6240725139848281,,,0.040867139019905685
2015-07-08,0.5690541592239554,0.6276237274424917,,,-0.008278177682741777
2015-07-09,0.544524371520258,0.605709805550564,,,0.004985556530986868
2015-07-10,0.5445606667881756,0.605576382625291,,,-0.009306710473125174
2015-07-13,0.5385073342868021,0.6020932545162041,,,-0.006155568831467395
2015-07-14,0.5366313796773939,0.5991887094751384,,,-0.028152601984762105
2015-07-15,0.4966190191921804,0.5361264174158429,,,-0.11729448788750513
2015-07-16,0.48853858004022704,0.527844468603952,,,-0.011046986718918711
2015-07-17,0.47283460517895787,0.5145814399520089,,,-0.05192399286174651
2015-07-20,0.48511996982459316,0.525289857191686,,,-0.048316323358003066
2015-07-21,0.48591689771217367,0.5267376515099944,,,0.04785881995012564
2015-07-22,0.4868177974956871,0.5283783483661301,,,-0.010712453668774963
2015-07-23,0.49132808319588356,0.5323145256472276,,,-0.027127295739898277
2015-07-24,0.4894735416850875,0.5349130599653749,,,-0.028151439392408134
2015-07-27,0.4550352104770672,0.5047448817998564,,,0.01035822497321956
2015-07-28,0.4536274878618789,0.5024273178520559,,,-0.0013229454841326704
2015-07-29,0.4591909423807354,0.507580795512928,,,0.0023437358440620004
2015-07-30,0.4638341831691766,0.5149984702811968,,,-0.021839058165734615
2015-07-31,0.4719728631958952,0.5254877295620974,,,-0.013394686048847665
2015-08-03,0.4681778111326634,0.5223826233098692,,,-0.00780175485396295
2015-08-04,0.46293589116968037,0.5181437864225755,,,0.001369556506136932
2015-08-05,0.4683954278171171,0.5243784747231717,,,-0.0029686226104484736
2015-08-06,0.4666744267674477,0.5223973040119828,,,-0.014821276075896062
2015-08-07,0.47229670239439625,0.5275662983635174,,,-0.0020854686493559094
2015-08-10,0.4847751314120455,0.5379526535756151,,,-0.04422255154993032
2015-08-11,0.4691479803508872,0.5249121795744437,,,0.005858479200469807
2015-08-12,0.47690624298426393,0.5303263350931293,,,0.023307601289180746
2015-08-13,0.4777166039466312,0.5337773256086492,,,-0.0006047939009390102
2015-08-17,0.4788985805117296,0.5343751737429508,,,0.0010687987325007642
2015-08-18,0.45424942855743694,0.5061054949381236,,,-0.0066864454430463904
2015-08-19,0.454321183302604,0.5094805663673426,,,-0.03145218873082023
2015-08-20,0.4497158988831769,0.5044041300957144,,,-0.018549122507434707
2015-08-21,0.4482575458198566,0.5101723246845987,,,-0.02298611273979928
2015-08-24,0.44646371395544016,0.5049792333587976,,,0.009472029087810613
2015-08-25,0.4583767754776453,0.5216885466948823,,,0.03344100501385611
2015-08-26,0.46097830755427543,0.5322051027652105,,,0.012128400706874376
2015-08-27,0.44933382930855065,0.5254190294159283,,,-0.014313136321845832
2015-08-28,0.45482361784772496,0.5380427594319573,,,0.014324960583824708
2015-08-31,0.45434828329110916,0.5378840115046212,,,0.0265061225054756
2015-09-01,0.46248093539719554,0.5443273679030941,,,0.009065192647784936
2015-09-02,0.4645794784600517,0.5469168175890179,,,0.016159275508769944
2015-09-03,0.4629460375822491,0.5446741945746373,,,-0.02197429419884639
2015-09-04,0.4675572675133603,0.545738739446446,,,0.01739040530598482
2015-09-07,0.46823037649825544,0.5463846137970559,,,0.004737046230985753
2015-09-08,0.4661885316798848,0.5446402892246693,,,0.003928110425054254
2015-09-09,0.4639955460317739,0.5539078366598508,,,0.01443624268663235
2015-09-10,0.48214732048841685,0.5750410372032181,,,0.05226377118629655
2015-09-11,0.47160243027587184,0.5667238672499834,,,0.008565764114995517
2015-09-14,0.47004003249512727,0.5650567151123597,,,-0.013074249108692593
2015-09-15,0.47000551703276533,0.5647367809419911,,,-0.0022321830440092116
2015-09-16,0.464619052449937,0.5636500777998095,,,0.038868352859911526
2015-09-17,0.4656816303953362,0.5642852698566562,,,-0.01086868496571114
2015-09-18,0.46460169515111277,0.5642768058859139,,,0.0016007114780362819
2015-09-21,0.4652558131133127,0.567726414474601,,,-0.007270787408840462
2015-09-22,0.4574435423497694,0.5587275493463074,,,0.005158634735347611
2015-09-23,0.46267982472965885,0.5661204607262565,,,-0.02220069868120661
2015-09-24,0.44638734289276827,0.549817680941924,,,-0.010275213511193204
2015-09-25,0.45188112816714693,0.5540081391217105,,,0.009068812829947426
2015-09-30,0.4660475719793902,0.5632099391206177,,,-0.02791696081881559
2015-10-01,0.4666719291336572,0.5596425349854609,,,0.0006115749109516511
2015-10-02,0.44911591314899035,0.5527283292335788,,,-0.02165180280932802
2015-10-05,0.44339379207645074,0.5470330861862002,,,0.004300688204739056
2015-10-06,0.43475791669145497,0.5401853241857731,,,0.004891045677357486
2015-10-07,0.4207935673344776,0.5288117359510983,,,0.018564846956997644
2015-10-08,0.4344292860869167,0.5396697081784764,,,0.028808702781193185
2015-10-12,0.4415466910012213,0.5445250716093462,,,0.03323105566463713
2015-10-13,0.39981238403582636,0.5542057492298031,,,0.011519680716254699
2015-10-14,0.39879100696929676,0.5567110885768888,,,-0.014629246357057757
2015-10-15,0.39040005633946234,0.5587545439693208,,,0.017610264723897207
2015-10-16,0.3518320320241621,0.5367483633528533,,,-0.010309073741496033
2015-10-19,0.37774037187451115,0.5643425789742816,,,0.024634609041087052
2015-10-20,0.3786443124027162,0.5611819889362865,,,-0.012538230586227966
2015-10-21,0.3658865782577634,0.5546058623338795,,,0.0105509809082657
2015-10-22,0.36344517384819214,0.552633585594488,,,-0.029157576570695592
2015-10-23,0.37605650396930407,0.5626229231433835,,,-0.010632905771128992
2015-10-26,0.383052811154704,0.5681798599381583,,,0.015703920504348795
2015-10-27,0.3842185797364923,0.5676720291283017,,,0.016139207976528125
2015-10-28,0.3866952126675974,0.5655136176428585,,,-0.023297086982063342
2015-10-29,0.38486338585926877,0.5665196984141797,,,-0.00015525878188291098
2015-10-30,0.38079379042343403,0.5598518766920065,,,-0.008826193515529435
2015-11-02,0.3866933502448345,0.5588585647973516,,,-0.026533199512613403
2015-11-03,0.40896995530420654,0.5730487082369882,,,0.04476739560665366
2015-11-04,0.40690313104429193,0.5681314018231857,,,-0.014006257199580735
2015-11-05,0.4097717932846672,0.5695982084363529,,,-0.019383949631656544
2015-11-06,0.38092611210775157,0.5531355802047112,,,-0.013686542353476633
2015-11-09,0.4133133606973789,0.579925665014917,,,-0.031757398174819984
2015-11-10,0.39518330829078613,0.567472384664377,,,0.01422283221479248
2015-11-11,0.3944095875422375,0.5663475511572903,,,-0.011366022283890359
2015-11-12,0.3912237420276394,0.5627716897480782,,,0.0036939352128941283
2015-11-13,0.3945930634981469,0.5675401093026923,,,-0.01277805847538932
2015-11-16,0.39049114803950524,0.5674785640270187,,,-0.01658690191049425
2015-11-17,0.39138486094730035,0.5664844227916491,,,0.012516633898161378
2015-11-18,0.39467910742190754,0.5570150419397737,,,-0.02758678132032308
2015-11-19,0.39933478258729455,0.5606908752746821,,,0.00457270967964607
2015-11-20,0.38541531836341786,0.5487757437042152,,,0.0029815481401112565
2015-11-23,0.3862293588276651,0.5377078340486846,,,-0.013261011874011103
2015-11-24,0.3910415177159147,0.5408120349703821,,,-0.01938165719431112
2015-11-25,0.38691417772342424,0.5290701731033741,,,0.017844554711055977
2015-11-26,0.3953232818851851,0.5409973704845378,,,0.02206426119069449
2015-11-27,0.3947424006384593,0.5415907640905165,,,0.000972849312017604
2015-11-30,0.39751148001154585,0.5537628583300175,,,-0.018723485639395854
2015-12-01,0.39304864380778487,0.5521760583463408,,,-0.005111743923421397
2015-12-02,0.3891071638107202,0.554181816339827,,,-0.005228588294528075
2015-12-03,0.38766925725356494,0.5527552666699589,,,0.005044518729631048
2015-12-04,0.38807279684390356,0.555406965000578,,,-0.005344839567548276
2015-12-07,0.3854288443064844,0.5396608584431258,,,-0.028051494841136476
2015-12-08,0.34595282706625974,0.5036756483738889,,,-0.016470190506903598
2015-12-09,0.34847077663563963,0.5080969328102312,,,-0.001512260992975939
2015-12-10,0.3312440781342985,0.4911696142717544,,,0.007070210909957547
2015-12-11,0.325304941199904,0.48464837764446883,,,-0.02088934590521188
2015-12-14,0.3166906292898393,0.46724386443754035,,,-0.01934600496825134
2015-12-15,0.3157821085949061,0.46733486062405305,,,0.00024388119046825363
2015-12-16,0.3300921399546157,0.4886203395091091,,,0.02818525006381023
2015-12-17,0.33387568270464646,0.48505149218619553,,,-0.018678345307691496
2015-12-18,0.33699228128728337,0.4852091467558606,,,0.004413412472244194
2015-12-21,0.33006720619268287,0.46720189740195806,,,-0.01343952455163619
2015-12-22,0.3260723903929823,0.46452185634101933,,,-0.0008052349011168358
2015-12-23,0.3239151530727125,0.4643389956934619,,,0.0020668472224448786
2015-12-24,0.324392394921976,0.4704385711447768,,,0.012394358556244905
2015-12-28,0.32378289872178473,0.4721014377774157,,,-0.007098275773244844
2015-12-29,0.3175949957351685,0.4655449128345899,,,-0.0008739656941186835
2015-12-30,0.3200339641846134,0.46792752202615673,,,-0.010593916654428354
2016-01-04,0.32729516731327246,0.47555591164067074,,,0.0053605064920896894
2016-01-05,0.3328092143491626,0.4779122630588646,,,-0.0042591789261358926
2016-01-06,0.3032435756250794,0.44242948407089155,,,0.02811189571404249
2016-01-07,0.2561496843612947,0.3896656153169739,,,-0.06390159563525044
2016-01-08,0.25456688690431856,0.3916926205619782,,,0.024681874676753923
2016-01-11,0.2671445913687227,0.4058637800873523,,,-0.006211856156080997
2016-01-12,0.2601008544854145,0.3941296582273106,,,-0.008028205590362159
2016-01-13,0.27530098714868007,0.41642336204278313,,,0.02669064539180338
2016-01-14,0.2624162731317901,0.4078860499642855,,,-0.003412645821368243
2016-01-15,0.26111850498034084,0.409145608272719,,,-0.004010366682874161
2016-01-18,0.2662528751995851,0.4121682325156493,,,0.018670846639359806
2016-01-19,0.26900862529758734,0.4094268868000521,,,-0.023249438513716414
2016-01-20,0.2673342488745439,0.41657701414614046,,,-0.012052010626789844
2016-01-21,0.2677242601487218,0.41501202836765755,,,0.004359036004660505
2016-01-22,0.26339512263835546,0.4252784923753969,,,0.024586053611443892
2016-01-25,0.23536636128536093,0.3969064466731482,,,-0.015764140459396836
2016-01-26,0.235132562814843,0.3993721053304103,,,-0.010684211088242523
2016-01-27,0.23342637787973478,0.40305943880915884,,,0.009841088213873056
2016-01-28,0.2490864148980434,0.42178514892059793,,,0.02727217953038863
2016-01-29,0.20544491927692896,0.38673701107214375,,,0.00271515803961922
2016-02-01,0.20559478468830542,0.3864726442013218,,,-0.013475652230227203
2016-02-02,0.192322173885666,0.37288540385712216,,,0.005576315795524117
2016-02-03,0.20110775749721924,0.38123552590376986,,,-0.027489253992753482
2016-02-04,0.21009944548769835,0.39619383947053377,,,0.03339189333881609
2016-02-05,0.20342634945239327,0.39328089724538096,,,0.0023978165123397233
2016-02-11,0.20371456927590967,0.40322234247103,,,-0.0034533334492724
2016-02-12,0.20665764765365222,0.4039222919705532,,,0.01035623426849444
2016-02-15,0.23008393531589635,0.426169080564243,,,0.040365540562334545
2016-02-16,0.22614617635397896,0.4199588771792931,,,0.003289183935102802
2016-02-17,0.2334097432860415,0.42161166985879445,,,-0.02244519487781968
2016-02-18,0.21899640583666724,0.41252712690226706,,,-0.005012388039016352
2016-02-19,0.2184360356514223,0.4097957320163701,,,0.00442940870851255
2016-02-22,0.21936409969591694,0.40834937785472847,,,-0.017156239997094896
2016-02-23,0.21958219810884902,0.41040325905902325,,,0.007204051310095855
2016-02-24,0.21455101936961662,0.41008726923278954,,,-0.0030665197118790455
2016-02-25,0.21462215660077288,0.411496490289521,,,-0.012499457911093304
2016-02-26,0.20746482669166322,0.4027680966007161,,,-0.0031765149627661637
2016-02-29,0.2153900938183387,0.40664966609735304,,,-0.023804542322662464
2016-03-02,0.21249841885709064,0.4016503090449697,,,0.006692885185162811
2016-03-03,0.2631770432708906,0.43346122420725686,,,0.0576861419981079
2016-03-04,0.3297409069732368,0.469179903037642,,,0.07604263018943741
2016-03-07,0.34001584728708373,0.4689514553016807,,,0.05704558256323439
2016-03-08,0.33380276597830544,0.4613314980136434,,,-0.01876777847572983
2016-03-09,0.32002474243900364,0.4500693127690219,,,0.0022309335284597387
2016-03-10,0.3132892109363218,0.4434611733456975,,,0.006969989733511844
2016-03-11,0.3114937527856151,0.4419321926120194,,,0.0021610799064753217
2016-03-14,0.32448779286878826,0.45292224952214283,,,-0.02032174310933496
2016-03-15,0.3243892572709482,0.4535011648428562,,,-0.0008384659886210843
2016-03-16,0.3337869694095468,0.4545910991426563,,,-0.032461716080584374
2016-03-17,0.33154562563003326,0.4530738665868225,,,0.0065269259577121486
2016-03-18,0.33372741492821584,0.4482376735527511,,,-0.00016835481225260795
2016-03-21,0.334895399398228,0.4505726782067782,,,-0.016124425480761012
2016-03-22,0.33028398113589724,0.44574915655340513,,,0.030697435515353644
2016-03-23,0.3426121412295848,0.45466087581959336,,,-0.039461628718851866
2016-03-24,0.34165426035422924,0.4545057857680869,,,-0.0148175948917873
2016-03-25,0.3429062618006506,0.45495219592425484,,,-0.019259444304415535
2016-03-28,0.34232672251992197,0.4550199835854864,,,-0.009393818878873972
2016-03-29,0.34530905890445857,0.45556591856287515,,,0.013191444914841977
2016-03-30,0.34819534200991975,0.4571597111977935,,,-0.014776157173247206
2016-03-31,0.3511060927417628,0.46003659202183117,,,-0.009455144044813762
2016-04-01,0.353925553409145,0.46068479273477553,0.312,Mid,0.0026858211421716127
2016-04-04,0.36479183887961303,0.46906032653955615,0.3187250996015936,Mid,-0.017694984605235636
2016-04-05,0.37902910503220744,0.48806150966153333,0.3373015873015873,Mid,-0.006958217367201203
2016-04-06,0.427962293626342,0.5351510662937875,0.4782608695652174,Mid,-0.023206653996863835
2016-04-07,0.43057853587019984,0.5349273089084042,0.48031496062992124,Mid,0.021783988314804104
2016-04-08,0.43149211300375984,0.5325038423122724,0.4823529411764706,Mid,0.0019513207292399803
2016-04-11,0.4361243587355808,0.534937427704263,0.4921875,Mid,0.023140378421721508
2016-04-12,0.43597741883686525,0.5306019240587553,0.490272373540856,Mid,0.0328234062522495
2016-04-14,0.4433760691896222,0.5432536186723055,0.5,Mid,0.04450416295478188
2016-04-15,0.4437516578714631,0.5414382122666376,0.5057915057915058,Mid,-0.0038190733046681025
2016-04-18,0.4415224182007848,0.5409079845722768,0.49230769230769234,Mid,-0.02167098151248978
2016-04-19,0.4348237938401984,0.5366820284552526,0.4827586206896552,Mid,0.02562553337517648
2016-04-20,0.43447551769574727,0.5285511839541567,0.4770992366412214,Mid,-0.013131980671064941
2016-04-21,0.43617415055832337,0.5303750180519334,0.49429657794676807,Mid,0.0021461936031114126
2016-04-22,0.4463388777074723,0.5327605174793134,0.5151515151515151,Mid,0.002097149844698526
2016-04-25,0.5005537263767245,0.5797400939444802,0.7245283018867924,Mid,-0.055203956224195494
2016-04-26,0.5036704592691854,0.57948729284534,0.7255639097744361,Mid,0.01184699078172502
2016-04-27,0.519191084853036,0.5878135124786525,0.7265917602996255,Mid,0.035621029311820374
2016-04-28,0.5129641231294291,0.5830360755857039,0.7238805970149254,Mid,-0.005642587451187703
2016-04-29,0.5176157130418746,0.5848959867523854,0.724907063197026,Mid,0.026991377776025283
2016-05-02,0.5193075965544431,0.590017814208359,0.7296296296296296,Mid,-0.02947543704281222
2016-05-03,0.5301726406789792,0.6001077344162042,0.7343173431734318,Mid,-0.0069341537248786556
2016-05-04,0.533645287034262,0.6013210203267677,0.7426470588235294,Mid,-0.03554643380874975
2016-05-09,0.5278511981587141,0.592399139967476,0.7252747252747253,Mid,-0.028470517772929943
2016-05-10,0.5464947337574033,0.6099333365807674,0.8065693430656934,High,-0.004810710703383875
2016-05-11,0.543221476927718,0.5994009645046724,0.7818181818181819,Mid,0.008892359514908244
2016-05-12,0.5403243637629612,0.5952016676137916,0.7753623188405797,Mid,0.023216603070240815
2016-05-13,0.5358943226937565,0.5863942056661804,0.7436823104693141,Mid,-0.0124121143353432
2016-05-16,0.5357454217720553,0.5841365778219032,0.7410071942446043,Mid,-0.001984405283959989
2016-05-17,0.5382183485593378,0.585354317591217,0.7634408602150538,Mid,-0.028121369068000113
2016-05-18,0.54057708009017,0.5885847650410266,0.7785714285714286,Mid,-0.011687970229779077
2016-05-19,0.543044248737171,0.5919634269824313,0.7829181494661922,Mid,-0.022084968107931258
2016-05-20,0.5444379901640563,0.5936751221177767,0.7943262411347518,Mid,0.010413004947998183
2016-05-23,0.5433040447003311,0.5924055415866211,0.7879858657243817,Mid,-0.009999470794757492
2016-05-24,0.543641365877867,0.5951851364731641,0.7887323943661971,Mid,-0.01885493948061437
2016-05-25,0.5113407857757959,0.570329288112194,0.6807017543859649,Mid,0.03433729464260732
2016-05-26,0.49024750247622334,0.5497531010975395,0.6643356643356644,Mid,0.02067165299758897
2016-05-27,0.4888623967272796,0.5467681655498792,0.6585365853658537,Mid,-0.019616767672687635
2016-05-30,0.4894940384177779,0.5444213771845071,0.6631944444444444,Mid,0.006033526110698489
2016-05-31,0.49137392042737266,0.5485573214780659,0.671280276816609,Mid,0.06970006734222073
2016-06-01,0.43742140881906294,0.5074610550173742,0.4517241379310345,Mid,-0.016522855992216895
2016-06-02,0.4329785193643932,0.5080880459192415,0.4261168384879725,Mid,-0.0028881925192490443
2016-06-03,0.4589252883463553,0.5280875628316993,0.5273972602739726,Mid,0.040524940017002575
2016-06-07,0.4643591800180294,0.5335049708930782,0.5563139931740614,Mid,-0.002547331089914756
2016-06-08,0.46872039667734566,0.5364427525678607,0.6020408163265306,Mid,-0.004632409703360568
2016-06-09,0.4607691981626516,0.5285125169367091,0.5288135593220339,Mid,0.004204491426934576
2016-06-10,0.4600844787589477,0.527987311141299,0.527027027027027,Mid,0.011502680821805722
2016-06-13,0.46947020509560206,0.5455012269111085,0.6094276094276094,Mid,-0.02459004683152277
2016-06-14,0.4587128098158742,0.5380355737660031,0.5167785234899329,Mid,0.007579746195424869
2016-06-15,0.4681880357375876,0.5445712801772312,0.5953177257525084,Mid,-0.03249619424849384
2016-06-16,0.46150438129969346,0.5402458698945997,0.5333333333333333,Mid,-0.013972513188014152
2016-06-17,0.45821268427894674,0.5374395798258007,0.5083056478405316,Mid,7.17039024372701e-05
2016-06-20,0.45816736061652996,0.5401885949370823,0.5066225165562914,Mid,0.0025270760446636786
2016-06-21,0.44441694789942626,0.5300725648025029,0.45544554455445546,Mid,0.0007329480322737225
2016-06-22,0.4536167568682445,0.5386803207578682,0.48355263157894735,Mid,0.024648524815287398
2016-06-23,0.4482920055577629,0.5342248905555301,0.46885245901639344,Mid,-0.003731253377550925
2016-06-24,0.45470799071513923,0.5566370807699328,0.5,Mid,-0.02365459838699857
2016-06-27,0.4557335444745691,0.5542950833776369,0.50814332247557,Mid,-0.0248776795513706
2016-06-28,0.45569855881334603,0.556131053781413,0.5064935064935064,Mid,0.020196121986974236
2016-06-29,0.4507562912998336,0.5538868388607304,0.47572815533980584,Mid,0.007668821780541429
2016-06-30,0.45117505520718065,0.5534668693075909,0.4774193548387097,Mid,-0.005101827448139001
2016-07-01,0.45065541930869574,0.5524736066694292,0.47266881028938906,Mid,-0.014967329225220288
2016-07-04,0.4525262683384928,0.5529396084969355,0.483974358974359,Mid,0.022295961253521124
2016-07-05,0.44771874796657785,0.551224203862401,0.4536741214057508,Mid,0.0022984690494126936
2016-07-06,0.44707376222073675,0.5552435648446168,0.45222929936305734,Mid,-0.0037960668003184095
2016-07-07,0.4569538616043643,0.5637838842689665,0.5206349206349207,Mid,-0.00804385700082591
2016-07-08,0.4520236279648606,0.5616428165706072,0.48417721518987344,Mid,-0.008138369460957556
2016-07-11,0.44187298129649305,0.5547646507179672,0.42586750788643535,Mid,0.005045658956210786
2016-07-12,0.42734549556056717,0.5318235451551195,0.3805031446540881,Mid,0.013657940927872203
2016-07-13,0.4166734749840902,0.5232691491381614,0.3761755485893417,Mid,0.010933828258707812
2016-07-14,0.4155605379974754,0.5223082658861994,0.375,Mid,-0.00706820987755577
2016-07-15,0.4159405068482062,0.5242507490457183,0.37694704049844235,Mid,0.02297880301463569
2016-07-18,0.4160544983839531,0.5238545900356488,0.37888198757763975,Mid,0.017971458082794694
2016-07-19,0.41580195396045955,0.5227419337594429,0.3746130030959752,Mid,0.0013240752059338057
2016-07-20,0.41792604254060306,0.524736656577965,0.38580246913580246,Mid,-0.008841113709340301
2016-07-21,0.3804417645500904,0.5004702835310101,0.26461538461538464,Mid,0.008749039113712942
2016-07-22,0.3766622645559979,0.49672571110662206,0.254601226993865,Mid,0.009992500269484098
2016-07-25,0.3734751030239685,0.5012719228325709,0.25076452599388377,Mid,0.0025242714997641227
2016-07-26,0.373290663713656,0.5001841582078428,0.25,Mid,0.0017655718611978937
2016-07-27,0.3763706747644626,0.506636201870072,0.25835866261398177,Mid,0.024384201309625115
2016-07-28,0.37538387052678196,0.5011411133853418,0.2545454545454545,Mid,0.03044120352318543
2016-07-29,0.3751882372117829,0.5012165683294677,0.2537764350453172,Mid,-0.016602847552164974
2016-08-01,0.34700919671690694,0.4767962806826047,0.22289156626506024,Mid,-8.353099130449977e-05
2016-08-02,0.27177195319913755,0.41673666304245033,0.1111111111111111,Low,-0.008145009337865439
2016-08-03,0.2549155532721881,0.40659038198142666,0.07784431137724551,Low,0.0006682271319027692
2016-08-04,0.25711958805786206,0.40501363008184493,0.08358208955223881,Low,-0.020464976410964786
2016-08-05,0.27094465396080664,0.4255429948988967,0.11607142857142858,Low,0.023772042858751414
2016-08-08,0.2679642997159011,0.4220996375903286,0.11275964391691394,Low,0.0018645450854724022
2016-08-09,0.27023143526944665,0.4239130892662984,0.11834319526627218,Low,-0.005765218811108586
2016-08-10,0.2468067201467082,0.40523984692153486,0.07079646017699115,Low,-0.005296076982056697
2016-08-11,0.2499429090332684,0.4059977253375726,0.07647058823529412,Low,-0.009627500131484315
2016-08-12,0.24240122841641132,0.3976357718183164,0.07038123167155426,Low,0.005396269180255893
2016-08-16,0.2182298173304502,0.3730655236770039,0.04093567251461988,Low,0.012527709229313752
2016-08-17,0.21541313629522588,0.3726925753581538,0.04081632653061224,Low,-0.00679292448060483
2016-08-18,0.20157685695331815,0.3547924128897247,0.00872093023255814,Low,-0.00039976576066746983
2016-08-19,0.23378886320271028,0.38098394897375565,0.07246376811594203,Low,0.00409581654135364
2016-08-22,0.28727229050714437,0.4345850225473054,0.14739884393063585,Low,-0.027797843034504204
2016-08-23,0.28737628619800015,0.4383800220069805,0.14985590778097982,Low,0.014153369312408218
2016-08-24,0.28707231326551985,0.43891559188246004,0.14655172413793102,Low,0.006276060824257949
2016-08-25,0.2349819137031511,0.3956031585182956,0.07449856733524356,Low,-0.011559718122603146
2016-08-26,0.2693733790394228,0.4228436367678475,0.13714285714285715,Low,-0.03077459885344902
2016-08-29,0.26579076957551057,0.4199345235147913,0.11965811965811966,Low,-0.013622556066922234
2016-08-30,0.1857924865101304,0.3664194190350231,0.002840909090909091,Low,-0.00208104707402564
2016-08-31,0.21998902461104372,0.3900196722430025,0.06232294617563739,Low,0.028712132748796065
2016-09-01,0.2225138200287533,0.392262200356853,0.06497175141242938,Low,-0.0038066140387393497
2016-09-02,0.24039291352614858,0.41176338462529394,0.09014084507042254,Low,0.0007122325547484672
2016-09-05,0.2396371606097842,0.4132429593183662,0.0898876404494382,Low,-0.0010307723173067125
2016-09-06,0.21336332744976275,0.36925846684096914,0.036414565826330535,Low,0.006561968073236575
2016-09-07,0.1968758045271026,0.3566872998320254,0.008379888268156424,Low,0.0015260023997961298
2016-09-08,0.17294586310703716,0.3368757775594529,0.002785515320334262,Low,-0.012682155659528275
2016-09-09,0.1785726286356896,0.3330828083822078,0.005555555555555556,Low,0.015372156827165306
2016-09-12,0.17166265280199203,0.3430790801368431,0.002770083102493075,Low,-0.006678086906625487
2016-09-13,0.1766375813183886,0.3396187533105894,0.008287292817679558,Low,0.00017987064995754012
2016-09-19,0.17342885844966668,0.3384784947522612,0.008264462809917356,Low,0.0035566325618925365
2016-09-20,0.15987942972939342,0.3226955056400906,0.0027472527472527475,Low,-0.011120820614730112
2016-09-21,0.16019495882331194,0.3232302539308414,0.005479452054794521,Low,0.0005377325395754529
2016-09-22,0.12648264308503018,0.23338775448369223,0.00273224043715847,Low,0.008585326686045688
2016-09-23,0.11065861504153486,0.22142077249824332,0.0027247956403269754,Low,0.001292259316904613
2016-09-26,0.0975920000515078,0.2076487519514235,0.002717391304347826,Low,-0.00046588284111770406
2016-09-27,0.1095875455873649,0.21934078747175245,0.005420054200542005,Low,0.0009844485442691193
2016-09-28,0.11116417580773197,0.2252729734563053,0.010810810810810811,Low,-0.008104053745594197
2016-09-29,0.10987323174277891,0.23740237688343166,0.008086253369272238,Low,0.01820025428616597
2016-09-30,0.10427403583765062,0.2289743069604163,0.005376344086021506,Low,0.010392760275334608
2016-10-04,0.10409569931804791,0.226722715438021,0.005361930294906166,Low,-0.007103269715476257
2016-10-05,0.10403818664655173,0.2084853780748855,0.0053475935828877,Low,-0.005035920399570977
2016-10-06,0.09576909744139188,0.20571121573941945,0.0026666666666666666,Low,-0.0026353314539179586
2016-10-07,0.12046130656212432,0.2090738754808209,0.026595744680851064,Low,0.032975914081581036
2016-10-10,0.12008332988330128,0.20222898240696519,0.026525198938992044,Low,0.0042307009842220316
2016-10-11,0.16265962382110638,0.21651603590082183,0.03968253968253968,Low,0.037806827780597
2016-10-12,0.16625794096527668,0.21491720262868377,0.04221635883905013,Low,-0.002167295866139692
2016-10-13,0.16418652139075174,0.21682880850898253,0.042105263157894736,Low,-0.0001368523003238975
2016-10-14,0.14031491332312665,0.18788924590786057,0.03412073490813648,Low,-0.0024288548096907205
2016-10-17,0.1389579033931353,0.18431582793282297,0.034031413612565446,Low,-0.00735610823650971
2016-10-18,0.12826741130775007,0.16926749367212068,0.033942558746736295,Low,-0.011910377708842809
2016-10-19,0.13266117022989368,0.1727168746990538,0.036458333333333336,Low,-0.014113064641532502
2016-10-20,0.1307340363234409,0.1718560955065752,0.03636363636363636,Low,-0.0025288025522235045
2016-10-21,0.13004121602113503,0.16775706247760824,0.03626943005181347,Low,0.016749258718557664
2016-10-24,0.12913259265709842,0.1677371672146167,0.03617571059431524,Low,-0.0014505099512559516
2016-10-25,0.138549491124339,0.18036419996913744,0.04639175257731959,Low,-0.010690481233117555
2016-10-26,0.15245523740544256,0.21748952425075152,0.05398457583547558,Low,-0.0303553487059038
2016-10-27,0.12138861841673827,0.19412699760886362,0.03076923076923077,Low,-0.008035206744162656
2016-10-28,0.11803528232816156,0.189418669587767,0.02557544757033248,Low,0.00192371685544294
2016-10-31,0.14890617199489506,0.22130482726518744,0.058673469387755105,Low,0.0006861035674342227
2016-11-01,0.14989412165415902,0.21855121320012086,0.061068702290076333,Low,-0.024114935120138514
2016-11-02,0.16282065397064943,0.23244663793620576,0.07360406091370558,Low,0.0014110831783749427
2016-11-03,0.15449711802442326,0.22788988568531318,0.06582278481012659,Low,-0.010248070019967711
2016-11-04,0.1450395537452873,0.20644647110697134,0.05808080808080808,Low,-0.017040721716950962
2016-11-07,0.16635451009453225,0.23552264767524056,0.08564231738035265,Low,0.02427566156716791
2016-11-08,0.1670377150151332,0.23458257190814477,0.08793969849246232,Low,-0.011759278448854197
2016-11-09,0.20117341384207044,0.30628367978563525,0.11278195488721804,Low,-0.025610188747372198
2016-11-10,0.2127862495348379,0.34993253559809795,0.1375,Low,0.022512635599504005
2016-11-11,0.2079223392603203,0.34345302171514697,0.13216957605985039,Low,0.007860249078002646
2016-11-14,0.2726774915441279,0.3905598344688082,0.2562189054726368,Mid,0.03700625965246714
2016-11-15,0.266879801524808,0.38389637114862096,0.23325062034739455,Mid,0.002830687309332521
2016-11-16,0.22991663736424453,0.3505474758527782,0.17326732673267325,Low,-0.0035262166548315488
2016-11-17,0.22742708798444342,0.34831708438811537,0.1728395061728395,Low,0.0015189600515276662
2016-11-18,0.21147493353140878,0.3319922421493811,0.1354679802955665,Low,-0.006945389460609334
2016-11-21,0.2115681803984685,0.33126467476039295,0.1375921375921376,Low,-0.0020043675111133252
2016-11-22,0.2155121994733469,0.320914925376152,0.1568627450980392,Low,-0.029284008082392215
2016-11-23,0.21377724515724705,0.3169902548834023,0.1466992665036675,Low,-0.0149005157990022
2016-11-24,0.20782886863404038,0.32050184959504424,0.12926829268292683,Low,-0.025852314944045014
2016-11-25,0.20536848982694478,0.31654867408196496,0.1192214111922141,Low,-0.011476712694401611
2016-11-28,0.21447038093991402,0.3237978923737001,0.1529126213592233,Low,-0.007276363577948512
2016-11-29,0.1960413522044023,0.3111813024901217,0.10411622276029056,Low,-0.023039365781192995
2016-11-30,0.20379055264538606,0.31551098601327743,0.12077294685990338,Low,-0.01589702996151991
2016-12-01,0.23311461121398955,0.33702365888546865,0.19759036144578312,Low,0.03271726171326176
2016-12-02,0.2227910568523774,0.32246561993004863,0.1875,Low,0.006061295070312241
2016-12-05,0.2265011274833227,0.32492522151207553,0.19184652278177458,Low,0.0029492140515189704
2016-12-06,0.235622758982218,0.34088984386402504,0.21770334928229665,Mid,0.0041533772909908935
2016-12-07,0.2446246124167114,0.34888148979907546,0.22673031026252982,Mid,-0.017839771019602508
2016-12-08,0.2378168172567775,0.36769384763179863,0.21904761904761905,Mid,0.016355403579185673
2016-12-09,0.24432056112512837,0.35988784054733297,0.22802850356294538,Mid,-0.004621228386219256
2016-12-12,0.281758263872714,0.38618650447548514,0.2938388625592417,Mid,0.04236086906089261
2016-12-13,0.28800727698944245,0.38837779482521095,0.30260047281323876,Mid,-0.012114017956808368
2016-12-14,0.2854907734437773,0.38758589614548394,0.294811320754717,Mid,-0.005636984452813724
2016-12-15,0.2856406288286786,0.3869718418528694,0.2964705882352941,Mid,0.0024645908269732564
2016-12-16,0.29357871470911995,0.39131923431722176,0.3075117370892019,Mid,-0.009957815807480194
2016-12-19,0.2957074519047203,0.39348894217359437,0.3091334894613583,Mid,-0.006805635159092012
2016-12-20,0.2960605644039996,0.3936285053783946,0.3107476635514019,Mid,-0.0030425136844603276
2016-12-21,0.303522748190346,0.3966126991420369,0.3146853146853147,Mid,0.015303387514812047
2016-12-22,0.29887444582552264,0.3908404728258407,0.3116279069767442,Mid,-0.002127677273616624
2016-12-23,0.2897212215975366,0.37712238029613254,0.3039443155452436,Mid,0.0002458597910555878
2016-12-26,0.28933004687864106,0.37974547788602914,0.30324074074074076,Mid,-0.006994344380928497
2016-12-27,0.2925258728903995,0.38319416331569905,0.3071593533487298,Mid,-0.007643674272729976
2016-12-28,0.29598226738544686,0.3825077547880041,0.31336405529953915,Mid,0.01263752799260002
2016-12-29,0.2981006663307632,0.38386727792635683,0.31724137931034485,Mid,-0.006561181843062018
2017-01-02,0.28034401039261164,0.3785148640578349,0.28440366972477066,Mid,0.0018367395515977991
2017-01-03,0.2775636446872211,0.3765712102045993,0.2837528604118993,Mid,-0.0041985803362880976
2017-01-04,0.2225093910876297,0.3506620052184625,0.17579908675799086,Low,-0.013288432367030478
2017-01-05,0.2564644034528329,0.37459384213115526,0.23917995444191345,Mid,0.028571724052216713
2017-01-06,0.2538234584239041,0.3712942852534036,0.2318181818181818,Mid,-0.0024644715878428722
2017-01-09,0.2649064672196733,0.3814052266801798,0.2562358276643991,Mid,0.00287224390481026
2017-01-10,0.25802360945240727,0.3739664019838845,0.24434389140271492,Mid,0.0074407334914364425
2017-01-11,0.2778385903541993,0.4017994261052151,0.29345372460496616,Mid,0.00321033404437158
2017-01-12,0.2664647821857112,0.393598470695546,0.2635135135135135,Mid,0.011677330577957909
2017-01-13,0.26684914327449555,0.3950268936984937,0.2651685393258427,Mid,-0.0047444243482883675
2017-01-16,0.27693477084418,0.41207183212948045,0.2937219730941704,Mid,-0.014626948937427922
2017-01-17,0.2793310211494726,0.4132162284920309,0.29977628635346754,Mid,-0.004276337875360303
2017-01-18,0.281110232920432,0.41335679122602453,0.30357142857142855,Mid,-0.005494738827849048
2017-01-19,0.2680940086086877,0.3912129660669728,0.27616926503340755,Mid,-0.009291631526300711
2017-01-20,0.277404601297604,0.40230766870845697,0.29555555555555557,Mid,-0.008870855471936593
2017-01-23,0.2795842062395955,0.40384626691960107,0.30376940133037694,Mid,-0.010458733113566302
2017-01-24,0.26417247115069026,0.38846657744958213,0.252212389380531,Mid,-0.0007941891494452532
2017-01-25,0.2961485123643796,0.41184615983029743,0.34216335540838855,Mid,-0.03565378064263695
2017-01-26,0.29695971185606257,0.4118865379075971,0.3436123348017621,Mid,0.0015162693778274505
2017-01-31,0.30373121961463356,0.4231433704389292,0.35384615384615387,Mid,-0.011445447342609808
2017-02-01,0.31064321462352334,0.4320585457633799,0.35526315789473684,Mid,0.01922551541273565
2017-02-02,0.2834164315635497,0.40186724597562323,0.31072210065645517,Mid,0.005850469983850822
2017-02-03,0.2831088794144801,0.40132980085904996,0.31004366812227074,Mid,-0.014332970024680036
2017-02-06,0.25811039331454033,0.34575799671698043,0.2374727668845316,Mid,-0.0007617172877235253
2017-02-07,0.239956614375512,0.2939452459484752,0.20652173913043478,Mid,-0.014432568966436706
2017-02-08,0.2455632252191582,0.30009792793734685,0.21691973969631237,Mid,0.008098333647921488
2017-02-09,0.20194493285538107,0.2744667017283824,0.1038961038961039,Low,0.009569560430615928
2017-02-10,0.20286547512766354,0.27668096840739054,0.10583153347732181,Low,-0.004230227023071298
2017-02-13,0.2500095411275138,0.32164976311734744,0.22844827586206898,Mid,0.007961458575602856
2017-02-14,0.2560557996363662,0.32785501306421033,0.23655913978494625,Mid,-0.0012449330864091983
2017-02-15,0.25839394195422577,0.33027176646576184,0.24892703862660945,Mid,0.012211899770784518
2017-02-16,0.25908035788460854,0.3308327982621497,0.2505353319057816,Mid,-0.009198426551606445
2017-02-17,0.26865672225811005,0.3546248578315964,0.28846153846153844,Mid,-0.006352105708420337
2017-02-20,0.26432263563170905,0.35071295049260054,0.26439232409381663,Mid,-0.012441182096378752
2017-02-21,0.26817190490564213,0.35095777801471395,0.28936170212765955,Mid,0.028740747095023018
2017-02-22,0.3035878691081435,0.38031212463205705,0.37154989384288745,Mid,0.03200284764313599
2017-02-23,0.3102669041082705,0.3877848427467227,0.375,Mid,-0.0005990402851584475
2017-02-24,0.30065436519632077,0.3789025513960122,0.3657505285412262,Mid,0.007927711757620637
2017-02-27,0.28042812910237824,0.35748271557531414,0.3206751054852321,Mid,0.01437997349525381
2017-02-28,0.27024727468300763,0.3531061349673678,0.2968421052631579,Mid,0.03390299984772952
2017-03-02,0.28024145490399105,0.36586257745556555,0.31932773109243695,Mid,0.006328164410984864
2017-03-03,0.2877677881553931,0.3665106777100146,0.3438155136268344,Mid,0.015874079144206577
2017-03-06,0.28810616153898,0.3599537979598672,0.3472803347280335,Mid,0.014758237960151336
2017-03-07,0.348867338314054,0.42166434966104055,0.46555323590814196,Mid,0.05373822528967379
2017-03-08,0.3564184869573,0.41032619348780813,0.47291666666666665,Mid,-0.00446779893791401
2017-03-09,0.3317775443974175,0.38645001461891265,0.4282744282744283,Mid,-0.005458278222333394
2017-03-10,0.29633137184881314,0.35734080014858155,0.3630705394190871,Mid,0.0013485758558390664
2017-03-13,0.2981001818551092,0.3563373856473438,0.36645962732919257,Mid,-0.013644594502565166
2017-03-14,0.2897277108659792,0.34386988757895603,0.34917355371900827,Mid,-0.011134225891480831
2017-03-15,0.2906163600810624,0.3440183821395944,0.35051546391752575,Mid,0.011000443513284627
2017-03-16,0.3083156967143243,0.3717169148784523,0.38477366255144035,Mid,0.034125301084814375
2017-03-17,0.31673615480223766,0.378623688393253,0.39835728952772076,Mid,-0.0011192099234265858
2017-03-20,0.31080394540918044,0.3723833069959625,0.38934426229508196,Mid,0.007114244583843947
2017-03-21,0.3314557020527626,0.38091031515779594,0.4335378323108384,Mid,-0.027621384629080297
2017-03-22,0.3328862653273619,0.38338799433040033,0.44081632653061226,Mid,-0.001677273770991065
2017-03-23,0.35011684972170437,0.39801676028980015,0.47657841140529533,Mid,0.03688955384262823
2017-03-24,0.35514627208771254,0.40439088244962296,0.483739837398374,Mid,-0.014322660197731282
2017-03-27,0.35520868122803617,0.4066907226910716,0.4847870182555781,Mid,0.0009321260511850523
2017-03-28,0.3531039183521683,0.40757525168800174,0.4797570850202429,Mid,0.00536399674095341
2017-03-29,0.35856129565688977,0.4114753903250559,0.4888888888888889,Mid,-0.016509323413030835
2017-03-30,0.38179880789196025,0.43328945881219855,0.5221774193548387,Mid,-0.03282816770902434
2017-03-31,0.4071527945398097,0.44867973800270694,0.5814889336016097,Mid,0.04915416256469481
2017-04-03,0.4367394349930776,0.47270643338722346,0.6265060240963856,Mid,-0.034180912512165894
2017-04-04,0.44535120411598245,0.4863381603550658,0.6432865731462926,Mid,-0.01499625213825262
2017-04-05,0.44497627311439913,0.48612751246528035,0.642,Mid,0.005172586850857752
2017-04-06,0.45461505466626706,0.4965615124975618,0.6866267465069861,Mid,-0.004841280578779121
2017-04-07,0.4689034047506144,0.5107644860562104,0.7649402390438247,Mid,-0.0024570502251108537
2017-04-10,0.47153869611960225,0.5158337909191465,0.7733598409542743,Mid,-0.01883631085637442
2017-04-11,0.4834708003615269,0.5250844955762796,0.7896825396825397,Mid,0.0042050865704583345
2017-04-12,0.4829453375515668,0.5238447214692115,0.7881188118811882,Mid,0.011798056445654423
2017-04-13,0.5023271154159028,0.5287247579702503,0.8162055335968379,High,-0.03541834816724968
2017-04-14,0.49687031888040467,0.5250651000507562,0.8126232741617357,High,-0.0016369580293686958
2017-04-17,0.49841239779503654,0.5270913623178962,0.812992125984252,High,0.00470555373822575
2017-04-18,0.4922548614396718,0.5212777690771295,0.8074656188605108,High,-0.004320250351014798
2017-04-19,0.4825097302116655,0.5105902603585025,0.7803921568627451,Mid,0.00216601608415005
2017-04-20,0.48259559179397454,0.5120805305273125,0.7808219178082192,Mid,0.012494654438504579
2017-04-21,0.5039714951642642,0.5304665424273487,0.8203125,High,-0.008800186449064515
2017-04-24,0.4867948201243177,0.5167293606790221,0.7894736842105263,Mid,0.01848528144080593
2017-04-25,0.486078435381061,0.5134109355023203,0.7879377431906615,Mid,-0.007172466728585254
2017-04-26,0.49245899263188636,0.517793898798989,0.8077669902912621,High,0.03646835619655531
2017-04-27,0.49272152821410486,0.5156281478136376,0.8081395348837209,High,-0.007136786548599246
2017-04-28,0.5062364572585074,0.5304978901971475,0.8220502901353965,High,-0.015437594024521273
2017-05-02,0.5087984241112092,0.5322549519496494,0.8223938223938224,High,-0.003959599607130253
2017-05-04,0.5126226529173946,0.5372455615056232,0.8246628131021194,High,0.0031855948767810136
2017-05-08,0.5167379211525565,0.5335130892435044,0.8269230769230769,High,-0.017139104251030896
2017-05-10,0.5135926902391099,0.5246979957293781,0.8253358925143954,High,0.02734905288077642
2017-05-11,0.5140155594567374,0.5267988565852151,0.8256704980842912,High,0.0025635499011916383
2017-05-12,0.5292565984649452,0.5437098739939339,0.8374760994263862,High,-0.0023791343440578983
2017-05-15,0.531900663921121,0.5462291321537128,0.8416030534351145,High,-0.003499281392406665
2017-05-16,0.5023322728025049,0.5169778419134629,0.8057142857142857,High,0.003995107325693119
2017-05-17,0.5022215605952339,0.5158575343201207,0.8022813688212928,High,0.005115339273635278
2017-05-18,0.4563650487554039,0.4681184628378785,0.6641366223908919,Mid,0.010566763438778604
2017-05-19,0.45201927190779395,0.463485113433506,0.6382575757575758,Mid,-0.0019103350550362757
2017-05-22,0.4558700517541747,0.4655065895892392,0.6635160680529301,Mid,-0.009728933372844603
2017-05-23,0.45169123699698427,0.4555283795985716,0.6339622641509434,Mid,0.018219209622215127
2017-05-24,0.44128818054576785,0.445694496073874,0.591337099811676,Mid,0.018816878776514317
2017-05-25,0.4922705884723068,0.5110125549044663,0.7913533834586466,Mid,0.05904764614402377
2017-05-26,0.49731166734659515,0.5133657474642828,0.799249530956848,Mid,-0.020991884874760076
2017-05-29,0.5032464632600774,0.5212835649375765,0.8089887640449438,High,-0.002034667269430431
2017-05-30,0.5016199874148454,0.5223651562057676,0.8018691588785046,High,-0.007694082478371149
2017-05-31,0.5064956611002778,0.5264569870860478,0.8152985074626866,High,0.013041006792929632
2017-06-01,0.499734789780863,0.5231673249066715,0.7970204841713222,Mid,0.0038348689629122967
2017-06-02,0.5157295352936578,0.5324415196566817,0.8271375464684015,High,-0.028715554739154953
2017-06-05,0.4744008551522921,0.48640392289223905,0.7402597402597403,Mid,0.01115586593735507
2017-06-07,0.4782638827398566,0.4917501469016467,0.7444444444444445,Mid,-0.006412894531935794
2017-06-08,0.4984249822091806,0.5113153308689975,0.7948243992606284,Mid,-0.00895846847398322
2017-06-09,0.4874416232347807,0.5056571656753985,0.7656826568265682,Mid,0.02712600706148982
2017-06-12,0.49189469350159554,0.4972613258326806,0.7790055248618785,Mid,0.04610225040614787
2017-06-13,0.4992062339783189,0.5101479148101901,0.7959558823529411,Mid,0.03882227268523867
2017-06-14,0.5296373316432605,0.5360731453972927,0.8422018348623853,High,0.05593784084766088
2017-06-15,0.5247986285307024,0.5270919423138104,0.8351648351648352,High,0.005605036091266909
2017-06-16,0.5239901069856922,0.5269366734485454,0.8336380255941499,High,-0.013124754084332594
2017-06-19,0.5316531222053077,0.533499690016232,0.8467153284671532,High,-0.018460956089452123
2017-06-20,0.5272607123285012,0.5357880371449499,0.8342440801457195,High,-0.025276143040821115
2017-06-21,0.5241028073990021,0.5329534536561209,0.8309090909090909,High,-0.003819290936163955
2017-06-22,0.5398128953886528,0.5453725933759547,0.8747731397459165,High,-0.030433683966414066
2017-06-23,0.529060266091716,0.5338278228107273,0.8369565217391305,High,0.013786567677435283
2017-06-26,0.5333482985271124,0.5352832543937357,0.8499095840867993,High,-0.03315418877217905
2017-06-27,0.5403057927271125,0.5421306111237241,0.8772563176895307,High,-0.02585026068972725
2017-06-28,0.5396701053514402,0.5433795240246545,0.872072072072072,High,-0.01055371836752983
2017-06-29,0.5474998619486068,0.5526382982182944,0.908273381294964,High,0.03929263813150071
2017-06-30,0.5287626073499764,0.5393704776151997,0.829443447037702,High,0.0006751304374842393
2017-07-03,0.5219938245053445,0.5339535773498064,0.8172043010752689,High,0.030240664083320823
2017-07-04,0.5301824386073429,0.5455367394892158,0.8372093023255814,High,-0.026692381949624904
2017-07-05,0.5346366787941702,0.5490135612286765,0.8482142857142857,High,-0.021171635526502808
2017-07-06,0.5353115925061834,0.5487804499559533,0.8520499108734403,High,-0.009093938196134651
2017-07-07,0.5360435508803273,0.5483691386338251,0.8558718861209964,High,0.011558760562465372
2017-07-10,0.5305455907161923,0.5364227670105128,0.8330373001776199,High,-0.004954518221498949
2017-07-11,0.5607460336595907,0.5616503855003404,0.9237588652482269,High,-0.0489632191780649
2017-07-12,0.5604002389526415,0.5611023177330614,0.9221238938053097,High,0.004842545306165384
2017-07-13,0.5516389998789547,0.5594555473064368,0.9098939929328622,High,0.015147385705629826
2017-07-14,0.5541258737755853,0.5599877010208562,0.9153439153439153,High,-0.011153792521558606
2017-07-17,0.5533917805968703,0.5597020013284104,0.9137323943661971,High,0.015225706349968485
2017-07-18,0.5524798243576062,0.5592471652732663,0.9086115992970123,High,-0.01700097463738374
2017-07-19,0.5561928457290124,0.5628640841281783,0.9175438596491228,High,0.007220223822548426
2017-07-20,0.5594562636465643,0.5656214766070745,0.9194395796847635,High,0.0019219270123571608
2017-07-21,0.5690093939217304,0.5765233603719668,0.9353146853146853,High,0.030864756981562252
2017-07-24,0.5774104084734896,0.5842088361844818,0.9528795811518325,High,-0.007827527062199432
2017-07-25,0.578305754305501,0.5859936706384686,0.9564459930313589,High,0.0038116117381375623
2017-07-26,0.5773573726746487,0.5821018509270098,0.9495652173913044,High,0.013797607826457855
2017-07-27,0.5747244654571761,0.5797802287285222,0.9427083333333334,High,0.011596593424405036
2017-07-28,0.5783583569694746,0.5956965573586498,0.9566724436741768,High,-0.024567415208562687
2017-07-31,0.5845527626979694,0.6017853240555611,0.972318339100346,High,-0.018483819555541608
2017-08-01,0.5890080976356117,0.6087082984632955,0.9758203799654577,High,0.03225511055594595
2017-08-02,0.5893753639865557,0.6116319575994446,0.9758620689655172,High,-0.006653349848859273
2017-08-03,0.5909011231447877,0.6224172991240668,0.9776247848537005,High,-0.002224613770627104
2017-08-04,0.5945521264825971,0.6250621904211555,0.979381443298969,High,0.00122765225609478
2017-08-07,0.5894278302670393,0.6198017405674635,0.9725557461406518,High,0.003876115142252242
2017-08-08,0.588824928802864,0.6197281974193077,0.9674657534246576,High,-0.01372168406248749
2017-08-09,0.6067808577546471,0.6388169202988747,0.9897435897435898,High,0.0004640530297386943
2017-08-10,0.6113392274487113,0.6442766026662539,0.9931740614334471,High,-0.016058037642659746
2017-08-11,0.6457930201367325,0.6797984900065194,1.0,High,0.002512757744028075
2017-08-14,0.6487147296310943,0.6823462216857982,1.0,High,-0.005372076820147879
2017-08-16,0.6602082124293774,0.6897755837185002,1.0,High,-0.036630428570437225
2017-08-17,0.6505441245888731,0.6820013479302531,0.9983050847457627,High,0.02009036436532563
2017-08-18,0.6344834620378191,0.6667968451665921,0.9932318104906938,High,-0.010168870510394687
2017-08-21,0.598788295193621,0.6239771620906086,0.9712837837837838,High,6.045857398817578e-05
2017-08-22,0.595966165359418,0.6233640297785906,0.9679595278246206,High,0.0024949613566440285
2017-08-23,0.5828220531187849,0.6100951152925366,0.9444444444444444,High,0.015255628404808283
2017-08-24,0.5905941056866443,0.6156865001262122,0.9596638655462185,High,-0.012738009073460935
2017-08-25,0.6132072875808676,0.6360253357652964,0.988255033557047,High,0.05329307921550249
2017-08-28,0.6190345509363073,0.6406033108432317,0.9899497487437185,High,0.01740503816479455
2017-08-29,0.6160433011223865,0.6435651748949036,0.9882943143812709,High,-0.00395460917365605
2017-08-30,0.6142930645174617,0.6414261690331114,0.986644407345576,High,-0.01360189396563416
2017-08-31,0.6179712641702779,0.6456145442409744,0.9883333333333333,High,-0.02220884797158355
2017-09-01,0.6217963532366717,0.6501526478821016,0.9916805324459235,High,-0.014522276474936202
2017-09-04,0.633886729056886,0.6603755623333648,0.9916943521594684,High,-0.005856712894084996
2017-09-05,0.6329086949629236,0.6701850060254064,0.9900497512437811,High,-0.008433312936815374
2017-09-06,0.6404951905593294,0.6752338400235242,0.9933774834437086,High,-0.01577505998805262
2017-09-07,0.609310574470135,0.6519000024642999,0.968595041322314,High,-0.005296106085423598
2017-09-08,0.5969268112228221,0.641072630887293,0.9521452145214522,High,-0.023642725822045036
2017-09-11,0.6057302337925634,0.6450924305166591,0.9621087314662273,High,-0.03149680661282572
2017-09-12,0.5842558040440607,0.6270161722707274,0.9259868421052632,High,0.007032466140782678
2017-09-13,0.5786508235521282,0.6227020056648134,0.909688013136289,High,-0.02413333772801444
2017-09-14,0.5637104227807098,0.6123430170797978,0.8754098360655738,High,0.009454432461461751
2017-09-15,0.5361694076285556,0.5898133159939242,0.7921440261865794,Mid,0.03421085703515644
2017-09-18,0.5452024050340505,0.5927373185581234,0.8316993464052288,High,-0.024096490288097832
2017-09-19,0.5585137874167739,0.6044417328715966,0.8597063621533442,High,0.04538596630119477
2017-09-20,0.5541518082698724,0.6023719596032749,0.8534201954397395,High,-0.017252631276564883
2017-09-21,0.5512135123701147,0.5989803926942194,0.8406504065040651,High,-0.004408248369417445
2017-09-22,0.5323604752478958,0.5816997166588556,0.7678571428571429,Mid,-0.02604070173750191
2017-09-25,0.5434916678718603,0.5930627618685347,0.8168557536466775,High,-0.031296172827094036
2017-09-26,0.5911235306650671,0.6254070376873558,0.9433656957928802,High,0.0750395742971585
2017-09-27,0.586301623615162,0.6184278849858037,0.9289176090468497,High,-0.018714239693232493
2017-09-28,0.5889205603443987,0.6219342727191556,0.932258064516129,High,-0.01828852193365386
2017-09-29,0.5925543134834698,0.6286477567540311,0.9436392914653784,High,0.01615104286677423
2017-10-10,0.5939652076546685,0.6261892752708352,0.9437299035369775,High,-0.026169685084886558
2017-10-11,0.5903624229652199,0.6258424082507746,0.9357945425361156,High,0.017881573813998946
2017-10-12,0.5576124623219118,0.6042152886579438,0.8509615384615384,High,0.01097948941774655
2017-10-13,0.5523043525795872,0.5994395743159525,0.8352,High,0.004611883530988144
2017-10-16,0.5445234874650399,0.5902270650701043,0.8115015974440895,High,0.020084332287280276
2017-10-17,0.5391845859961233,0.5852323918064871,0.7862838915470495,Mid,-0.010065665255761061
2017-10-18,0.5403012524997192,0.5851122472745378,0.7914012738853503,Mid,-0.022697885131645168
2017-10-19,0.552278039743309,0.5940104353531597,0.834658187599364,High,0.026418002517115197
2017-10-20,0.5589824620185078,0.5971027182702445,0.8539682539682539,High,-0.024911782771731856
2017-10-23,0.566612584308882,0.6030110245998678,0.8700475435816165,High,-0.032959716357712256
2017-10-24,0.5570409413123377,0.5931621318262352,0.8465189873417721,High,0.0025230746423062036
2017-10-25,0.5575170357499025,0.593649359645465,0.8483412322274881,High,-0.009371991308910902
2017-10-26,0.5595514911971297,0.595390807772846,0.8548895899053628,High,0.006474723156216851
2017-10-27,0.5701855226855709,0.6087731177628942,0.8771653543307086,High,0.03370471517230733
2017-10-30,0.574562081976817,0.6122984218339212,0.8836477987421384,High,-0.03062674988724065
2017-10-31,0.5446147572467005,0.5769492711055872,0.8053375196232339,High,-0.0021872698551554104
2017-11-01,0.5421939453252768,0.5697959222856787,0.786833855799373,Mid,-0.02491210439082378
2017-11-02,0.531354918941733,0.5554607773859794,0.7355242566510172,Mid,-0.01010229847579941
2017-11-03,0.529909210760191,0.5549762754745128,0.7296875,Mid,0.0012411657459026892
2017-11-06,0.5264769308400127,0.5475676634602361,0.717628705148206,Mid,0.018059612653849644
2017-11-07,0.5504097285440176,0.5667853447488974,0.8208722741433022,High,0.04770563537062156
2017-11-08,0.5566776778912628,0.5727005656117501,0.8413685847589425,High,0.01889221781023162
2017-11-09,0.553008040970744,0.5680499402202938,0.8307453416149069,High,0.016473551450945173
2017-11-10,0.5523425824091137,0.5682187032971587,0.8263565891472868,High,-0.03927634417843551
2017-11-13,0.5602989374124658,0.5790894928269514,0.8560371517027864,High,-0.041925430516064954
2017-11-14,0.5584143717596789,0.5751458063597981,0.8469860896445132,High,0.00445487228803737
2017-11-15,0.5600269876624892,0.5783660249933148,0.8549382716049383,High,-0.022499505437530792
2017-11-16,0.548428932265805,0.5710378652772322,0.8089368258859785,High,0.0003259184135308013
2017-11-17,0.5560879370959676,0.5765759985705564,0.8353846153846154,High,0.005383414405880027
2017-11-20,0.5694244963234291,0.5891631336010312,0.8771121351766513,High,-0.004058250333147079
2017-11-21,0.5695339189634556,0.5891158160879003,0.8773006134969326,High,-0.016317497576413126
2017-11-22,0.5703102323573032,0.590218800786842,0.8790199081163859,High,0.022310215032238123
2017-11-23,0.5782334966564295,0.5980258481961039,0.900611620795107,High,-0.0006999321433001082
2017-11-24,0.5662085720492162,0.5867568980055929,0.8641221374045801,High,-0.012808309880539576
2017-11-27,0.5329667234611764,0.5590473533752066,0.7286585365853658,Mid,-0.0012706791483766966
2017-11-28,0.5210462363250209,0.5491485947569298,0.6940639269406392,Mid,-0.012379106939605006
2017-11-29,0.5210992453076092,0.54912769371,0.6945288753799392,Mid,0.0002919140670261111
2017-11-30,0.5273493678024702,0.551563320559691,0.7040971168437026,Mid,0.02899804210211593
2017-12-01,0.5175199009778154,0.5399929412908714,0.6863636363636364,Mid,0.004602539806839501
2017-12-04,0.5154664003427083,0.5358745209095618,0.6822995461422088,Mid,-0.00855069262718966
2017-12-05,0.5302978787080382,0.5484788471244323,0.7190332326283988,Mid,0.030516192638210538
2017-12-06,0.4703101887911351,0.5150619062053242,0.5942684766214178,Mid,-0.08909196351315779
2017-12-07,0.46846443780198904,0.5135809578090446,0.5843373493975904,Mid,-0.03502604231870002
2017-12-08,0.4980544616193752,0.5383012970698274,0.6511278195488722,Mid,-0.0642202454364448
2017-12-11,0.501827092883676,0.5421145292175517,0.6606606606606606,Mid,-0.0010681381742115859
2017-12-12,0.49998175486804164,0.5417907932714037,0.656671664167916,Mid,0.008512622690723282
2017-12-13,0.5107791062958106,0.5534014745371122,0.6751497005988024,Mid,0.015381948665530887
2017-12-14,0.5129402646058291,0.5566138098578678,0.6786248131539612,Mid,-0.017144935913342263
2017-12-15,0.5352456755996035,0.578349041650455,0.7417910447761195,Mid,0.010373834726218778
2017-12-18,0.5413052870718204,0.5836741267464789,0.7749627421758569,Mid,-0.008966509084980784
2017-12-19,0.5403294455152854,0.5846386230040382,0.7708333333333334,Mid,-0.019531650867128325
2017-12-20,0.5317671983987239,0.5785774533932045,0.725111441307578,Mid,-0.0010969685442609456
2017-12-21,0.5352115577515325,0.5785859877294931,0.7388724035608308,Mid,0.013062346040715184
2017-12-22,0.5351477157063838,0.5780128149159433,0.7377777777777778,Mid,-0.0078074957889596175
2017-12-26,0.5348102831822032,0.5754633501637947,0.735207100591716,Mid,0.0009402834347894684
2017-12-27,0.5034039100716973,0.5376397075370208,0.6587887740029542,Mid,-0.07431196089006481
2017-12-28,0.45957225399137935,0.5061726633544532,0.5353982300884956,Mid,0.01792645696764436
2018-01-02,0.4747803002862329,0.521213475626577,0.593519882179676,Mid,0.06282094521230852
2018-01-03,0.4780017503969858,0.5243472859896072,0.5970588235294118,Mid,0.046618211279214894
2018-01-04,0.48568299211632276,0.5249401301109032,0.6108663729809104,Mid,0.02043688046901415
2018-01-05,0.4791844928055788,0.5227442466861207,0.5997067448680352,Mid,-0.008357344548452966
2018-01-08,0.35419234462547616,0.3856511938343931,0.34992679355783307,Mid,-0.005145074364476282
2018-01-09,0.3567282247700992,0.3880091606920848,0.35526315789473684,Mid,-0.006443973553153209
2018-01-10,0.37751538037650834,0.403539298801359,0.3722627737226277,Mid,0.05166457683856396
2018-01-11,0.3762144759450714,0.40208339613861205,0.3688046647230321,Mid,-0.0015761518296729948
2018-01-12,0.3842765824964522,0.41143961936580037,0.38719068413391555,Mid,0.035690015282633714
2018-01-15,0.3834601428440918,0.4117199588317158,0.3851744186046512,Mid,0.03370773099641805
2018-01-16,0.38271515156793373,0.4103943415121904,0.38316400580551524,Mid,-0.020160150987794168
2018-01-17,0.3860715535391943,0.4152140727946309,0.39420289855072466,Mid,-0.03067415001535681
2018-01-18,0.38500963798136306,0.4146071848989219,0.3907380607814761,Mid,-0.004885575313499146
2018-01-19,0.38612391475058366,0.4158634681660431,0.3959537572254335,Mid,0.01127515430202225
2018-01-22,0.38425132812205637,0.4113851883930007,0.38672438672438675,Mid,0.02180712598549467
2018-01-23,0.3850281252344508,0.41651800311237075,0.3919308357348703,Mid,0.021254344604426767
2018-01-24,0.3804320521730822,0.41120811758341863,0.37410071942446044,Mid,0.006726980618937922
2018-01-25,0.40065734916712453,0.43725907627625876,0.4324712643678161,Mid,0.036977331410027514
2018-01-26,0.4167874232209281,0.45369423615110255,0.44763271162123386,Mid,-0.0006418083911050865
2018-01-29,0.41409379153951925,0.455165369223861,0.43982808022922637,Mid,0.003075408188427997
2018-01-30,0.4117618338754044,0.4489574214113608,0.43776824034334766,Mid,0.02230816841710334
2018-01-31,0.41702734188607,0.45424173651180516,0.45,Mid,-0.009350558410537196
2018-02-01,0.41727451168757707,0.455509590704887,0.4507845934379458,Mid,-0.0038256982443149457
2018-02-02,0.4056465936997829,0.4436363495378111,0.4301994301994302,Mid,0.021583665464675578
2018-02-05,0.4203093971357035,0.46336740685956107,0.45376955903271693,Mid,-0.033278000961075666
2018-02-06,0.4169041634784258,0.4611057392027365,0.44886363636363635,Mid,0.0009429505625686285
2018-02-07,0.40826714098411676,0.46150198073488763,0.4326241134751773,Mid,-0.01830804306028827
2018-02-08,0.4023404940376425,0.4568745977812098,0.42776203966005666,Mid,0.016798818777194358
2018-02-09,0.3921930558874535,0.4441314273413017,0.4101838755304102,Mid,0.026709221488671053
2018-02-12,0.40159443057997063,0.4448233754569055,0.4279661016949153,Mid,-0.048345635057110564
2018-02-13,0.40300767569356893,0.443988738370706,0.4301833568406206,Mid,-0.02375754925423748
2018-02-14,0.4021129110104293,0.4478624092181021,0.428169014084507,Mid,0.024296446301657004
2018-02-19,0.4097251629589876,0.4589608358024975,0.4388185654008439,Mid,0.03865927280156928
2018-02-20,0.4087976346203463,0.4608471090476746,0.43679775280898875,Mid,-0.009739716901486895
2018-02-21,0.4027653376330809,0.454918291409866,0.42917251051893407,Mid,0.008256333255680148
2018-02-22,0.40455944519347214,0.4570522922458939,0.43137254901960786,Mid,-0.004029993947175375
2018-02-23,0.40706766337464906,0.4659848841184453,0.43496503496503497,Mid,0.02287870302107614
2018-02-26,0.40866796861114957,0.4657222068035142,0.43854748603351956,Mid,0.0019322776641803596
2018-02-27,0.4114990404049794,0.4691020723955805,0.44490934449093444,Mid,-0.010014179929079492
2018-02-28,0.4119293965665705,0.468844660064571,0.44707520891364905,Mid,0.01105343286897656
2018-03-02,0.40957540736117143,0.47302043687559464,0.44089012517385257,Mid,-0.013106897367158837
2018-03-05,0.4119179353043041,0.47738591538058556,0.44722222222222224,Mid,-0.01325755370760437
2018-03-06,0.4220719134861641,0.4942796364879653,0.46879334257975036,Mid,0.04343699813529123
2018-03-07,0.42156031092217566,0.4938134618728945,0.46814404432132967,Mid,0.001729208155834605
2018-03-08,0.4481680041969967,0.5183033291914895,0.5103734439834025,Mid,0.023526062834061
2018-03-09,0.45498725064327883,0.5236208309416367,0.5400552486187845,Mid,-0.016070450605810055
2018-03-12,0.41077341688988334,0.494198838572473,0.4413793103448276,Mid,0.028331829966606853
2018-03-13,0.4120010488118539,0.494627419123165,0.4476584022038568,Mid,-0.008214202928497422
2018-03-14,0.42555376794636013,0.506899039681633,0.47042640990371387,Mid,-0.04051789911070669
2018-03-15,0.4288332393736536,0.5095538511063539,0.4739010989010989,Mid,0.011861306313073944
2018-03-16,0.4248012245581891,0.5047121096953858,0.4691358024691358,Mid,0.0012848096083372673
2018-03-19,0.4379445901318384,0.5192283282249873,0.4917808219178082,Mid,-0.02274956037634407
2018-03-20,0.4368160720605121,0.519033462084815,0.4897400820793434,Mid,0.015837273865213386
2018-03-21,0.42790159528756916,0.5111330513249436,0.4713114754098361,Mid,0.012475925832616364
2018-03-22,0.4349094970577389,0.5166991264377457,0.4843110504774898,Mid,-0.006792103053182202
2018-03-23,0.43288400854334014,0.5155537053194686,0.4768392370572207,Mid,0.014273309444152033
2018-03-26,0.4318465592116996,0.5148162242345818,0.47619047619047616,Mid,-0.005014703223568867
2018-03-27,0.42591602732265404,0.5080213404116848,0.4673913043478261,Mid,-0.002385299933801377
2018-03-28,0.4029461056316453,0.5082128410487182,0.41655359565807326,Mid,-0.009408144477594832
2018-03-29,0.4280409699764471,0.5288745204377566,0.47289972899729,Mid,-0.01571819321540205
2018-03-30,0.3949797887080424,0.4999689874900442,0.40054127198917455,Mid,-0.007095486826681124
2018-04-02,0.390414078589864,0.4962381863729793,0.3864864864864865,Mid,-0.02680486456050432
2018-04-03,0.3951688350864431,0.5043709093347456,0.40215924426450744,Mid,-0.01092033164803946
2018-04-04,0.39615433897291646,0.5081765576943846,0.4056603773584906,Mid,0.0024703619926468023
2018-04-05,0.42558833485785663,0.5418341674697271,0.4697173620457604,Mid,0.03678355028193553
2018-04-06,0.4246367042425734,0.5408553819016674,0.46639784946236557,Mid,-0.0035642777745845677
2018-04-09,0.3877178080532225,0.5192277744405235,0.37986577181208053,Mid,0.003351270790583144
2018-04-10,0.3859523064206028,0.5140639692301859,0.3699731903485255,Mid,-0.019779529931763296
2018-04-11,0.3744329158217341,0.5056075503679336,0.33467202141900937,Mid,-0.00429673754064272
2018-04-12,0.3703948275564514,0.4981243596851124,0.3315508021390374,Mid,0.026023715132415776
2018-04-13,0.3646907960931702,0.4954223186111493,0.32843791722296395,Mid,-0.012509648417535824
2018-04-16,0.3597420440782921,0.4911353815032018,0.32666666666666666,Mid,-0.02256915619747399
2018-04-17,0.3660454494054579,0.49644534088623365,0.33288948069241014,Mid,-0.015948950360154812
2018-04-18,0.3629419348433765,0.49421034069203246,0.3271276595744681,Mid,-0.0016994156354094014
2018-04-19,0.36640103719715267,0.5016882319522674,0.3346613545816733,Mid,0.008853624067361954
2018-04-20,0.3644396958726355,0.49495179917323356,0.32891246684350134,Mid,0.0034444609095221623
2018-04-23,0.3704439995709586,0.49971570373944124,0.33774834437086093,Mid,-0.017292979459127833
2018-04-24,0.3614914455823117,0.48735711863613407,0.3253968253968254,Mid,0.008561540916969701
2018-04-25,0.3722815032288766,0.49797294049134505,0.3394980184940555,Mid,-0.025265306465577952
2018-04-26,0.36389204285587756,0.493581941105369,0.32849604221635886,Mid,0.03224231176015602
2018-04-27,0.3582489448540896,0.4924211894431743,0.3214756258234519,Mid,-0.01024072052066538
2018-04-30,0.36353064319122913,0.49156742410883075,0.32894736842105265,Mid,-0.026761142544274003
2018-05-02,0.3733200517739775,0.49472161487616084,0.3442838370565046,Mid,0.025018790270308233
2018-05-03,0.3619979876347679,0.48875275619801023,0.32545931758530183,Mid,0.013850005250967051
2018-05-04,0.36686658735489996,0.4737559467670207,0.3394495412844037,Mid,0.03955187104599711
2018-05-08,0.37231006225879004,0.4729293940118781,0.34424083769633507,Mid,0.023154236294901764
2018-05-09,0.3785683117131566,0.464049992873757,0.3607843137254902,Mid,-0.016597601432489284
2018-05-10,0.3701544550633716,0.4570816977832825,0.3394255874673629,Mid,0.014939536856510394
2018-05-11,0.37155012487565503,0.4697452746369554,0.3428943937418514,Mid,-0.0039394363493074624
2018-05-14,0.33821506309055677,0.4588660612670205,0.2903645833333333,Mid,0.013843569950220791
2018-05-15,0.3281983415836705,0.45520350227743184,0.26918075422626786,Mid,-0.002778366733343862
2018-05-16,0.3407247384735685,0.4578468611299357,0.2935064935064935,Mid,-0.02075186195849199
2018-05-17,0.32035697852350903,0.4344683625452739,0.25810635538262,Mid,0.011022800588685433
2018-05-18,0.3230777260265245,0.43351033647272447,0.25906735751295334,Mid,0.017511044783382834
2018-05-21,0.3279199674781793,0.4363868266040927,0.2703751617076326,Mid,-0.003969102844843142
2018-05-23,0.3364709473062843,0.43987614058115576,0.29198966408268734,Mid,-0.020241425817745073
2018-05-24,0.3413354137166395,0.43403715992735953,0.29806451612903223,Mid,-0.001454446877757476
2018-05-25,0.3336526884179727,0.4256175187833802,0.2847938144329897,Mid,0.007682947918204425
2018-05-28,0.351487075313987,0.43187718505385053,0.3153153153153153,Mid,-0.03670241720546022
2018-05-29,0.35410147135384035,0.4347137694888324,0.32005141388174807,Mid,0.009070695304481707
2018-05-30,0.35073676940011705,0.4339815372759392,0.31322207958921694,Mid,-0.003984069732073908
2018-05-31,0.3533743198106789,0.43368904842662187,0.3192307692307692,Mid,0.018677762582366586
2018-06-01,0.3365831849505929,0.39745259926423504,0.2919334186939821,Mid,-0.017576416269654282
2018-06-04,0.34359923020705047,0.40511939577388373,0.30434782608695654,Mid,0.013723262622956978
2018-06-05,0.3529912358910729,0.4029591112048136,0.31928480204342274,Mid,-0.007468182237789611
2018-06-07,0.3515670104105475,0.4056062633731518,0.31760204081632654,Mid,-0.002493505875314883
2018-06-08,0.3658357276464534,0.4115793250642981,0.34777070063694265,Mid,-0.005641677528236327
2018-06-11,0.357771156977912,0.40835680972108124,0.3320610687022901,Mid,0.009634461531414423
2018-06-12,0.33484018165431206,0.3845005524071108,0.28716645489199494,Mid,-0.000983201031492409
2018-06-14,0.3314747045388293,0.39227481515583484,0.2753807106598985,Mid,-0.01010696002265718
2018-06-15,0.3353555185282872,0.3962210758511064,0.2902408111533587,Mid,0.0032398025959822496
2018-06-18,0.3416910160462536,0.4088065922950139,0.3012658227848101,Mid,-0.031739848710541696
2018-06-19,0.3400426215090689,0.4120732370001671,0.2970922882427307,Mid,-0.009143841381267004
2018-06-20,0.34665792124398953,0.42258340787289805,0.3106060606060606,Mid,0.004721467758915465
2018-06-21,0.345654430395873,0.4254878930918195,0.308953341740227,Mid,-0.006591355314460784
2018-06-22,0.3632079857106567,0.4500159337833367,0.34634760705289674,Mid,0.026724923368004805
2018-06-25,0.38367165093090644,0.46711206321445636,0.39748427672955977,Mid,0.028824487097348972
2018-06-26,0.38963459866038724,0.4726600207359614,0.4221105527638191,Mid,0.0005735820914936351
2018-06-27,0.4023787936125849,0.4792735205981031,0.45420326223337515,Mid,-0.027200876773452454
2018-06-28,0.4042727268723383,0.47632622903894734,0.45864661654135336,Mid,0.025219669838644265
2018-06-29,0.4054531072367881,0.47655888217555287,0.46057571964956195,Mid,-0.009245973331193091
2018-07-02,0.3912305953251977,0.4763998294612619,0.4275,Mid,-0.00582029833608641
2018-07-03,0.39567547968444194,0.4811119287679138,0.4419475655430712,Mid,0.0019016499725191816
2018-07-04,0.3973712751475638,0.4810793900053414,0.44389027431421446,Mid,-0.0006414888040079392
2018-07-05,0.37493518248053864,0.44554547821820073,0.3698630136986301,Mid,0.007245683934414854
2018-07-06,0.3802450928162098,0.4548253579791777,0.3843283582089552,Mid,0.017036343014360078
2018-07-09,0.4044343534527511,0.4740221138361469,0.462111801242236,Mid,-0.0146890764737993
2018-07-10,0.41691269766224504,0.48831298066128087,0.4975186104218362,Mid,-0.011354957350227707
2018-07-11,0.42718255047181786,0.49992521637304094,0.5130111524163569,Mid,-0.024144089009397823
2018-07-12,0.42745268077013154,0.5012939940735649,0.5148514851485149,Mid,-0.016422510031945503
2018-07-13,0.42924741452331855,0.5035677153309733,0.5203955500618047,Mid,-0.010655761247299222
2018-07-16,0.42022465445216217,0.4959830885710345,0.5,Mid,0.014091214975669258
2018-07-17,0.41722703975767433,0.49364286644764954,0.4969173859432799,Mid,-0.011028871138474644
2018-07-18,0.4220721018517959,0.4969807868519975,0.5061576354679803,Mid,-0.014480656761183514
2018-07-19,0.41915985782801757,0.49322316437631625,0.4993849938499385,Mid,-0.009631379858548672
2018-07-20,0.41308669978009754,0.48647663649473083,0.48157248157248156,Mid,-0.009478120579508392
2018-07-23,0.43758788211129024,0.49750841877231117,0.5435582822085889,Mid,0.04029440528679262
2018-07-24,0.4256138113083354,0.484629595154285,0.5122549019607843,Mid,-0.013391494199858578
2018-07-25,0.41059727244722505,0.46662917490001804,0.4724602203182375,Mid,0.00843477724326333
2018-07-26,0.41788980045997065,0.4678455478124943,0.49755501222493886,Mid,0.03038660671278498
2018-07-27,0.4326791995713271,0.48469142753197314,0.5286935286935287,Mid,0.007390941806778462
2018-07-30,0.42915232668215625,0.49098385171815667,0.5231707317073171,Mid,0.0062607918736466706
2018-07-31,0.4264011843170505,0.493289833686843,0.5140073081607796,Mid,0.0018964622738505688
2018-08-01,0.42824634549550994,0.4976502095468254,0.5218978102189781,Mid,-0.005659602912682499
2018-08-02,0.3931899891221861,0.4846049532221361,0.42284325637910086,Mid,0.0023867857738928966
2018-08-03,0.4018868933301774,0.5032371277039391,0.4441747572815534,Mid,0.012524607647601438
2018-08-06,0.39510782306367925,0.49783532007032477,0.4290909090909091,Mid,0.005278438592946744
2018-08-07,0.4098426113441022,0.5079052681115601,0.47094430992736075,Mid,-0.007753313322196115
2018-08-08,0.4195796546609263,0.5177514960995657,0.5006045949214026,Mid,0.00287336635319968
2018-08-09,0.41727213702066757,0.5158340842481178,0.49516908212560384,Mid,-0.004595553949791054
2018-08-10,0.4298027800331425,0.5245678228336138,0.5295536791314838,Mid,0.009155441063998127
2018-08-13,0.42280886429926423,0.5298263664483183,0.5084337349397591,Mid,-0.010822374228313475
2018-08-14,0.38488935735377944,0.4950653146271475,0.38868832731648617,Mid,-0.0016164246209645627
2018-08-16,0.3675328501649866,0.477059205476087,0.3449519230769231,Mid,-0.01678919890658742
2018-08-17,0.37121119494015,0.4818251580181144,0.34933973589435774,Mid,0.000534310453932596
2018-08-20,0.40619756121285916,0.5096750040149712,0.4580335731414868,Mid,0.048965248123767235
2018-08-21,0.406393665428439,0.5085931088143807,0.45868263473053894,Mid,-0.008076170153381329
2018-08-22,0.43954449308193766,0.5396166138492876,0.55622009569378,Mid,0.02551040576526986
2018-08-23,0.4175267069651292,0.5356873584035451,0.4982078853046595,Mid,-4.544621685281802e-06
2018-08-24,0.4224901988518926,0.5367976560683211,0.5107398568019093,Mid,-0.018908173229192582
2018-08-27,0.42770501394696686,0.5296501157699379,0.5244338498212158,Mid,-0.018097360210330315
2018-08-28,0.43014952823651664,0.5281939539017103,0.5345238095238095,Mid,0.02451723041534709
2018-08-29,0.4217859048875617,0.5258926710762228,0.5065398335315101,Mid,0.0019647892730269845
2018-08-30,0.4072374919435267,0.5110279160152967,0.45961995249406173,Mid,-0.000658103433588908
2018-08-31,0.4106037380260068,0.512107565296318,0.4709371293001186,Mid,-0.011468925285264664
2018-09-03,0.4110995572521874,0.5083672862639642,0.4727488151658768,Mid,0.018664709981445093
2018-09-04,0.42062455003507226,0.5108560160384837,0.5053254437869823,Mid,-0.01702493592461657
2018-09-05,0.43459906174446444,0.5110271907292724,0.5472813238770685,Mid,0.02405929255773931
2018-09-06,0.4402318939706347,0.5156015402725677,0.5619834710743802,Mid,0.012993491421781245
2018-09-07,0.4536167465547125,0.5155240208408848,0.5966981132075472,Mid,0.008179004646592714
2018-09-10,0.45109627898059096,0.5127599888488216,0.5889281507656066,Mid,-0.0013812674176859607
2018-09-11,0.42531720108747956,0.475385773263942,0.5141176470588236,Mid,0.005797342905628999
2018-09-12,0.4201909365751522,0.4602682290172657,0.4994124559341951,Mid,0.0025882276274892257
2018-09-13,0.42659075656323253,0.4639529023698437,0.5211267605633803,Mid,0.020595335425797
2018-09-14,0.43248584017474584,0.45646943054600997,0.5404454865181711,Mid,-0.015739015480541685
2018-09-17,0.4344269813485873,0.44390435036285,0.544496487119438,Mid,0.020970569754326818
2018-09-18,0.41322904978216085,0.42271277886477865,0.47485380116959064,Mid,0.002253796852757617
2018-09-19,0.42522589009237205,0.43396868626981516,0.5128504672897196,Mid,-0.01754317481042328
2018-09-20,0.4056886846696523,0.41022261155644557,0.4457409568261377,Mid,-0.0005486696025455429
2018-09-21,0.38225272782494507,0.3970730977668891,0.36946386946386944,Mid,-0.004675712216096417
2018-09-27,0.37814619949592254,0.4024908585526163,0.3585564610011641,Mid,0.021949496923001993
2018-09-28,0.3832992779523394,0.3843268063828882,0.3732558139534884,Mid,0.005862343908130702
2018-10-01,0.3754517924034773,0.3758819942168283,0.3507549361207898,Mid,0.011922663241642317
2018-10-02,0.3935506719360066,0.37740142799195037,0.41299303944315546,Mid,0.03394134538049737
2018-10-04,0.3992649848746799,0.3790161403334007,0.4298957126303592,Mid,0.01784354535615723
2018-10-05,0.4147646361545634,0.3924554828087961,0.48148148148148145,Mid,-0.022091336615596147
2018-10-08,0.4688866247420462,0.4662262688399499,0.6624277456647398,Mid,-0.05345026869255434
2018-10-10,0.4271420774224434,0.4346405834788292,0.5254041570438799,Mid,-0.00797473978275079
2018-10-11,0.4184917101389985,0.46096884948698746,0.4982698961937716,Mid,-0.0025871798089591447
2018-10-12,0.4211361590886535,0.4663436685563283,0.5069124423963134,Mid,-0.004711403224530675
2018-10-15,0.42544527662778914,0.46948460665700426,0.5189873417721519,Mid,0.020961387146293253
2018-10-16,0.42482014237343374,0.4701248795986901,0.5160919540229885,Mid,0.0025954424178939173
2018-10-17,0.4214034959750003,0.458956445629963,0.5063145809414467,Mid,-0.022190718184912223
2018-10-18,0.4222785694739102,0.46223392235446475,0.5114678899082569,Mid,-0.008417858604278183
2018-10-19,0.42761679917358575,0.4637859532733557,0.5326460481099656,Mid,-0.016485809028443488
2018-10-22,0.43211172967286493,0.4686595218392684,0.5480549199084668,Mid,-0.008444035222681223
2018-10-23,0.40889124677367533,0.4824987329175394,0.45485714285714285,Mid,-0.014848509860488607
2018-10-24,0.40565505331735774,0.48147817539886034,0.4429223744292237,Mid,0.0016529265521516012
2018-10-25,0.41869864509431104,0.4897364693178153,0.4960091220068415,Mid,0.018127453300507274
2018-10-26,0.42537898852126793,0.5042823082073457,0.520501138952164,Mid,-0.0256932250320982
2018-10-29,0.42321536130942405,0.5031448370414203,0.5142207053469852,Mid,0.004920155724412872
2018-10-30,0.4208167000735908,0.5065695870027744,0.5034090909090909,Mid,0.011447256012289686
2018-10-31,0.4192750889108547,0.509279994388796,0.4960272417707151,Mid,0.016822175295839903
2018-11-01,0.4148026102018704,0.498709427785977,0.47505668934240364,Mid,-0.044654746205403856
2018-11-02,0.41929514478047847,0.529370454438395,0.4971687429218573,Mid,0.011535395368094392
2018-11-05,0.4146196461050724,0.5238660685448316,0.47285067873303166,Mid,-0.000542740212493148
2018-11-06,0.4370134959699423,0.5454652881999372,0.5717514124293785,Mid,0.04209025473151129
2018-11-07,0.4418848684444494,0.5509462770137287,0.582392776523702,Mid,-0.01883733755828715
2018-11-08,0.45732989867934615,0.5660890048638787,0.6302142051860203,Mid,0.03540458573676031
2018-11-09,0.4583677633664771,0.5662961798078566,0.634009009009009,Mid,0.011530511681860894
2018-11-12,0.47259216615795685,0.575869079488247,0.6827896512935883,Mid,0.0325179684495126
2018-11-13,0.46882549020137043,0.5684946990441045,0.6696629213483146,Mid,-0.0062198592652469575
2018-11-14,0.4744966895576834,0.5730193810331621,0.6857463524130191,Mid,-0.016247909804128963
2018-11-15,0.4724060113891419,0.5721190068631917,0.6816143497757847,Mid,0.006051699146200795
2018-11-16,0.46975947579339267,0.5667411797816763,0.6730123180291153,Mid,0.04258102075322545
2018-11-19,0.44364462054351717,0.5463806559472008,0.5805369127516778,Mid,-0.011493287393119583
2018-11-20,0.44388842003062895,0.5464325256408554,0.582122905027933,Mid,0.013881033928767439
2018-11-21,0.43758207518363923,0.5415034887351339,0.5669642857142857,Mid,-0.0017920136364334704
2018-11-22,0.44244072895248987,0.5453906047004046,0.5774804905239688,Mid,-0.017698057387569466
2018-11-23,0.43992232688646515,0.5454201630730687,0.5701559020044543,Mid,0.010390085992648401
2018-11-26,0.44386989799672943,0.5458104184495756,0.5828698553948832,Mid,-0.022865904308713603
2018-11-27,0.44583337727667854,0.5444103907119314,0.5877777777777777,Mid,-0.01487937694866967
2018-11-28,0.44142254675908793,0.5410186734852677,0.5715871254162043,Mid,0.01369177153588852
2018-11-29,0.45212995877836243,0.5478425517679614,0.6097560975609756,Mid,-0.018162266632992835
2018-11-30,0.4436136417478322,0.5421743310378999,0.5791805094130675,Mid,0.002620004898989836
2018-12-03,0.43917328903558156,0.5509173269371036,0.5652654867256637,Mid,0.034902844010098466
2018-12-04,0.43120984793539757,0.5465563874756162,0.538121546961326,Mid,0.008024012989052004
2018-12-05,0.4245490073629634,0.5463078354602622,0.5055187637969095,Mid,-0.003335433266966309
2018-12-06,0.41783989892064205,0.5447159588331462,0.4785005512679162,Mid,-0.009462255488430465
2018-12-07,0.41451653934360144,0.542572996661519,0.460352422907489,Mid,0.017649365574659487
2018-12-10,0.41894331531676093,0.5450414107945839,0.48404840484048406,Mid,0.013288923277129355
2018-12-11,0.4248900846308057,0.5503381653615491,0.510989010989011,Mid,-0.005830313713414553
2018-12-12,0.43190539461391886,0.5645065163140695,0.5433589462129528,Mid,0.03315766477067761
2018-12-13,0.4278074418449727,0.559426561253168,0.5285087719298246,Mid,0.03760329807821189
2018-12-14,0.43491322140161975,0.5567629123470977,0.5575027382256298,Mid,0.04010788765259643
2018-12-17,0.4382054694804906,0.5585359239562423,0.5689277899343544,Mid,-0.022018611574508656
2018-12-18,0.44115723123377465,0.5610789863625905,0.5737704918032787,Mid,-0.010612852888252228
2018-12-19,0.44828996427276424,0.559235478928607,0.601528384279476,Mid,-0.03843493979503951
2018-12-20,0.44747368420102923,0.5588857565230368,0.5976008724100327,Mid,-0.0015990427332337465
2018-12-21,0.4472094794399131,0.5584226250388548,0.5969498910675382,Mid,0.00440279319615916
2018-12-24,0.4529092970490482,0.5605346122789238,0.6180631120783461,Mid,-0.022356927091019052
2018-12-26,0.4674318551991312,0.5762490095409681,0.6684782608695652,Mid,-0.03638059167785446
2018-12-27,0.4727083265462692,0.5800962533094263,0.6927252985884907,Mid,0.03037156001781402
2018-12-28,0.4636349637107855,0.5786420310895144,0.6540130151843818,Mid,-0.00585602437162519
2019-01-02,0.46664761517982845,0.5875140568943166,0.6652221018418202,Mid,-0.011588150526004454
2019-01-03,0.4466599637747639,0.5697652625193165,0.591991341991342,Mid,0.014558159898487688
2019-01-04,0.408577341522417,0.5427442910241745,0.4291891891891892,Mid,0.005495784736695125
2019-01-07,0.43060306751063165,0.5555469807508596,0.5334773218142549,Mid,-0.02400846131748624
2019-01-08,0.45208499914805317,0.5415299192809043,0.6138079827400216,Mid,-0.08954558174212596
2019-01-09,0.45202414638905136,0.5381640553717045,0.6131465517241379,Mid,-0.015848826328626164
2019-01-10,0.43235873360259264,0.5206101600822166,0.5382131324004306,Mid,-0.0232466006246356
2019-01-11,0.43643911141793224,0.5219195588287479,0.5548387096774193,Mid,-0.023113322348978865
2019-01-14,0.44277218658147044,0.5291323551612718,0.5767991407089151,Mid,0.01826823965855459
2019-01-15,0.41107218905743914,0.5079482237502501,0.4388412017167382,Mid,0.07161454460081496
2019-01-16,0.40355813117853995,0.5027460773208029,0.4105037513397642,Mid,0.010252850286486204
2019-01-17,0.41096502673127216,0.5075594687528429,0.43897216274089934,Mid,-0.036004026087513546
2019-01-18,0.4110791336836703,0.5003160081840996,0.4406417112299465,Mid,0.014911534672750082
2019-01-21,0.4109717406164195,0.4987924810448183,0.4391025641025641,Mid,0.02983897046638584
2019-01-22,0.4109395606494321,0.5006434319162346,0.4375667022411953,Mid,-0.002320275779625597
2019-01-23,0.38513696478734566,0.46798975955674876,0.35394456289978676,Mid,0.051124476867531465
2019-01-24,0.37520954389411054,0.45882632288533554,0.32055378061767836,Mid,0.03340309975402553
2019-01-25,0.3756741787338398,0.45765703455241874,0.32340425531914896,Mid,-0.005371787031628605
2019-01-28,0.37343581171096635,0.45366450123679636,0.31562167906482463,Mid,0.022932502268710075
2019-01-29,0.3591042433579065,0.4379360310229287,0.28768577494692144,Mid,-0.05887116067087475
2019-01-30,0.35961383967347854,0.42522167552642115,0.28844114528101805,Mid,-0.0071713899903152745
2019-01-31,0.3348736025521976,0.39977248059025855,0.24152542372881355,Mid,0.006884199991283424
2019-02-01,0.3343154292282479,0.39579381203944414,0.2402116402116402,Mid,-0.04325178377760666
2019-02-07,0.3224015631990644,0.3823218598469962,0.21141649048625794,Mid,0.0022411427520132587
2019-02-08,0.30715703420055585,0.36733501299939175,0.19746568109820486,Low,-0.0008609499365655471
2019-02-11,0.3071629648906784,0.36789926004554047,0.19831223628691982,Low,-0.005991650274149274
2019-02-12,0.2966725420121889,0.36099435352772136,0.18756585879873552,Low,0.004710414539516483
2019-02-13,0.2995161221632188,0.36161087215143856,0.19263157894736843,Low,-0.017419567695637322
2019-02-14,0.31599603466602355,0.3744735712045797,0.2082018927444795,Mid,-0.03163452236630101
2019-02-15,0.32252490140094386,0.3769309547287107,0.21638655462184875,Mid,0.02358481316826544
2019-02-18,0.30822533358781823,0.3661896507522942,0.20041972717733472,Mid,0.007734715710660867
2019-02-19,0.3129155214258636,0.3718902004086071,0.20649895178197064,Mid,-0.0009202258618788983
2019-02-20,0.3080406644498313,0.36908620221252386,0.2,Low,-0.007445723745807653
2019-02-21,0.3128487654011918,0.37259297998843993,0.20711297071129708,Mid,0.029280963589666326
2019-02-22,0.3112923795115877,0.37013723263187365,0.2058516196447231,Mid,0.0003424439506113375
2019-02-25,0.3107559205921599,0.37080463993966933,0.2045929018789144,Mid,0.0065300391789180345
2019-02-26,0.3056327363075132,0.3708368082185354,0.19708029197080293,Low,-0.015502557460681113
2019-02-27,0.3030583821477231,0.3696952525236034,0.19270833333333334,Low,-0.00528487414210151
2019-02-28,0.30565682104969305,0.37057328811295287,0.1987513007284079,Low,0.014245672490484288
2019-03-04,0.30246987360052996,0.36874493784109713,0.19230769230769232,Low,-0.004789533750145718
2019-03-05,0.49052386148662386,0.5181447659352139,0.735202492211838,Mid,0.00040537646710066727
2019-03-06,0.4884435835353442,0.5080127162135465,0.729253112033195,Mid,-0.00046603219252946043
2019-03-07,0.49345644755981555,0.5194497806295778,0.7430051813471502,Mid,-0.02449764472458175
2019-03-08,0.4884088552175876,0.5193434108619052,0.727743271221532,Mid,-0.004592824215054507
2019-03-11,0.48406684162389624,0.5073690347069717,0.718717683557394,Mid,-0.0009723295448595589
2019-03-12,0.48740637494782635,0.5103491320742116,0.7262396694214877,Mid,-0.0024188338333946215
2019-03-13,0.4788131193032075,0.5058885740678263,0.7100103199174407,Mid,0.00215131439691274
2019-03-14,0.47926382334105266,0.506465895634644,0.7123711340206186,Mid,0.001947746714446678
2019-03-15,0.4848398202113766,0.497325292153951,0.7198764160659115,Mid,-0.0031382850241789364
2019-03-18,0.4864117972757945,0.4923352354018635,0.7242798353909465,Mid,-0.015826113707489358
2019-03-19,0.4762140919350104,0.4903769487270771,0.7029804727646455,Mid,0.007717314602838865
2019-03-20,0.47570583445244896,0.4902580258787035,0.702258726899384,Mid,-0.009443161898808746
2019-03-21,0.4846730475562997,0.49776064237629863,0.717948717948718,Mid,-0.0118885886781502
2019-03-22,0.4619587104627603,0.48718581551940227,0.6536885245901639,Mid,-0.013846236220395824
2019-03-25,0.4618935968968363,0.4955492244312431,0.6530194472876152,Mid,-0.008163393713209363
2019-03-26,0.4694993205178229,0.5030871857436078,0.6860940695296524,Mid,0.02647464082194606
2019-03-27,0.4681010596687245,0.5002468261309074,0.6741573033707865,Mid,-0.00837458056366073
2019-03-28,0.4446359694413251,0.4649919656814155,0.5887755102040816,Mid,-0.019649006911532558
2019-03-29,0.4343119843236831,0.46295694155830186,0.54638124362895,Mid,0.02369461754476032
2019-04-01,0.4338429422826702,0.47289837581844923,0.5458248472505092,Mid,0.015491310556838242
2019-04-02,0.4342476730411399,0.46308357695772484,0.5462868769074263,Mid,-0.012554900985626652
2019-04-03,0.4090057152948061,0.4521471457974722,0.4349593495934959,Mid,-0.009985023831876308
2019-04-04,0.411212339566716,0.4502414138309782,0.44873096446700506,Mid,0.000812957720561965
2019-04-05,0.3962888567454583,0.4474773788041115,0.39858012170385393,Mid,0.010110667309110477
2019-04-08,0.37997897676288767,0.4240546193631429,0.3414387031408308,Mid,-0.013507287907081889
2019-04-09,0.38827620390929507,0.4328394014600188,0.37449392712550605,Mid,0.008826210889704256
2019-04-10,0.39094365083122695,0.4370585333499209,0.38018200202224467,Mid,7.78984472083651e-05
2019-04-11,0.38947059147318824,0.43898329827860044,0.37575757575757573,Mid,0.007190651068639919
2019-04-12,0.38756151164800645,0.4415654728365171,0.3703329969727548,Mid,0.00464046944066047
2019-04-15,0.38370997314972427,0.4309036334611478,0.3528225806451613,Mid,-0.007575552781844038
2019-04-16,0.39742576677745284,0.44428822487416025,0.4038267875125881,Mid,-0.004205856528520087
2019-04-17,0.390188961551583,0.4376264394595341,0.3782696177062374,Mid,-0.001922848775059031
2019-04-18,0.3850656090959201,0.4359795941450007,0.3597989949748744,Mid,-0.003999306836968808
2019-04-19,0.3814250994517769,0.43740939324707195,0.34437751004016065,Mid,-0.018392945029087688
2019-04-22,0.3836674511365101,0.43960029952426555,0.3510531594784353,Mid,-0.00704168781420315
2019-04-23,0.38669329107765166,0.4429998366024266,0.3687374749498998,Mid,-0.012206350727201415
2019-04-24,0.39209197763730935,0.4570773229430045,0.3893893893893894,Mid,-0.04415742128298755
2019-04-25,0.39265931411136723,0.4529816386029279,0.391,Mid,0.005309763806155471
2019-04-26,0.3628967868138542,0.42981917329962843,0.2947052947052947,Mid,-0.004059279973851221
2019-04-29,0.36314505422825843,0.4415728597237338,0.2964071856287425,Mid,-0.006212544867274461
2019-04-30,0.3608308011495008,0.43838919330738485,0.292123629112662,Mid,-0.008474339450072513
2019-05-02,0.45280254871369113,0.5294179310152727,0.6284860557768924,Mid,0.020186594313004846
2019-05-03,0.3905742953587307,0.4836774349794766,0.3850746268656716,Mid,0.011172695353184695
2019-05-07,0.442961923600649,0.5395914635923228,0.5894632206759444,Mid,-0.022791100522534153
2019-05-08,0.4774731244212685,0.5708289134553862,0.7130089374379345,Mid,-0.007194192894044327
2019-05-09,0.478818288653577,0.5971801172119807,0.7172619047619048,Mid,-0.006038531142860126
2019-05-10,0.4877337718814037,0.6041153884213877,0.7383548067393458,Mid,0.0052310355442320615
2019-05-13,0.475990905865888,0.6085406327800452,0.7089108910891089,Mid,-0.009279497930447467
2019-05-14,0.4428551319157343,0.6000553203233475,0.5865479723046488,Mid,-0.015301291124965847
2019-05-15,0.431853160660608,0.6092129196338921,0.5434782608695652,Mid,0.01878745301533839
2019-05-16,0.4317933408882783,0.6068844601938995,0.5419545903257651,Mid,0.003039864578461726
2019-05-17,0.4316514190050049,0.6077469675628828,0.5414201183431953,Mid,-0.005227513996051332
2019-05-20,0.43137904050142556,0.6078151966583362,0.5399014778325123,Mid,-1.1055389664467915e-05
2019-05-21,0.39262920670217366,0.590757617656446,0.3887795275590551,Mid,-0.022452195974113492
2019-05-22,0.39228450178480173,0.5898432371278423,0.38839724680432647,Mid,-0.023402926561060133
2019-05-23,0.3998266416019787,0.5920913138346018,0.412573673870334,Mid,0.017034829049874356
2019-05-24,0.3999649557125189,0.5965177727151273,0.41315014720314036,Mid,-0.016069940328318322
2019-05-27,0.40524704361162683,0.6013261555505748,0.4264705882352941,Mid,-0.03009189557747874
2019-05-28,0.39404215322610997,0.6020257802793152,0.39275220372184133,Mid,0.0067530828603822035
2019-05-29,0.399180392048014,0.6070593456762584,0.4090019569471624,Mid,0.008155308731462946
2019-05-30,0.40349783509538123,0.614129923335712,0.4232649071358749,Mid,0.004884673670659118
2019-05-31,0.37379856362565667,0.5892200407682456,0.3154296875,Mid,0.00199474134263522
2019-06-03,0.34792621120305106,0.5717443767274522,0.26146341463414635,Mid,-0.009617745203329559
2019-06-04,0.34478787606280914,0.5611870368802725,0.25633528265107214,Mid,0.007055722197620712
2019-06-05,0.37846954196573357,0.5860233307315145,0.3310613437195716,Mid,-0.011081361027984127
2019-06-07,0.3819690419199471,0.5877289723538041,0.3424124513618677,Mid,-0.00032701317840092003
2019-06-10,0.39556387978027746,0.603370362490039,0.4042759961127308,Mid,-0.009536391648870962
2019-06-11,0.3954356490172886,0.6030240419634957,0.40388349514563104,Mid,-0.008441837187653983
2019-06-12,0.44511665666907096,0.6202503564380452,0.6052376333656644,Mid,0.022564102160735372
2019-06-13,0.4368321953933589,0.6170752681352195,0.5746124031007752,Mid,0.0003346042612746847
2019-06-14,0.43561438456223023,0.617310870704251,0.5682478218780251,Mid,-0.005132863262907045
2019-06-17,0.4283956131609756,0.6115863754798919,0.5367504835589942,Mid,-0.011057068198820602
2019-06-18,0.4227683008115992,0.6106226587660023,0.5091787439613527,Mid,0.00015568145913469333
2019-06-19,0.40409315130447826,0.6005427065147997,0.4266409266409266,Mid,-0.006084116780907062
2019-06-20,0.4004255144104814,0.5849005454868149,0.4156219864995178,Mid,-0.0037759319240595335
2019-06-21,0.4000510873433458,0.5859623274398479,0.41522157996146436,Mid,0.01179036998956956
2019-06-24,0.39885217246020654,0.5845393987587787,0.40904716073147257,Mid,-0.00032557756232920454
2019-06-25,0.38646045846970406,0.5703837575115768,0.36153846153846153,Mid,0.007407416589697319
2019-06-26,0.35820159128929796,0.5477770422271168,0.27857829010566765,Mid,-0.002654427544253546
2019-06-27,0.3616861773505007,0.5335317270707179,0.28598848368522073,Mid,-0.013442564700469228
2019-06-28,0.35619708711603915,0.534114358764579,0.2751677852348993,Mid,-0.01366859868149109
2019-07-01,0.3551418567974509,0.5378748123698512,0.27298850574712646,Mid,0.0019713172707607474
2019-07-02,0.35497469620735195,0.5366762720875262,0.2727272727272727,Mid,0.0013351300517110143
2019-07-03,0.3596524033500132,0.5498864661448165,0.28489483747609945,Mid,-0.010577438202081707
2019-07-04,0.34817181758152577,0.5457833991730415,0.25787965616045844,Mid,-0.004243918629648763
2019-07-05,0.3536027753227467,0.5513676841868204,0.2700381679389313,Mid,0.0079191421681033
2019-07-08,0.3642241304759708,0.5813608649194039,0.29837940896091514,Mid,-0.015360500415652956
2019-07-09,0.37254223446423573,0.5853799350059349,0.3142857142857143,Mid,-0.01981634646573377
2019-07-10,0.3720474923055786,0.5843663262920641,0.3120837297811608,Mid,0.008562911579202026
2019-07-11,0.38072680805571163,0.5916494424020259,0.34125475285171103,Mid,-0.002831472250023559
2019-07-12,0.383492025094136,0.5942874734426153,0.3513770180436847,Mid,0.013854169574550934
2019-07-15,0.39413085675593607,0.6023147663484723,0.39943074003795065,Mid,-0.010005805463927708
2019-07-16,0.39029430397472237,0.5944518648798914,0.3819905213270142,Mid,0.0003506824749840154
2019-07-17,0.37586468757516395,0.5912238761660871,0.32575757575757575,Mid,-0.005236357236960754
2019-07-18,0.3737668006424932,0.5900600137139898,0.31788079470198677,Mid,-0.004960229155429818
2019-07-19,0.37154133006658197,0.5992956771179198,0.30907372400756145,Mid,0.010647455318759269
2019-07-22,0.363857203400217,0.5891048796983256,0.29461756373937675,Mid,-0.013589842744430564
2019-07-23,0.3673823349026371,0.5879916808445103,0.30471698113207546,Mid,-0.011240660177036066
2019-07-24,0.3852127325731481,0.5989884937263255,0.3656927426955702,Mid,0.005737724351228907
2019-07-25,0.48455364703830384,0.6384016174095941,0.7391713747645952,Mid,-0.04739491559154482
2019-07-26,0.29012696624226514,0.4134444640388771,0.1599247412982126,Low,-0.011202176116122481
2019-07-29,0.32508007952395607,0.4127716524852502,0.21052631578947367,Mid,0.030664688296228898
2019-07-30,0.3452304109918181,0.42334821654292193,0.24976525821596243,Mid,-0.030023218427299103
2019-07-31,0.3443452026778868,0.4146842279775953,0.24859287054409004,Mid,0.013414890516158101
2019-08-01,0.3358202232864218,0.4072302453241894,0.2352389878163074,Mid,-0.008378428507059749
2019-08-02,0.3417960116073607,0.40769848299189304,0.24531835205992508,Mid,-0.028688520778423626
2019-08-05,0.35291238937028635,0.45536188835087477,0.2675397567820393,Mid,-0.026904217758750154
2019-08-06,0.3371459935842813,0.44801217502959884,0.2383177570093458,Mid,-0.01516020707231075
2019-08-07,0.33374612692725497,0.4456311252938205,0.226890756302521,Mid,-0.001198510954741161
2019-08-08,0.33159990541968426,0.4463959670663489,0.22201492537313433,Mid,0.009166050552243288
2019-08-09,0.33552764825674125,0.45476033825051476,0.23578751164958062,Mid,0.003102977841628385
2019-08-12,0.3334455166584213,0.45302879889281694,0.22532588454376165,Mid,-0.0005668796775878948
2019-08-13,0.34218338208337146,0.4574075145913051,0.24930232558139534,Mid,0.006956860887916805
2019-08-14,0.3660421201066249,0.48622635563069433,0.30947955390334575,Mid,-0.010321799564302486
2019-08-16,0.364839033603438,0.49080870419754247,0.3073351903435469,Mid,0.002124785342549479
2019-08-19,0.4290600333272662,0.5410670405190822,0.5556586270871985,Mid,0.05955272103862835
2019-08-20,0.42197088980539393,0.5368920736791891,0.5227062094531975,Mid,0.0113351506510464
2019-08-21,0.4464646374301717,0.5703405824783855,0.6268518518518519,Mid,0.006320122468339295
2019-08-22,0.4160131563944549,0.5335777171819484,0.4939870490286771,Mid,0.012100525637282866
2019-08-23,0.42044436891283227,0.5403467028058335,0.5157116451016636,Mid,0.009855051216480948
2019-08-26,0.42911178973373115,0.5567604739695096,0.556786703601108,Mid,-0.020670863233051145
2019-08-27,0.4365278079317612,0.5619823334013886,0.5904059040590406,Mid,-0.008795958697199763
2019-08-28,0.44134327859621886,0.5624926151926505,0.6046082949308755,Mid,-0.016145644128789438
2019-08-29,0.4478938488119329,0.5678101405326591,0.6335174953959485,Mid,0.005709177155694939
2019-08-30,0.44566418072000374,0.5781382204489636,0.6237350505979761,Mid,0.029168241483975288
2019-09-02,0.44068093644419576,0.5728121358399269,0.6011029411764706,Mid,0.010495349532214787
2019-09-03,0.4438484577687924,0.577414207575226,0.6170798898071626,Mid,0.0029503568157336624
2019-09-04,0.4440383787368065,0.5794464899371289,0.6192660550458715,Mid,-0.003577968814602317
2019-09-05,0.4511418105524394,0.5889064011589895,0.6443629697525206,Mid,-0.008025668214960563
2019-09-06,0.4541495036377398,0.591580439733549,0.6575091575091575,Mid,0.009812411820859401
2019-09-09,0.44847147968610135,0.5860611289087242,0.6376944190301921,Mid,0.021675625841541563
2019-09-10,0.4501637691472687,0.5882065453423558,0.6407678244972578,Mid,-0.0023965934969236435
2019-09-11,0.4507594907037342,0.5899731631754189,0.6429223744292237,Mid,0.0018874980419715248
2019-09-16,0.4593555264620616,0.5986091736371895,0.6788321167883211,Mid,0.01718829935204752
2019-09-17,0.4597703488251117,0.5992682310280929,0.6800364630811303,Mid,-0.00021090248160635094
2019-09-18,0.4719556086926884,0.6054855180188903,0.7213114754098361,Mid,-0.024577355727885858
2019-09-19,0.4777099357340535,0.6100721204594718,0.7343039126478617,Mid,-0.008401366039721025
2019-09-20,0.47518500539067454,0.6092669145453083,0.7290909090909091,Mid,0.001501899224548714
2019-09-23,0.4764632441410847,0.6100589265981387,0.7320617620345141,Mid,0.008590212791862673
2019-09-24,0.47032039765327566,0.6047304553593619,0.7168784029038112,Mid,-0.01592021692261744
2019-09-25,0.4722671917071814,0.6103535172565441,0.7207615593834995,Mid,-0.0058823546427867746
2019-09-26,0.4732741683508828,0.6113534374742152,0.7255434782608695,Mid,0.0023677436540250896
2019-09-27,0.474555299635381,0.6153474707100536,0.7276018099547511,Mid,-0.011457017013759813
2019-09-30,0.4743964890124313,0.6131576631239369,0.7251356238698011,Mid,0.006977000802675548
2019-10-01,0.47409112765863154,0.613121080751338,0.7244805781391147,Mid,-0.0027521454829800285
2019-10-02,0.47052274333079125,0.6117241273606935,0.7138989169675091,Mid,0.002152601124257969
2019-10-04,0.46632867466949296,0.5980121653248771,0.6925157799819658,Mid,-0.009576409066406444
2019-10-07,0.46642755393208085,0.5972745852263076,0.6927927927927928,Mid,0.006859930643674905
2019-10-08,0.4695614861403037,0.6044933895921333,0.7092709270927092,Mid,0.0254518525285356
2019-10-10,0.47199722584901366,0.6057097996533277,0.7185251798561151,Mid,0.003720946947314535
2019-10-11,0.4716187920861324,0.6026674629550731,0.7160826594788859,Mid,-0.01491930487544657
2019-10-14,0.46951637877001046,0.6032549899673592,0.7073608617594255,Mid,0.003439112237551445
2019-10-15,0.4712441760502839,0.60378325292519,0.7139013452914799,Mid,-0.008071785987462249
2019-10-16,0.47596117169376834,0.6030099320412555,0.7329749103942652,Mid,-0.016165778547151538
2019-10-17,0.4822345174690435,0.6085579951125081,0.7466427931960609,Mid,-0.01035834542048758
2019-10-18,0.4759223151098684,0.5975797242177572,0.7316636851520573,Mid,0.0007022448069255727
2019-10-21,0.46906073899026307,0.5921175274378966,0.7015192135835567,Mid,-0.007418409144809041
2019-10-22,0.4664860660089456,0.5952844950338113,0.6875,Mid,0.010490734973092053
2019-10-23,0.4686321116933579,0.5979228565037443,0.6975914362176628,Mid,-0.013379680703623137
2019-10-24,0.42088915352666706,0.5661897193539176,0.5008912655971479,Mid,-0.001013008341475996
2019-10-25,0.4417908226425153,0.5852121784601304,0.5894924309884239,Mid,0.0068501693341953
2019-10-28,0.4259952296422022,0.5874196043366858,0.5231316725978647,Mid,-0.0022936713133820674
2019-10-29,0.40615685521340916,0.5821681357837728,0.43644444444444447,Mid,-0.012101707027531883
2019-10-30,0.41847749605318457,0.5934516762679237,0.48756660746003555,Mid,-0.02948563625372569
2019-10-31,0.4174076923371514,0.5917084709492125,0.4835847382431233,Mid,-0.0002563938056794335
2019-11-01,0.4114567954675385,0.5786237562623658,0.4601063829787234,Mid,-0.019207375954317846
2019-11-04,0.39348209002825435,0.5416683012724148,0.3906111603188663,Mid,0.0027794476693847048
2019-11-05,0.4051447476736129,0.5403677880043539,0.43097345132743364,Mid,0.0018490383550033296
2019-11-06,0.40015986000489073,0.5336973935350541,0.41644562334217505,Mid,-0.002053262560761576
2019-11-07,0.3997322399945505,0.5328787083610341,0.4125441696113074,Mid,0.0031526010471712995
2019-11-08,0.40532184908539576,0.5280314362506648,0.4333627537511033,Mid,0.01801881381749104
2019-11-11,0.40200454658147655,0.5249072095123433,0.42063492063492064,Mid,-0.0014973832959764843
2019-11-12,0.40357699002342357,0.5253103451887979,0.4281938325991189,Mid,-0.006837487689085986
2019-11-13,0.3984461079665558,0.5182996134873284,0.40669014084507044,Mid,0.006541122135339306
2019-11-14,0.4047179352069259,0.5222271803897646,0.43271767810026385,Mid,-0.0038669153739865902
2019-11-15,0.34401504496883994,0.4840025710714458,0.2398945518453427,Mid,-0.013146819106483326
2019-11-18,0.34934932764068477,0.4841532686494483,0.25197541703248466,Mid,-0.008570717521008797
2019-11-19,0.3470893777338289,0.4853772773791761,0.24736842105263157,Mid,-0.004934634041060426
2019-11-20,0.3857900251572787,0.5518444704732965,0.3584574934268186,Mid,-0.015690519976271522
2019-11-21,0.3795999406110025,0.5556463169208095,0.3309982486865149,Mid,-0.004753987556780581
2019-11-22,0.36797562934881567,0.5279487284369972,0.300087489063867,Mid,-0.0027791405040787642
2019-11-25,0.37820075096647116,0.5458734768001079,0.3277972027972028,Mid,0.01561283192903834
2019-11-26,0.37403907974575473,0.5426113350511611,0.314410480349345,Mid,0.018878961066131517
2019-11-27,0.37370434335775665,0.5428938692860209,0.31239092495637,Mid,-0.005221325719194592
2019-11-28,0.3638393005954144,0.5144479632035202,0.28596338273757627,Mid,0.004641319672760935
2019-11-29,0.36428143243704714,0.5209775243457998,0.289198606271777,Mid,0.005675736975870566
2019-12-02,0.37010059800867573,0.5238665167951178,0.30113141862489123,Mid,-0.013119901912917231
2019-12-03,0.37259469163288594,0.5235371645796559,0.31043478260869567,Mid,0.0067030637081366695
2019-12-04,0.36327598379263976,0.5197984943692696,0.2832319721980886,Mid,-0.005861982280106037
2019-12-05,0.35380306214980745,0.5115901063230709,0.2604166666666667,Mid,0.0024403944502419395
2019-12-06,0.36683233095681106,0.5332806047363471,0.2983521248915872,Mid,0.013108737041588436
2019-12-09,0.3326804659274652,0.4954666772496014,0.20797227036395147,Mid,0.005688866908365481
2019-12-10,0.3262636744222181,0.486564297604535,0.19653679653679654,Low,0.010126115654766232
2019-12-11,0.3079754489778082,0.46790817534048035,0.1695501730103806,Low,0.009061857490331143
2019-12-12,0.3022761503436073,0.4658035458819038,0.16076058772687987,Low,-0.005451586092808186
2019-12-13,0.2739104586457573,0.4562115289496213,0.12521588946459414,Low,-0.004789016777235977
2019-12-16,0.2728723894380911,0.45735366410063,0.12510785159620363,Low,-0.009257517694594514
2019-12-17,0.2825380847715154,0.4611125621557361,0.13706896551724138,Low,-0.011343542276541468
2019-12-18,0.28537047968401924,0.4674293697679322,0.13953488372093023,Low,0.00022223686952868582
2019-12-19,0.2838128602816635,0.47239070968643704,0.13941480206540446,Low,-0.0033835737987655268
2019-12-20,0.28026748674691254,0.4584210957423218,0.13327601031814273,Low,-0.005943917827528428
2019-12-23,0.2820158412642503,0.4592152266075304,0.13745704467353953,Low,0.005322115868640065
2019-12-24,0.2785379879617495,0.446508957918615,0.13047210300429185,Low,-0.000607290598930027
2019-12-26,0.2768811603174278,0.44240773488713964,0.1269296740994854,Low,-0.005785980146704339
2019-12-27,0.2846640009306128,0.448134683472217,0.143101970865467,Low,0.011519036324750098
2019-12-30,0.29130410485146097,0.4424856429476138,0.1558219178082192,Low,0.009239392272025415
2020-01-02,0.2819876784175798,0.42987233585548523,0.13857998289136014,Low,0.0015213806906713423
2020-01-03,0.2835180287656118,0.4313375534120308,0.14273504273504273,Low,0.006914845496884425
2020-01-06,0.2672294842661153,0.41619374147671545,0.11272416737830913,Low,-0.017645647574182605
2020-01-07,0.269966688098235,0.4131651487568427,0.12030716723549488,Low,-0.011684587731079193
2020-01-08,0.2924521906239525,0.4567061428135086,0.15942028985507245,Low,-0.026516952775030467
2020-01-09,0.29159546787679586,0.4640939887586324,0.15928449744463374,Low,0.013442612380734298
2020-01-10,0.2920206675174564,0.466355581526485,0.16,Low,0.02466846206886192
2020-01-13,0.28514595532942594,0.4672430040503885,0.14625850340136054,Low,-0.0051289181634889824
2020-01-14,0.28398808903870215,0.4627294475340036,0.14528462192013594,Low,-0.011026343220345652
2020-01-15,0.3011308982629332,0.46963086631328355,0.17487266553480477,Low,0.016787699110200394
2020-01-16,0.31527126374574643,0.4779860808551799,0.19592875318066158,Low,-0.012619215109550969
2020-01-17,0.3135891148690147,0.46803009332379314,0.19576271186440677,Low,-0.00631875767090459
2020-01-20,0.3103106141130095,0.45913737362311746,0.18882303132938189,Low,-0.010834747874247902
2020-01-21,0.30860964489699516,0.4643259188773144,0.18781725888324874,Low,-0.0043147226471916544
2020-01-22,0.31396515507061923,0.46513649169502513,0.1978021978021978,Low,-0.011852287172930215
2020-01-23,0.3110461412704259,0.46751462173509406,0.19256756756756757,Low,-0.007871338186787091
2020-01-28,0.30855469062917,0.5059814006721628,0.18734177215189873,Low,-0.01045319237608644
2020-01-29,0.27376240807114005,0.480370634274413,0.12478920741989882,Low,0.004589622417091904
2020-01-30,0.2751868488537068,0.48853992105037447,0.12636899747262004,Low,0.0013907664002877629
2020-01-31,0.2667258451068006,0.5017850761341377,0.10858585858585859,Low,-0.008413643587860592
2020-02-03,0.2854075361800454,0.5064415576607749,0.14970563498738435,Low,-0.015946220365479186
2020-02-04,0.2908948545995659,0.5016953906951689,0.16134453781512606,Low,-0.01601643589301538
2020-02-05,0.3049176200878386,0.5106322000473156,0.18387909319899245,Low,-0.014480055037514539
2020-02-06,0.3456073569405322,0.579504241243283,0.2651006711409396,Mid,0.035478158752483224
2020-02-07,0.332087405860009,0.5848834544686329,0.23218776194467727,Mid,-0.009921276919687638
2020-02-10,0.3425043941699666,0.5918239219339096,0.25879396984924624,Mid,0.006070489557152059
2020-02-11,0.3299027987947964,0.5725408571182634,0.22426778242677825,Mid,0.01822823258582379
2020-02-12,0.33312672358734213,0.5807731514545379,0.23578595317725753,Mid,-0.004393321726663707
2020-02-13,0.33422494287826554,0.5805418204817722,0.24227234753550542,Mid,-0.012336938659360003
2020-02-14,0.3278813706591611,0.5794082637978913,0.22120200333889817,Mid,-0.005299381039119838
2020-02-17,0.32587337666341515,0.5783766742651766,0.21851542952460384,Mid,-0.0017502704351909093
2020-02-18,0.3319931215561401,0.5818573960119124,0.23333333333333334,Mid,0.008333600737327862
2020-02-19,0.32731064335175075,0.5700531410839124,0.22148209825145712,Mid,-0.00808065209793063
2020-02-20,0.32578437562251666,0.5652227254736611,0.21797004991680533,Mid,-0.0022764787594835856
2020-02-21,0.3232416904976008,0.5650233168615529,0.2119700748129676,Mid,-0.001494040977808364
2020-02-24,0.3331245329663041,0.6053630522750665,0.23920265780730898,Mid,-0.01298394266264033
2020-02-25,0.3180712377159885,0.6024339374603948,0.20663900414937758,Mid,0.00215096871753212
2020-02-26,0.31746957008659243,0.6025908336926734,0.20563847429519072,Mid,0.0053784318254959385
2020-02-27,0.32537317495456647,0.6107600221016669,0.2195526097763049,Mid,-0.0004470936100962608
2020-02-28,0.32787766329183143,0.6293136487275983,0.2251655629139073,Mid,-0.0031412163580196995
2020-03-02,0.3189442507794305,0.6263168550161379,0.2076095947063689,Mid,-0.00481902128691461
2020-03-03,0.32296431728551217,0.6307352691491753,0.21239669421487603,Mid,-0.004554981257189672
2020-03-04,0.32634808302397705,0.638817753412039,0.22460776218001652,Mid,-0.003123360906231165
2020-03-05,0.3433136837929904,0.6525672005663546,0.27145214521452143,Mid,0.016095537890825073
2020-03-06,0.31408292346687366,0.5954082902678511,0.20032976092333057,Mid,0.01638439077880033
2020-03-09,0.3756343625663827,0.6769380504199072,0.35831960461285006,Mid,-0.04845315397023456
2020-03-10,0.3810659529299316,0.6809795266820599,0.37695473251028805,Mid,0.005541713796103048
2020-03-11,0.3825882579534834,0.6804151021225748,0.3807565789473684,Mid,0.012067586843955036
2020-03-12,0.40375454986678067,0.7075657540215669,0.4658997534921939,Mid,-0.030880510323416765
2020-03-13,0.438344991209354,0.7324722908026174,0.6116584564860427,Mid,-0.05112705114379659
2020-03-16,0.41772118883744236,0.7197419037002245,0.5225594749794914,Mid,-0.003439854583316998
2020-03-17,0.42581160893563136,0.7167792610684024,0.5581967213114755,Mid,0.01876015683066351
2020-03-18,0.40351591131678693,0.7138293567911065,0.46273546273546273,Mid,-0.012264921529816064
2020-03-19,0.3532691963648633,0.7187097714540145,0.29296235679214405,Mid,-0.03623600051365955
2020-03-20,0.33161256767539765,0.7188200617412037,0.23712183156173344,Mid,-0.01732757301562554
2020-03-23,0.355263435704835,0.7424416687081492,0.3022875816993464,Mid,-0.03960111629380367
2020-03-24,0.36924292568619066,0.7421925335288,0.3363265306122449,Mid,-0.03868634478640065
2020-03-25,0.3621412853422398,0.7585433978894436,0.31484502446982054,Mid,0.04237619217888511
2020-03-26,0.36706192348098776,0.7516892220150314,0.3341483292583537,Mid,0.016919860426527572
2020-03-27,0.3376229652986793,0.741391422790509,0.25895765472312704,Mid,0.005857657914182135
2020-03-30,0.3367258407531301,0.7421964377984486,0.25711960943856793,Mid,-0.0017402733866542508
2020-03-31,0.3355618426498312,0.7450454857827222,0.25447154471544714,Mid,0.00817904788640772
2020-04-01,0.36362117355961004,0.7332154971488981,0.32250203086921203,Mid,0.03873127467581125
2020-04-02,0.35376433442387656,0.7291825425618305,0.2962662337662338,Mid,0.015549047308102831
2020-04-03,0.34417888222858317,0.7261398213971759,0.2733171127331711,Mid,0.006215065022804389
2020-04-06,0.3422740762971655,0.727559820446159,0.26742301458670986,Mid,-0.0019913282366628704
2020-04-07,0.3419251729672222,0.730987786895748,0.2663967611336032,Mid,0.008451992598451363
2020-04-08,0.3413875995877839,0.7301947546791769,0.26375404530744334,Mid,-0.0028217091458234145
2020-04-09,0.3323866533965592,0.7241013208272665,0.23767178658043653,Mid,0.01917305877451858
2020-04-10,0.32597033001443115,0.7215755947358171,0.21890145395799676,Mid,0.01718709086650483
2020-04-13,0.33168560039895006,0.7257648698095219,0.23567393058918482,Mid,-0.024681217109811304
2020-04-14,0.328627226895464,0.7239922861336671,0.22661290322580646,Mid,0.0019040390948313612
2020-04-16,0.33237143768602717,0.725564604722399,0.23932312651087834,Mid,-0.019858597454296606
2020-04-17,0.3346735961279981,0.7274197914747119,0.25201288244766507,Mid,-0.013106397660514246
2020-04-20,0.3379092980978701,0.7219321618639248,0.26307320997586486,Mid,0.01702564434971665
2020-04-21,0.30333413703127216,0.5960710743203659,0.17363344051446947,Low,0.06469365173120434
2020-04-22,0.3088121531262122,0.5889914118213176,0.1855421686746988,Low,0.04854919156879334
2020-04-23,0.3016885439182594,0.5771633545844153,0.17014446227929375,Low,-0.013580439224223168
2020-04-24,0.29937897793867224,0.5759933165294653,0.16760224538893345,Low,-0.0017841725163303956
2020-04-27,0.2973132268299044,0.5742544384713903,0.16506410256410256,Low,-0.009180397416494457
2020-04-28,0.30466030892482937,0.575439663390229,0.17854283426741394,Low,-0.03106869191313541
2020-04-29,0.2946484211050305,0.5673473252498612,0.1592,Low,0.017545789759805336
2020-05-04,0.29227734985904696,0.5695877557925145,0.15667466027178256,Low,-0.0024219176203350845
2020-05-06,0.28163100517008977,0.5639323999870397,0.13258785942492013,Low,0.008837085714968773
2020-05-07,0.2810404902981615,0.5627038124885247,0.13168395849960096,Low,-0.009788636720044347
2020-05-08,0.28158042616354845,0.5631849643869424,0.1331738437001595,Low,-0.0029505036962748643
2020-05-11,0.279889768001569,0.5612227016660936,0.12828685258964143,Low,-0.001919766149398261
2020-05-12,0.28360100235473956,0.563375253657493,0.1409235668789809,Low,-0.015963737802397848
2020-05-13,0.28540947186416965,0.5623547863289778,0.14638027048528243,Low,-0.020533454102173332
2020-05-14,0.2829921929934632,0.5617917770017512,0.1383147853736089,Low,-0.0058930923229376375
2020-05-15,0.28201658334011026,0.5614111271726162,0.1374106433677522,Low,0.0033614280306544786
2020-05-18,0.2794021227316905,0.5602158366412691,0.12698412698412698,Low,-0.004540202188526132
2020-05-19,0.27647984604902426,0.5577690398665404,0.12133227597145123,Low,0.00858685649524471
2020-05-20,0.2770765419171517,0.5579151967387528,0.12361331220285261,Low,-0.005396589936995461
2020-05-21,0.277897950648224,0.558479639949232,0.12668250197941408,Low,0.005980156845399154
2020-05-22,0.2786661352614954,0.5539452919047262,0.1281645569620253,Low,-0.016935438972067868
2020-05-25,0.27760371323826316,0.5490350221460273,0.12569169960474308,Low,0.026884516030813516
2020-05-26,0.27594518270434065,0.5484615106846273,0.12085308056872038,Low,0.0016084489800503587
2020-05-27,0.3493559804643447,0.5645482117022297,0.30544593528018943,Mid,0.09723683418900009
2020-05-28,0.35266588040751573,0.5620848045163488,0.3107255520504732,Mid,-0.02299675489459141
2020-05-29,0.3516239874099236,0.5609005666658381,0.30969267139479906,Mid,0.016902274499952963
2020-06-01,0.3427469711311835,0.5568003137504985,0.28818897637795277,Mid,0.025750879693004047
2020-06-02,0.3376762624310663,0.544759993719989,0.2753737214791503,Mid,0.0864403342777651
2020-06-03,0.31697010738850906,0.5278761408934202,0.2138364779874214,Mid,0.04829975197726746
2020-06-04,0.3236870376706725,0.535356106817367,0.22388059701492538,Mid,-0.029871742857390582
2020-06-05,0.31547733374542036,0.5147576047840826,0.21036106750392464,Mid,-0.02681222177799686
2020-06-08,0.31675021536062237,0.5140453437457243,0.21411764705882352,Mid,0.025611344059349228
2020-06-09,0.3175519749621826,0.5121626057363077,0.21630094043887146,Mid,-0.01049156664634926
2020-06-10,0.3104497016428183,0.4969749309802518,0.19968676585747847,Low,0.0073053867580542275
2020-06-11,0.2949897310349751,0.47628532028920395,0.16901408450704225,Low,-0.004694237411115104
2020-06-12,0.3013714953472853,0.48310100697780084,0.181391712275215,Low,-0.017497180208522506
2020-06-15,0.29869345675133996,0.4912758528446919,0.17734375,Low,-0.025941888348952724
2020-06-16,0.2998044552373685,0.48665030148982397,0.18032786885245902,Low,0.0014344053979213345
2020-06-17,0.3074760276452582,0.459952356352985,0.19500780031201248,Low,0.0014137645102844654
2020-06-18,0.3209551942629685,0.4650199115969036,0.22525331254871395,Mid,0.017193287762100662
2020-06-19,0.3073809337911661,0.4218132367822934,0.19470404984423675,Low,-0.006170444133157177
2020-06-22,0.2959975260065462,0.4227743307876395,0.17042801556420234,Low,-0.009182770814096242
2020-06-23,0.3099049178404743,0.4080578540234662,0.20217729393468117,Mid,-0.026057192462333623
2020-06-24,0.3114230822398168,0.4100913979057774,0.20901320901320902,Mid,-0.011427622439079604
2020-06-25,0.317193858261682,0.41691722305882567,0.22127329192546583,Mid,0.0041998870525269405
2020-06-26,0.315359301086906,0.4142971879962483,0.2156710628394104,Mid,-0.007396967159705337
2020-06-29,0.3152864393015225,0.40902811462232896,0.21550387596899226,Mid,0.028218443677102495
2020-06-30,0.3071029431370395,0.4136897428471331,0.19287374128582493,Low,-0.0034998443914859567
2020-07-01,0.3050065754829407,0.4101111844756589,0.19117647058823528,Low,-0.02819819274530244
2020-07-02,0.30828075977426767,0.4117227045417822,0.19953596287703015,Low,-0.008118124221017764
2020-07-03,0.30805395191411106,0.4094118943211041,0.19860896445131376,Low,0.0025483001028073216
2020-07-06,0.31276705645647734,0.4090725617675747,0.21235521235521235,Mid,-0.017127394277201752
2020-07-07,0.3133668273511607,0.4109013367071672,0.2152777777777778,Mid,-0.007722662777092021
2020-07-08,0.31383331051033747,0.4102014621349062,0.2166538164996145,Mid,-0.0005282902294545255
2020-07-09,0.31313326110816453,0.40876410951971925,0.21417565485362094,Mid,0.004184367536971739
2020-07-10,0.3115783121477464,0.4027597229395246,0.21170130869899922,Mid,-0.022934644795572084
2020-07-13,0.3115597465293715,0.40396983003876064,0.21153846153846154,Mid,0.012527735107670468
2020-07-14,0.30713068273803895,0.3999373836531693,0.1929285165257494,Low,-0.0021162354281909213
2020-07-15,0.3078336466850206,0.40142369636417746,0.1966205837173579,Low,0.017653808753724187
2020-07-16,0.307109436577874,0.4027878966892778,0.19263238679969302,Low,0.011880137782077305
2020-07-17,0.350746422940557,0.4809208854465606,0.32515337423312884,Mid,-0.02695433266319633
2020-07-20,0.34848550162264447,0.5018580896329171,0.3210727969348659,Mid,0.0014881105995274702
2020-07-21,0.3810075960905437,0.5532230652479678,0.41500765696784075,Mid,0.032149156567836346
2020-07-22,0.38520445690074506,0.5545784216354636,0.43305279265493496,Mid,-0.01668785329794481
2020-07-23,0.3894241615110505,0.5608179135383976,0.44801223241590216,Mid,-0.0019437857327766483
2020-07-24,0.3759024165533537,0.5572539212748279,0.39877769289533993,Mid,-0.007517733970106549
2020-07-27,0.39705431428357324,0.5765579591954764,0.4778625954198473,Mid,0.00040064688515251135
2020-07-28,0.40132048690687755,0.5670781867003322,0.49122807017543857,Mid,-0.018037681908491032
2020-07-29,0.40274325668433564,0.5649366720991951,0.4961890243902439,Mid,-0.002159424910515323
2020-07-30,0.39812150679641406,0.5601421313666471,0.4798172124904798,Mid,0.0026793122841145545
2020-07-31,0.3947109278212811,0.5578138715677208,0.4680365296803653,Mid,0.0019013496747537217
2020-08-03,0.41656435269584513,0.5724793102373061,0.5482889733840304,Mid,-0.039410077699816526
2020-08-04,0.41466103460186265,0.5678502923061214,0.5425531914893617,Mid,-0.005748055973282512
2020-08-05,0.40739669693161445,0.5675943748728676,0.5170842824601367,Mid,-0.0058540516672673515
2020-08-06,0.4079614061637186,0.565713881355968,0.5174506828528073,Mid,-0.005331032579214107
2020-08-07,0.4087255679378821,0.5666151081510169,0.5200909780136467,Mid,-0.01007091821021422
2020-08-10,0.4137207517362113,0.5694330258528311,0.5409090909090909,Mid,-0.011317239475661378
2020-08-11,0.421685410424988,0.5774109056710901,0.5753217259651779,Mid,0.03103854449676069
2020-08-12,0.4205008815808591,0.5764781958237762,0.5695915279878971,Mid,-0.004631173795510257
2020-08-13,0.41033825175180877,0.5640219397026008,0.5253212396069539,Mid,-0.0022924148107166253
2020-08-14,0.4052242869061023,0.5483092929689394,0.5045317220543807,Mid,0.0272446218395824
2020-08-18,0.4280239381664135,0.5852582616163021,0.6030188679245283,Mid,-0.0386996404976874
2020-08-19,0.4299933983403504,0.5850601187262726,0.610105580693816,Mid,-0.003972289950056718
2020-08-20,0.3229893092640736,0.53542980355131,0.23587038432554636,Mid,-0.0039623077458727785
2020-08-21,0.3148096531918542,0.5319063268343941,0.2183734939759036,Mid,-0.0019724524186266468
2020-08-24,0.31708502972709945,0.5305867728803905,0.22648607975921745,Mid,-0.014066780604245571
2020-08-25,0.3226977433838467,0.5321374858299277,0.23609022556390977,Mid,0.013122306920943516
2020-08-26,0.2806276217068272,0.5119914306340964,0.12997746055597295,Low,-0.0038492254534577275
2020-08-27,0.3549790283816657,0.5718250860421912,0.33708708708708707,Mid,-0.013022672616802622
2020-08-28,0.34839523568757635,0.5711534990160244,0.31732933233308325,Mid,0.0043235307397533895
2020-08-31,0.34041404682460513,0.5701471193159894,0.2938530734632684,Mid,0.0027332310497587
2020-09-01,0.3327820151423116,0.5733454139462933,0.2696629213483146,Mid,0.0036369886234337567
2020-09-02,0.3383231348377431,0.5793145789785418,0.2926646706586826,Mid,-0.0006667689591696724
2020-09-03,0.33618507467702713,0.5824008352100424,0.2857142857142857,Mid,-0.00038176611665935445
2020-09-04,0.34245341759114484,0.5802773024452884,0.3034379671150972,Mid,0.00489468853695843
2020-09-07,0.33802579777211106,0.5650572240670858,0.29200896191187453,Mid,0.024052376198207714
2020-09-08,0.3328918267595328,0.4990931399398284,0.2708955223880597,Mid,0.012449005285921994
2020-09-09,0.3510154574974939,0.49453461518154596,0.32736763609246833,Mid,-0.01014865938796794
2020-09-10,0.351547803392622,0.4976872922864551,0.3293591654247392,Mid,0.0196331583808127
2020-09-11,0.3717393715594699,0.4860521762822923,0.3842144452717796,Mid,0.055355829361112385
2020-09-14,0.3773355752303071,0.4892149900638805,0.40476190476190477,Mid,-0.0069307913602287
2020-09-15,0.3685878873681862,0.479307280569522,0.37769516728624536,Mid,0.007490737763571731
2020-09-16,0.3578714871918644,0.4740887765940998,0.3476968796433878,Mid,0.00096926581338308
2020-09-17,0.35527370592105517,0.4729126422834215,0.34446919079435784,Mid,0.008884099639651394
2020-09-18,0.3621814666947925,0.47549161496009296,0.35756676557863504,Mid,-0.00886455205902914
2020-09-21,0.36696519066885985,0.48384462637078657,0.3758339510748703,Mid,-0.002883299377420767
2020-09-22,0.37365643732764625,0.5109969207786376,0.3933333333333333,Mid,-0.006002755311744712
2020-09-23,0.37142453736415737,0.5059304288541957,0.384159881569208,Mid,0.01819752048318901
2020-09-24,0.377152613331474,0.5292435184594256,0.40754437869822485,Mid,-0.01300366560666305
2020-09-25,0.3787385691510636,0.5308405174959082,0.4138950480413895,Mid,0.009074120080109715
2020-09-28,0.34053251824888736,0.47784526418652895,0.29394387001477107,Mid,-0.02626521544959698
2020-09-29,0.3324365536656613,0.475030048788983,0.2649446494464945,Mid,0.011189550674902848
2020-10-05,0.32992517337589794,0.46995677586736107,0.2536873156342183,Mid,-0.006818390393889567
2020-10-06,0.33490670476826345,0.47200819989315707,0.28076639646278556,Mid,-0.01439381050846153
2020-10-07,0.33868385535871476,0.47620690988638775,0.2930780559646539,Mid,0.008202599622936069
2020-10-08,0.3283939968123805,0.4656169304968106,0.2509197939661516,Mid,-0.0038428823338552687
2020-10-12,0.32829681440313,0.46331971089664475,0.25073529411764706,Mid,-0.0027541474109594732
2020-10-13,0.3299418600650103,0.46493185347281923,0.25495958853783984,Mid,-0.010531237498145496
2020-10-14,0.3246219572596959,0.46277633982459276,0.2393538913362702,Mid,-0.007425605757477444
2020-10-15,0.3234525303112999,0.46750354530477706,0.23477622890682318,Mid,-0.01140369496734922
2020-10-16,0.3095938243785653,0.46313892298955356,0.19648093841642228,Low,0.006414874170284607
2020-10-19,0.3188045719713973,0.46887191064062583,0.22637362637362637,Mid,0.005296375118299834
2020-10-20,0.2974575707481051,0.4512055026462707,0.16617862371888725,Low,-0.005590336846963917
2020-10-21,0.2953095838783743,0.4519714909646629,0.15947329919531822,Low,0.003939371790205204
2020-10-22,0.2956698866279625,0.4519826995295426,0.1600877192982456,Low,0.0006441304923766322
2020-10-23,0.2920495295795923,0.44752407192447835,0.15485756026296568,Low,0.004565799164992862
2020-10-26,0.26257853082105026,0.42149917523578856,0.08832116788321168,Low,0.01487629726916273
2020-10-27,0.2735141111539204,0.43711142525877383,0.10940919037199125,Low,-0.04474793998958565
2020-10-28,0.2746996839131116,0.43758178255046326,0.11151603498542274,Low,-0.005783559160588647
2020-10-29,0.2770067169093934,0.44111715689229464,0.11653313911143481,Low,-0.013057649405603333
2020-10-30,0.2860142552259307,0.45000585032441903,0.1462882096069869,Low,0.008221659942584975
2020-11-02,0.2532375286163178,0.4382086526717656,0.07781818181818181,Low,0.00037161792656792425
2020-11-03,0.257106999743249,0.4362388130419322,0.08284883720930232,Low,-0.016727472246870184
2020-11-04,0.2658377590057375,0.4401222335166646,0.0944081336238199,Low,0.014204867328841325
2020-11-05,0.26968835116581985,0.4416564474175548,0.10595065312046444,Low,-0.01255921470376431
2020-11-06,0.26801169899298116,0.4415385089845741,0.10224800580130529,Low,-0.005954150974575079
2020-11-09,0.32465612848446357,0.4690231356250241,0.2492753623188406,Mid,0.06553451890720341
2020-11-10,0.32278522045476293,0.46448837269244714,0.24040550325850832,Mid,0.021013114231966612
2020-11-11,0.3224172102184593,0.4689275148993303,0.23878437047756873,Mid,0.010489216104561827
2020-11-12,0.32311131992302194,0.4710484878313237,0.24367317425885757,Mid,-0.0006375501048081766
2020-11-13,0.3117959170909615,0.4732003859301972,0.2138728323699422,Mid,0.0076870302026211534
2020-11-16,0.36104239686774164,0.5055652644042339,0.3675090252707581,Mid,0.06941574027371061
2020-11-17,0.34474842175718967,0.49435611795933837,0.32395382395382394,Mid,0.0021632748480225894
2020-11-18,0.34564527694528496,0.48291555839124256,0.32732516222062,Mid,-0.006458437516086324
2020-11-19,0.36034107639437934,0.4889072237212733,0.36743515850144093,Mid,-0.031063052059128016
2020-11-20,0.3543829102983616,0.4821641788699236,0.353491720662347,Mid,0.02960552375065939
2020-11-23,0.34583351593524986,0.47151930152254823,0.32805755395683456,Mid,0.057719044998774616
2020-11-24,0.3470335077832207,0.47067980428813283,0.33069734004313445,Mid,-0.01322514012098841
2020-11-25,0.3482593366099734,0.46347845589096986,0.33405172413793105,Mid,0.03045985102554427
2020-11-26,0.3547057100349383,0.4655188033395153,0.35534816941852115,Mid,-0.01795614934260986
2020-11-27,0.35588018750762834,0.46564277001349824,0.36083213773314204,Mid,-0.0020652009076635447
2020-11-30,0.3559593263522456,0.46744152636666675,0.36129032258064514,Mid,0.007594531526028014
2020-12-01,0.3581438062611975,0.4650574158633914,0.3653295128939828,Mid,-0.015105284751451536
2020-12-02,0.36783205300414723,0.4675272471282767,0.39656406585540444,Mid,-0.02146275672532935
2020-12-03,0.3708951898354254,0.4687118978720734,0.402002861230329,Mid,-0.010145146597130422
2020-12-04,0.3730792106426501,0.4713362351126465,0.409578270192995,Mid,0.004288912471465567
2020-12-07,0.3920062251298002,0.48707085380649345,0.48142857142857143,Mid,-0.012208159364711035
2020-12-08,0.3892862577225218,0.4830991725740151,0.47109207708779444,Mid,0.003234602781619883
2020-12-09,0.40048154240728323,0.4859137376498235,0.5135520684736091,Mid,-0.021838355403602683
2020-12-10,0.3995341076155802,0.4942647674120639,0.5081967213114754,Mid,0.024109793477952224
2020-12-11,0.4071877067918599,0.5036843434588519,0.5398860398860399,Mid,0.03496157384546422
2020-12-14,0.4305284271978092,0.5246616514555223,0.6327402135231317,Mid,-0.01655112486651658
2020-12-15,0.4389822700825672,0.532265538421255,0.6635846372688478,Mid,-0.02501368853038316
2020-12-16,0.443804060661916,0.5353955880989549,0.6801705756929638,Mid,-0.007456362525970539
2020-12-17,0.43587947335387334,0.528661033720168,0.6519886363636364,Mid,0.001576568683073848
2020-12-18,0.4400960078214675,0.530394779687114,0.6657203690560681,Mid,-0.020956007223958073
2020-12-21,0.43875923009427176,0.5229735220744477,0.6624113475177305,Mid,0.004325055383930632
2020-12-22,0.44696422666707086,0.5374617628436411,0.6924167257264352,Mid,-0.0066038908836489885
2020-12-23,0.45103526037854896,0.5238969287133067,0.7046742209631728,Mid,-0.02674616225224738
2020-12-24,0.4513771122104479,0.5221265043325273,0.7070063694267515,Mid,-0.013917078476586658
2020-12-28,0.48983411508052027,0.5684855169859312,0.8175388967468176,High,-0.00886866852194923
2020-12-29,0.49703025664073125,0.5737257386731528,0.826148409893993,High,0.0035094620163954593
2020-12-30,0.4929697457087305,0.572863091041158,0.8234463276836158,High,-0.0006931713783375482
2021-01-04,0.49601721497927326,0.5762358786816402,0.8242766407904023,High,-0.0073043126774920974
2021-01-05,0.48301489420670896,0.5680138217192182,0.7997179125528914,Mid,0.029670277164285774
2021-01-06,0.48446782385157,0.571060882981671,0.8012684989429175,High,-0.005613625440830411
2021-01-07,0.48241794255988996,0.5656931971211415,0.7964788732394367,Mid,-0.013796075348118969
2021-01-08,0.5144060364167135,0.5708883139710873,0.8458831808585503,High,-0.049049582106672346
2021-01-11,0.5229587387361946,0.578062226084421,0.8530239099859352,High,-0.02903579427184702
2021-01-12,0.5225065328827629,0.5734549435530609,0.8524244553759662,High,0.006930289959858449
2021-01-13,0.5204708219651504,0.5717724014866105,0.8497191011235955,High,-0.0026560376983180145
2021-01-14,0.5213206078067979,0.5719151193158886,0.8512280701754386,High,0.007902513658640753
2021-01-15,0.5225214690581165,0.5799498039470181,0.85273492286115,High,-0.00825107662938887
2021-01-18,0.5187134385771129,0.5804242222549671,0.846531184302733,High,0.001847180722970465
2021-01-19,0.5203851584050528,0.5803417618220087,0.8480392156862745,High,-0.015628932366632375
2021-01-20,0.5166221225739268,0.5771096047238503,0.8432470258922323,High,-0.010700949810189625
2021-01-21,0.5166558442596619,0.5813867032747702,0.8433566433566434,High,0.005066882495671221
2021-01-22,0.5322577005585876,0.593996698934024,0.8693221523410203,High,-0.005464583191373273
2021-01-25,0.5316272363506732,0.5944316970000807,0.8666201117318436,High,-0.005026217947218303
2021-01-26,0.531132713384937,0.5973648659296007,0.8646196789951152,High,-0.0051536885044838054
2021-01-27,0.5295952024890482,0.5943546364398026,0.8598326359832636,High,-0.007028646188396492
2021-01-28,0.5270416564093173,0.5955523219797959,0.8543554006968641,High,-0.008514770574155589
2021-01-29,0.5238754373352981,0.6073461575761258,0.850974930362117,High,-0.007829464996813557
2021-02-01,0.518533564258422,0.6086444130890123,0.8420320111343076,High,0.015000930176280874
2021-02-02,0.517553171832651,0.6078899013151613,0.8407510431154381,High,-0.01152749479456644
2021-02-03,0.516360332344342,0.6047188133976301,0.8373870743571925,High,-0.016557853479017226
2021-02-04,0.47668253133081334,0.572843985418371,0.7763888888888889,Mid,0.002388339318450061
2021-02-05,0.4744611529390683,0.5743220156456948,0.768910478834143,Mid,0.0029981994223088893
2021-02-08,0.482309968111103,0.5707808213004775,0.7857142857142857,Mid,0.027255782310048104
2021-02-09,0.48456536916511456,0.571255289975989,0.7920997920997921,Mid,0.010098284080731185
2021-02-10,0.4909524909556105,0.5778003199555201,0.8074792243767313,High,0.0004539030582288439
2021-02-15,0.4163087236656735,0.5071525314840671,0.5577854671280277,Mid,0.013347954341414836
2021-02-16,0.4241547500108333,0.5121819141378436,0.5892116182572614,Mid,-0.008384792934021473
2021-02-17,0.4280781642446993,0.5137207655022075,0.6088458880442295,Mid,-0.00029354430702613343
2021-02-18,0.42725143898730317,0.5127999319444073,0.6022099447513812,Mid,0.008784183045595473
2021-02-19,0.4228594108937371,0.5141886017994747,0.5873015873015873,Mid,-0.0018987357592230303
2021-02-22,0.42007744342611436,0.5091718143434543,0.5724137931034483,Mid,-0.0047093273482174125
2021-02-23,0.43646686603547274,0.5162386786170409,0.6402481047553411,Mid,0.02489089375978437
2021-02-24,0.41421531041128024,0.5175968393761742,0.5482093663911846,Mid,-0.0004506396921515887
2021-02-25,0.410028999792625,0.5234461977813888,0.5326909841706814,Mid,-0.012085259132853465
2021-02-26,0.42446387367231564,0.5061476419576261,0.5894085281980743,Mid,0.029581629230953976
2021-03-02,0.43285630179635654,0.5089455241918145,0.6274914089347079,Mid,-0.01936242348671957
2021-03-03,0.4397559661024199,0.5191881741196916,0.6517857142857143,Mid,-0.009606005147891339
2021-03-04,0.43311494140989887,0.5201420806722766,0.6286890871654084,Mid,0.0031776248801233253
2021-03-05,0.43485717634489934,0.5249190355120724,0.635116598079561,Mid,-0.005972865239087327
2021-03-08,0.43221174043812205,0.5107011764376442,0.6237148732008225,Mid,0.02660689808050426
2021-03-09,0.4451569583370369,0.5106463958834628,0.673972602739726,Mid,0.029806695964964408
2021-03-10,0.44564244419163046,0.5096707236279022,0.6748802190280629,Mid,-0.005396378033376309
2021-03-11,0.4464181619637116,0.5092957277304825,0.6778385772913816,Mid,-0.02574406194154974
2021-03-12,0.43135578926068824,0.5118689941531892,0.6165413533834586,Mid,0.010744593620913734
2021-03-15,0.40863601109693765,0.4810958247174872,0.5218579234972678,Mid,0.021583567870191
2021-03-16,0.40598889717609415,0.4765412154505173,0.5133105802047782,Mid,-0.007731631653083826
2021-03-17,0.3949087846502873,0.46673062235961177,0.47203274215552526,Mid,-0.004080372688552658
2021-03-18,0.3967833425466392,0.4689081977856642,0.47920927062031354,Mid,-0.005302727006376795
2021-03-19,0.4143660893902205,0.48133073964161227,0.5463215258855586,Mid,0.006058525036358259
2021-03-22,0.41701582073201465,0.4862671614478174,0.5575221238938053,Mid,0.007196651884241678
2021-03-23,0.4236362300821203,0.4956401300323396,0.5863945578231292,Mid,-0.004717502319803002
2021-03-24,0.4057393155403588,0.4679848044806257,0.512576478585996,Mid,0.019513029840853346
2021-03-25,0.3934255590693887,0.46677098324573874,0.4639945652173913,Mid,-0.005728384286711269
2021-03-26,0.4453462887689687,0.5287588739417458,0.6754921928038018,Mid,0.055316743731207985
2021-03-29,0.4479865177101079,0.5293036607027106,0.6865671641791045,Mid,0.017680998938249592
2021-03-30,0.4449989979643514,0.5227012848256031,0.6732203389830509,Mid,-0.019245498477093947
2021-03-31,0.46755693910930324,0.5356366738885597,0.7439024390243902,Mid,0.03365804916233994
2021-04-01,0.4963009218353925,0.5504098109667229,0.8185511171293162,High,-0.03926717296614354
2021-04-02,0.5023322461204889,0.5414206779351848,0.8288227334235453,High,0.000419494363290307
2021-04-05,0.5044330925829971,0.5408446272055198,0.8323191345503719,High,0.014230086374710904
2021-04-06,0.5098408881210978,0.5513740355189833,0.8344594594594594,High,-0.006808011586533852
2021-04-07,0.46446021634746243,0.5515930217801512,0.7319378798109386,Mid,-0.014346082739230603
2021-04-08,0.4440629715523763,0.5357882897535422,0.6680161943319838,Mid,0.009081995688694056
2021-04-09,0.44294113039514554,0.5358663519246353,0.6601483479433581,Mid,-4.288465924931484e-05
2021-04-12,0.45608729505574225,0.5453196324851363,0.7129380053908356,Mid,0.026989474624113385
2021-04-13,0.4534635784433317,0.5405339515365709,0.7023569023569024,Mid,-0.007536396183651178
2021-04-14,0.45536176797701994,0.5264400171840932,0.7106325706594886,Mid,-0.010676288924357125
2021-04-15,0.4595464529667171,0.5204319450683027,0.7215870880968392,Mid,-0.005029766357623672
2021-04-16,0.44746127566847366,0.5088022888268292,0.6801075268817204,Mid,-0.01538464782332169
2021-04-19,0.4390715217518237,0.5044302384420211,0.6447280053727333,Mid,0.0012867403300907687
2021-04-20,0.4407346966163462,0.5022736262757108,0.6496644295302013,Mid,0.006302564885476536
2021-04-21,0.4389355708358796,0.5034693700146832,0.6431924882629108,Mid,0.0024368653413152364
2021-04-22,0.4356309766500271,0.49684575433836214,0.6306970509383378,Mid,-0.0014763204297973676
2021-04-23,0.4384220774841756,0.4832194267149396,0.6423308774279973,Mid,-0.010987643318898427
2021-04-26,0.4668631866162764,0.5215467788459326,0.7429718875502008,Mid,0.047986204307338076
2021-04-27,0.46736039735225093,0.5132922731487488,0.7431438127090301,Mid,0.0021250909972951593
2021-04-28,0.47258820775814425,0.4844430818863212,0.767379679144385,Mid,0.02090135829978179
2021-04-29,0.48600098567602057,0.4771065642700703,0.8002672010688042,High,0.03940713027480025
2021-04-30,0.5299780423447737,0.5086965011091538,0.8671562082777036,High,0.07775673397335797
2021-05-03,0.5222711547308235,0.5024494585083351,0.8539026017344896,High,0.021344913667615928
2021-05-04,0.557483229298596,0.5296636551655002,0.928,High,-0.044923643584100253
2021-05-06,0.4204825368256393,0.3904537256093367,0.5629580279813458,Mid,-0.017905880331924917
2021-05-07,0.42118959557479085,0.3950115960842176,0.5672436750998668,Mid,-0.005057172312553149
2021-05-10,0.4095712946176855,0.3847424515795183,0.5163007318695941,Mid,0.0017583349882797084
2021-05-11,0.413622219627378,0.3826221172004956,0.5332446808510638,Mid,0.03132956681858645
2021-05-12,0.4177424892999246,0.3908958762656982,0.5521594684385382,Mid,-0.014398341212509297
2021-05-13,0.41680837931697073,0.39831693945468666,0.5451527224435591,Mid,-0.013652664763327577
2021-05-14,0.42804342666886175,0.40394068977570124,0.5985401459854015,Mid,-0.0220409655212995
2021-05-17,0.4238153411671761,0.39758603761677663,0.5775862068965517,Mid,0.011814321487251839
2021-05-18,0.4233310603894986,0.39741298410080944,0.5765407554671969,Mid,-0.003738550209333169
2021-05-20,0.42242044497200487,0.3972159329504532,0.5728476821192053,Mid,-0.026779874768711354
2021-05-21,0.4218725645534211,0.3993642349949622,0.5698213103904699,Mid,-0.010248317478997127
2021-05-24,0.4190373222314759,0.38641550748628456,0.5555555555555556,Mid,0.0029166285908486245
2021-05-25,0.41884513532865575,0.3825247860385334,0.5545274289491078,Mid,-0.004259107459982758
2021-05-26,0.3976618892947806,0.3684880548425524,0.46829590488771466,Mid,0.007797777417843543
2021-05-27,0.3980265266854515,0.37471525479423257,0.46864686468646866,Mid,-0.029538356950635586
2021-05-28,0.39839009255586383,0.37954432400019505,0.46965699208443273,Mid,0.01615693865472989
2021-05-31,0.39347378794107496,0.3736814742331323,0.45088991430454844,Mid,0.009074071220316421
2021-06-01,0.3918733838243858,0.3759764973525896,0.44466403162055335,Mid,0.04611036597869331
2021-06-02,0.39281552711490786,0.38062252070217406,0.4489795918367347,Mid,0.0021868665268406917
2021-06-03,0.3931491110685252,0.38334321521899145,0.45,Mid,-0.01113851540521299
2021-06-04,0.39456482111837826,0.3804521338854155,0.4556213017751479,Mid,0.03890863485771501
2021-06-07,0.38423339520649424,0.377646947690873,0.4152431011826544,Mid,0.00481516984556371
2021-06-08,0.38780158565393,0.37907024153485197,0.43204202232435984,Mid,-0.01668341839008508
2021-06-09,0.3786655363984582,0.36992343205772626,0.39763779527559057,Mid,0.013464530440345013
2021-06-10,0.3788188285343921,0.3708329228033727,0.39868852459016396,Mid,-0.007553402100176743
2021-06-11,0.37781008624514456,0.36765333000889405,0.39384010484927917,Mid,-0.00030592291194625476
2021-06-14,0.3773319815244402,0.3679330717669125,0.39161755075311067,Mid,-0.00528428100716008
2021-06-15,0.37409317205495646,0.3640745079899488,0.38154450261780104,Mid,-0.007794457669792476
2021-06-16,0.37393136144748135,0.3636618092343877,0.3806409417920209,Mid,-0.001574065584263734
2021-06-17,0.37194838759765886,0.35930456241908537,0.3712418300653595,Mid,-0.0015804135587088597
2021-06-18,0.37701810979600503,0.3661242442802588,0.3919007184846506,Mid,-0.014852810704274716
2021-06-21,0.37155501863908436,0.3604169322546847,0.37010443864229764,Mid,0.010501667613345395
2021-06-22,0.34554786298029755,0.31903901222907816,0.29549902152641877,Mid,-0.0015859707024052094
2021-06-23,0.35626306740115643,0.3295752617506927,0.3305084745762712,Mid,-0.030407708161548197
2021-06-24,0.35484462022537855,0.3314657327775863,0.3237785016286645,Mid,0.00034914024048066095
2021-06-25,0.34546696449842673,0.32520168586977655,0.294921875,Mid,0.008304521747138194
2021-06-28,0.3252713953575752,0.31123830377210565,0.2277163305139883,Mid,0.0027224332207448354
2021-06-29,0.328389267544785,0.31311822918539084,0.23797139141742524,Mid,0.011374768700456117
2021-06-30,0.33020620315019067,0.3134445938260559,0.24366471734892786,Mid,-0.0138657033052767
2021-07-01,0.3289441024934651,0.31370810321680603,0.2396103896103896,Mid,-0.005725289132266803
2021-07-02,0.3314227910661964,0.3168524290298145,0.24594419208306295,Mid,0.025272113381375583
2021-07-05,0.3291087961615719,0.31415414176878537,0.23994811932555124,Mid,-0.0006330136902441275
2021-07-06,0.3315258367237322,0.31535922525150634,0.24821775761503564,Mid,-0.010229656463276532
2021-07-07,0.32382101256546747,0.3094978472606457,0.22215025906735753,Mid,-0.008513643974252832
2021-07-08,0.32469695628664574,0.3184367769318415,0.22653721682847897,Mid,-0.019926690137634984
2021-07-09,0.32522164815172533,0.3251474630160807,0.2276843467011643,Mid,-0.011269585153399236
2021-07-12,0.3247274425462806,0.32614914845836357,0.226890756302521,Mid,0.0012487276513711842
2021-07-13,0.327615411966912,0.32939210368642025,0.23578811369509045,Mid,-0.003194009482189092
2021-07-14,0.3320052775799074,0.33422523889183714,0.2550032278889606,Mid,-0.007255865059728334
2021-07-15,0.3336057167915027,0.3352457125433694,0.2632258064516129,Mid,0.004652390781114901
2021-07-16,0.3356208127721669,0.3347588692545112,0.27401676337846553,Mid,-0.004087995133710193
2021-07-19,0.3380031150241118,0.34095324693559376,0.2809278350515464,Mid,-0.007062025450544046
2021-07-20,0.3371422028497936,0.34196981579226654,0.2781712813908564,Mid,-0.009667425591323692
2021-07-21,0.31784558217304054,0.3063930494385006,0.20785070785070786,Mid,0.022556863310809666
2021-07-22,0.32061465445133325,0.30999640488189384,0.21221864951768488,Mid,-0.0007168478400333411
2021-07-23,0.3155252941132797,0.3095221986946404,0.20051413881748073,Mid,0.0031657467808108297
2021-07-26,0.3079919789916825,0.3052575186278197,0.17597944765574824,Low,-0.0027074107661275346
2021-07-27,0.21568516866376689,0.24172704334335116,0.04685494223363286,Low,-0.0021422395523775783
2021-07-28,0.20828165127274834,0.24177762904635638,0.03848620910840282,Low,0.006327194680699311
2021-07-29,0.16201179510746866,0.2112213378503914,0.019230769230769232,Low,0.009667639623225699
2021-07-30,0.311877503238783,0.37612822587856737,0.19282511210762332,Low,-0.007432795158793175
2021-08-02,0.31515061137547234,0.3781870878451734,0.2003841229193342,Mid,-0.016672709699663613
2021-08-03,0.3344613153011194,0.3879363338451387,0.272552783109405,Mid,-0.01682622302860774
2021-08-04,0.31035399391571167,0.39479544241258574,0.18542199488491048,Low,0.015788345636065237
2021-08-05,0.3040703743203567,0.3737875288390236,0.16805111821086263,Low,-0.002528591913895354
2021-08-06,0.3040876793332125,0.36181628976529584,0.1685823754789272,Low,-0.006902199479877062
2021-08-09,0.29178573715150297,0.3594211747464284,0.1429483088704531,Low,-0.013729420491947772
2021-08-10,0.29488361488388654,0.36507317884425855,0.14795918367346939,Low,0.004099286745008562
2021-08-11,0.2965101487185407,0.36873346393519313,0.15423836838750796,Low,-0.005638848689926007
2021-08-12,0.2810653981222918,0.35354722640522157,0.11910828025477707,Low,-0.004091721921117841
2021-08-13,0.27392628845674993,0.34784636203414915,0.10248249522597072,Low,0.0017442476737545565
2021-08-17,0.33181559827126245,0.4152361955399491,0.26145038167938933,Mid,-0.04220917169902094
2021-08-18,0.3236419115887334,0.4073636500575731,0.22759059122695485,Mid,-0.001145516445910183
2021-08-19,0.37249449886568614,0.48520723933300536,0.3900889453621347,Mid,-0.02925769131635922
2021-08-20,0.3531541055833755,0.4784016268411482,0.3333333333333333,Mid,-0.008651331768971288
2021-08-23,0.37934863376834754,0.48849514485724943,0.41878172588832485,Mid,0.054709251275716575
2021-08-24,0.3944017155714757,0.5121742700675893,0.47368421052631576,Mid,0.023665193479210145
2021-08-25,0.3894709130042686,0.5123994492907221,0.4550063371356147,Mid,0.008657160726128321
2021-08-26,0.3831000585926254,0.5074530202430807,0.42938568714376185,Mid,-0.004102985924744645
2021-08-27,0.38523221113940137,0.51185223989505,0.44113924050632913,Mid,0.0009267204248113448
2021-08-30,0.3907263127014749,0.532571480580718,0.4604680581910183,Mid,0.019019733731772515
2021-08-31,0.4023601738023544,0.5342628895617181,0.5056890012642224,Mid,-0.019867354064047826
2021-09-01,0.398422217181192,0.5305781951956259,0.4914718888186987,Mid,-0.010204338340747326
2021-09-02,0.4014798662918304,0.536446832740083,0.5025252525252525,Mid,0.00873937112133405
2021-09-03,0.39913544284585867,0.5345196861820561,0.4933753943217666,Mid,-0.005976499167560767
2021-09-06,0.3980339145212927,0.5324797499387869,0.489281210592686,Mid,0.0013557888276569674
2021-09-07,0.40601303572617303,0.5341488891233511,0.5229993698802773,Mid,0.01786362955323384
2021-09-08,0.4112795583995758,0.5412715022762081,0.5459697732997482,Mid,-0.007589593795470945
2021-09-09,0.36382718234116673,0.4816564101375658,0.36249213341724357,Mid,0.01302890702320006
2021-09-10,0.3578129608955318,0.47332151521254556,0.34654088050314463,Mid,0.021543751842176634
2021-09-13,0.3512789931481602,0.46987177408370545,0.32432432432432434,Mid,0.004043237938359923
2021-09-14,0.3604418568886114,0.48047203525219806,0.353643216080402,Mid,0.0238763134335592
2021-09-15,0.3660318760304737,0.48297566562262967,0.3709981167608286,Mid,0.012657048995358577
2021-09-16,0.3448472681207723,0.4718526657886184,0.30614805520702637,Mid,0.01141831298131149
2021-09-17,0.3517843577971824,0.4683316104544404,0.32727272727272727,Mid,-0.028997663215782066
2021-09-23,0.3457990693578192,0.4629078221255429,0.3107769423558897,Mid,-0.03517362215428092
2021-09-24,0.34887151114625525,0.46426902762919203,0.3199749530369443,Mid,-0.010757509182875125
2021-09-27,0.35182880862321647,0.4654231608432579,0.3285356695869837,Mid,-0.01928948434514428
2021-09-28,0.35372504237515306,0.46123024487059355,0.33458411507191993,Mid,0.026691414845884907
2021-09-29,0.3533400670905227,0.4612891069647216,0.333125,Mid,0.01813280282331504
2021-09-30,0.3582064695558857,0.4696348125159757,0.35165521549031853,Mid,0.03238621374934061
2021-10-01,0.349461383034978,0.4641821627466785,0.3208489388264669,Mid,-3.007523268871992e-06
2021-10-05,0.3469794358500302,0.46595822891116095,0.3119151590767311,Mid,-0.008579812101726004
2021-10-06,0.3617713945136612,0.4884976071363453,0.36034912718204487,Mid,-0.014803050792127247
2021-10-07,0.3503327059550594,0.48374808886346266,0.3221183800623053,Mid,0.011135763678721622
2021-10-08,0.3473309547570005,0.47587046043445325,0.3138231631382316,Mid,-0.01961566044891716
2021-10-12,0.3445567133185901,0.47250044894075294,0.30242688238954574,Mid,0.00272057412337019
2021-10-13,0.3435074915096689,0.4692663535361454,0.2997512437810945,Mid,-0.005319247226505408
2021-10-14,0.33715409094963067,0.46247536046520327,0.28216283405842135,Mid,-0.012324843685944508
2021-10-15,0.3427339663274542,0.47041344211640074,0.2981366459627329,Mid,0.015583753076091122
2021-10-18,0.3413010715646327,0.46917389419312566,0.2905027932960894,Mid,-0.007230288176101695
2021-10-19,0.34410272852153767,0.4658348132309699,0.3027295285359802,Mid,-0.01274843684924074
2021-10-20,0.34182888008878237,0.4648865629385488,0.2938623682579045,Mid,-0.006799078478170828
2021-10-21,0.33769690906104727,0.46704381548244434,0.28314745972738536,Mid,-0.001149395071514392
2021-10-22,0.340292483275703,0.4669339025961548,0.2885448916408669,Mid,-0.004657541210578176
2021-10-25,0.352091502522109,0.4728233530317076,0.3341584158415842,Mid,0.05186649494633437
2021-10-26,0.35604587174675123,0.4715556887382966,0.3512677798392084,Mid,-0.009572874872785265
2021-10-27,0.35523466898984973,0.4554067800193729,0.34857849196538937,Mid,0.046365347591319314
2021-10-28,0.3577835209292282,0.45841345084302104,0.3551575046324892,Mid,-0.007745240303133505
2021-10-29,0.36237559268404684,0.4575755685480433,0.3685185185185185,Mid,0.029215434246353044
2021-11-01,0.3463035002793537,0.44028579019832,0.3133867982726712,Mid,-0.002667909999751905
2021-11-02,0.3474289800198756,0.4400946183883013,0.31750924784217016,Mid,-0.01652366852429432
2021-11-03,0.34511264486168586,0.44216296120346693,0.3068391866913124,Mid,-0.0031641202418970504
2021-11-04,0.35198225127433985,0.44134428940726855,0.33435960591133007,Mid,-0.025634322609361448
2021-11-05,0.3455922300335659,0.43549262712552267,0.30953846153846154,Mid,0.005751456247233322
2021-11-08,0.3428261802735182,0.4330849585054151,0.2988929889298893,Mid,-0.0023691571881677476
2021-11-09,0.3449425065966374,0.4344287176104417,0.30669944683466505,Mid,-0.011500825333145137
2021-11-10,0.3443162224697425,0.43334190918587345,0.3034398034398034,Mid,0.00668552379262688
2021-11-11,0.3432227496756189,0.4313003391008055,0.2995702885205648,Mid,-0.001879342765702563
2021-11-12,0.338291729664644,0.4349823838666976,0.28343558282208586,Mid,0.01496374716049571
2021-11-15,0.3414002175564026,0.4354338501460093,0.29061925199264255,Mid,-0.005098410625402861
2021-11-16,0.3165448446133594,0.4085563697688704,0.20159313725490197,Mid,-0.01727176200563474
2021-11-17,0.3206624279734139,0.41575964518626085,0.21249234537660747,Mid,-0.006241109310211712
2021-11-18,0.3066229954923617,0.38766282376902095,0.16829865361077112,Low,-0.005105365300995479
2021-11-19,0.31027190193380544,0.38589065239062803,0.181651376146789,Low,0.00017464583158943725
2021-11-22,0.27634703825420925,0.33019802200040005,0.10146699266503667,Low,-0.01681127920436496
2021-11-23,0.2599569051359547,0.2958799638356861,0.07513744654856444,Low,0.015350625601971691
2021-11-24,0.2622441796808745,0.2958952202873471,0.07692307692307693,Low,-0.014007219262449078
2021-11-25,0.2637534331941683,0.2937729777744424,0.07992678462477121,Low,0.017530809836696703
2021-11-26,0.2660286138216295,0.3036400258353798,0.08353658536585366,Low,-0.008177114617968972
2021-11-29,0.26916783688051976,0.30990177958802717,0.09323583180987204,Low,-0.01961787575596252
2021-11-30,0.26478171614702367,0.3313214713942871,0.08160779537149818,Low,-0.008695236105337335
2021-12-01,0.2991753038756676,0.3643410065603179,0.15824710894704808,Low,0.0003847195882140664
2021-12-02,0.30619725682088855,0.3885265960700057,0.1721411192214112,Low,0.020045124757041188
2021-12-03,0.30752208077329096,0.38759994455364055,0.17750759878419453,Low,-0.011756958197808132
2021-12-06,0.30816327549461475,0.3885072694394998,0.181044957472661,Low,0.01420018748086429
2021-12-07,0.29590683322191313,0.37802184571461706,0.1493624772313297,Low,0.0011938404018529524
2021-12-08,0.29702546795258317,0.3760574149439314,0.15473300970873785,Low,-0.01008494953587553
2021-12-09,0.3206311174622546,0.4076082503590516,0.21952698605215282,Mid,-0.00938284917490977
2021-12-10,0.32842479463632357,0.41344126242294754,0.24787878787878787,Mid,0.012587291402825884
2021-12-13,0.3295362193341874,0.4148310213262182,0.2501514233797698,Mid,-0.00973227714465863
2021-12-14,0.32620679049090784,0.4107965415818532,0.24031476997578693,Mid,-0.010793026357536229
2021-12-15,0.3307087672981083,0.41549916177732893,0.2558983666061706,Mid,-0.010650326516251774
2021-12-16,0.3262112103594895,0.41236318724716436,0.24062877871825877,Mid,-0.0070778716595886635
2021-12-17,0.32240943881850986,0.4111700542085369,0.22114803625377644,Mid,-0.012066053449820235
2021-12-20,0.3195443393769274,0.41455990027320366,0.21618357487922704,Mid,-0.005136745504988771
2021-12-21,0.3180211905636813,0.41418697710207686,0.21424260712130355,Mid,0.0016810523160199153
2021-12-22,0.30423112346310843,0.4024538698156087,0.16887816646562123,Low,-0.007201670466369592
2021-12-23,0.2907396482793353,0.40096493959342255,0.13863773357444242,Low,-0.0033634239361941543
2021-12-24,0.29994007302296416,0.41756586543070623,0.1608433734939759,Low,-0.006328169308568698
2021-12-27,0.2786484681274637,0.40097104842034026,0.11077664057796509,Low,-0.006972281533280933
2021-12-28,0.2867498739297733,0.40628800866771175,0.13237063778580024,Low,-0.008242167073941386
2021-12-29,0.3135461531512686,0.40975927205522816,0.20204449789536982,Mid,0.026434419324695167
2021-12-30,0.33177831022506193,0.40997100171045187,0.2668269230769231,Mid,0.01445447805078306
2022-01-03,0.3334477105571212,0.3994413629851897,0.27627627627627627,Mid,-0.0002039884999231134
2022-01-04,0.3307654047055493,0.394816649774332,0.2605042016806723,Mid,0.028604104820338837
2022-01-05,0.3512789265635642,0.4012634844127486,0.34613077384523094,Mid,0.028263479483249743
2022-01-06,0.37741872839539853,0.4078071555890731,0.43585131894484413,Mid,0.043507168388614306
2022-01-07,0.3788620360903978,0.41045401037687756,0.4427801078490114,Mid,-0.008386935160314501
2022-01-10,0.376856902144689,0.3964419861965861,0.43293413173652695,Mid,0.01558135686863702
2022-01-11,0.3777738282031325,0.39613376581224247,0.4374625972471574,Mid,-0.013169848210834379
2022-01-12,0.36430745387126573,0.3864947279650616,0.39413875598086123,Mid,-0.009322464706676992
2022-01-13,0.3610742774996783,0.38185302098114315,0.38135086670651525,Mid,-0.0022895795785718986
2022-01-14,0.3605383764232561,0.3825199956373037,0.37992831541218636,Mid,0.005968064383297
2022-01-17,0.3657126787323613,0.3979254491543215,0.39761194029850744,Mid,-0.02316175687878481
2022-01-18,0.32869417180767413,0.358607101300498,0.25178997613365156,Mid,-0.01451330165049145
2022-01-19,0.32291299721346367,0.3574522622448731,0.22599880739415623,Mid,-0.0007715929475513139
2022-01-20,0.3008889218551734,0.3538183850435343,0.16150178784266986,Low,-0.0009902482282521774
2022-01-21,0.2997389090608393,0.347999419937396,0.15961882072662298,Low,0.009927387725544601
2022-01-24,0.2900459585936796,0.37123637929853903,0.13690476190476192,Low,-0.022988202169929074
2022-01-25,0.3111703761961816,0.4098797446976822,0.19393218322427128,Low,-0.00825186031003986
2022-01-26,0.30708140290848124,0.4108914097409649,0.17538644470868014,Low,0.003477465189681972
2022-01-27,0.3117908458769373,0.4440140750284233,0.19786096256684493,Low,-0.008267312703295459
2022-01-28,0.30223272707555193,0.46675219515938837,0.16448931116389548,Low,0.024349134336711487
2022-02-03,0.3135581986955721,0.4913724336397234,0.20415430267062315,Mid,0.018984826564938207
2022-02-04,0.3124209839228549,0.4927861948022637,0.19988137603795966,Low,0.0005377352076114894
2022-02-07,0.3035484758096768,0.4856507282185011,0.16834617664493184,Low,-0.0013219826202554464
2022-02-08,0.30144905010215,0.48602299937331556,0.16350710900473933,Low,-0.0046089769538520285
2022-02-09,0.3039807725633875,0.49054998962827756,0.1705150976909414,Low,0.012389910424088301
2022-02-10,0.30658518542383145,0.48440268762374883,0.17633136094674556,Low,-0.004998297676086438
2022-02-11,0.30795877038538066,0.4879887954962491,0.18332347723240686,Low,-0.013369883873235922
2022-02-14,0.29683081287465324,0.4825474499675438,0.1524822695035461,Low,0.000755045864316739
2022-02-15,0.2957547271852933,0.47934465845035223,0.14766686355581807,Low,-0.001892291449568262
2022-02-16,0.2952677721034358,0.4870139187321385,0.14580873671782763,Low,0.004818835389194742
2022-02-17,0.2978171267712093,0.4882727773312654,0.15634218289085547,Low,-0.0027552930690382337
2022-02-18,0.29493245503184645,0.49533933953255505,0.14504716981132076,Low,0.01497640242281455
2022-02-21,0.2963364668978873,0.5011058698968839,0.15262227460223923,Low,0.005545337580367282
2022-02-22,0.30513430936878494,0.5054670859778215,0.1772673733804476,Low,0.01652992592984026
2022-02-23,0.4304156661798997,0.5739382156944788,0.6503825779870512,Mid,0.09725249303002456
2022-02-24,0.43126296636170763,0.5824409356284902,0.6529411764705882,Mid,-0.010518736601999623
2022-02-25,0.4222638243890418,0.5746827388014757,0.6184597295708407,Mid,0.001097458497498738
2022-02-28,0.42089936367429714,0.5649749572359697,0.6122209165687427,Mid,0.0020022612166333163
2022-03-02,0.434937900358486,0.570852859131667,0.6705813270698767,Mid,0.03395360608557434
2022-03-03,0.4199785578293708,0.5401412265888534,0.6050469483568075,Mid,-0.027676304397439268
2022-03-04,0.42776563855423805,0.5423316141517094,0.6398826979472141,Mid,0.027968447559489594
2022-03-07,0.4287299380985812,0.5401687642367091,0.645369284876905,Mid,0.02204615343826244
2022-03-08,0.4419806954518891,0.5564146260776808,0.6953719976567077,Mid,-0.01543117945616832
2022-03-10,0.4498585715411648,0.5548332259580212,0.7242388758782201,Mid,-0.022717888343747616
2022-03-11,0.450311212697058,0.5568074069165783,0.7249853715623171,Mid,0.016879545308603028
2022-03-14,0.4482793872647922,0.5564028514867814,0.7198830409356726,Mid,0.0010371083111806012
2022-03-15,0.45899705887812736,0.5677239954505104,0.7521917007597896,Mid,-0.02957749399255354
2022-03-16,0.46799624998016964,0.5712448235877032,0.7745327102803738,Mid,-0.014231326732199668
2022-03-17,0.4694664600054635,0.5676091826152703,0.7822533566841798,Mid,-0.02157358413561423
2022-03-18,0.46774710594837865,0.5688966942305853,0.7736289381563594,Mid,0.006242975922727778
2022-03-21,0.4714902098799407,0.5755001555882124,0.7889212827988338,Mid,0.006798830570583792
2022-03-22,0.47785736495457004,0.5810949785241812,0.8082750582750583,High,0.026669060036912606
2022-03-23,0.48202945379017165,0.5828506661899658,0.8124635993011066,High,-0.008331525935627138
2022-03-24,0.4940477822031438,0.5938928883651199,0.8393480791618161,High,0.011479041201748964
2022-03-25,0.49133958423330537,0.5921571007617621,0.8342059336823735,High,-0.003728560249173829
2022-03-28,0.4832674063598959,0.5859205915491563,0.8162790697674419,High,0.00885135480031043
2022-03-29,0.4886962672518605,0.586821795732478,0.8291690877396862,High,-0.015509949589286776
2022-03-30,0.48126958443535595,0.5808219717254233,0.8101045296167247,High,-0.011630198679596072
2022-03-31,0.478269064282191,0.583126586196887,0.8067324434126524,High,0.003005181425786807
2022-04-01,0.4740008502196521,0.5820899423221143,0.7935034802784223,Mid,-0.0018959376907789816
2022-04-04,0.47469505986860455,0.5834983880220083,0.7971014492753623,Mid,0.002838342253686221
2022-04-05,0.49433878708926776,0.6021697367908949,0.8400926998841252,High,0.013563472330308524
2022-04-06,0.4916015672668734,0.6081953671906865,0.834973943254198,High,-0.003085947181509807
2022-04-07,0.4756003834851108,0.6130540362235891,0.7974537037037037,Mid,-0.016351868616986807
2022-04-08,0.47318412374853136,0.6138115514965834,0.7906304222093696,Mid,0.006300043323411675
2022-04-11,0.4657208227704809,0.6114423957359396,0.7589595375722543,Mid,0.016873353980176288
2022-04-12,0.4665514073872849,0.609787962829349,0.7619872905834778,Mid,0.023161933395031274
2022-04-13,0.4900401007718071,0.6386651108438895,0.8314087759815243,High,0.039826874400114363
2022-04-14,0.49412185183486634,0.6409291676564949,0.8401615695326025,High,0.015887793428568477
2022-04-15,0.5183315610049428,0.6476217061391245,0.8667820069204152,High,0.04763142976982715
2022-04-18,0.5168711271223306,0.6407300635418258,0.8645533141210374,High,-0.017910430233414633
2022-04-19,0.522227574106459,0.6458759568478258,0.8726958525345622,High,0.025367722603741604
2022-04-20,0.5382614776329577,0.6560191757510749,0.9050086355785838,High,-0.022253576983994106
2022-04-21,0.5442610070231441,0.6577501858411832,0.9171461449942463,High,-0.01647931263046769
2022-04-22,0.5444337221294395,0.6602299874853902,0.917193789534215,High,-0.008623338862810437
2022-04-25,0.5374059683759052,0.6502050240359478,0.9022988505747126,High,0.006603908519426538
2022-04-26,0.5342262045680208,0.6371335920017194,0.8925904652498564,High,0.0016107693851128203
2022-04-27,0.5354408969743657,0.6362756060793521,0.8972445464982779,High,0.01504705867537146
2022-04-28,0.5363109793394011,0.614242467316213,0.9007458405048766,High,-0.008916850193785209
2022-04-29,0.5456421375838794,0.6048937556612569,0.9214449541284404,High,-0.022342840396529208
2022-05-02,0.5431160134050398,0.5946053507868729,0.9123209169054441,High,-0.0006890860634185536
2022-05-03,0.5474593211745714,0.5985476949206732,0.9238258877434136,High,-0.012848701908160187
2022-05-04,0.5545859282981512,0.6054160513880267,0.934745277618775,High,-0.00868931759512015
2022-05-06,0.5646613917252882,0.6168728554087122,0.948512585812357,High,0.004399235230788667
2022-05-09,0.5718952966523504,0.6239741760487055,0.9559748427672956,High,-0.0035646939710993974
2022-05-10,0.5794750656698209,0.6311974087631309,0.9674285714285714,High,0.0020039621925268315
2022-05-11,0.5808034228870487,0.6283811247010406,0.9680182752712736,High,-0.01565967088403002
2022-05-12,0.5863734863136532,0.6280516921372349,0.9726027397260274,High,0.016349239715707276
2022-05-13,0.5862937340720004,0.6269903408928008,0.9714774671990872,High,-0.005333945392446138
2022-05-16,0.5883721479033329,0.6245640935310799,0.9732041049030786,High,-0.004070277256369548
2022-05-17,0.5912920608997045,0.6169342218569785,0.978917378917379,High,-0.03968659628761482
2022-05-18,0.5979734602389029,0.6204923108021891,0.9834851936218679,High,-0.023035701789596973
2022-05-19,0.5938242739154587,0.6182540802561257,0.9789413773477519,High,0.0016729188175157671
2022-05-20,0.5913808593251855,0.6161805400993268,0.9778156996587031,High,-0.011976869596413997
2022-05-23,0.521466894115157,0.5461520691882731,0.8607163160886867,High,-0.005776585007044544
2022-05-24,0.5202928202478156,0.5234678154948292,0.8573863636363637,High,0.0073849248376588236
2022-05-25,0.5255850314822955,0.5258930549260848,0.8665530948324816,High,-0.003181423158690233
2022-05-26,0.5348648907515037,0.5306506769565791,0.8859250851305335,High,0.03931758280372481
2022-05-27,0.5168335384086892,0.5113275605963443,0.8508224617129893,High,0.001549953319199493
2022-05-30,0.5538413227249234,0.5518191021864705,0.9268707482993197,High,-0.019242206743770796
2022-05-31,0.5349183105011176,0.5471622233151697,0.8855524079320113,High,0.0053852438340987515
2022-06-02,0.5421484831969876,0.5604025715061014,0.9037372593431483,High,0.016131537898423497
2022-06-03,0.537100093624329,0.5494342249330118,0.8936049801924165,High,0.010623032365781793
2022-06-07,0.5443829517239615,0.5552062330610777,0.9095022624434389,High,0.02602038526816224
2022-06-08,0.536952231933506,0.5507748496961098,0.8920293951384963,High,0.005138980349442645
2022-06-09,0.5405202565490667,0.5537262451639935,0.9011299435028248,High,0.007658024329729484
2022-06-10,0.5280464009050692,0.5226816123642993,0.8661773009599096,High,0.014779727773790285
2022-06-13,0.5192441458350282,0.5545861312953339,0.8515801354401806,High,-0.004896652498479037
2022-06-14,0.5160837252156981,0.5630874563290759,0.8437676254935138,High,-0.006978512736001674
2022-06-15,0.5317941896604381,0.5930578865201168,0.8759864712514093,High,-0.01693569285676657
2022-06-16,0.521987749964247,0.5855572167838554,0.8557746478873239,High,0.01197292862039634
2022-06-17,0.5643247923544419,0.596984397350653,0.9431306306306306,High,0.053042336122178214
2022-06-20,0.5607451496261177,0.602931298213172,0.9386606640405177,High,-0.0032052162043672227
2022-06-21,0.5604437895495206,0.6140070874888546,0.9381327334083239,High,0.043784900081933385
2022-06-22,0.5576746156260589,0.61920001527457,0.9325463743676222,High,0.007119004670310347
2022-06-23,0.5742655578713216,0.6400405295587893,0.952247191011236,High,-0.025949336100345555
2022-06-24,0.571671082390394,0.6422397217214225,0.9505895564289725,High,-0.008113842890733514
2022-06-27,0.5750723768298089,0.6580521804318213,0.9539842873176206,High,0.022336410260644302
2022-06-28,0.577480556420072,0.658980878370822,0.9568143578238923,High,-0.004036058083203331
2022-06-29,0.5871569008819121,0.6649769592996603,0.9702914798206278,High,0.01567117569316845
2022-06-30,0.6119320512460159,0.6682048532242923,0.9904761904761905,High,0.050429940677613326
2022-07-01,0.6182060482936615,0.6754861539226018,0.9938409854423292,High,-0.008087978991850075
2022-07-04,0.6335980408067374,0.6850661020907922,0.996082820369334,High,-0.037231539326278915
2022-07-05,0.6383456996932164,0.682487818483932,0.9972035794183445,High,-0.00938778337400783
2022-07-06,0.6425856513752366,0.7041181217148286,0.9977641140301845,High,-0.05768907099789915
2022-07-07,0.6477604405374658,0.7106701446632073,0.9983240223463687,High,-0.003181961710657877
2022-07-08,0.6498496299413669,0.7162114745310546,0.9988833054159687,High,-0.0020243244115496716
2022-07-11,0.6422098628711554,0.6953315653301024,0.99609375,High,-0.008171332648345953
2022-07-12,0.6412469950837595,0.6941788849118897,0.9955382041271612,High,0.004470513947266275
2022-07-13,0.6252744808532087,0.683938593176952,0.9916387959866221,High,-0.02524427300502168
2022-07-14,0.6231965928230608,0.682970014593532,0.9910863509749304,High,-0.003060700478765299
2022-07-15,0.6220901427493547,0.6747156651896514,0.9905345211581291,High,-0.006954245244017309
2022-07-18,0.6291657189417865,0.6985270895976261,0.991652754590985,High,0.03554055496617616
2022-07-19,0.6247941649214286,0.6969267945893574,0.9905450500556173,High,-0.002134477083883124
2022-07-20,0.6272014717946919,0.6967487262523926,0.991106170094497,High,-0.007993687342747368
2022-07-21,0.6254523570293207,0.6970659314516817,0.9905555555555555,High,0.0013199537224458436
2022-07-22,0.6269855379234951,0.6980093139456779,0.9905607995558023,High,0.0021669009251147784
2022-07-25,0.6213032644034431,0.694514632598054,0.9861265260821309,High,-0.007736769107925134
2022-07-26,0.6190969274934834,0.6938634590848831,0.985579589572934,High,0.002305320085413265
2022-07-27,0.6142731645366365,0.6934328858737261,0.9822616407982262,High,-0.00971271764787036
2022-07-28,0.615159723047297,0.694216207949913,0.9828254847645429,High,-0.004124667718045627
2022-07-29,0.6159136359190305,0.6970925320080027,0.9828349944629015,High,0.013104663759117363
2022-08-01,0.6225485027821754,0.7010853818807268,0.987825124515772,High,0.04171060384083582
2022-08-02,0.620052130214678,0.6976966799990072,0.985066371681416,High,0.012162600826298543
2022-08-03,0.6173589018538042,0.6942016017205678,0.982310668877833,High,2.9854344586865978e-05
2022-08-04,0.6167338451402081,0.6909730215642245,0.981767955801105,High,-0.020156398016733478
2022-08-05,0.616450623619079,0.6914615300408973,0.981225842076201,High,0.0002957295962321638
2022-08-08,0.6115671251076511,0.6898739578530552,0.9757174392935982,High,0.008790438439350257
2022-08-09,0.6125172089914767,0.68952864047897,0.9762824048538334,High,-0.000999322801056124
2022-08-10,0.6245853830434985,0.6926038273360936,0.9884233737596472,High,0.037009459308588746
2022-08-11,0.6349235679413592,0.7086689043857857,0.9939393939393939,High,-0.0154347266012697
2022-08-12,0.6268102371375188,0.7038475968215839,0.9895374449339207,High,-0.0054480134241275515
2022-08-16,0.630518891784267,0.7051792937526906,0.9911942762795817,High,-0.0034332162859058045
2022-08-17,0.6304297027904773,0.7083330678016047,0.9906490649064906,High,0.0010362465670520793
2022-08-18,0.6289455402451607,0.7081156346914681,0.9895547003848268,High,-0.004568936357102227
2022-08-19,0.6274342601026104,0.7047049400598246,0.989010989010989,High,0.013157910613916735
2022-08-22,0.6267208229970953,0.7056616994187827,0.9868204283360791,High,0.0002332025769075985
2022-08-23,0.6282225370958403,0.7008927994044175,0.9890230515916575,High,0.04354948478524676
2022-08-24,0.6299004000084555,0.7024823179113799,0.9901261656609983,High,0.007371045812691213
2022-08-25,0.6352403885848019,0.7037107839072504,0.9939692982456141,High,-0.029317367918947457
2022-08-26,0.6341080271290245,0.7021566725512545,0.9923287671232877,High,4.5227287488636134e-05
2022-08-29,0.6319489488686367,0.7073754307839515,0.9901423877327492,High,-0.0026118245738510513
2022-08-30,0.6431866819153083,0.7113312118907197,0.9967159277504105,High,-0.02030962964874474
2022-08-31,0.6382332968655404,0.7097746286585951,0.9934354485776805,High,-0.016941542364282823
2022-09-01,0.6274376574124165,0.7113013213020389,0.9852378348824494,High,-0.01798495667752269
2022-09-02,0.6240019678249488,0.7080941121806247,0.9797814207650273,High,-0.003294646763679232
2022-09-05,0.6198300605869458,0.7064088063735465,0.9754232659748772,High,0.01110323023063393
2022-09-06,0.6192281824135211,0.6924193238114468,0.9748908296943232,High,0.007808281867295009
2022-09-07,0.6031335244304422,0.6803875989651991,0.9601745771958538,High,-0.008450937347942777
2022-09-08,0.6026992591227252,0.6715794022894073,0.9596510359869138,High,-0.01301388281044733
2022-09-13,0.6138853987968472,0.6730497704490428,0.9673024523160763,High,-0.026936434521629103
2022-09-14,0.5801734562319469,0.6576180654065037,0.9368191721132898,High,0.012054196215356017
2022-09-15,0.5797703084401497,0.6493377007620755,0.9357648339684268,High,0.023778033075538184
2022-09-16,0.5716993489260557,0.6404391011933358,0.9216539717083787,High,-0.015419111443531742
2022-09-19,0.5811472841938493,0.6486099482289692,0.9374660141381186,High,-0.01431029589819539
2022-09-20,0.5603566037062029,0.6193726772186308,0.9065217391304348,High,0.003871262547512022
2022-09-21,0.5319115165477699,0.5798698111242843,0.8457360130363932,High,0.03735102084799056
2022-09-22,0.5095884789379086,0.5364108166909953,0.8061889250814332,High,0.03401522364095359
2022-09-23,0.5088849297988155,0.5357884917777801,0.8057514921323928,High,0.009311918092138338
2022-09-26,0.43210216026254483,0.46517853470257997,0.6095444685466378,Mid,0.013401700577345932
2022-09-27,0.3552211173113514,0.416777961197836,0.34363143631436316,Mid,-0.029804195806263544
2022-09-28,0.37444460950602554,0.4543405159338588,0.39978331527627303,Mid,-0.031850361561815844
2022-09-29,0.3582108323177144,0.44168770547229796,0.3530048727666486,Mid,0.0020174543722566
2022-09-30,0.35736227228771245,0.44210023843740726,0.349025974025974,Mid,0.0010137910735361411
2022-10-04,0.3364550114393948,0.4130899846872135,0.2736614386154678,Mid,0.014326891140162834
2022-10-05,0.34607045812142856,0.41110475388498513,0.3108108108108108,Mid,-0.02706107743002293
2022-10-06,0.35978518063633913,0.43458232728461565,0.35764451647757967,Mid,0.03568187524800983
2022-10-07,0.35449437621858154,0.4279245465469468,0.3396328293736501,Mid,-0.001366049223799104
2022-10-11,0.3703655426671928,0.4561137411234227,0.3858607663248786,Mid,-0.02868447286634206
2022-10-12,0.35659530759206837,0.446375683957439,0.348975188781014,Mid,-0.006309587654567883
2022-10-13,0.3534037650053457,0.4536943811681821,0.3347708894878706,Mid,-0.022778864667125885
2022-10-14,0.35393535259674247,0.4556905570504478,0.33782327586206895,Mid,-0.00932005100161013
2022-10-17,0.3355506440577417,0.42200160692019917,0.2703284868066774,Mid,-0.004767065149291328
2022-10-18,0.3410268393352144,0.41813818253159435,0.2857911733046286,Mid,-0.02409091881139771
2022-10-19,0.33691984600439834,0.415167715603748,0.2748789671866595,Mid,-0.0037802958689878265
2022-10-20,0.3320567231293807,0.40861139678578684,0.2537634408602151,Mid,0.007027624770537533
2022-10-21,0.3430568163590342,0.4175598779416586,0.2971520687802257,Mid,-0.028195976682926636
2022-10-24,0.3409388724930674,0.41044354131355226,0.2862513426423201,Mid,-0.010563237694385297
2022-10-25,0.35327053545552756,0.4166229411739096,0.33548040794417605,Mid,-0.025706133249477237
2022-10-26,0.3560082841603095,0.4167544595385874,0.3497854077253219,Mid,-0.01745222741029164
2022-10-27,0.35354120898146824,0.42432293982120156,0.3372654155495979,Mid,0.02467547108460395
2022-10-28,0.3475038136972441,0.4152342754103242,0.3161843515541265,Mid,0.012545130308956699
2022-10-31,0.33553782081970535,0.4012483587107235,0.26941617568291376,Mid,-0.02548495859690143
2022-11-01,0.331776434940649,0.40646161947330645,0.25,Mid,0.0005109275016037973
2022-11-02,0.3306752459056802,0.4036158472803327,0.24398073836276082,Mid,-0.0003431240690067616
2022-11-03,0.33012966125397103,0.40408672779401755,0.2427807486631016,Mid,0.009195275537362569
2022-11-04,0.32760476383501813,0.40433883790436437,0.23196151790486372,Mid,0.011241287255516364
2022-11-07,0.3282882086793034,0.4035607875204219,0.23504273504273504,Mid,-0.012510395510823802
2022-11-08,0.3292262545590055,0.40484365343396356,0.2397223705285638,Mid,-0.004383457884813713
2022-11-09,0.3006706696937322,0.3867562144041658,0.14887940234791888,Low,-0.01699162206051217
2022-11-10,0.2948714835788504,0.38233444722636,0.13066666666666665,Low,-0.0009184401067617199
2022-11-11,0.2931428940006361,0.39410458781691704,0.12953091684434967,Low,0.0011314255458517053
2022-11-14,0.29172097171647937,0.39328628865902276,0.1262653169952051,Low,-0.013076349286907485
2022-11-15,0.29026064244366634,0.39248287960062667,0.1235356762513312,Low,0.000613419505232482
2022-11-16,0.289627632065771,0.390904172955565,0.12134113890367217,Low,0.012845259729002634
2022-11-17,0.28492162001785015,0.3795459476955966,0.11329787234042553,Low,0.01546404712796079
2022-11-18,0.28406122789679455,0.37131862493321377,0.11270600744284955,Low,0.030018234849797664
2022-11-21,0.26194724214921017,0.37181140845394367,0.0669500531349628,Low,-0.022784703963960862
2022-11-22,0.2550395974362017,0.3640206946118694,0.0605416887944769,Low,0.002083175800329862
2022-11-23,0.24260691556550587,0.3613232377935077,0.05467091295116773,Low,-0.0013285777010089595
2022-11-24,0.2450172949780108,0.362970348993479,0.05623342175066313,Low,-0.011594443196735572
2022-11-25,0.24589689695757663,0.3588984413391202,0.05726405090137858,Low,0.00016931392054868598
2022-11-28,0.2408109495764065,0.3640851567976339,0.05405405405405406,Low,-0.019431041972665875
2022-11-29,0.24093406181446914,0.36962144381467493,0.05455508474576271,Low,0.022498899886888246
2022-11-30,0.236203175218234,0.3557838944351305,0.05187930121757544,Low,-0.007461864214389791
2022-12-01,0.23841226574515514,0.35778785249230116,0.05291005291005291,Low,-0.0013923988131884445
2022-12-02,0.2390463823233108,0.3689391342148539,0.053410893707033315,Low,-0.015077022875834078
2022-12-05,0.2409506313410449,0.3699236969996762,0.056553911205074,Low,0.002399066267461758
2022-12-06,0.25146340191058114,0.36955500159370924,0.06286318013734812,Low,0.021510294755854375
2022-12-07,0.2487141624309218,0.3681341842708199,0.061246040126715945,Low,-0.00016098863970821499
2022-12-08,0.23926710938474244,0.369453387361104,0.05382585751978892,Low,-0.0006178529178378023
2022-12-09,0.23733783853249002,0.3707893561323898,0.05221518987341772,Low,-0.004630225067524196
2022-12-12,0.23053272778944162,0.3683800209842758,0.047443331576172906,Low,0.0037850154472762075
2022-12-13,0.2412600971847208,0.37286369664736685,0.058482613277133826,Low,0.026995420493344892
2022-12-14,0.24136429642716578,0.3670082431013671,0.05897840968931016,Low,-0.01243654819484008
2022-12-15,0.24590467205043914,0.37144009872337913,0.06315789473684211,Low,0.0043125838100912086
2022-12-16,0.240074728980355,0.37719392011389036,0.05628616517622304,Low,0.011370253591240909
2022-12-19,0.22393151235045233,0.37923639498574985,0.04468980021030494,Low,-0.006554826912845679
2022-12-20,0.22240209713633127,0.3821626837071025,0.04308985811875985,Low,-0.0065993752880800114
2022-12-21,0.2631572099439411,0.43104921667919616,0.07930672268907563,Low,0.010612145765910875
2022-12-22,0.3422091536732198,0.5133319987835506,0.30603674540682413,Mid,0.0054653679514963475
2022-12-23,0.3202031332740143,0.47597777161803867,0.2203567681007345,Mid,0.002861193964297559
2022-12-26,0.3233946406589865,0.4778489936504015,0.22968012585212375,Mid,-0.01195758835115981
2022-12-27,0.3265449968185753,0.4811063136346073,0.24371069182389937,Mid,0.006291752388289895
2022-12-28,0.345363066604701,0.46372745208427446,0.321634363541121,Mid,0.028351459686437597
2022-12-29,0.33657434423506266,0.4648244696389533,0.28848167539267017,Mid,-0.0013197030953076671
2023-01-02,0.3140835893137308,0.44382725474134094,0.20565149136577707,Mid,-0.002487573471390103
2023-01-03,0.3166045771327639,0.44644175899271377,0.2112970711297071,Mid,-0.013760573157320977
2023-01-04,0.3068868424812826,0.3990436805394211,0.1766858337689493,Low,-0.03469507552909681
2023-01-05,0.33292624280640104,0.418628334625556,0.274294670846395,Mid,-0.02586915596392585
2023-01-06,0.3270865102002505,0.39560199097433457,0.24490861618798956,Mid,-0.012083842600276729
2023-01-09,0.32397055033613503,0.4062627833665563,0.23382045929018788,Mid,0.0026911344775567337
2023-01-10,0.3228952242800502,0.4053180200808666,0.2269170579029734,Mid,-0.004848446568816467
2023-01-11,0.3208075046740047,0.4142993449017678,0.22314911366006257,Mid,0.010127826334541323
2023-01-12,0.31851668262743693,0.41112064924574143,0.21782178217821782,Mid,0.003284263679325572
2023-01-13,0.32765989141092333,0.42278751843458273,0.24895833333333334,Mid,0.0020154864629507775
2023-01-16,0.3145600898559525,0.4087615428870578,0.2056220718375846,Mid,-0.014218590718833357
2023-01-17,0.32689115460502777,0.41791543570094813,0.24661810613943808,Mid,0.014226229550334346
2023-01-18,0.31541002569046317,0.4106420784754171,0.20852834113364535,Mid,-0.009384569430815826
2023-01-19,0.3186584011051385,0.4152502412595844,0.2188149688149688,Mid,-0.014936910712029183
2023-01-20,0.30830507307920924,0.3865802525767784,0.18545454545454546,Low,0.005740126533353251
2023-01-25,0.3133746137115563,0.3933018708361816,0.2019730010384216,Mid,-0.010917126930704879
2023-01-26,0.3041132292332557,0.3932267995388585,0.1702127659574468,Low,-0.012339517048802295
2023-01-27,0.31796895930620195,0.3995533149601807,0.2183609958506224,Mid,0.02156965202013934
2023-01-30,0.3135461371341085,0.39133046203434546,0.20269569725246242,Mid,0.012209656087978837
2023-01-31,0.34110180367066645,0.38636889941642616,0.3088082901554404,Mid,0.0533825135482503
2023-02-01,0.3460827013046258,0.38701074257396795,0.3345416882444329,Mid,-0.004411669577312672
2023-02-02,0.34498289268543264,0.38785262357511824,0.32712215320910976,Mid,-0.008144485347009334
2023-02-03,0.3438251960569974,0.3884909806983388,0.32177961717537507,Mid,0.012107256097100283
2023-02-06,0.34858013907780755,0.3979792771968552,0.343846949327818,Mid,0.009272286969182874
2023-02-07,0.37101801332785417,0.4095421714228828,0.4134366925064599,Mid,-0.03285395921072613
2023-02-08,0.3932029466313311,0.3991281364941133,0.48863636363636365,Mid,-0.03102053786901393
2023-02-09,0.39356106508670813,0.3972462619793916,0.4909654104284977,Mid,0.012499660874008866
2023-02-10,0.4023113956258161,0.4029489758145496,0.5190918472652218,Mid,0.020769200926862408
2023-02-13,0.4092920718136323,0.4059292723490372,0.5435791645177926,Mid,0.02324226499723523
2023-02-14,0.41336368172346677,0.4160093181973602,0.5577319587628866,Mid,-0.0017137874985483138
2023-02-15,0.4270612898172921,0.43506287467811894,0.6079340546110252,Mid,-0.0002636860451099565
2023-02-16,0.4274219816968552,0.4163918606625946,0.6101956745623069,Mid,-0.0185889031650033
2023-02-17,0.43733719821268513,0.42278023203044623,0.6474523932063819,Mid,0.007632585251841384
2023-02-20,0.4386812573784177,0.423488600423347,0.6512345679012346,Mid,-0.006321758053145077
2023-02-21,0.4598785586811145,0.4497058443046428,0.7167095115681233,Mid,0.035355965840763615
2023-02-22,0.46257863249095826,0.44909648559633714,0.7204522096608428,Mid,0.015293269063121607
2023-02-23,0.4709987021242784,0.43828813650542486,0.7483307652799178,Mid,-0.02007586937464394
2023-02-24,0.515988214501607,0.4651815882182606,0.8223819301848049,High,0.002663044085036215
2023-02-27,0.5382803262939627,0.4983303330589333,0.8717290918419702,High,-0.016716082805847667
2023-02-28,0.5400297224175084,0.4978377814744975,0.8743589743589744,High,-0.017277496205102726
2023-03-02,0.5347879499032038,0.47044882790400483,0.8580215274218349,High,-0.00029646834518661793
2023-03-03,0.5353117085936443,0.4706545085597608,0.8621926229508197,High,-0.02098178767466541
2023-03-06,0.542103851275472,0.47594462586860364,0.8786482334869432,High,-0.022773749655034047
2023-03-07,0.5467298629615687,0.48122881395078076,0.890992835209826,High,-0.014668743394958095
2023-03-08,0.5466364539272839,0.49457656632878566,0.8900255754475703,High,-0.015666486869284468
2023-03-09,0.5459115837142627,0.49424296530064354,0.8885480572597138,High,-0.0009882180550179864
2023-03-10,0.5450931455999187,0.4949447071174409,0.8870720490546755,High,0.0017094627831801378
2023-03-13,0.5305248768545465,0.48036837171589875,0.8452502553626149,High,0.001862192595761547
2023-03-14,0.5207563208953967,0.4891373337383689,0.8279734558448187,High,-0.0016781084219348985
2023-03-15,0.5247644821265489,0.5071781535173138,0.835204081632653,High,0.018329789232410975
2023-03-16,0.5349971094474036,0.5191575040712268,0.85721570627231,High,-0.023694083663424337
2023-03-17,0.5158658563322065,0.4942430566286644,0.8165137614678899,High,-0.021751666962029993
2023-03-20,0.5159691585425084,0.48769848620021766,0.8166072338257768,High,0.01472437316476014
2023-03-21,0.5237985256560299,0.5015110934368937,0.8329938900203666,High,0.029981537410240566
2023-03-22,0.5341932571460325,0.5002752907823634,0.8534351145038168,High,-0.0246305972806945
2023-03-23,0.5375245923821972,0.4999315201219994,0.8677517802644964,High,-0.010518609723303918
2023-03-24,0.5321789457860205,0.49454243747518445,0.849517031011693,High,-0.0005604160621109245
2023-03-27,0.5305389377228182,0.4904939650251364,0.8440040650406504,High,-0.003693192636096487
2023-03-28,0.5345464865538028,0.5236115789726148,0.8537328593194515,High,0.03040353878410147
2023-03-29,0.535098237547585,0.5171436706978049,0.8573604060913705,High,-0.01459009222271992
2023-03-30,0.5375116545217276,0.5198315696019138,0.867579908675799,High,0.0069585350414402836
2023-03-31,0.542287964970625,0.5246821643685433,0.8788032454361054,High,0.0035305029317080905
2023-04-03,0.5444152198517436,0.5379228253843061,0.883933096806893,High,0.007486811268163596
2023-04-04,0.541467845216108,0.5377207606422775,0.8763931104356636,High,0.017848171883618
2023-04-05,0.5409736820322888,0.5368149439497507,0.8749367088607595,High,-0.015820076003149785
2023-04-06,0.5456740323101712,0.5328223601407918,0.8891700404858299,High,0.00019578327242444348
2023-04-07,0.5504241745551883,0.5341670843756268,0.8958017197774406,High,-0.013677390967388181
2023-04-10,0.5537425078325504,0.5306789271358437,0.9014155712841254,High,-0.024788443300243122
2023-04-11,0.5611351046683387,0.537710744742906,0.9151086407276402,High,-0.009433612309649541
2023-04-12,0.5619357839902132,0.5372219665981491,0.9161616161616162,High,0.016612712283741927
2023-04-13,0.5625756001935014,0.5407347187092647,0.9167087329631499,High,0.010297824939770717
2023-04-14,0.5594997654254624,0.542722527537341,0.9091826437941474,High,0.019203973296607522
2023-04-17,0.5523038862140632,0.5338991741594182,0.8956127080181543,High,0.029854532206170424
2023-04-18,0.5484941950795951,0.532187583094976,0.8911290322580645,High,-0.003944421515735907
2023-04-19,0.5650765202346002,0.5492519716983576,0.9193954659949622,High,0.03763979301389782
2023-04-20,0.5640705582407133,0.5486809898147239,0.9179254783484391,High,0.015121303465820236
2023-04-21,0.5602007172357462,0.5536461580354743,0.9099144438852541,High,-0.019624006257379877
2023-04-24,0.5587149655335707,0.548366869789229,0.9064386317907445,High,0.004332957478081134
2023-04-25,0.567398845043764,0.557202464656875,0.9205630970336852,High,0.013330188730220339
2023-04-26,0.5683549054903824,0.5755073166429735,0.921105527638191,High,-0.008471249254321389
2023-04-27,0.5692785753695332,0.5738120384291918,0.9226519337016574,High,-0.02331890977308577
2023-04-28,0.5485311856334814,0.5539000954311504,0.8880522088353414,High,0.0068551867692641325
2023-05-02,0.5360597151298113,0.538360074463076,0.8529854490717511,High,-0.012643713288547898
2023-05-03,0.5323255704921547,0.5397966655552704,0.839518555667001,High,-0.009074628210572167
2023-05-04,0.5248722017773989,0.5377918116998291,0.8230576441102757,High,-0.010809765445036534
2023-05-08,0.5155229931473023,0.5397093934604229,0.8021042084168337,High,0.006438961543275568
2023-05-09,0.5247811695233733,0.5471661682087055,0.8222333500250375,High,0.028854988821711957
2023-05-10,0.5172305241035571,0.5443597349614508,0.8073073073073073,High,-0.004506257953275061
2023-05-11,0.514266742115453,0.5460318049311537,0.7998999499749875,Mid,0.005438367122396514
2023-05-12,0.5215225813273967,0.5559757537070964,0.816,High,-0.017429884569588383
2023-05-15,0.5265040450639835,0.5581677724154709,0.8245877061469266,High,0.006243845064415998
2023-05-16,0.5209910080900366,0.5586137233781028,0.8131868131868132,High,-0.0066498924641270165
2023-05-17,0.5229303633949931,0.5606115684795854,0.818771842236645,High,-0.00842771991321869
2023-05-18,0.5234423507608651,0.561388936291377,0.8193612774451098,High,-0.0020544188511481655
2023-05-19,0.5031181289432304,0.5463831911757764,0.7885286783042394,Mid,0.007082558401467409
2023-05-22,0.5306456732570702,0.5798122865264,0.8344965104685942,High,0.058919169712546446
2023-05-23,0.5221046666584548,0.5757682372842691,0.8156452416542103,High,-0.002856415888283381
2023-05-24,0.5182474850190634,0.5700192499497356,0.8062749003984063,High,0.023889942839032275
2023-05-25,0.5138948298207259,0.5639777306564127,0.7959183673469388,Mid,-0.017636834934772506
2023-05-26,0.5192895410676457,0.5698576539931914,0.808955223880597,High,-0.01577902002370306
2023-05-30,0.5074822084908795,0.5611303274618773,0.7901541521631029,Mid,0.007396030143303545
2023-05-31,0.5080939508758748,0.5643044332504938,0.790258449304175,Mid,-0.016805131134798444
2023-06-01,0.49874616628514323,0.5629076576053221,0.7804272230501739,Mid,-0.007802597688883006
2023-06-02,0.4923915922529273,0.559455605237922,0.7720953326713009,Mid,0.0024995218886769257
2023-06-05,0.5243734318287727,0.580899692918315,0.8218362282878412,High,0.048294015668324475
2023-06-07,0.5255691084507437,0.5812893651528237,0.8239087301587301,High,0.0048993602196667485
2023-06-08,0.5248610423168766,0.5795980061869926,0.8230044620723848,High,0.0053413520326377915
2023-06-09,0.5350580199999447,0.5846289237492244,0.8488602576808721,High,-0.01997224445561314
2023-06-12,0.5428124461494972,0.5795540568640186,0.8727092620108965,High,0.018346579324627223
2023-06-13,0.5441237673846953,0.5724687000253263,0.8767326732673267,High,-0.024548714032618067
2023-06-14,0.5348714937297567,0.5595894143341668,0.8466105888174171,High,0.01829050178525975
2023-06-15,0.534960915922652,0.5651125460257289,0.8471810089020771,High,0.015453232065596189
2023-06-16,0.5355109475700636,0.5720897279013096,0.8521997034107761,High,0.0398636883854079
2023-06-19,0.5268593563177927,0.5623814160413836,0.8231225296442688,High,0.005583170405823745
2023-06-20,0.5157632042542339,0.5546875854487985,0.7950617283950617,Mid,0.040973426223168644
2023-06-21,0.5116433711988199,0.551036733957136,0.7892398815399803,Mid,0.009404726297221
2023-06-22,0.5162139010643125,0.5533122306249221,0.7972372964972866,Mid,-0.009906831214456301
2023-06-23,0.5208373386074132,0.5630394949681946,0.8081854043392505,High,-0.014549180938327999
2023-06-26,0.5079985411681217,0.543769318346496,0.7846229669788073,Mid,0.0034216570668631485
2023-06-27,0.5054070791817604,0.5417448154292294,0.7827586206896552,Mid,0.01655026059276139
2023-06-28,0.5140678934550749,0.5530422122849964,0.7917282127031019,Mid,-0.011284583842553042
2023-06-29,0.5139299501304417,0.5527229649979505,0.7908464566929134,Mid,0.0036563477758172922
2023-06-30,0.5154010162747447,0.5554543426135556,0.792916871618298,Mid,0.01162072567206036
2023-07-03,0.5176022477065931,0.5535133403129554,0.8018682399213373,High,-0.010492300679354694
2023-07-04,0.5264621914404918,0.5512026608448433,0.8226044226044226,High,0.056728381255822205
2023-07-05,0.5236706888742564,0.5449138443572864,0.8163064833005894,High,0.0066636519052931
2023-07-06,0.517778016266572,0.54537185494325,0.8016691212567502,High,0.0023297879147055056
2023-07-07,0.5096561947839432,0.5380931119408612,0.7841020608439647,Mid,0.029095458226821202
2023-07-10,0.5024660912463487,0.5341196780475015,0.7763609612555175,Mid,0.00729830368525024
2023-07-11,0.49620564952584933,0.533972243538684,0.7666666666666667,Mid,0.014919636249894364
2023-07-12,0.48257250513229283,0.5230637554912361,0.7413032827045566,Mid,0.0321027910204509
2023-07-13,0.4814658566694522,0.5228966724931212,0.738001958863859,Mid,0.012457885842215521
2023-07-14,0.4921445822410839,0.526759776034082,0.7611355849241311,Mid,-0.01488343048229448
2023-07-17,0.4870166089485776,0.5211731441640037,0.7509784735812133,Mid,0.0074107099616511855
2023-07-18,0.4852409498949484,0.5215182925739936,0.7471882640586797,Mid,-0.01913039399407268
2023-07-19,0.47538594195096745,0.5134390883785231,0.7258064516129032,Mid,0.007066592704900865
2023-07-20,0.47522278067625423,0.5097590121122633,0.7254518808011724,Mid,-0.017008587760577187
2023-07-21,0.47828567690505264,0.51023021393493,0.73388671875,Mid,-0.008301401466574276
2023-07-24,0.48720651071996884,0.5149606056705757,0.7515861395802831,Mid,-0.022049096805657233
2023-07-25,0.48704838819119545,0.5147397270954458,0.751219512195122,Mid,0.010580728075267155
2023-07-26,0.4811573299800241,0.5186742008386467,0.7357386640663092,Mid,-0.003002988131402806
2023-07-27,0.5095959783959882,0.5396626693711191,0.7850877192982456,Mid,-0.04098337105966745
2023-07-28,0.522408462690634,0.5532490262593668,0.8149050170482222,High,0.04576418518833418
2023-07-31,0.516939921949328,0.5485049794999559,0.7999026290165531,Mid,0.023294581880266386
2023-08-01,0.5047307525403041,0.5400966977864363,0.7795620437956204,Mid,0.0075144967436063135
2023-08-02,0.5033308987033039,0.5393445600524907,0.7772373540856031,Mid,0.012805660936653673
2023-08-03,0.5081684747410956,0.5476474810760025,0.7826932425862907,Mid,-0.020536774496519472
2023-08-04,0.5094848937300569,0.5474561900727444,0.7837706511175899,Mid,0.004273521345512621
2023-08-07,0.5164248760995181,0.5567826076436033,0.797474502185527,Mid,-0.006608127433809163
2023-08-08,0.5147213092073757,0.5503599811820166,0.791747572815534,Mid,0.025836410703870015
2023-08-09,0.518489495819689,0.550029657805428,0.804463852498787,High,-0.016535579758109688
2023-08-10,0.5150702959098836,0.5470558599048629,0.7914645974781765,Mid,-0.006165418093566477
2023-08-11,0.5140791208622241,0.5473032119872673,0.7896267571497819,Mid,0.007325861688308866
2023-08-14,0.5246611151451075,0.5630734928863239,0.8212209302325582,High,-0.03153963948582674
2023-08-16,0.5187819728074926,0.5628061423309093,0.8053268765133171,High,-0.011644077697881939
2023-08-17,0.5065252910416803,0.5475665472846669,0.7778315585672798,Mid,-0.0120658293126229
2023-08-18,0.5123021796305671,0.5556740193654256,0.7847121432027092,Mid,-0.017637458469993473
2023-08-21,0.5140560172840422,0.5572462224486492,0.7882011605415861,Mid,-0.005437332854649757
2023-08-22,0.510739993584948,0.5509804586987398,0.7825036249395844,Mid,-0.012048107500198402
2023-08-23,0.5095318314515428,0.5521821911257945,0.7801932367149759,Mid,-0.012287028229297569
2023-08-24,0.5249042035779701,0.5624822072992022,0.8242394978271367,High,-0.010723256607058019
2023-08-25,0.5233721957450783,0.5591388162933656,0.8175675675675675,High,0.010421506681687554
2023-08-28,0.5127661852147449,0.5522092530700041,0.784370477568741,Mid,0.04311105332155096
2023-08-29,0.5208335633503662,0.5603017357739466,0.8090646094503375,High,0.031082450516469518
2023-08-30,0.5061958426827871,0.5416569710474637,0.7734939759036145,Mid,-0.018751505768935695
2023-08-31,0.5020914857613523,0.537954258157372,0.7663776493256262,Mid,-0.0014150897292742437
2023-09-01,0.5202206246321273,0.5498665486227545,0.8069330765527203,High,-0.04445333193984837
2023-09-04,0.5162883578797879,0.55130749699149,0.794995187680462,Mid,0.005596125789213024
2023-09-05,0.5138036705913773,0.5499216712536739,0.784992784992785,Mid,-0.0114243579397725
2023-09-06,0.5109739132839933,0.5501273384880301,0.7807692307692308,Mid,0.006318810441433986
2023-09-07,0.5107752082066369,0.5530662683002463,0.7799135031234983,Mid,-0.005026997100779718
2023-09-08,0.5123078530487419,0.555378182498147,0.7824207492795389,Mid,-0.00442495851851663
2023-09-11,0.5172052289943898,0.556699146730715,0.799327892462794,Mid,0.026827492901784433
2023-09-12,0.523998668521031,0.5655563606955036,0.8210172744721689,High,-0.005972759251900839
2023-09-13,0.528902907336094,0.573430563756532,0.8316546762589928,High,-0.0021599188968308035
2023-09-14,0.5342840068938794,0.5770553873106866,0.8470757430488974,High,-0.0156982279236473
2023-09-15,0.5335476505633764,0.578997769350897,0.8452323909918543,High,0.0045997642584810535
2023-09-18,0.5310506879689589,0.5733398988055273,0.8371647509578544,High,0.004176625125983468
2023-09-19,0.5365972251563049,0.5783520675648359,0.8606988989947343,High,0.0011599987816735657
2023-09-20,0.536421825290905,0.5788248601258128,0.8602870813397129,High,0.0010505584772862564
2023-09-21,0.5325658804152942,0.5732014005040018,0.8426590148254424,High,0.007334947855516405
2023-09-22,0.5343032583638225,0.5750942147850715,0.8465583173996176,High,-0.015395339724638779
2023-09-25,0.5304306098855625,0.5697731839395288,0.8332537028189202,High,0.0049162039845291
2023-09-26,0.5271240175706166,0.5697318898962253,0.8252148997134671,High,-0.007201208969010065
2023-09-27,0.5065071510247598,0.5687694614061258,0.7680190930787589,Mid,0.0038494268610617553
2023-10-04,0.5049886717482492,0.5829524594136108,0.7657442748091603,Mid,-0.01954371286923775
2023-10-05,0.5079835610986407,0.5847524292050663,0.7691940867906533,Mid,-0.018262528326344694
2023-10-06,0.5009286171315633,0.5871525224787665,0.7573879885605338,Mid,-0.013461511153297722
2023-10-10,0.508288237689487,0.5953991184471403,0.7708432586946165,Mid,0.003330159437672631
2023-10-11,0.5092511679134365,0.5973419002553725,0.7719047619047619,Mid,0.010203579092951864
2023-10-12,0.5009295806752488,0.5861800308560888,0.7567824845311756,Mid,-0.015802799526768663
2023-10-13,0.501740919838259,0.5878003905484531,0.7573739295908658,Mid,-0.016609161390270532
2023-10-16,0.49957563273989064,0.5866906010384147,0.7541607227769852,Mid,0.01290623952548955
2023-10-17,0.5007248285536594,0.5887240576531119,0.7557034220532319,Mid,-0.011943731248799749
2023-10-18,0.4935093911969625,0.5814582212668069,0.7463182897862233,Mid,-0.00826321714416769
2023-10-19,0.504778274606889,0.598205065515746,0.7649572649572649,Mid,-0.007752170588192398
2023-10-20,0.5054178335047667,0.5976655090481857,0.7660180351210252,Mid,0.00581815779399224
2023-10-23,0.5020073539868424,0.596249492135738,0.7575901328273245,Mid,-0.005837365224124725
2023-10-24,0.4903791983878304,0.5953802214396304,0.7377904220009484,Mid,-0.0017718198684302689
2023-10-25,0.5338373780564771,0.6161073915544197,0.8459715639810427,High,0.04633221925316815
2023-10-26,0.5323649511400601,0.6230348327174429,0.842728564661298,High,-0.010069577189067891
2023-10-27,0.518105444857071,0.6200650483222544,0.7987689393939394,Mid,0.003008446364195572
2023-10-30,0.5019402648072473,0.6089154492015932,0.7562707051585423,Mid,-0.007473851720059677
2023-10-31,0.5192800303600343,0.6240374935070112,0.8027436140018922,High,-0.03054466367487161
2023-11-01,0.5306602320611573,0.6279861544924896,0.8359338061465721,High,-0.005864546391858627
2023-11-02,0.5187714473390128,0.6313847594841461,0.8005671077504726,High,0.007277977373008148
2023-11-03,0.5119362223264059,0.6319278397681595,0.776570618800189,Mid,0.012759852229270896
2023-11-06,0.47462405889811654,0.6397947038877477,0.6997167138810199,Mid,0.001650457162925223
2023-11-07,0.476535612076977,0.6394402207071486,0.7055214723926381,Mid,0.00919749638492937
2023-11-08,0.4480716578637212,0.6253252727094705,0.6273584905660378,Mid,-0.023267176755246456
2023-11-09,0.4400807240451196,0.6206673968097145,0.6011315417256011,Mid,-0.009788432582834595
2023-11-10,0.45029291713832365,0.6333694848068532,0.6328934967012253,Mid,0.005304302778444447
2023-11-13,0.42919732687279327,0.6098136161902804,0.5671219971738106,Mid,-0.015484399326756094
2023-11-14,0.4167231946558242,0.6027208415156449,0.518361581920904,Mid,0.008792670332391816
2023-11-15,0.4362954906052348,0.6314267525621144,0.5896470588235294,Mid,0.02598750795755973
2023-11-16,0.43023197927653484,0.625650830501641,0.5691439322671684,Mid,-0.0004978829685319708
2023-11-17,0.41633903791026744,0.609529045668723,0.5166901739539257,Mid,-0.0019748421223898306
2023-11-20,0.4127538877097459,0.6045479079672472,0.5070488721804511,Mid,0.0353271123717799
2023-11-21,0.4099781648011711,0.6039499442919756,0.49788633161108503,Mid,-0.0007463337370165801
2023-11-22,0.4296395938530022,0.6131691248381917,0.568075117370892,Mid,0.03278088714817464
2023-11-23,0.43068135016285264,0.6142187544301987,0.5720319099014547,Mid,-0.01161669851084588
2023-11-24,0.4080228648766727,0.5977995157191206,0.4901500938086304,Mid,-0.03712798573293916
2023-11-27,0.4156772111513706,0.6064860012129538,0.5142991092358181,Mid,0.019269779872440516
2023-11-28,0.3938036160278646,0.5959545757471691,0.44611059044048734,Mid,0.021025240864242935
2023-11-29,0.3834407315048987,0.5855875318517851,0.4126463700234192,Mid,-0.006553503149802719
2023-11-30,0.38625928547650673,0.5892915222265604,0.424625468164794,Mid,0.006764606890941249
2023-12-01,0.35535730412062067,0.5743319066350306,0.33692091717360784,Mid,0.018298356151595963
2023-12-04,0.3447303169936475,0.5624756748173009,0.29420018709073903,Mid,0.0039055781308676707
2023-12-05,0.3478398174061807,0.5684905065285244,0.3080878915381019,Mid,-0.011228329213384281
2023-12-06,0.34020419361816995,0.5601201827948727,0.2757009345794392,Mid,-0.012724122901887425
2023-12-07,0.34116320153981816,0.5594077174647911,0.2793087342363382,Mid,-0.010888318633360728
2023-12-08,0.33879234765051663,0.5559572942191845,0.27450980392156865,Mid,-0.009618119766834243
2023-12-11,0.3210739096930629,0.5463836268914044,0.2048530097993467,Mid,-0.00991504132243053
2023-12-12,0.31823288097754954,0.5420583602179042,0.1982276119402985,Low,0.008029484375475127
2023-12-13,0.31641420208065724,0.5405451357859501,0.19114219114219114,Low,-0.0015719814973931712
2023-12-14,0.30721302983247345,0.539510180283514,0.16123019571295433,Low,0.002615526595493156
2023-12-15,0.3039673531610593,0.5346551147766846,0.15137401024685607,Low,0.01042832954790034
2023-12-18,0.3047726026842413,0.5278593957981308,0.15456238361266295,Low,-0.028252711819253283
2023-12-19,0.30353132989941933,0.5263241885589195,0.1498371335504886,Low,-0.00883241124693197
2023-12-20,0.303350523369138,0.5279333850561899,0.14930232558139536,Low,-0.005474376959471261
2023-12-21,0.3066200921343155,0.5327302875454717,0.1589958158995816,Low,-0.014734000417908311
2023-12-22,0.3052060598473596,0.5308050819065395,0.1570631970260223,Low,0.007417009971940947
2023-12-26,0.30699239571629905,0.5331091371496044,0.1607059916395727,Low,-0.00041170656459534884
2023-12-27,0.3240057654118048,0.5381407114106708,0.21866295264623956,Mid,0.02646197719400285
2023-12-28,0.3252109606143798,0.543532251337973,0.22273781902552203,Mid,0.00786346001817475
2024-01-02,0.31551043229744025,0.5021551297947238,0.1924860853432282,Low,-0.02019444682051137
2024-01-03,0.3138989512974925,0.5133526413582972,0.18729717199814558,Low,-0.013393571423771755
2024-01-04,0.3124967435463142,0.5116186005030993,0.18164967562557924,Low,0.010456539242038088
2024-01-05,0.31338734678113594,0.5132917711127529,0.18527095877721167,Low,-0.0036907158035178965
2024-01-08,0.31652423439692057,0.5090896601805879,0.19583333333333333,Low,0.002658703898712922
2024-01-09,0.31316257988446167,0.5100005920170838,0.18371124479407683,Low,-0.00870048324556163
2024-01-10,0.31080937649766216,0.5049663690043298,0.17622571692876965,Low,0.0018381669053841644
2024-01-11,0.31981501476914614,0.5128120510458822,0.20665742024965325,Mid,-0.021813563423353922
2024-01-12,0.3179941655349234,0.5123423969834073,0.20286506469500923,Mid,0.007504051506587906
2024-01-15,0.31533886866122873,0.5095873504744122,0.19260969976905312,Low,0.007978731718616627
2024-01-16,0.3175280944476794,0.5087268209610392,0.2012927054478301,Mid,-0.017316660191122213
2024-01-17,0.3144298991373894,0.5141125936324229,0.19012459621596678,Low,-0.0030202946025111865
2024-01-18,0.31519581391373397,0.513662398254206,0.1918819188191882,Low,0.004161093139179228
2024-01-19,0.3189597429952601,0.5188817550008816,0.2079299216228677,Mid,0.021020657411596623
2024-01-22,0.271544456302493,0.5049947148934474,0.0847926267281106,Low,-0.005574928015054925
2024-01-23,0.2756742675802379,0.4933872377401608,0.08982035928143713,Low,-0.011543137556628214
2024-01-24,0.28524197815364777,0.5025049545297403,0.11095764272559852,Low,-0.012988649521203799
2024-01-25,0.29015261621006194,0.5066083904244421,0.12011044638748274,Low,0.012853175948086016
2024-01-26,0.27428284880350995,0.4881732512878395,0.08831646734130635,Low,-0.004783541063564867
2024-01-29,0.28074953355776067,0.4885322177997334,0.10160919540229885,Low,-0.01846621037507932
2024-01-30,0.29112792132138454,0.4917143133533134,0.12316176470588236,Low,-0.0201565106645041
2024-01-31,0.2856693957835959,0.4849205223409162,0.11437758383096004,Low,6.687642821974204e-05
2024-02-01,0.3142817409978094,0.46354945108058676,0.1928374655647383,Low,-0.024505483927859294
2024-02-02,0.31189594877599713,0.4689356742347444,0.18357044515832951,Low,-0.00807471222136793
2024-02-05,0.31134741755313816,0.46115798943620606,0.18027522935779816,Low,0.011811020183302623
2024-02-06,0.31273577615169773,0.4626394541038043,0.18523613021549748,Low,0.003287243897389458
2024-02-07,0.3084504951553499,0.4605109751940599,0.17231897341888175,Low,-0.005483450488157815
2024-02-08,0.32092207892160873,0.4719287904331413,0.21759047182775995,Mid,-0.008354488778619018
2024-02-13,0.3038963681884002,0.444879564673614,0.1533882783882784,Low,-0.022553972164564208
2024-02-14,0.28657257556148225,0.41124664723604665,0.1148741418764302,Low,-0.002714077593598363
2024-02-15,0.28808117092885493,0.41355580230085254,0.11802378774016468,Low,-0.00531174683080331
2024-02-16,0.2945425633817885,0.4224735132098095,0.12940100594421583,Low,-0.0050008633244102985
2024-02-19,0.27952674824192475,0.40724140735883213,0.09780621572212066,Low,-0.006655100223452992
2024-02-20,0.2838595335796271,0.4133895583181961,0.10918227501142073,Low,-0.005084949086954072
2024-02-21,0.2537196123390717,0.3916397183304485,0.059817351598173515,Low,0.014510222452461386
2024-02-22,0.25193594373577355,0.38973314332132264,0.05933363760839799,Low,-0.009004802634316777
2024-02-23,0.26658579904281793,0.4049390299023979,0.07572992700729927,Low,0.0023897010055850877
2024-02-26,0.2521276682113031,0.3908593166749074,0.05973552211582307,Low,0.008720298546606919
2024-02-27,0.25946246145990765,0.3725885563063807,0.06700091157702825,Low,0.02822192690629084
2024-02-28,0.2708000636104922,0.3914110837392238,0.0856492027334852,Low,0.012685115607140075
2024-02-29,0.27172708543042146,0.3914558291334806,0.08697632058287796,Low,-0.007751839208402922
2024-03-04,0.2991514967014677,0.40500827811652007,0.14656349567592172,Low,-0.03896709706810995
2024-03-05,0.30831439825852897,0.41311131013990465,0.1769790718835305,Low,0.0029006130218064198
2024-03-06,0.3088821341197102,0.4087872489232849,0.17962710322874034,Low,-0.0017998053647966471
2024-03-07,0.3235643315689687,0.4241786155431674,0.23136363636363635,Mid,-0.0016488438860674305
2024-03-08,0.33302190898810713,0.4259575855262878,0.27214902317128575,Mid,-0.018767646921652604
2024-03-11,0.4040604015178097,0.4614383734983806,0.49364214350590374,Mid,0.050726852493320915
2024-03-12,0.40222333616530037,0.46006437049767585,0.48751702224239674,Mid,-0.006921444793253695
2024-03-13,0.40731115290202463,0.4617404330153027,0.5049909255898367,Mid,-0.014775656612704169
2024-03-14,0.472801229115956,0.5304690818299298,0.7061224489795919,Mid,0.06976486489501336
2024-03-15,0.4737075586185628,0.5329166161436851,0.7076155938349955,Mid,0.0028093350218871384
2024-03-18,0.4706972555585864,0.5309123992889513,0.6986859990937925,Mid,0.023731873186701245
2024-03-19,0.4719719975392249,0.5385256615949336,0.7019927536231884,Mid,-0.009618107208640292
2024-03-20,0.47150395871299633,0.5420647231273371,0.6998641919420552,Mid,0.005426485017176619
2024-03-21,0.47074791862612164,0.539710710699709,0.6981900452488687,Mid,-0.013162800362889504
2024-03-22,0.4708080893314146,0.535247154533858,0.6983265490728178,Mid,0.012741457065162942
2024-03-25,0.4712828641936563,0.537678227242774,0.6993670886075949,Mid,-0.008924458444711769
2024-03-26,0.4716232284699718,0.5361203524494879,0.701762313601446,Mid,-0.01332599031977193
2024-03-27,0.47131774855340874,0.5370727596597177,0.6991869918699187,Mid,-0.027133060278047717
2024-03-28,0.47169277400472565,0.5313810663016802,0.7020316027088036,Mid,-0.009658536134928796
2024-03-29,0.5129963081575172,0.5737164985390557,0.7892599277978339,Mid,-0.0036641092080405002
2024-04-01,0.5149002639966088,0.5563898945129095,0.7943166441136671,Mid,0.013624448070104211
2024-04-02,0.5099374016278488,0.5542509277176579,0.7826871055004508,Mid,0.006384624538499329
2024-04-03,0.5104348116944107,0.5521788991172812,0.782785038305543,Mid,0.009685127821162643
2024-04-04,0.5176160219603192,0.549358448258167,0.8063063063063063,High,-0.027575490147631478
2024-04-05,0.5176067414996239,0.5433775824977211,0.8054930211616389,High,0.014098353851057621
2024-04-08,0.5232301441518834,0.5478396006038964,0.8231323132313232,High,-0.022954257682697966
2024-04-09,0.5168516564160144,0.5393737954229071,0.8016194331983806,High,0.008653111725424555
2024-04-11,0.5227461783513427,0.5460762466114747,0.8219424460431655,High,-0.025016187639602762
2024-04-12,0.5575736951471715,0.5620330101346179,0.9128089887640449,High,0.048461925818501325
2024-04-15,0.5539077696559713,0.5490707046479979,0.9074573225516622,High,0.010510735115734504
2024-04-16,0.5568974053055555,0.556929000305867,0.9106421194431972,High,-0.01277400017794179
2024-04-17,0.5559480829309588,0.5555001012055031,0.9088868940754039,High,0.0075962083766005105
2024-04-18,0.6025631207808244,0.6251521626078328,0.9659039928218932,High,0.07270980203631061
2024-04-19,0.5883168896925539,0.5932683741010972,0.9533632286995516,High,0.04075065184007483
2024-04-22,0.5853071237432244,0.5878127880751828,0.950694755714926,High,-0.017631347404793173
2024-04-23,0.585344288328332,0.5842263944147839,0.9507168458781362,High,0.03465557150358607
2024-04-24,0.5850342817313374,0.5809353736037574,0.9498432601880877,High,-0.01585932713131748
2024-04-25,0.5804687568554006,0.5863709958960795,0.945389435989257,High,-0.010446723629172627
2024-04-26,0.5685506800187397,0.5821606077864132,0.9266219239373602,High,0.02860979622781081
2024-04-29,0.5627392613696823,0.575048560514894,0.9208407871198568,High,-0.008393570885264979
2024-04-30,0.5619780338489313,0.5740052873519149,0.9199821189092534,High,-0.013749352071031628
2024-05-02,0.5590316964794304,0.5793473305600995,0.9119749776586238,High,-0.014603965003799258
2024-05-03,0.563716026796947,0.5837001165288666,0.9222867351496203,High,-0.007209597876505702
2024-05-07,0.5639120324290503,0.5950869463890466,0.9223214285714286,High,0.017019684468154626
2024-05-08,0.5643535800178332,0.5942240998132416,0.9232485497545738,High,-0.008966445777585897
2024-05-09,0.5701226662095595,0.598478614864592,0.9295272078501338,High,0.017092425078190466
2024-05-10,0.5710713310064659,0.5986632482492122,0.9317877842175658,High,-0.008896258469457251
2024-05-13,0.5891668924778501,0.6202259300700339,0.9554367201426025,High,0.03946287404325881
2024-05-14,0.585316321628451,0.6149948016093659,0.9501113585746103,High,-0.0043984346169937405
2024-05-16,0.5861853137917765,0.6134956976591848,0.9505788067675868,High,-0.014494398954978971
2024-05-17,0.5797545802424964,0.614887987517485,0.9425901201602136,High,-0.02015678465178301
2024-05-20,0.5794595461502915,0.6131553304782521,0.9417259786476868,High,-0.017834134351157528
2024-05-21,0.5770216033382665,0.6091573354130209,0.9341929746554024,High,0.009156377571121777
2024-05-22,0.5828471205447069,0.614747111985463,0.9466666666666667,High,-0.02535373306739408
2024-05-23,0.5727928762554833,0.6047853860314938,0.9306974677920924,High,0.023099580884187086
2024-05-24,0.5788447689663829,0.6066805056693632,0.9400532859680284,High,0.02500378982709679
2024-05-27,0.591822063000113,0.6142751771267252,0.9596094096759876,High,-0.026437699054481078
2024-05-28,0.6030471980690688,0.6288855519943658,0.9667258207630879,High,0.0023528869730698567
2024-05-29,0.6082619854170698,0.6321004425264549,0.9689578713968958,High,0.0052611379446139365
2024-05-30,0.6079198134292564,0.6330501944366448,0.9685283687943262,High,0.003747779485444758
2024-05-31,0.5935345964170791,0.6277883092608607,0.9587948604342047,High,-0.00849992127957917
2024-06-03,0.5787147646154831,0.6189332296126513,0.9366696191319752,High,0.02314842152060037
2024-06-04,0.5845784563805394,0.6268301332468542,0.9459938025675078,High,-0.022225223515088377
2024-06-05,0.5898475999918009,0.6255544113288194,0.9544247787610619,High,-0.03446931235933635
2024-06-07,0.5818218801418593,0.6221901422860305,0.9425033171163202,High,0.0013452318648503603
2024-06-10,0.5638924305457718,0.6139839290435846,0.9133510167992926,High,0.003955883103875757
2024-06-11,0.5583879658998987,0.6093776112022243,0.9001325673884224,High,0.005804643699030021
2024-06-12,0.5508719769303952,0.6051809221527363,0.8860424028268551,High,0.007356617563035938
2024-06-13,0.5341932324279149,0.5827445046245393,0.8388520971302428,High,-0.016524655867314775
2024-06-14,0.5398886955385823,0.5852885014535074,0.8609885260370698,High,0.01931302465759912
2024-06-17,0.5475663915492706,0.5893406198255107,0.8826643140714601,High,0.005088630798763471
2024-06-18,0.5301633129551288,0.5699741274538457,0.8240740740740741,High,0.0024807899906662324
2024-06-19,0.5227944272346272,0.5630997175638447,0.8060819744380785,High,0.00877115226674947
2024-06-20,0.5158829495212127,0.5573922745096311,0.7801762114537445,Mid,0.0005454798809920947
2024-06-21,0.5153636444164083,0.5562854227639265,0.7771906649053281,Mid,0.012455621417369066
2024-06-24,0.511984937636037,0.5464344293512078,0.7680457746478874,Mid,0.03363189445444779
2024-06-25,0.5023554005398698,0.5389945842834734,0.7492300923889134,Mid,0.0017259811903029831
2024-06-26,0.48043646727673484,0.5186171403114176,0.706684256816183,Mid,0.005057038446688322
2024-06-27,0.4734854082532783,0.5107499752045468,0.6901098901098901,Mid,0.008141879115125917
2024-06-28,0.47040350549829624,0.5081562992147692,0.6770650263620387,Mid,0.0019025572606209851
2024-07-01,0.4633480409823756,0.5015217386508375,0.6548089591567853,Mid,0.009221565169182332
2024-07-02,0.4659816928421271,0.5048769930416571,0.6597892888498683,Mid,0.0017946761789738197
2024-07-03,0.47954578253003655,0.5127969672545329,0.7068889863975428,Mid,-0.02916079221927965
2024-07-04,0.4739551267251934,0.5162496936979798,0.6907894736842105,Mid,0.0032370037790915075
2024-07-05,0.48816811223412937,0.5230280604532596,0.7238053485313459,Mid,-0.030063013161188867
2024-07-08,0.48835548700659465,0.5219360967644726,0.7239263803680982,Mid,0.02927619927591929
2024-07-09,0.4945366887402822,0.5271704525462718,0.7371879106438897,Mid,-0.01161625823388739
2024-07-10,0.48355786392676914,0.5168583062488412,0.7132224168126094,Mid,0.01222207134571287
2024-07-11,0.4714879997643492,0.5158286634230903,0.6792122538293217,Mid,-0.004663901696934825
2024-07-12,0.4789103726670786,0.5227579705334512,0.7047244094488189,Mid,0.012421039836420511
2024-07-15,0.47689552794574197,0.5064433263994449,0.6991692173152602,Mid,0.0037972679037566737
2024-07-16,0.4744221400643151,0.5035252825840223,0.6909965034965035,Mid,0.022570016546400385
2024-07-17,0.4242376622512557,0.41179762959897925,0.5412844036697247,Mid,0.03333275665876012
2024-07-18,0.41924866516321735,0.4258979452912156,0.5244541484716158,Mid,-0.0021334237612632644
2024-07-19,0.4199828197634357,0.4406090746483896,0.5264076822348319,Mid,-0.01815388393735151
2024-07-22,0.4332762253089604,0.4450182373095631,0.5741710296684118,Mid,0.037542491456823535
2024-07-23,0.4305087737270664,0.4492290952023955,0.5634539904055822,Mid,0.021501305093511558
2024-07-24,0.4303504140347603,0.4376899677052659,0.562772449869224,Mid,-0.00032903938712502967
2024-07-25,0.42571061234634433,0.43654185316978705,0.5468409586056645,Mid,-0.008447861658835442
2024-07-26,0.47022952028133425,0.4931974581449857,0.6742160278745645,Mid,0.079668763334268
2024-07-29,0.4584010525001466,0.48384108461044784,0.6434479756203744,Mid,-0.0006252859856826998
2024-07-30,0.4543895535412621,0.4814277177665088,0.6353350739773717,Mid,-0.002934185149719615
2024-07-31,0.4532749509625498,0.4797960006520546,0.631578947368421,Mid,2.4370764891501474e-05
2024-08-01,0.44645901624891016,0.46211553475778466,0.6126086956521739,Mid,0.01658746213880937
2024-08-02,0.44894596535784637,0.4870929133114029,0.6205997392438071,Mid,-0.0012810091494941834
2024-08-05,0.46443359780998816,0.6171888858424438,0.6550825369244135,Mid,-0.03192441074937187
2024-08-06,0.4829641998448165,0.6514516307039551,0.7138514980460269,Mid,0.047285768248400875
2024-08-07,0.4620638454882916,0.6403017896292699,0.6501736111111112,Mid,-0.006101250024464466
2024-08-08,0.4687705699159335,0.6411742109587437,0.6689804772234273,Mid,0.03467481183993752
2024-08-09,0.4692326955269893,0.6413776117121114,0.6712922810060711,Mid,-0.01521625685111636
2024-08-12,0.4742214978207926,0.6410312090452672,0.6918075422626788,Mid,-0.016327933512229033
2024-08-13,0.47577859257357574,0.6427698786132238,0.6980069324090121,Mid,-0.020305307225549463
2024-08-14,0.47512200029046064,0.6433207747993486,0.6955391944564747,Mid,0.004219174812666537
2024-08-16,0.4739257033860988,0.6359146899981443,0.6896103896103896,Mid,-0.027410871031956142
2024-08-19,0.4703077530520455,0.6342040999697336,0.674167027260926,Mid,0.01514702594530135
2024-08-20,0.46109651302348836,0.631219356762387,0.6466262975778547,Mid,0.014342561521680031
2024-08-21,0.44839661817143445,0.6278538476960878,0.6169476869865975,Mid,-0.009594448587366976
2024-08-22,0.4629373074076971,0.6316692952721175,0.6503889369057908,Mid,-0.03719918408005398
2024-08-23,0.4600371223310714,0.6281117794391674,0.6449244060475162,Mid,0.0030766076612433802
2024-08-26,0.465606795443022,0.6282388464200188,0.6558721934369602,Mid,-0.029451244421096145
2024-08-27,0.4672611596752564,0.6294050637252537,0.6616314199395771,Mid,0.012138925144763913
2024-08-28,0.4707622703671152,0.6291811086788057,0.677739430543572,Mid,-0.0043888392679574785
2024-08-29,0.4610921459858453,0.6204391998786434,0.6455368693402329,Mid,0.008011012523159323
2024-08-30,0.44127282756612835,0.6158005090068722,0.5905172413793104,Mid,0.02096025164185189
2024-09-02,0.44568895335584796,0.6163154564374342,0.6057733735458853,Mid,-0.01975486852581505
2024-09-03,0.44496596683223066,0.6141929487705751,0.6020671834625323,Mid,0.016071406795286736
2024-09-04,0.44809471369718257,0.6242568226668688,0.6134309083082221,Mid,-0.0003192188118065209
2024-09-05,0.4595095892476465,0.6304394565785147,0.6424268502581756,Mid,-0.02282420469650621
2024-09-06,0.46241106056172665,0.6371509375449544,0.6486021505376344,Mid,-0.013663600780077067
2024-09-09,0.4573293196056321,0.6334316343946615,0.6367153912295787,Mid,0.011676672810278333
2024-09-10,0.4568561851750072,0.6332736590143495,0.6360120326600773,Mid,0.0017570754779403287
2024-09-11,0.46790342768259297,0.6426465964098681,0.6649484536082474,Mid,-0.000693936735681433
2024-09-12,0.4663195653339248,0.6384145126532279,0.6586517818806354,Mid,-0.013762012749850849
2024-09-13,0.48145218753610486,0.647233052174718,0.7124463519313304,Mid,0.0370264265684217
2024-09-19,0.4834054701502109,0.6496776075231754,0.7181467181467182,Mid,0.014750962202646045
2024-09-20,0.47783794108671146,0.6504092630188599,0.7054030874785592,Mid,0.00561580024212831
2024-09-23,0.4816071528711382,0.653602468176316,0.712816116588084,Mid,0.004766678657290147
2024-09-24,0.5002733313784649,0.6671435288192853,0.7493573264781491,Mid,-0.005819611130544367
2024-09-25,0.5058834567094146,0.6724210634679508,0.7614561027837259,Mid,0.0026795866096805065
2024-09-26,0.5185290164101187,0.6747893326242858,0.797945205479452,Mid,-0.02678237173957072
2024-09-27,0.5393923659829752,0.6879417097533375,0.8635002139495079,High,-0.04421746594729363
2024-09-30,0.5432299041504692,0.6873792859383382,0.8733960650128315,High,0.02082010995911556
2024-10-02,0.532571145379596,0.6847178674204232,0.8392475416844806,High,0.007737354933000695
2024-10-04,0.5350041882497184,0.6862309633910403,0.8482905982905983,High,0.00835923869324251
2024-10-07,0.5320130858940483,0.6842846359447259,0.8359675352413498,High,-0.030661527900646513
2024-10-08,0.5234081859239754,0.6806837025044913,0.8116994022203246,High,0.007020220679521616
2024-10-10,0.5147339126216065,0.6751335290939047,0.7797695262483995,Mid,0.020266285048506427
2024-10-11,0.5317838686513157,0.6844645229607853,0.8344709897610921,High,-0.031017739478718487
2024-10-14,0.5302030299515078,0.6828446875077909,0.8281449893390191,High,-0.00533396500264276
2024-10-15,0.5286228153642339,0.6828521191873205,0.8231031543052003,High,0.01785036493878478
2024-10-16,0.5272507411826262,0.6810115608572387,0.8206220707285897,High,0.008302106366428964
2024-10-17,0.5229792971576297,0.6764327329527555,0.8091993185689949,High,0.023003983379313465
2024-10-18,0.5219157489414519,0.6822723782285514,0.8037462750106428,High,-0.01373093388691533
2024-10-21,0.526588455833786,0.6850549110902174,0.8191489361702128,High,-0.004310613695106769
2024-10-22,0.5220948173569071,0.6805360305069901,0.8043385793279455,High,0.008511176413380483
2024-10-23,0.5030548316948287,0.6733119073517658,0.7508503401360545,Mid,-0.011172192200157837
2024-10-24,0.5021353813012672,0.6734298787009696,0.7479813004674883,Mid,-0.004316303360483631
2024-10-25,0.5029064256682696,0.6734630786403777,0.7506372132540357,Mid,-0.0034413317793250187
2024-10-28,0.5064138069912116,0.668460130638908,0.7575371549893843,Mid,-0.03333681170180558
2024-10-29,0.4696842575763845,0.6559862694878891,0.6668081494057725,Mid,-0.008578672436309831
2024-10-30,0.48290519272280497,0.6648712049657376,0.7098005939753924,Mid,0.00242514752271068
2024-10-31,0.47718996621050785,0.655311630737176,0.6967769296013571,Mid,0.013032771006483368
2024-11-01,0.4785604932943982,0.6543001623482032,0.7007206443408224,Mid,-0.02301187814821797
2024-11-04,0.4863625150019194,0.6601271112108565,0.7186440677966102,Mid,-0.01113754342639981
2024-11-05,0.4856538891946481,0.6451706527226899,0.7166454891994918,Mid,0.017116248372923894
2024-11-06,0.4839219517462915,0.5223564835436568,0.7125317527519052,Mid,0.03745787057705383
2024-11-07,0.5706842511269169,0.5573001959693292,0.9263647905205248,High,0.11986802818707205
2024-11-08,0.5581652640561395,0.5407975361165794,0.9035532994923858,High,0.020968895343151227
2024-11-11,0.5635239160029158,0.54206872128687,0.9154334038054969,High,0.05160132906216366
2024-11-12,0.5566654931940846,0.5381537853880081,0.8989856297548605,High,0.004332739319262124
2024-11-13,0.5493700255595683,0.545798222436026,0.8880439374735952,High,-0.013156679958723471
2024-11-14,0.5566037757008095,0.5557927219729294,0.8986486486486487,High,0.06956514288311952
2024-11-15,0.5563705176419971,0.5541225356266947,0.8982693119459688,High,-0.0010905189034616791
2024-11-18,0.5306780268006316,0.5405664373486143,0.8299578059071729,High,-0.0008572303308765461
2024-11-19,0.5207465116306489,0.5307627635990613,0.7971320118093631,Mid,0.00043148272666930775
2024-11-20,0.5254048930783758,0.5353289310524115,0.8149241146711635,High,0.0234327684725125
2024-11-21,0.5207116647195716,0.5310826212335777,0.7964601769911505,Mid,-0.011678857455866321
2024-11-22,0.48541664697977016,0.5068637546768355,0.7131423757371524,Mid,0.05877274504709651
2024-11-25,0.4744353184573972,0.5006703334611964,0.6825263157894736,Mid,0.012428939926306315
2024-11-26,0.470763295954917,0.49916202249667985,0.6666666666666666,Mid,-0.028761881755499187
2024-11-27,0.4679351075020701,0.4919503693138315,0.6520824568784181,Mid,0.042588642515873
2024-11-28,0.4705080873542754,0.4939223510785927,0.6648444070647603,Mid,-0.016486258844878022
2024-11-29,0.47011836968022,0.49423365331274444,0.662463219840269,Mid,0.008506919202627828
2024-12-02,0.4828937209364332,0.5046421368351481,0.7058823529411765,Mid,-0.041743289452832434
2024-12-03,0.479677515698168,0.5016090918230978,0.6997060058798824,Mid,-0.005195715370247789
2024-12-04,0.46911260775994384,0.4964131841369362,0.6570109151973131,Mid,-0.009132399979881934
2024-12-05,0.4727091035122248,0.494309910086549,0.6764582459085187,Mid,-0.018373698137380944
2024-12-06,0.4729854962536484,0.49594002971945556,0.6774328859060402,Mid,-0.02106378706601968
2024-12-09,0.4695050747076307,0.5013972136002338,0.6587002096436059,Mid,-0.02014254223995273
2024-12-10,0.4773255389755383,0.5214576151180027,0.69279128248114,Mid,0.033237598931359934
2024-12-11,0.5004460287088345,0.5474477354604399,0.7415165479681609,Mid,0.06580828218216248
2024-12-12,0.5041552621639561,0.5464995169902322,0.7520938023450586,Mid,-0.022606428766130237
2024-12-13,0.5073897207709358,0.5530645940961063,0.7576391795730432,Mid,0.03372898821311639
2024-12-16,0.507139800663724,0.5535684221398841,0.7573221757322176,Mid,-0.010644358222799678
2024-12-17,0.502350293250047,0.5465125616550752,0.7469677959012966,Mid,0.020419398570849644
2024-12-18,0.47432017106617286,0.523713249748692,0.6797658862876255,Mid,0.04858288714470353
2024-12-19,0.47312085368702617,0.5205968233217553,0.6757208524864187,Mid,0.02667312725806603
2024-12-20,0.4765148887653966,0.518711030562175,0.6892230576441103,Mid,0.04855437657904545
2024-12-23,0.47303238261934155,0.5202485577712695,0.6751565762004176,Mid,0.03832781205796039
2024-12-24,0.46561170940721075,0.5191566967818175,0.6381469115191987,Mid,-0.008606409124043157
2024-12-26,0.4431453305518012,0.4950323144963861,0.5778055903212349,Mid,0.033494261131666626
2024-12-27,0.4445234746399489,0.4992739524161025,0.5829858215179317,Mid,-0.01467746724263097
2024-12-30,0.4453369699250782,0.49922358460326477,0.5856606919549813,Mid,-0.002399480897735229
2025-01-02,0.4451437994132691,0.4989007140203629,0.585,Mid,0.012728271011014858
2025-01-03,0.45061293693047544,0.5007856026284353,0.6018325697625989,Mid,-0.040348687837162986
2025-01-06,0.4517087328280652,0.5024425101974018,0.6057452123230641,Mid,-0.001837829645261646
2025-01-07,0.45848326142126294,0.5081743086077269,0.622555139409072,Mid,0.06865628520449545
2025-01-08,0.4481147120336577,0.5005845993315663,0.5948419301164726,Mid,0.01588418571130399
2025-01-09,0.4466595423787214,0.5000935707331771,0.59002079002079,Mid,0.0014574388561238382
2025-01-10,0.44716675802187716,0.5002872038983367,0.5914380714879468,Mid,0.019145142394383297
2025-01-13,0.44753581053838065,0.5020988446986479,0.5928541753219776,Mid,-0.01276301841027303
2025-01-14,0.44746605107188603,0.5029564791553469,0.5921926910299004,Mid,0.008850131583333453
2025-01-15,0.433332013168808,0.4876489636406962,0.547945205479452,Mid,0.04429777258620034
2025-01-16,0.432556105356699,0.4825854022561389,0.5452282157676348,Mid,-0.023042251792195722
2025-01-17,0.4358198958158228,0.4848568812684958,0.5545416839485691,Mid,-0.018629449477365577
2025-01-20,0.43570488693142045,0.48703437767521063,0.5543117744610282,Mid,0.006210649178024763
2025-01-21,0.4358964849930782,0.4837921534269,0.5553253211769581,Mid,0.04977505073451553
2025-01-22,0.45097870356185943,0.49202806092606843,0.6043910521955261,Mid,-0.04292027816816553
2025-01-23,0.45834265894919496,0.5087039172420955,0.6227743271221532,Mid,-0.044113074520489695
2025-01-24,0.45542153257175777,0.5085117341712411,0.6175496688741722,Mid,0.03195225821716337
2025-01-31,0.45526765676887226,0.5079316697440887,0.6168804302854779,Mid,0.01059056464563124
2025-02-03,0.4583331489746791,0.5104851491102003,0.6228287841191067,Mid,0.022733117426235606
2025-02-04,0.45664048573780003,0.511266725577986,0.6196775527077305,Mid,0.0394419622943988
2025-02-05,0.46312654984347323,0.5142279347468988,0.6363636363636364,Mid,-0.03648203778169832
2025-02-06,0.46704513266299746,0.5130656355368111,0.647666253614209,Mid,-0.03340708474417335
2025-02-07,0.46556188163241635,0.5136180439267752,0.6407927332782825,Mid,0.001705090263545639
2025-02-10,0.4236663267500737,0.4804195948441904,0.5113495666529096,Mid,-0.021797217383918866
2025-02-11,0.42890825914397224,0.48780490509762975,0.5292904290429042,Mid,0.02484483202682126
2025-02-12,0.44730590732976916,0.5065561148161326,0.5905154639175257,Mid,0.09118285485507194
2025-02-13,0.44418545665640374,0.5028350928430816,0.5787304204451772,Mid,0.010087054907633463
2025-02-14,0.45380007636123443,0.5012273100819169,0.6118665018541409,Mid,-0.040673883055485784
2025-02-17,0.4477667371695824,0.49649042454267667,0.592668863261944,Mid,-0.018296161703512292
2025-02-18,0.44840140936633277,0.4971129116339636,0.5973651708522025,Mid,0.011044094615123146
2025-02-19,0.42878661104897997,0.4816413920537325,0.5275720164609053,Mid,0.03210189052741215
2025-02-20,0.47776024049430105,0.5300557437411724,0.69765528589058,Mid,-0.08241030421955302
2025-02-21,0.47871909172583293,0.5308628883361648,0.7006578947368421,Mid,-0.009172029135969883
2025-02-24,0.475367020432357,0.5278563206598202,0.689272503082614,Mid,0.010364260754822264
2025-02-25,0.4801713897738442,0.5275393422683322,0.7041906327033689,Mid,0.04824089477304461
2025-02-26,0.49238508936146214,0.5358851429773397,0.7338809034907597,Mid,-0.03410330678163422
2025-02-27,0.49252121617649686,0.5349171307064186,0.7348111658456487,Mid,0.006203324972527157
2025-02-28,0.4878190654671514,0.5353106957244711,0.7238407878539187,Mid,0.014936721212218873
2025-03-04,0.5058329564050366,0.546279240236749,0.7588187038556193,Mid,0.11411019847434574
2025-03-05,0.4902609182204006,0.5318516629214539,0.7285772857728577,Mid,0.028783276203540552
2025-03-06,0.4823593643010507,0.5240365643218052,0.7069672131147541,Mid,-0.012349797007958751
2025-03-07,0.4848553077829202,0.5280550671560401,0.7156902908643998,Mid,-0.005479254357789442
2025-03-10,0.49384938662627587,0.5333064317578944,0.7366912366912367,Mid,-0.015375732267212162
2025-03-11,0.4953311468081094,0.5356792722923248,0.738436348751535,Mid,-0.02192505424682716
2025-03-12,0.4923088380372672,0.5248323534024161,0.7328150572831423,Mid,-0.04735759333002907
2025-03-13,0.49053186353146305,0.5133950871998267,0.7288343558282209,Mid,0.023365237033294118
2025-03-14,0.48734638259333973,0.5042599523515228,0.7207686017988553,Mid,-0.0010925245326050214
2025-03-17,0.47629200995545656,0.4908989649262462,0.6890069472823867,Mid,0.008851380296728228
2025-03-18,0.47340073504511115,0.4912595570594006,0.6764705882352942,Mid,0.025439919343557004
2025-03-19,0.4773137770788763,0.4924522971107653,0.6921192323397305,Mid,-0.028555404080583147
2025-03-20,0.48527532528400663,0.4984915459238045,0.7155102040816327,Mid,-0.043812916482124195
2025-03-21,0.48920084277736586,0.5031146528538182,0.7258261933904528,Mid,-0.004678331539568403
2025-03-24,0.5186289137520051,0.5286460234908268,0.797716150081566,Mid,-0.00018947800713278173
2025-03-25,0.5278411401894912,0.5417569998398777,0.8259274357929066,High,-0.035184256081755794
2025-03-26,0.5259003746828859,0.5443250215805094,0.8215158924205379,High,-0.008691088335543551
2025-03-27,0.5321420252751851,0.5492436266093403,0.8407331975560082,High,-0.025294597661740893
2025-03-28,0.5335563520370984,0.5491922017591205,0.8452768729641694,High,0.021750321428777242
2025-03-31,0.5362586601702197,0.5526590156596085,0.8591778591778592,High,0.023106493097936286
2025-04-01,0.5343205305657711,0.5520411408992343,0.8478437754271766,High,0.028260722561030117
2025-04-02,0.5332819224441813,0.550544308565245,0.843432289548597,High,0.0120704760742117
2025-04-03,0.5359802582141364,0.5511704983348303,0.8573170731707317,High,0.034263785126224654
2025-04-04,0.5271751403589685,0.5491982201476105,0.822429906542056,High,-0.007873028592832431
2025-04-07,0.5284160580652049,0.5738012551242981,0.8253452477660439,High,-0.025424936048087397
2025-04-08,0.5442229075939716,0.5889979824951069,0.879415347137637,High,0.07128437793426726
2025-04-09,0.5448639399390858,0.586841817546623,0.8831168831168831,High,0.01971227041649961
2025-04-10,0.5441988390662755,0.6008188950278198,0.8787018255578093,High,0.005510796258863371
2025-04-11,0.561198556550322,0.6102684743222931,0.9148418491484185,High,0.08671672428757918
2025-04-14,0.5606562344915151,0.6087722692095553,0.9132549655451966,High,0.003164477382948383
2025-04-15,0.5642117910153999,0.6112095853058921,0.9209886547811994,High,-0.009328038409095064
2025-04-16,0.565396878360082,0.6146436171409785,0.9226407452409883,High,-0.008214661357004594
2025-04-17,0.5680978788594665,0.6198829157479295,0.9238866396761134,High,0.01757011633221741
2025-04-18,0.570343751018493,0.6212286219194911,0.9287737757992716,High,-0.01407550619696223
2025-04-21,0.574075031349345,0.623662604078287,0.9328478964401294,High,-0.027917466172921946
2025-04-22,0.5750737816307657,0.6264032738907399,0.9348968863728265,High,0.013216297137872845
2025-04-23,0.5667604404084087,0.6227149521733869,0.9219886822958772,High,-0.004632079499384223
2025-04-24,0.5387161979147603,0.5912446104007512,0.8622222222222222,High,0.05386728399922003
2025-04-25,0.5402936901048607,0.5931224486595982,0.8651050080775444,High,0.041667771019331924
2025-04-28,0.540291784373688,0.5931789502960829,0.8647557529269277,High,0.008693091915137185
2025-04-29,0.533500443380811,0.5845891642148422,0.8385794995964487,High,-0.03586458007856112
2025-04-30,0.5315663317813556,0.5806493555292827,0.8301734570391287,High,-0.004060480103318276
2025-05-02,0.525903681227661,0.5787500619632364,0.8133064516129033,High,0.007234334443934643
2025-05-07,0.5297116358801486,0.5863624950118861,0.822652156388553,High,0.007002834895305954
2025-05-08,0.5340170902291693,0.5899416304247702,0.8404512489927478,High,-0.0017552877413970825
2025-05-09,0.5337607255642013,0.5906133711496582,0.8397100281917036,High,-0.008885599155293567
2025-05-12,0.5491791396332184,0.5987516074044433,0.8884863123993558,High,-0.04456520391423642
2025-05-13,0.5403053403608731,0.5930200330442198,0.8655935613682093,High,0.0066831370446260195
2025-05-14,0.5417856712039505,0.595327299104852,0.8692679002413516,High,0.021548080192492235
2025-05-15,0.544134744352523,0.5995898960807952,0.87535182951347,High,0.007511587025669564
2025-05-16,0.5422083043522047,0.5985892273460658,0.8701768488745981,High,-0.009499685353003717
2025-05-19,0.5406420670429147,0.5976388897973424,0.8666130976295701,High,-0.0005796014919752457
2025-05-20,0.5616980891071444,0.6116291902995202,0.9132530120481928,High,-0.020119276120555685
2025-05-21,0.5264140156327376,0.5841051779012367,0.8101164191087916,High,0.027041280372645506
2025-05-22,0.5262500722596735,0.5857473707452676,0.8097913322632424,High,-0.007199632764189512
2025-05-23,0.5309267569824541,0.5892882884499252,0.825511432009627,High,-0.0046735487935732015
2025-05-26,0.5320754936101587,0.5967097989607011,0.830793905372895,High,0.023317056856390295
2025-05-27,0.5012680649247929,0.5758881406694979,0.7350701402805612,Mid,0.016609692162854815
2025-05-28,0.516211055616661,0.5819788643170354,0.7736378205128205,Mid,-0.041610499063192474
2025-05-29,0.5258896539394058,0.5892768517048984,0.8081698037645174,High,0.0005113063012143649
2025-05-30,0.5063541967946238,0.5870160910288128,0.7477982385908727,Mid,0.017277997776281008
2025-06-02,0.5254657505294502,0.6037735282132738,0.8071228491396558,High,0.00956165256915611
2025-06-04,0.5245807176564425,0.6020073723257122,0.8036,High,-0.017347405958872297
2025-06-05,0.5250316181640666,0.5992762065242468,0.8064774090363854,High,-0.01772782643339834
2025-06-09,0.5361601632075891,0.6013504231985637,0.8521183053557154,High,-0.04331059993469568
2025-06-10,0.5331189680621746,0.5950276515283022,0.8349980023971234,High,0.015082233102317221
2025-06-11,0.5333253725528241,0.6022550881784416,0.8354632587859425,High,-0.018297032416415247
2025-06-12,0.5320049498855796,0.6014335786090681,0.8295409181636727,High,0.02072575658959632
2025-06-13,0.5344805037557542,0.6028306053564256,0.8411811652035116,High,0.011655439849627646
2025-06-16,0.533012388819124,0.6015884064625442,0.8340646190666134,High,0.006395803764835728
2025-06-17,0.5207696109049904,0.5916730181173435,0.7874800637958532,Mid,0.007823485595152979
2025-06-18,0.5163396889774521,0.5887756289283207,0.7712235950577919,Mid,-0.017716780269961884
2025-06-19,0.5011103201012135,0.5788053704541862,0.7306772908366533,Mid,-0.015231745547494202
2025-06-20,0.4956508920780577,0.5726259161166085,0.7220230983671844,Mid,-0.012497199404878923
2025-06-23,0.4939247409800377,0.5708593756739873,0.7197452229299363,Mid,-0.005645716385959454
2025-06-24,0.4786898870148269,0.5638254231038216,0.6796657381615598,Mid,0.01662429780536372
2025-06-25,0.5051707617108929,0.5842505782806908,0.7422434367541766,Mid,-0.0531857991690267
2025-06-26,0.4815090656208089,0.5529363795749126,0.6854870775347912,Mid,0.024828237561726675
2025-06-27,0.4790050697993129,0.554263239343473,0.6812400635930048,Mid,-0.0017463284955302027
2025-06-30,0.4771115947278172,0.5547719715591611,0.6730234406038935,Mid,0.017051677761367446
2025-07-01,0.4759183004219441,0.5495734712664422,0.6683876092136616,Mid,-0.01545490500162261
2025-07-02,0.48005411124584524,0.5559955815967055,0.6832076220722509,Mid,-0.030700301799365247
2025-07-03,0.480315844518437,0.5556780016185642,0.6837301587301587,Mid,-0.03586155322884053
2025-07-04,0.4886141462242426,0.5705566178534592,0.7076556921856406,Mid,-0.02912378289072597
2025-07-07,0.48804698624605286,0.5303020451933435,0.7053925455987312,Mid,0.017445849901123144
2025-07-08,0.4463230140645088,0.50133631167924,0.5636147443519619,Mid,0.01558687251159987
2025-07-09,0.4472814878110204,0.5058253113365143,0.5685419968304279,Mid,0.0154255972497765
2025-07-10,0.4500306159193969,0.47538732473196516,0.5786138613861386,Mid,-0.005247915547422277
2025-07-11,0.4047420901927241,0.4564217095519031,0.4330958036421219,Mid,-0.018574311427022795
2025-07-14,0.4045560740276704,0.45510211155148406,0.43213296398891965,Mid,-0.009007862617330864
2025-07-15,0.4072835864782925,0.4577468065498314,0.4410601265822785,Mid,0.01362021258085142
2025-07-16,0.40955276617518094,0.4508171422519891,0.4468169236852511,Mid,0.019068296454876843
2025-07-17,0.4003543094446892,0.4391497788531432,0.4209486166007905,Mid,0.015461497392764301
2025-07-18,0.3994989139264459,0.43863535016390875,0.41801659423152904,Mid,0.0033109937021728263
2025-07-21,0.3970410730508239,0.4364041370063637,0.41113744075829384,Mid,0.024819282161258505
2025-07-22,0.39425294825832863,0.4261526381653116,0.4034741413343861,Mid,0.028700210208320743
2025-07-23,0.4013486998071145,0.43219126090138776,0.4234411996842936,Mid,-0.025183608410464096
2025-07-24,0.3954800417160461,0.4342286563548726,0.40907297830374756,Mid,0.01837507375770766
2025-07-25,0.38268930385337163,0.41642382381991594,0.3714511041009464,Mid,0.025745405020150436
2025-07-28,0.378094004943307,0.4115144499628999,0.36105636578636185,Mid,0.028589462267410236
2025-07-29,0.38882621630278213,0.42574689694904555,0.38849487785658,Mid,0.0010344191192633856
2025-07-30,0.38848603225020717,0.42383048066068474,0.3883418668767231,Mid,-0.005825925843507806
2025-07-31,0.39411466401291684,0.4204373363464887,0.4035433070866142,Mid,0.04935986620341739
2025-08-01,0.38233932190851516,0.41070365741270143,0.3707201889020071,Mid,0.017638798469639207
2025-08-04,0.34448515767984345,0.3747787394914005,0.27143981117230526,Mid,0.016587353327230735
2025-08-05,0.341013105611647,0.3730012188536253,0.25796303578450647,Mid,0.004470701863581094
2025-08-06,0.3103763541824568,0.350436582156806,0.1580188679245283,Low,0.015611542831273884
2025-08-07,0.30245762693192746,0.34519484580955384,0.13280943025540276,Low,0.040341213798176304
2025-08-08,0.300122697915862,0.3405520807196031,0.12922230950510605,Low,-0.0025499234257090773
2025-08-11,0.2899014078185169,0.33090115375362317,0.1071849234393404,Low,-0.010248324722722768
2025-08-12,0.2962960453356856,0.3408163570135096,0.12127158555729985,Low,-0.017513389329604955
2025-08-13,0.3029339465525975,0.3477064891129188,0.13456257355825815,Low,0.021794225237533736
2025-08-14,0.30006869758174776,0.3441389331527415,0.12980392156862744,Low,-0.0045965682515269665
2025-08-18,0.29608206179059515,0.33401959238905465,0.12073696589572716,Low,0.02011740218004987
2025-08-19,0.32151249288603234,0.36329317293104524,0.19670846394984326,Low,-0.052528984970262815
2025-08-20,0.32805964135472326,0.365220256017587,0.21856639247943596,Mid,0.0237596508049716
2025-08-21,0.33337885325164723,0.3615247929734037,0.23962411902897415,Mid,0.035045409658964966
2025-08-22,0.34691151502832956,0.3778407304409489,0.2845401174168297,Mid,0.00876711863910975
2025-08-25,0.329039709062806,0.3684484780407708,0.2222222222222222,Mid,-0.007092514935005134
2025-08-26,0.31852197924645803,0.36121013900150356,0.18967540086038326,Low,-0.011716230321187116
2025-08-27,0.3413205246856003,0.37916804033948337,0.26348709929632524,Mid,0.07016686738075957
2025-08-28,0.3341443621549445,0.3711503920632455,0.24384525205158264,Mid,-0.006700552803316695
2025-08-29,0.33940891943322327,0.3724129316533289,0.25859375,Mid,0.058645946165074236
2025-09-01,0.33135169212265797,0.36167949282369266,0.22881686841077703,Mid,0.032858125771246985
2025-09-02,0.3100460451526109,0.3518376261240426,0.15807962529274006,Low,0.004268063236039743
2025-09-03,0.3036010594060392,0.3445151408647372,0.13811939133827547,Low,0.006184087463234534
2025-09-04,0.29923132692135945,0.3440251844668909,0.12753510140405616,Low,0.008147218949709111
2025-09-05,0.2929373239562517,0.3363148131300358,0.11345029239766082,Low,0.01719687027133565
2025-09-08,0.2933489378843096,0.33666692264649856,0.1141855027279813,Low,0.0031856384603917267
2025-09-09,0.3076437883313972,0.34175624643549696,0.15192832099727308,Low,-0.03407481808224795
2025-09-10,0.31020179757508803,0.35150097831609683,0.16004672897196262,Low,0.03174111516860072
2025-09-11,0.30596464239501153,0.3502197847637449,0.14558193849746984,Low,0.01273965428584738
2025-09-12,0.31446599521259266,0.3512937428233298,0.17821011673151751,Low,-0.032414637317161966
2025-09-15,0.3198407163180409,0.35816047177784427,0.19486581096849476,Low,-0.011977695550762913
2025-09-16,0.32225059148140106,0.3584025391395883,0.19984447900466562,Low,-0.006493161608452369
2025-09-17,0.3258632418295419,0.35346386102365007,0.21453556160124368,Mid,0.007656773466243138
2025-09-18,0.3109905210074836,0.33221513290607174,0.16433566433566432,Low,-0.03892284864689695
2025-09-19,0.3205976422371824,0.34445694836351953,0.19689320388349515,Low,0.003422085434592459
2025-09-22,0.3230359195105731,0.3435060421923017,0.2045807453416149,Mid,-0.011750672517417326
2025-09-23,0.32916138627417424,0.348433864602579,0.22739619712844392,Mid,-0.010352761834119506
2025-09-24,0.32719483533193794,0.34631076661456495,0.2195500387897595,Mid,0.021620184516864226
2025-09-25,0.31917602529711064,0.3349483126094091,0.19387359441644048,Low,-0.007162382706373993
2025-09-26,0.30821372971837246,0.34770244725454774,0.15465116279069768,Low,-0.016983304939236388
2025-09-29,0.29733107201218373,0.3194805866857762,0.12437039907012785,Low,-0.00588836027895705
2025-09-30,0.3110507445093892,0.32951550054638384,0.1653756777691712,Low,0.04817263117536539
2025-10-01,0.3141757041645784,0.3265090583701116,0.17808749516066588,Low,-0.002289204800107547
2025-10-02,0.32985706533428905,0.3280414735639353,0.2306501547987616,Mid,-0.0352696235806693
2025-10-10,0.3350805286885694,0.3258583195158444,0.2541586073500967,Mid,-0.03542934798935828
2025-10-13,0.3305574949823088,0.31962448166205837,0.23395204949729312,Mid,0.008125191975844359
2025-10-14,0.34560945502281626,0.34371802549538366,0.2895245458059528,Mid,-0.03934799908805877
2025-10-15,0.347907305836893,0.3450142896518905,0.29675425038639874,Mid,-0.008507169472379682
2025-10-16,0.35183864949945703,0.35578462259311805,0.3078408651989185,Mid,0.007173553281495737
2025-10-17,0.35863828852658197,0.36272758552774437,0.3293436293436293,Mid,-0.005306286486464385
2025-10-20,0.3574424132243426,0.3621844357046621,0.3253570050173678,Mid,-0.0020280034696554595
2025-10-21,0.39016265564783337,0.39127658583703684,0.40316358024691357,Mid,0.07805207811124956
2025-10-22,0.3848230312208446,0.394363184562462,0.3891245661396066,Mid,0.019480745223999583
2025-10-23,0.3773972729948964,0.3872464450030775,0.37047031611410947,Mid,0.012936678784211963
2025-10-24,0.37659490637427695,0.38561513296020977,0.36801541425818884,Mid,-0.006662658667207766
2025-10-27,0.3713725727607529,0.40009001797608307,0.3532357473035439,Mid,0.0593566637628987
2025-10-28,0.37386738299442035,0.4085996356941406,0.3615710435117443,Mid,-0.027246284015214894
2025-10-29,0.3773178361379665,0.41017580211111887,0.37028483448806776,Mid,-0.01198963854660522
2025-10-30,0.3719605917178094,0.40475109578809915,0.3555213543670643,Mid,0.005804906218818462
2025-10-31,0.370064802863949,0.4085268707197379,0.3496153846153846,Mid,-0.0163952135210347
2025-11-03,0.3906820049152503,0.41945103605400114,0.4075355632449058,Mid,-0.034052024218237165
2025-11-04,0.3964509109367204,0.4339040429692439,0.425826287471176,Mid,-0.014314117265850235
2025-11-05,0.40567434823874987,0.458627510961194,0.4517864003073377,Mid,-0.02946892100193037
2025-11-06,0.4157691679019577,0.46673874223257517,0.47887864823348697,Mid,-0.03826433745654347
2025-11-07,0.4174545078163912,0.46554179490083786,0.4863723608445297,Mid,0.012109731461492945
2025-11-10,0.4191302813408516,0.4664385873788672,0.4911742133537989,Mid,-0.010283236584596733
2025-11-11,0.4366979563533201,0.4810986632961437,0.5492903720751822,Mid,-0.03142337375491584
2025-11-12,0.43467277819694966,0.4765449656443046,0.5417944785276073,Mid,-0.006967752192372401
2025-11-13,0.43363070507941137,0.47352080867074237,0.5389037945573016,Mid,0.031343696017991585
2025-11-14,0.4487808087187413,0.4712986846977998,0.5900383141762452,Mid,0.05626317708378235
2025-11-17,0.4468235566215866,0.47422235152865044,0.5802374569130602,Mid,0.008582940803246796
2025-11-18,0.42937840230423074,0.4561314131750466,0.524885145482389,Mid,0.009555958491923967
2025-11-19,0.4302400306105856,0.46340727607491605,0.5269804822043628,Mid,-0.032949207270562254
2025-11-20,0.4237512141728293,0.45909039011757236,0.5053557765876052,Mid,-0.0006657892101538554
2025-11-21,0.4242886878384763,0.4727467157238613,0.5066921606118547,Mid,-0.006940865763331727
2025-11-24,0.423819496541018,0.4727675483750072,0.5057339449541285,Mid,-0.00011652593640913978
2025-11-25,0.4347687671542955,0.479861009971287,0.5429881543752388,Mid,-0.02098244456784413
2025-11-26,0.4324288434233142,0.4863505549472569,0.5355233002291826,Mid,-0.00938944562363253
2025-11-27,0.45017393010538864,0.5039120621958293,0.5941198930889653,Mid,-0.016328657584251532
2025-11-28,0.4474588919092942,0.5109495706011127,0.583587786259542,Mid,-0.005262359758302637
2025-12-01,0.45462024607897655,0.526928770517897,0.6077832888210607,Mid,-0.010507769861013067
2025-12-02,0.45777788267062897,0.532585561240122,0.6147978642257819,Mid,0.01301956649248448
2025-12-03,0.47126006453869074,0.5459607625278189,0.658787647731605,Mid,-0.00833800574670418
2025-12-04,0.472027213343862,0.5471601773150698,0.6642530487804879,Mid,-0.012477580896738394
2025-12-05,0.4921307396506516,0.5692804887760993,0.7260952380952381,Mid,0.0018110492159831848
2025-12-08,0.4941472370804926,0.5719552003333116,0.7322924600152323,Mid,0.0051129814650630045
2025-12-09,0.49487409192174275,0.5724820227448542,0.7331556909021698,Mid,0.04183085393407382
2025-12-10,0.5361559470794375,0.6061255100041315,0.85882800608828,High,-0.016542599676709402
2025-12-11,0.5335151401773734,0.6035891627312603,0.8432864206922784,High,-0.006764654718613455
2025-12-12,0.5257495702892202,0.6035164959242569,0.8144486692015209,High,0.02393837630659512
2025-12-15,0.4543911908424851,0.5518772642203776,0.605093120486507,Mid,-0.009010828339219706
2025-12-16,0.45595307928359513,0.5610096416145517,0.6098024316109423,Mid,-0.017522242018266826
2025-12-17,0.46546572852978124,0.5656119012930795,0.6312191416635017,Mid,-0.031115256816878434
2025-12-18,0.45011240032222216,0.5613035245500816,0.5907365223993926,Mid,-0.0038782305275395224
2025-12-19,0.45596823541276144,0.5643505642287967,0.6098671726755218,Mid,0.03264488692151421
2025-12-22,0.463644850693471,0.5653441090292485,0.627845220030349,Mid,-0.03296844701905535
2025-12-23,0.46781155450607687,0.5625658967599124,0.6408797876374668,Mid,0.054563643362624425
2025-12-24,0.47003250411528236,0.5670205400123659,0.6516300227445034,Mid,-0.02694050961494418
2025-12-26,0.4762415310168047,0.5708650028280996,0.6813186813186813,Mid,-0.02499265401341494
2025-12-29,0.476626400422223,0.5604390687810189,0.6829545454545455,Mid,-0.012933889492887929
2025-12-30,0.480331779895951,0.5639437395400234,0.6951912154486937,Mid,-0.020950444583917205
2026-01-02,0.464372529593198,0.5557329914444314,0.6279333838001514,Mid,-0.019199375088545162
2026-01-05,0.4685529974815689,0.5564996527482776,0.6435868331441543,Mid,-0.024466414246015256
2026-01-06,0.4585983185843794,0.5568957543976912,0.6145990922844176,Mid,0.02414859421076615
2026-01-07,0.45540086931481394,0.5579933380465466,0.6056710775047259,Mid,0.031505473917030014
2026-01-08,0.46704586415642696,0.5631403974593056,0.6375661375661376,Mid,0.0419287401077269
2026-01-09,0.46932730506975445,0.5600014250298696,0.6479032867397053,Mid,0.05124846439673425
2026-01-12,0.44994454110774296,0.5423639577919975,0.5872356495468278,Mid,0.002882476376520282
2026-01-13,0.4522386687170817,0.5401915883625551,0.5964514911287279,Mid,0.01805852333167296
2026-01-14,0.46903761621103746,0.5503704089850107,0.6464150943396226,Mid,-0.04799203492470516
2026-01-15,0.4820820061327957,0.5644650694490188,0.6993587325537532,Mid,0.039888776502711554
2026-01-16,0.4547533584802153,0.5467935536358696,0.6029411764705882,Mid,-0.020466556025752314
2026-01-19,0.45656756935909243,0.5477121278032623,0.6083678854127403,Mid,0.012356836473414068
2026-01-20,0.45725070971624154,0.5526873488048801,0.6096458176337604,Mid,-0.018615462141291894
2026-01-21,0.4646662476087214,0.5571530958699263,0.6297551789077213,Mid,-0.030203636690367047
2026-01-22,0.47271993580744387,0.5502522759312073,0.6671686746987951,Mid,-0.03186253687429258
2026-01-23,0.49007922421034417,0.5621683906773373,0.7229958599924727,Mid,0.0053417616495111675
2026-01-26,0.4760421741355512,0.5465174301859271,0.6813393528969149,Mid,0.011179496016448992
2026-01-27,0.47580988303054395,0.5500981710388518,0.6795787890184279,Mid,-0.011018366946774605
2026-01-28,0.4760733509245008,0.5479045447695424,0.6815789473684211,Mid,-0.023053427930190884
2026-01-29,0.4731444575558599,0.5508554504210788,0.6681698609545283,Mid,-0.01959882904386273
2026-01-30,0.48380395180190283,0.5547843376262129,0.7066115702479339,Mid,-0.019913042427615962
2026-02-02,0.47780452249672645,0.546389692985564,0.6883214419827263,Mid,0.004114500572543783
2026-02-03,0.47068156262451494,0.5550276291666342,0.6539039039039038,Mid,-0.01800587471824333
2026-02-04,0.47551598184940214,0.5608171515925571,0.6776735459662289,Mid,-0.006437416298298915
2026-02-05,0.4764861342961197,0.5757404271572039,0.6830457614403601,Mid,-0.006953181242039308
2026-02-06,0.4694459642990741,0.5778136545038776,0.6460442444694413,Mid,-0.01392291329343584
2026-02-09,0.4732518256424571,0.5788862766665336,0.6679160419790104,Mid,-0.02509244986927378
2026-02-10,0.47253930899505486,0.5803028526772195,0.6631697264893218,Mid,-0.012331427674713347
2026-02-11,0.447522285016456,0.5855254679611603,0.5741573033707865,Mid,-0.007910937803091461
2026-02-12,0.4575176100635315,0.5876046799852269,0.6076375889180082,Mid,-0.02396363154192027
2026-02-13,0.4628264970964892,0.5853484144260303,0.6205089820359282,Mid,-0.002123212336964636
2026-02-19,0.47526159640243093,0.60268799340801,0.6771417882528994,Mid,0.031170331305341248
2026-02-20,0.4843742885244806,0.6149260599940313,0.7086761406133134,Mid,0.02403312901001159
2026-02-23,0.48323664840245145,0.5997807174284443,0.7057943925233645,Mid,-0.02265031988663757
2026-02-24,0.49748744311580695,0.6041991526455311,0.7402840059790733,Mid,-0.04111198479835651
2026-02-25,0.49597669290742613,0.6020682043339102,0.7373926036608144,Mid,-0.013808141728949369
2026-02-26,0.514583571221226,0.6025514714250154,0.777445855115758,Mid,-0.04905747804519503
2026-02-27,0.5196779861722396,0.603179497345379,0.7969391564016424,Mid,0.019968561480202873
2026-03-03,0.522918161799479,0.6130851106522007,0.8074626865671641,High,0.029291805640668384
2026-03-04,0.5374206475239819,0.7244567162390557,0.86609474076837,High,-0.04567761340380236
2026-03-05,0.5504475895808087,0.7683698331243017,0.8974645786726324,High,0.040697480789649576
2026-03-06,0.5585358211529288,0.7730262608860189,0.9120387625792024,High,0.016203894133949903
2026-03-09,0.5868429362150044,0.7665778136188632,0.9575260804769001,High,0.07709836737514686
2026-03-10,0.6028987205222521,0.7643364666705135,0.9709497206703911,High,-0.05989507618820872
2026-03-11,0.6071965247673528,0.76704492225968,0.9728220402084885,High,0.02845469409701057
2026-03-12,0.6117423567685438,0.7687168050176029,0.9758094529214738,High,0.05074854653977756
2026-03-13,0.6121423024692288,0.7655713499778068,0.9761904761904762,High,0.022687534218243682
2026-03-16,0.6167912796297328,0.7647699522674327,0.9806619561175158,High,-0.04512614725343908
2026-03-17,0.6232653387167312,0.7692684937657432,0.9858736059479554,High,-0.013386822465234954
2026-03-18,0.6234348271431761,0.7656601414763639,0.9858788554440728,High,-0.03535984511154064
2026-03-19,0.6211896261383881,0.7605612363708879,0.9829123328380386,High,0.008765529184979609
2026-03-20,0.616507616112945,0.759192201059223,0.9788340141106573,High,-0.002093969591215078
2026-03-23,0.6225396775518132,0.7751051129356193,0.9844097995545658,High,-0.020644122357212857
2026-03-24,0.6255171982914095,0.7800896166276949,0.9877551020408163,High,-0.003287269609121346
2026-03-25,0.6209319005396988,0.7796045421918726,0.9818249258160238,High,-0.0042622890257850155
2026-03-26,0.6193978692601569,0.7851820387772439,0.9807193177604746,High,0.008983434850988403
2026-03-27,0.6173806231793331,0.7843277286976887,0.9785025945144552,High,-0.018343965928933753
2026-03-30,0.6140825840621461,0.787571925836506,0.9740644683216005,High,-0.02450707479101616
2026-03-31,0.6162098569787436,0.7864471028852328,0.9762962962962963,High,0.02964335480324279
2026-04-01,0.5768454778074105,0.7650951559606846,0.9344687152906331,High,-0.026116858542742483
2026-04-02,0.5692094838938018,0.7644315260601141,0.9248704663212435,High,0.0080800370541185
2026-04-03,0.575160120964597,0.7698371291230766,0.9337772844987051,High,0.04198374456746734
2026-04-06,0.5891636503122514,0.7756562437953632,0.9545118343195266,High,-0.04754972451417963
2026-04-07,0.5960006130198024,0.7817092207561847,0.9619223659889095,High,-0.014928957397226272
2026-04-08,0.5795179812084829,0.7846947092137707,0.9416112342941612,High,-0.0038511486574620557
2026-04-09,0.5642338493297995,0.7821049308415411,0.9172515700036942,High,-0.006499489387377905
2026-04-10,0.591005777008421,0.797494310343413,0.9571639586410635,High,-0.002324541731307528
2026-04-13,0.5933680696836043,0.8021291189060591,0.9590254706533776,High,-0.01177811372682916
2026-04-14,0.5806394304493537,0.8005806958368505,0.9428044280442804,High,0.008633757148792387
2026-04-15,0.5710949941364419,0.796614634438065,0.9269642198450756,High,-0.01739863329549149
2026-04-16,0.5624888533344166,0.7921280994061374,0.911504424778761,High,0.003112167205147315
2026-04-17,0.5783431590820193,0.7985207879679564,0.9362329524511611,High,0.024859833340604987
2026-04-20,0.5722108237415947,0.7933988576833654,0.9281503316138541,High,-0.018586283744742665
2026-04-21,0.5624715059989355,0.7856277192748147,0.9104972375690608,High,0.02470514320656264
2026-04-22,0.5822479442820429,0.7838534718387677,0.9444035346097202,High,0.07087197382801369
2026-04-23,0.5718697772369876,0.7771882752280851,0.9267574530732425,High,0.02047245383307872
2026-04-24,0.5795438636455024,0.7821217928265175,0.9403973509933775,High,0.011005319059324975
2026-04-27,0.5984066731150842,0.7904383323518277,0.9632217727105553,High,-0.038470618376203025
2026-04-28,0.6011557411621468,0.7933210981695709,0.9636029411764706,High,-0.011801239466163904
2026-04-29,0.5960700104505601,0.790484963711171,0.9614112458654906,High,-0.0032635731073493435
2026-04-30,0.5903719565434283,0.7885394797827159,0.9548126377663483,High,-0.005830918521462003
2026-05-04,0.6074580627018631,0.78567687388616,0.9684171869261844,High,-0.05328465273320787
2026-05-06,0.6470736808552434,0.7829808394765564,0.9981644640234949,High,-0.09289450438645996
2026-05-07,0.6346896897762372,0.7732302910096694,0.9941284403669725,High,0.01298155872462009
2026-05-08,0.6403736833764695,0.7721112848695854,0.9955979457079971,High,-0.04082625023705727
2026-05-11,0.6375015052670531,0.770325292851555,0.9944994499449945,High,-0.004391096781555304
2026-05-12,0.6178592870199444,0.7579526152531235,0.9772727272727273,High,-0.019819622413876054
2026-05-13,0.6148608077522404,0.7531719150485489,0.9732502748259436,High,-0.029468238295150967
2026-05-14,0.6125004813330979,0.7444296495079356,0.96996336996337,High,-0.046440716264919524
2026-05-15,0.6141391345332186,0.7458947698249313,0.9721713658000732,High,0.0302060368902215
2026-05-18,0.6135804277656137,0.7449628103279418,0.9707174231332357,High,-0.0244247000177171
2026-05-19,0.610624037571096,0.7425252622177644,0.9667032564946945,High,-0.006427547859936017
2026-05-20,0.6000245043238907,0.7293712547647072,0.9594001463057791,High,0.005436958697284
2026-05-21,0.6052926804397173,0.7345882967794178,0.9630712979890311,High,-0.04144484187116915
2026-05-22,0.5947505380294896,0.7294528924203308,0.9554093567251462,High,0.030878549503619013
2026-05-26,0.5839433617764281,0.723680212122694,0.9393496529046401,High,0.0320610813212151
2026-05-27,0.5778647907009328,0.7220060123598668,0.9276844411979547,High,-0.040667421709317114
2026-05-28,0.5798956041101008,0.7250080580297754,0.9346476816356335,High,-0.04730094740968602
2026-05-29,0.5851986569579236,0.7235575741133973,0.9416058394160584,High,-0.046557886546100935
2026-06-01,0.5677574262294532,0.649790470537262,0.9102517329441809,High,-0.018974259100572988
2026-06-02,0.5595762227179403,0.5919340069448594,0.8949671772428884,High,-0.03200994307546498
2026-06-04,0.5582178757967888,0.5882199382279046,0.8909952606635071,High,0.022760270499331298
2026-06-05,0.5391181255702068,0.590803255774288,0.8498542274052479,High,0.04332681654558071
2026-06-08,0.5272197824419237,0.612717788418183,0.8036429872495446,High,0.010263920980752267
2026-06-09,0.5550471496388226,0.610633778964401,0.8849235251274581,High,-0.08375821489226959
2026-06-10,0.5671405796483439,0.6011479555653062,0.9097196942118675,High,0.07808245665310387
2026-06-11,0.5589284127880633,0.5973994798058212,0.8926491994177583,High,-0.017095209419692475
2026-06-12,0.5505601507667227,0.5971550993176835,0.8766824299745362,High,0.00026522769661502243
2026-06-15,0.5576769275638414,0.6230013667967699,0.8898181818181818,High,0.032299232446725834
2026-06-16,0.55346354817995,0.61900918017919,0.88113413304253,High,-0.023541585832496575
2026-06-17,0.5558078355246733,0.6214702115492462,0.8840843023255814,High,0.012908330994317319
2026-06-18,0.5713380418389983,0.6279909101196784,0.9182709771158736,High,-0.06431635454852938
2026-06-19,0.5668500226012264,0.598651940808091,0.9092229484386347,High,-0.008891830712260518
2026-06-22,0.5765496652915859,0.6054110238800202,0.9237749546279492,High,-0.06399247024088692
2026-06-23,0.5782048383835507,0.6284244589659901,0.9277939042089985,High,0.01614145669299799
2026-06-24,0.5765429163718603,0.6276041021926227,0.9231048240841494,High,-0.011011786744622915
2026-06-25,0.5894360439042764,0.6255893972832302,0.9488759970993473,High,-0.06962747214164541
2026-06-26,0.5884072843128975,0.6150009994170186,0.9459949256977166,High,0.026444070071573733
2026-06-29,0.6093791937324721,0.6312278930656056,0.9666666666666667,High,0.07106543885805688
2026-06-30,0.6312470168931633,0.6500887064072322,0.9909453096704093,High,-0.059441313383175265
2026-07-01,0.6440254475054724,0.6507828962090291,0.997465604634323,High,0.04429744687367709
2026-07-02,0.6410389719696319,0.6342519398890645,0.995656894679696,High,0.04797136478697067
2026-07-03,0.6383783521796582,0.6271750046632077,0.9945730824891461,High,-0.04622352904938387
2026-07-06,0.6291843917220475,0.6165469927565926,0.9884267631103074,High,0.025548547644181407
2026-07-07,0.6100713953428694,0.6137892881268141,0.9649313087490962,High,-0.053087342184863356
2026-07-08,0.6091475408853215,0.6226385534351958,0.9638597759306108,High,-0.008361787020639916
2026-07-09,0.610156099571383,0.6228764868786395,0.9649566473988439,High,-0.02704615264597726
2026-07-10,0.605140179960471,0.619443638306775,0.9599133261105092,High,0.014314792518094144
2026-07-13,0.6075422768695878,0.6159629256835798,0.9620938628158845,High,0.045725919805026716
2026-07-14,0.6113392789346358,0.6189986693198972,0.9657163478888487,High,-0.04346543633201108
2026-07-15,0.6117241918888161,0.620370175943671,0.9664502164502164,High,-0.0283704979853312
2026-07-16,0.6335318378535583,0.6201801169184626,0.9906238730616661,High,0.08594109343271747
2026-07-20,0.6356342105143998,0.6316511725654333,0.9931506849315068,High,-0.019188552439847767
2026-07-21,0.6388153225686405,0.6277880265516824,0.9945945945945946,High,-0.03071163575361796
2026-07-22,0.632146592277112,0.6183460861080183,0.989193083573487,High,0.015737927005534946
2026-07-23,0.6437969742298205,0.6446324857295854,0.9971191933741448,High,0.03399691789453968
2026-07-24,0.6494533373442987,0.6449522959409247,0.9989200863930886,High,0.039836775791648654
2026-07-27,0.6479740157510503,0.6458067923791843,0.9982007916516733,High,-0.007988997021040778
2026-07-28,0.6502689655388548,0.6627483731142224,0.9992805755395684,High,0.02173310115118507
2026-07-29,0.6514572733833689,0.670460665181793,0.9996404171161453,High,8.527933168911428e-06
2026-07-30,0.6639993885037354,0.6784557309111242,1.0,High,0.06208634565339183
2026-07-31,0.6775357505785204,0.6899887301159389,1.0,High,-0.10769952012310935
2026-08-03,0.663091532785225,0.6903971074844715,0.9992816091954023,High,0.03151757983203543
2026-08-04,0.6736489070423094,0.7041325113216989,0.999640933572711,High,0.029516855686972043
2026-08-05,0.6710682512785903,0.7074373387351828,0.9992821249102656,High,0.004251582940567378
2026-08-06,0.6757820506966304,0.7067734476126889,0.9996411912450663,High,0.033111151583606974
2026-08-07,0.6895488001505448,0.7209842708616309,1.0,High,0.0013313245697567366
2026-08-10,0.6963258615187972,0.730549931772425,1.0,High,0.03779000168834046
2026-08-11,0.7058813016973393,0.7417516184845371,1.0,High,-0.04952829875651013
2026-08-12,0.7009600794681871,0.7382361669700138,0.9996417054819061,High,-0.026631126174077757
2026-08-13,0.7046535779157511,0.7410815549223329,0.9996418338108882,High,-0.029953013487449887
2026-08-14,0.7033141383467586,0.7387290532639926,0.9992839240959541,High,0.00022479848056256024
2026-08-18,0.716170725687776,0.7551612936613861,1.0,High,-0.02288521499696025
2026-08-19,0.7152200044190402,0.7547318058792207,0.9996422182468694,High,0.025974645995839374
2026-08-20,0.7180329872512687,0.7537648298566596,1.0,High,-0.04532722584133936
2026-08-21,0.7344222200187364,0.7645885235029638,1.0,High,-0.049918539569133585
2026-08-24,0.7371380519592726,0.7671902276477681,1.0,High,0.027092493228542097
2026-08-25,0.73407863776421,0.7647567223173963,0.9992854590925331,High,0.015023669241790938
2026-08-26,0.7300227116004955,0.7646762114836093,0.9989285714285714,High,-0.0038978207996173686
2026-08-27,0.747817717322144,0.7788968336398973,1.0,High,-0.000663915351419242
2026-08-28,0.7498199602730574,0.780862129440275,1.0,High,0.010261936108898972
2026-08-31,0.7561656142634995,0.7879513737409606,1.0,High,-0.018593302536005996
2026-09-01,0.7547671973341062,0.7908512925297654,0.9996433666191156,High,-0.0042113300931024
2026-09-02,0.7547486663547066,0.7853355945398991,0.9992869875222816,High,-0.01534702009397404
2026-09-03,0.7379746728407487,0.7810872991012198,0.9982181040627227,High,0.04266196043996434
2026-09-04,0.7289645728069378,0.7856875667377143,0.9964374777342359,High,-0.016909071893853878
2026-09-07,0.7360418701575312,0.7887351442571591,0.9975071225071225,High,-0.04152043688142551
2026-09-08,0.7424903810768914,0.7899658007569615,0.9982200071199715,High,-0.0033182724519037476
2026-09-09,0.7394717181881231,0.7769347542836119,0.997864768683274,High,0.008116903510577866
2026-09-10,0.7449591962286174,0.7820916620940249,0.9982212735681252,High,-0.01315235072665874
2026-09-11,0.7420681505980933,0.7736880404766285,0.9975106685633002,High,0.034773694482182926
2026-09-14,0.7305927912360223,0.7664407590212713,0.9950231070031994,High,0.03057440149811602
2026-09-15,0.73577212217924,0.7703881549259964,0.9957356076759062,High,-0.026778495637914984
2026-09-16,0.7297606628049476,0.7665640387074483,0.9939609236234458,High,-0.034727045372607485
2026-09-17,0.7342378495326636,0.7548492248331927,0.9950284090909091,High,0.048330991761931785
